date,event,weight_class,fighter_a,fighter_b,winner,method,round,time,scheduled_rounds,title_fight,a_sig_landed,a_sig_attempted,a_td_landed,a_td_attempted,a_sub_attempts,a_knockdowns,a_ctrl_seconds,b_sig_landed,b_sig_attempted,b_td_landed,b_td_attempted,b_sub_attempts,b_knockdowns,b_ctrl_seconds,a_odds,b_odds
2019-01-12,Demo FC 1,Lightweight,Dario Oakhurst,Anselm Eastwick,Anselm Eastwick,KO/TKO,2,0:43,5,0,14,42,0,2,0,0,0,18,42,2,2,0,1,163,1814,-3233
2019-01-12,Demo FC 1,Lightweight,Aren Coldwater,Orrin Thornbury,Aren Coldwater,SUB,2,1:14,3,0,35,67,2,2,1,0,95,6,18,1,1,0,0,42,-1380,788
2019-01-12,Demo FC 1,Lightweight,Nilo Zeller,Hollis Dunmore,Nilo Zeller,DEC,3,5:00,3,0,70,130,0,2,1,0,0,46,113,1,3,0,0,78,-287,229
2019-01-12,Demo FC 1,Welterweight,Brannoc Juniper,Soren Juniper,Soren Juniper,SUB,1,2:49,3,0,12,28,0,1,1,0,0,11,25,0,1,1,0,0,222,-277
2019-01-12,Demo FC 1,Welterweight,Evander Coldwater,Dario Ashgrove,Dario Ashgrove,KO/TKO,3,3:37,3,0,42,103,2,2,1,1,210,54,126,0,2,0,1,0,210,-260
2019-01-12,Demo FC 1,Welterweight,Orrin Ambrose,Galen Ashgrove,Orrin Ambrose,SUB,2,0:51,3,0,36,75,1,1,1,0,75,32,67,1,2,1,1,77,-130,109
2019-01-12,Demo FC 1,Middleweight,Marek Quarry,Galen Greywind,Marek Quarry,SUB,2,1:29,3,0,43,86,0,0,1,0,0,7,21,1,1,0,0,100,-391,302
2019-01-12,Demo FC 1,Middleweight,Pax Marchbank,Jasper Quarry,Jasper Quarry,SUB,2,4:53,3,0,14,58,0,2,0,0,0,82,131,1,1,1,0,57,1814,-3233
2019-01-12,Demo FC 1,Middleweight,Emrys Brightwater,Brannoc Quarry,Emrys Brightwater,DEC,3,5:00,3,0,94,156,0,3,2,1,0,26,85,0,2,0,0,0,-521,385
2019-01-12,Demo FC 1,Light Heavyweight,Jory Ironwood,Yusuf Westbrook,Yusuf Westbrook,DEC,3,5:00,3,0,42,93,1,3,0,0,81,84,161,1,3,0,0,97,-113,-106
2019-01-12,Demo FC 1,Light Heavyweight,Jasper Blackthorn,Lazlo Underhill,Lazlo Underhill,S-DEC,3,5:00,3,0,57,113,3,5,1,0,326,54,126,1,5,0,0,64,434,-602
2019-01-12,Demo FC 1,Light Heavyweight,Ivo Kettleby,Jasper Longmire,Jasper Longmire,KO/TKO,3,3:29,3,0,50,100,1,3,0,0,92,36,115,5,8,1,1,477,-356,278
2019-02-09,Demo FC 2,Lightweight,Pax Zeller,Yusuf Zeller,Yusuf Zeller,KO/TKO,3,4:58,5,0,36,78,0,3,0,0,0,82,174,2,5,1,2,180,657,-1049
2019-02-09,Demo FC 2,Lightweight,Dov Marchbank,Marek Harrowgate,Dov Marchbank,KO/TKO,3,1:55,3,0,59,115,2,2,0,0,216,44,113,1,2,0,0,72,-663,468
2019-02-09,Demo FC 2,Lightweight,Gideon Greywind,Bodhi Kettleby,Bodhi Kettleby,DEC,3,5:00,3,0,23,57,6,6,1,0,284,47,101,9,10,0,0,421,1154,-2776
2019-02-09,Demo FC 2,Welterweight,Jory Harrowgate,Fenn Delacroix-Venn,Jory Harrowgate,KO/TKO,1,4:06,3,0,28,53,1,1,0,1,54,11,39,1,1,0,0,43,-717,498
2019-02-09,Demo FC 2,Welterweight,Nilo Blackthorn,Gideon Quarry,Nilo Blackthorn,DEC,3,5:00,3,0,111,184,5,6,0,0,332,0,0,1,5,0,0,97,-3233,1814
2019-02-09,Demo FC 2,Welterweight,Xander Oakhurst,Xander Ravensworth,Xander Oakhurst,SUB,3,1:46,3,0,35,73,2,3,1,0,193,90,162,0,0,1,0,0,-110,-109
2019-02-09,Demo FC 2,Middleweight,Tamsin Greywind,Soren Underhill,Tamsin Greywind,S-DEC,3,5:00,3,0,68,140,0,6,0,0,0,65,178,2,3,0,1,181,-180,149
2019-02-09,Demo FC 2,Middleweight,Xander Emberly,Orrin Quarry,Xander Emberly,DEC,3,5:00,3,0,50,104,2,3,1,1,170,58,138,5,7,0,1,278,124,-149
2019-02-09,Demo FC 2,Middleweight,Faris Harrowgate,Orrin Varga,Orrin Varga,DEC,3,5:00,3,0,36,73,1,3,1,0,95,102,177,2,3,1,0,134,692,-1131
2019-02-09,Demo FC 2,Light Heavyweight,Cyrus Yarrow,Xander Ironwood,Xander Ironwood,KO/TKO,1,4:35,3,0,24,59,0,1,1,1,0,17,46,1,2,0,0,47,-295,235
2019-02-09,Demo FC 2,Light Heavyweight,Dario Varga,Dario Juniper,Dario Juniper,KO/TKO,1,4:03,3,0,4,11,0,0,0,0,0,7,19,0,1,1,0,0,221,-275
2019-02-09,Demo FC 2,Light Heavyweight,Brannoc Ironwood,Ivo Oakhurst,Brannoc Ironwood,DEC,3,5:00,3,0,52,98,0,3,3,2,0,41,93,0,2,1,0,0,-330,260
2019-02-23,Demo FC 3,Lightweight,Pax Ambrose,Aren Pellow,Pax Ambrose,KO/TKO,2,4:17,5,0,34,78,0,3,0,0,0,14,32,2,3,0,0,110,-486,364
2019-02-23,Demo FC 3,Lightweight,Yusuf Harrowgate,Vale Thornbury,Yusuf Harrowgate,SUB,2,1:52,3,0,42,81,1,2,1,0,71,40,71,0,1,0,2,0,-126,105
2019-02-23,Demo FC 3,Lightweight,Dov Harrowgate,Cyrus Ravensworth,Dov Harrowgate,S-DEC,3,5:00,3,0,66,136,3,3,0,1,322,42,91,6,8,0,0,351,-108,-111
2019-02-23,Demo FC 3,Welterweight,Yusuf Longmire,Ulric Yarrow,Ulric Yarrow,SUB,1,4:02,3,0,10,26,1,2,0,0,93,21,42,0,0,1,0,0,595,-911
2019-02-23,Demo FC 3,Welterweight,Dario Eastwick,Soren Oakhurst,Dario Eastwick,KO/TKO,1,4:43,3,0,7,19,2,3,1,1,145,20,37,0,1,0,0,0,-279,224
2019-02-23,Demo FC 3,Welterweight,Evander Marchbank,Faris Marchbank,Faris Marchbank,SUB,1,4:56,3,0,28,59,0,0,0,0,0,19,50,0,0,1,0,0,234,-293
2019-02-23,Demo FC 3,Middleweight,Lazlo Quarry,Bodhi Thornbury,Lazlo Quarry,DEC,3,5:00,3,0,70,118,5,5,0,0,308,21,57,6,9,2,0,372,-928,603
2019-02-23,Demo FC 3,Middleweight,Nilo Dunmore,Anselm Stonebridge,Anselm Stonebridge,KO/TKO,1,3:48,3,0,4,14,0,0,0,0,0,24,40,0,1,0,0,0,1387,-3233
2019-02-23,Demo FC 3,Middleweight,Wren Pellow,Orrin Dunmore,Orrin Dunmore,KO/TKO,2,1:26,3,0,7,30,0,1,2,1,0,60,86,1,2,0,1,102,1814,-3233
2019-02-23,Demo FC 3,Light Heavyweight,Hale Kettleby,Rune Blackthorn,Hale Kettleby,DEC,3,5:00,3,0,68,140,0,3,0,0,0,28,69,2,4,0,1,164,-412,316
2019-02-23,Demo FC 3,Light Heavyweight,Jory Underhill,Orrin Emberly,Jory Underhill,SUB,3,3:51,3,0,54,109,1,5,2,1,42,60,118,5,11,1,1,452,355,-472
2019-02-23,Demo FC 3,Light Heavyweight,Evander Varga,Quill Eastwick,Quill Eastwick,KO/TKO,1,2:48,3,0,16,28,1,1,0,0,73,2,7,1,1,0,1,89,-125,104
2019-03-09,Demo FC 4,Lightweight,Ulric Emberly,Galen Stonebridge,Galen Stonebridge,DEC,5,5:00,5,0,84,226,1,6,2,1,44,109,214,0,9,0,0,0,-177,146
2019-03-09,Demo FC 4,Lightweight,Dario Ambrose,Cyrus Quarry,Dario Ambrose,KO/TKO,1,4:07,3,0,21,40,2,2,0,0,93,0,0,1,1,0,0,93,-3034,1200
2019-03-09,Demo FC 4,Lightweight,Idris Emberly,Faris Northcott,Idris Emberly,DEC,3,5:00,3,0,66,120,0,3,0,0,0,8,26,1,1,0,0,104,-272,219
2019-03-09,Demo FC 4,Welterweight,Yusuf Ironwood,Zeke Underhill,Yusuf Ironwood,SUB,1,1:13,3,0,11,18,0,0,1,0,0,2,7,1,1,0,0,58,-1563,851
2019-03-09,Demo FC 4,Welterweight,Cyrus Harrowgate,Marek Yarrow,Cyrus Harrowgate,KO/TKO,2,3:28,3,0,55,94,3,6,1,0,243,17,78,0,2,0,2,0,-3233,1814
2019-03-09,Demo FC 4,Welterweight,Kestrel Eastwick,Galen Coldwater,Galen Coldwater,DEC,3,5:00,3,0,33,107,11,13,0,0,541,52,92,1,3,0,0,43,-239,194
2019-03-09,Demo FC 4,Middleweight,Ulric Quarry,Marek Ironwood,Marek Ironwood,KO/TKO,2,3:58,3,0,20,59,0,2,0,0,0,49,111,0,0,0,0,0,1467,-3233
2019-03-09,Demo FC 4,Middleweight,Vale Northcott,Dario Zeller,Dario Zeller,DEC,3,5:00,3,0,46,117,2,3,3,0,121,71,133,5,7,1,1,236,354,-471
2019-03-09,Demo FC 4,Middleweight,Evander Underhill,Zeke Quarry,Zeke Quarry,DEC,3,5:00,3,0,62,139,2,2,0,0,138,76,151,3,5,0,1,184,310,-403
2019-03-09,Demo FC 4,Light Heavyweight,Evander Greywind,Zeke Kettleby,Evander Greywind,DEC,3,5:00,3,0,42,96,0,4,2,1,0,75,148,0,2,0,0,0,-804,542
2019-03-09,Demo FC 4,Light Heavyweight,Xander Crowhurst,Gideon Westbrook,Gideon Westbrook,KO/TKO,2,3:12,3,0,25,56,0,0,0,0,0,35,73,0,1,0,1,0,162,-197
2019-03-09,Demo FC 4,Light Heavyweight,Gideon Marchbank,Hollis Oakhurst,Hollis Oakhurst,DEC,3,5:00,3,0,58,139,2,4,0,0,107,64,132,5,7,0,0,515,-145,121
2019-04-06,Demo FC 5,Lightweight,Cato Delacroix-Venn,Gideon Stonebridge,Cato Delacroix-Venn,S-DEC,5,5:00,5,0,153,240,11,13,0,0,639,47,152,1,3,0,0,99,-2233,1038
2019-04-06,Demo FC 5,Lightweight,Emrys Crowhurst,Jasper Pellow,Emrys Crowhurst,KO/TKO,1,3:24,3,0,18,41,0,1,0,1,0,10,28,0,0,0,0,0,-345,271
2019-04-06,Demo FC 5,Lightweight,Jory Westbrook,Faris Ravensworth,Faris Ravensworth,DEC,3,5:00,3,0,68,138,3,4,0,0,260,44,97,1,5,1,0,46,117,-141
2019-04-06,Demo FC 5,Welterweight,Bodhi Brightwater,Wren Northcott,Wren Northcott,DEC,3,5:00,3,0,54,115,1,2,2,1,86,39,77,4,7,0,0,174,257,-325
2019-04-06,Demo FC 5,Welterweight,Orrin Stonebridge,Pax Kettleby,Orrin Stonebridge,S-DEC,3,5:00,3,0,74,162,1,3,0,0,96,22,66,0,2,1,2,0,-221,180
2019-04-06,Demo FC 5,Welterweight,Marek Westbrook,Marek Thornbury,Marek Westbrook,SUB,3,3:27,3,0,56,106,5,6,2,0,343,37,84,4,6,0,0,268,-398,307
2019-04-06,Demo FC 5,Middleweight,Orrin Fairholt,Xander Greywind,Orrin Fairholt,KO/TKO,1,3:58,3,0,12,31,1,2,0,1,42,6,18,1,2,0,0,103,-760,520
2019-04-06,Demo FC 5,Middleweight,Quill Dunmore,Zeke Ambrose,Zeke Ambrose,KO/TKO,1,0:57,3,0,2,6,0,0,0,0,0,3,7,0,0,0,1,0,130,-157
2019-04-06,Demo FC 5,Middleweight,Quill Thornbury,Emrys Yarrow,Quill Thornbury,KO/TKO,2,2:32,3,0,35,51,1,1,1,0,66,17,60,1,2,0,0,100,-3233,1814
2019-04-06,Demo FC 5,Light Heavyweight,Cato Brightwater,Galen Longmire,Galen Longmire,DEC,3,5:00,3,0,7,24,0,1,1,0,0,94,176,8,11,1,0,464,1814,-3233
2019-04-06,Demo FC 5,Light Heavyweight,Fenn Brightwater,Faris Dunmore,Faris Dunmore,KO/TKO,1,2:16,3,0,9,23,0,1,0,0,0,13,33,1,1,0,1,50,1814,-3233
2019-04-06,Demo FC 5,Light Heavyweight,Xander Delacroix-Venn,Yusuf Varga,Yusuf Varga,KO/TKO,2,3:22,3,0,21,53,0,3,0,0,0,38,85,2,3,0,1,178,276,-352
2019-05-04,Demo FC 6,Lightweight,Hollis Dunmore,Orrin Thornbury,Hollis Dunmore,SUB,2,4:22,5,0,33,67,1,2,1,0,100,19,60,0,0,0,0,0,-709,493
2019-05-04,Demo FC 6,Lightweight,Dario Oakhurst,Emrys Blackthorn,Emrys Blackthorn,DEC,3,5:00,3,0,43,104,0,0,1,1,0,56,116,0,4,0,0,0,-104,-116
2019-05-04,Demo FC 6,Lightweight,Hollis Harrowgate,Nilo Zeller,Nilo Zeller,DEC,3,5:00,3,0,66,134,4,7,0,0,426,72,135,0,1,0,0,0,-103,-116
2019-05-04,Demo FC 6,Welterweight,Galen Ashgrove,Lazlo Delacroix-Venn,Galen Ashgrove,SUB,3,1:05,3,0,60,104,0,2,1,0,0,19,62,3,5,0,0,214,-545,400
2019-05-04,Demo FC 6,Welterweight,Brannoc Juniper,Ivo Ravensworth,Brannoc Juniper,KO/TKO,3,0:53,3,0,26,78,1,2,1,0,100,53,107,1,3,0,0,40,669,-1076
2019-05-04,Demo FC 6,Welterweight,Emrys Thornbury,Soren Juniper,Soren Juniper,S-DEC,3,5:00,3,0,31,117,1,3,1,0,95,75,130,0,3,1,0,0,949,-1888
2019-05-04,Demo FC 6,Middleweight,Pax Marchbank,Galen Greywind,Galen Greywind,SUB,1,4:26,3,0,12,26,0,1,0,0,0,11,25,0,1,1,1,0,466,-659
2019-05-04,Demo FC 6,Middleweight,Brannoc Quarry,Jasper Quarry,Brannoc Quarry,DEC,3,5:00,3,0,51,146,0,4,1,0,0,103,189,3,5,0,0,219,594,-909
2019-05-04,Demo FC 6,Middleweight,Ulric Longmire,Soren Thornbury,Soren Thornbury,DEC,3,5:00,3,0,110,177,0,0,1,0,0,47,122,8,11,1,0,720,-142,118
2019-05-04,Demo FC 6,Light Heavyweight,Cato Ashgrove,Jasper Longmire,Jasper Longmire,SUB,2,0:56,3,0,7,18,2,3,1,0,192,5,15,3,4,1,0,281,1814,-3233
2019-05-04,Demo FC 6,Light Heavyweight,Dario Quarry,Jasper Delacroix-Venn,Dario Quarry,KO/TKO,2,2:08,3,0,16,35,0,1,0,3,0,21,45,1,3,0,0,40,-153,127
2019-05-04,Demo FC 6,Light Heavyweight,Jory Ironwood,Vale Harrowgate,Vale Harrowgate,KO/TKO,1,1:17,3,0,3,8,0,0,0,0,0,6,14,0,0,0,1,0,1693,-3233
2019-05-18,Demo FC 7,Lightweight,Quill Greywind,Jasper Ravensworth,Quill Greywind,KO/TKO,2,1:33,5,0,35,70,1,1,0,1,81,16,39,1,3,0,0,93,108,-130
2019-05-18,Demo FC 7,Lightweight,Rune Oakhurst,Aren Coldwater,Rune Oakhurst,DEC,3,5:00,3,0,102,179,2,4,2,0,158,47,137,2,5,0,0,109,-3233,1814
2019-05-18,Demo FC 7,Lightweight,Anselm Dunmore,Anselm Eastwick,Anselm Eastwick,KO/TKO,1,2:20,3,0,4,12,0,1,0,0,0,7,17,1,1,0,0,72,1238,-3233
2019-05-18,Demo FC 7,Welterweight,Aren Ambrose,Evander Coldwater,Evander Coldwater,DEC,3,5:00,3,0,63,152,0,1,0,0,0,21,54,1,3,0,0,100,-747,513
2019-05-18,Demo FC 7,Welterweight,Anselm Juniper,Orrin Ambrose,Anselm Juniper,DEC,3,5:00,3,0,0,0,2,2,0,3,113,86,181,0,1,0,0,0,175,-213
2019-05-18,Demo FC 7,Welterweight,Dario Ashgrove,Nilo Eastwick,Nilo Eastwick,SUB,1,2:42,3,0,8,20,0,1,0,0,0,14,30,0,0,1,0,0,684,-1112
2019-05-18,Demo FC 7,Middleweight,Emrys Brightwater,Kestrel Dunmore,Kestrel Dunmore,DEC,3,5:00,3,0,99,186,0,3,1,0,0,74,164,6,7,1,0,648,124,-149
2019-05-18,Demo FC 7,Middleweight,Idris Ashgrove,Nilo Marchbank,Nilo Marchbank,KO/TKO,2,2:54,3,0,61,108,0,2,0,0,0,55,122,1,2,0,1,87,524,-767
2019-05-18,Demo FC 7,Middleweight,Marek Quarry,Orrin Ironwood,Marek Quarry,KO/TKO,3,0:45,3,0,45,96,0,2,0,3,0,41,99,0,1,1,0,0,-366,285
2019-05-18,Demo FC 7,Light Heavyweight,Jasper Blackthorn,Kestrel Westbrook,Jasper Blackthorn,S-DEC,3,5:00,3,0,70,168,2,5,0,0,199,23,72,0,1,0,0,0,-229,187
2019-05-18,Demo FC 7,Light Heavyweight,Ivo Kettleby,Bodhi Ashgrove,Ivo Kettleby,SUB,1,1:43,3,0,10,23,0,0,1,0,0,7,20,0,0,1,0,0,-448,340
2019-05-18,Demo FC 7,Light Heavyweight,Yusuf Westbrook,Lazlo Underhill,Lazlo Underhill,SUB,2,3:16,3,0,23,73,2,2,0,1,199,37,74,2,3,2,0,210,311,-404
2019-06-15,Demo FC 8,Lightweight,Vale Thornbury,Marek Harrowgate,Vale Thornbury,KO/TKO,2,1:15,5,0,45,88,0,1,0,1,0,28,69,1,1,0,0,90,-353,276
2019-06-15,Demo FC 8,Lightweight,Gideon Greywind,Aren Pellow,Aren Pellow,SUB,1,2:04,3,0,7,15,0,1,0,0,0,5,15,1,1,1,0,86,107,-129
2019-06-15,Demo FC 8,Lightweight,Pax Zeller,Cyrus Ravensworth,Cyrus Ravensworth,SUB,2,1:46,3,0,29,67,1,1,0,0,96,40,83,3,4,1,0,298,449,-630
2019-06-15,Demo FC 8,Welterweight,Fenn Delacroix-Venn,Xander Oakhurst,Xander Oakhurst,KO/TKO,3,1:52,3,0,32,74,3,4,1,0,196,55,99,0,3,0,1,0,246,-309
2019-06-15,Demo FC 8,Welterweight,Gideon Quarry,Evander Marchbank,Evander Marchbank,SUB,2,1:07,3,0,1,8,1,1,2,0,77,30,51,0,2,1,0,0,795,-1400
2019-06-15,Demo FC 8,Welterweight,Xander Ravensworth,Yusuf Longmire,Xander Ravensworth,DEC,3,5:00,3,0,109,181,2,4,1,0,200,24,104,5,8,0,0,314,-1144,697
2019-06-15,Demo FC 8,Middleweight,Wren Pellow,Bodhi Thornbury,Wren Pellow,DEC,3,5:00,3,0,0,0,3,4,3,1,146,20,42,4,6,1,0,162,179,-219
2019-06-15,Demo FC 8,Middleweight,Nilo Dunmore,Soren Underhill,Soren Underhill,KO/TKO,1,2:00,3,0,4,13,0,0,0,0,0,12,21,0,1,0,1,0,1060,-2329
2019-06-15,Demo FC 8,Middleweight,Faris Harrowgate,Orrin Varga,Orrin Varga,DEC,3,5:00,3,0,62,170,2,3,0,0,105,95,190,2,3,1,0,180,556,-831
2019-06-15,Demo FC 8,Light Heavyweight,Orrin Emberly,Ivo Oakhurst,Orrin Emberly,KO/TKO,2,0:14,3,0,16,33,3,4,0,1,251,19,38,1,1,1,0,52,-1553,848
2019-06-15,Demo FC 8,Light Heavyweight,Jory Underhill,Evander Varga,Evander Varga,KO/TKO,1,4:52,3,0,7,22,2,3,0,0,207,47,77,1,1,0,0,48,143,-173
2019-06-15,Demo FC 8,Light Heavyweight,Cyrus Yarrow,Dario Varga,Cyrus Yarrow,KO/TKO,1,2:02,3,0,8,15,0,0,0,1,0,6,16,0,1,0,0,0,-1256,742
2019-07-06,Demo FC 9,Lightweight,Cyrus Quarry,Faris Northcott,Cyrus Quarry,SUB,1,3:12,5,0,4,11,1,1,1,0,105,7,14,0,1,0,0,0,-170,141
2019-07-06,Demo FC 9,Lightweight,Ulric Emberly,Yusuf Harrowgate,Ulric Emberly,KO/TKO,2,1:16,3,0,24,57,0,2,0,1,0,33,67,1,2,0,0,89,105,-125
2019-07-06,Demo FC 9,Lightweight,Dov Harrowgate,Dov Marchbank,Dov Harrowgate,DEC,3,5:00,3,0,47,137,5,5,0,0,381,133,198,1,4,0,0,84,163,-198
2019-07-06,Demo FC 9,Welterweight,Marek Yarrow,Soren Oakhurst,Marek Yarrow,DEC,3,5:00,3,0,83,176,0,1,0,1,0,63,140,1,2,0,1,109,-175,145
2019-07-06,Demo FC 9,Welterweight,Zeke Underhill,Pax Ravensworth,Zeke Underhill,KO/TKO,1,4:17,3,0,16,36,0,1,0,0,0,20,45,0,0,1,0,0,-188,155
2019-07-06,Demo FC 9,Welterweight,Jory Harrowgate,Ulric Yarrow,Jory Harrowgate,DEC,3,5:00,3,0,63,138,1,6,2,1,79,59,152,0,1,2,0,0,-230,187
2019-07-06,Demo FC 9,Middleweight,Orrin Quarry,Zeke Quarry,Zeke Quarry,DEC,3,5:00,3,0,70,155,3,8,0,1,303,50,126,6,7,2,1,588,114,-137
2019-07-06,Demo FC 9,Middleweight,Ulric Quarry,Evander Underhill,Evander Underhill,KO/TKO,1,1:04,3,0,3,9,0,0,0,0,0,5,10,0,0,0,1,0,355,-472
2019-07-06,Demo FC 9,Middleweight,Marek Ironwood,Lazlo Quarry,Marek Ironwood,DEC,3,5:00,3,0,38,94,1,3,0,0,84,92,165,0,4,0,0,0,106,-127
2019-07-06,Demo FC 9,Light Heavyweight,Xander Crowhurst,Zeke Kettleby,Zeke Kettleby,DEC,3,5:00,3,0,47,100,1,4,0,0,65,65,136,1,5,0,0,50,283,-363
2019-07-06,Demo FC 9,Light Heavyweight,Xander Ironwood,Bodhi Delacroix-Venn,Bodhi Delacroix-Venn,KO/TKO,2,2:41,3,0,51,97,0,1,1,0,0,22,57,0,1,1,0,0,-148,123
2019-07-06,Demo FC 9,Light Heavyweight,Rune Blackthorn,Gideon Westbrook,Rune Blackthorn,DEC,3,5:00,3,0,17,42,5,6,0,0,463,45,96,0,7,0,0,0,294,-380
2019-08-03,Demo FC 10,Lightweight,Jory Westbrook,Jasper Pellow,Jasper Pellow,KO/TKO,2,3:37,5,0,26,53,1,1,0,0,94,29,63,0,1,1,1,0,123,-147
2019-08-03,Demo FC 10,Lightweight,Dario Ambrose,Gideon Stonebridge,Gideon Stonebridge,KO/TKO,3,1:53,3,0,67,130,2,5,0,0,115,26,77,0,1,1,1,0,-3233,1463
2019-08-03,Demo FC 10,Lightweight,Yusuf Zeller,Bodhi Kettleby,Yusuf Zeller,KO/TKO,1,4:21,3,0,16,30,1,1,0,1,55,14,30,2,3,0,0,112,-102,-117
2019-08-03,Demo FC 10,Welterweight,Kestrel Eastwick,Faris Marchbank,Faris Marchbank,DEC,3,5:00,3,0,40,106,4,8,1,0,337,65,123,0,3,1,1,0,189,-233
2019-08-03,Demo FC 10,Welterweight,Marek Thornbury,Pax Kettleby,Marek Thornbury,KO/TKO,2,4:34,3,0,35,90,2,5,1,1,216,16,54,1,2,0,0,88,-544,399
2019-08-03,Demo FC 10,Welterweight,Galen Coldwater,Bodhi Brightwater,Galen Coldwater,KO/TKO,2,0:51,3,0,36,64,0,1,0,0,0,19,49,0,0,0,0,0,-179,148
2019-08-03,Demo FC 10,Middleweight,Emrys Yarrow,Quill Dunmore,Quill Dunmore,SUB,3,4:30,3,0,43,113,4,7,0,0,253,28,69,1,4,1,1,69,418,-576
2019-08-03,Demo FC 10,Middleweight,Vale Northcott,Anselm Stonebridge,Anselm Stonebridge,DEC,3,5:00,3,0,41,118,0,0,0,1,0,88,142,1,2,2,0,65,581,-882
2019-08-03,Demo FC 10,Middleweight,Xander Greywind,Galen Thornbury,Galen Thornbury,DEC,3,5:00,3,0,48,109,4,4,0,0,168,80,170,3,6,0,1,217,949,-1889
2019-08-03,Demo FC 10,Light Heavyweight,Xander Delacroix-Venn,Fenn Brightwater,Xander Delacroix-Venn,KO/TKO,2,4:47,3,0,16,58,1,2,0,1,88,38,94,1,2,0,0,64,-403,310
2019-08-03,Demo FC 10,Light Heavyweight,Evander Greywind,Cato Brightwater,Evander Greywind,DEC,3,5:00,3,0,38,88,1,2,1,3,81,38,94,0,0,1,0,0,-671,472
2019-08-03,Demo FC 10,Light Heavyweight,Hollis Oakhurst,Hale Kettleby,Hale Kettleby,DEC,3,5:00,3,0,71,180,1,3,0,2,50,55,109,1,2,1,0,56,-294,235
2019-08-17,Demo FC 11,Lightweight,Dario Oakhurst,Hollis Dunmore,Hollis Dunmore,KO/TKO,1,1:34,5,0,4,13,0,0,0,0,0,4,12,0,0,0,1,0,666,-1070
2019-08-17,Demo FC 11,Lightweight,Orrin Thornbury,Hollis Harrowgate,Hollis Harrowgate,KO/TKO,3,2:43,3,0,24,57,1,2,0,0,60,56,116,4,6,0,1,170,1814,-3233
2019-08-17,Demo FC 11,Lightweight,Cato Delacroix-Venn,Marek Varga,Cato Delacroix-Venn,KO/TKO,2,2:53,3,0,51,90,1,1,0,0,52,21,67,0,3,0,0,0,-325,257
2019-08-17,Demo FC 11,Welterweight,Emrys Thornbury,Lazlo Delacroix-Venn,Emrys Thornbury,KO/TKO,3,3:49,3,0,61,117,0,0,0,1,0,16,54,3,5,0,0,205,-260,210
2019-08-17,Demo FC 11,Welterweight,Brannoc Juniper,Dario Eastwick,Dario Eastwick,KO/TKO,2,4:06,3,0,36,79,1,2,1,0,95,22,66,2,3,0,0,133,188,-230
2019-08-17,Demo FC 11,Welterweight,Nilo Blackthorn,Cyrus Harrowgate,Cyrus Harrowgate,KO/TKO,1,2:44,3,0,9,19,1,1,0,0,76,17,36,0,1,0,1,0,393,-533
2019-08-17,Demo FC 11,Middleweight,Pax Marchbank,Ulric Longmire,Ulric Longmire,SUB,1,0:11,3,0,0,0,0,0,0,0,0,1,2,0,0,1,0,0,1814,-3233
2019-08-17,Demo FC 11,Middleweight,Zeke Ambrose,Xander Emberly,Zeke Ambrose,DEC,3,5:00,3,0,33,76,7,7,1,0,340,97,186,2,3,0,0,112,138,-166
2019-08-17,Demo FC 11,Middleweight,Quill Thornbury,Zeke Brightwater,Quill Thornbury,S-DEC,3,5:00,3,0,97,168,2,5,0,1,112,15,50,2,2,1,0,215,-3233,1814
2019-08-17,Demo FC 11,Light Heavyweight,Jasper Delacroix-Venn,Jory Ironwood,Jory Ironwood,SUB,1,4:13,3,0,25,47,1,1,0,0,93,5,15,0,1,1,0,0,-600,432
2019-08-17,Demo FC 11,Light Heavyweight,Gideon Marchbank,Bodhi Northcott,Gideon Marchbank,KO/TKO,2,0:44,3,0,21,55,0,2,1,1,0,31,61,2,2,0,0,184,135,-163
2019-08-17,Demo FC 11,Light Heavyweight,Cato Ashgrove,Dario Quarry,Cato Ashgrove,DEC,3,5:00,3,0,33,67,3,5,2,0,127,35,78,1,2,1,1,92,-102,-118
2019-08-31,Demo FC 12,Lightweight,Anselm Dunmore,Emrys Blackthorn,Anselm Dunmore,S-DEC,5,5:00,5,0,68,168,1,7,1,1,44,109,224,4,5,0,0,389,-103,-117
2019-08-31,Demo FC 12,Lightweight,Aren Coldwater,Lazlo Yarrow,Lazlo Yarrow,SUB,2,2:05,3,0,24,59,1,2,1,0,67,23,59,3,3,1,0,240,211,-261
2019-08-31,Demo FC 12,Lightweight,Jasper Ravensworth,Quill Greywind,Quill Greywind,KO/TKO,1,4:33,3,0,20,55,1,3,0,0,51,17,34,1,1,1,3,46,147,-178
2019-08-31,Demo FC 12,Welterweight,Dario Ashgrove,Orrin Ambrose,Orrin Ambrose,DEC,3,5:00,3,0,39,110,0,2,0,0,0,127,236,1,1,1,0,87,297,-383
2019-08-31,Demo FC 12,Welterweight,Ivo Ravensworth,Galen Ashgrove,Galen Ashgrove,KO/TKO,3,4:41,3,0,50,127,4,7,1,0,218,84,175,2,3,0,0,86,-491,367
2019-08-31,Demo FC 12,Welterweight,Yusuf Ironwood,Orrin Stonebridge,Yusuf Ironwood,DEC,3,5:00,3,0,130,218,4,8,0,0,358,52,151,2,5,0,0,168,-3233,1430
2019-08-31,Demo FC 12,Middleweight,Orrin Ironwood,Galen Greywind,Orrin Ironwood,SUB,1,3:01,3,0,17,35,1,1,1,0,60,4,15,0,0,0,0,0,-225,184
2019-08-31,Demo FC 12,Middleweight,Idris Ashgrove,Emrys Brightwater,Emrys Brightwater,KO/TKO,1,3:04,3,0,13,30,1,1,0,0,76,18,32,0,0,0,1,0,189,-233
2019-08-31,Demo FC 12,Middleweight,Soren Thornbury,Marek Quarry,Marek Quarry,SUB,2,3:56,3,0,56,99,3,6,0,0,182,44,92,1,1,1,0,47,-252,204
2019-08-31,Demo FC 12,Light Heavyweight,Jasper Blackthorn,Yusuf Westbrook,Jasper Blackthorn,DEC,3,5:00,3,0,47,103,2,5,1,0,157,65,163,0,2,0,0,0,-277,223
2019-08-31,Demo FC 12,Light Heavyweight,Bodhi Ashgrove,Yusuf Varga,Yusuf Varga,DEC,3,5:00,3,0,33,80,0,4,1,0,0,41,93,3,5,1,0,312,1012,-2128
2019-08-31,Demo FC 12,Light Heavyweight,Kestrel Westbrook,Dario Juniper,Dario Juniper,SUB,1,3:24,3,0,4,10,0,1,0,0,0,17,37,0,1,1,0,0,286,-367
2019-09-21,Demo FC 13,Lightweight,Jasper Ambrose,Galen Stonebridge,Galen Stonebridge,S-DEC,5,5:00,5,0,40,123,2,4,1,2,81,146,270,1,4,0,1,81,460,-649
2019-09-21,Demo FC 13,Lightweight,Emrys Crowhurst,Faris Ravensworth,Emrys Crowhurst,DEC,3,5:00,3,0,80,156,0,2,1,0,0,32,87,2,6,1,0,113,-230,187
2019-09-21,Demo FC 13,Lightweight,Rune Oakhurst,Idris Emberly,Rune Oakhurst,KO/TKO,3,3:00,3,0,116,196,2,4,0,3,144,22,79,0,2,0,1,0,-3233,1755
2019-09-21,Demo FC 13,Welterweight,Anselm Quarry,Soren Juniper,Soren Juniper,DEC,3,5:00,3,0,42,121,3,10,0,0,126,118,222,1,5,1,0,62,183,-224
2019-09-21,Demo FC 13,Welterweight,Anselm Juniper,Aren Ambrose,Aren Ambrose,DEC,3,5:00,3,0,53,114,3,5,2,1,224,56,127,0,5,0,0,0,340,-449
2019-09-21,Demo FC 13,Welterweight,Evander Coldwater,Wren Northcott,Wren Northcott,KO/TKO,3,1:36,3,0,34,71,2,4,1,0,107,43,103,2,6,0,1,98,554,-827
2019-09-21,Demo FC 13,Middleweight,Brannoc Quarry,Tamsin Greywind,Tamsin Greywind,DEC,3,5:00,3,0,34,94,1,6,0,0,41,82,144,1,3,0,0,52,660,-1054
2019-09-21,Demo FC 13,Middleweight,Orrin Dunmore,Kestrel Dunmore,Orrin Dunmore,S-DEC,3,5:00,3,0,70,125,5,8,0,1,472,56,126,5,6,1,0,363,-113,-106
2019-09-21,Demo FC 13,Middleweight,Nilo Marchbank,Jasper Quarry,Jasper Quarry,KO/TKO,2,0:37,3,0,23,54,0,1,0,0,0,33,56,0,1,0,0,0,143,-172
2019-09-21,Demo FC 13,Light Heavyweight,Quill Eastwick,Galen Longmire,Galen Longmire,DEC,3,5:00,3,0,30,102,3,7,1,0,210,71,145,9,10,2,0,720,937,-1844
2019-09-21,Demo FC 13,Light Heavyweight,Jasper Longmire,Faris Dunmore,Faris Dunmore,KO/TKO,2,1:35,3,0,16,71,3,4,1,0,170,46,78,0,1,0,1,0,373,-501
2019-09-21,Demo FC 13,Light Heavyweight,Brannoc Ironwood,Vale Harrowgate,Vale Harrowgate,DEC,3,5:00,3,0,38,90,0,2,2,1,0,78,156,0,2,0,0,0,104,-124
2019-10-12,Demo FC 14,Lightweight,Pax Zeller,Gideon Greywind,Pax Zeller,KO/TKO,4,3:22,5,0,93,203,0,0,0,1,0,64,158,3,6,0,0,195,-304,242
2019-10-12,Demo FC 14,Lightweight,Aren Pellow,Vale Thornbury,Vale Thornbury,DEC,3,5:00,3,0,25,67,0,4,0,0,0,77,136,0,4,0,0,0,830,-1500
2019-10-12,Demo FC 14,Lightweight,Anselm Eastwick,Nilo Zeller,Anselm Eastwick,DEC,3,5:00,3,0,65,159,6,7,2,1,394,91,169,1,2,1,1,65,-125,104
2019-10-12,Demo FC 14,Welterweight,Yusuf Longmire,Gideon Quarry,Yusuf Longmire,SUB,2,3:21,3,0,20,42,3,3,1,0,297,9,32,0,3,0,0,0,-3233,1481
2019-10-12,Demo FC 14,Welterweight,Evander Marchbank,Ulric Underhill,Ulric Underhill,DEC,3,5:00,3,0,64,111,2,3,0,0,149,13,39,1,3,3,0,62,-450,341
2019-10-12,Demo FC 14,Welterweight,Xander Ravensworth,Nilo Eastwick,Xander Ravensworth,DEC,3,5:00,3,0,82,154,3,4,1,1,209,48,147,4,6,4,0,222,-175,144
2019-10-12,Demo FC 14,Middleweight,Faris Harrowgate,Bodhi Thornbury,Faris Harrowgate,KO/TKO,2,1:04,3,0,27,46,0,2,1,1,0,6,18,3,4,0,0,164,142,-172
2019-10-12,Demo FC 14,Middleweight,Soren Underhill,Orrin Varga,Soren Underhill,KO/TKO,1,4:16,3,0,13,28,0,0,0,1,0,28,53,0,1,0,0,0,-158,131
2019-10-12,Demo FC 14,Middleweight,Dario Zeller,Evander Ravensworth,Dario Zeller,SUB,1,4:45,3,0,10,26,0,1,1,0,0,14,32,0,1,0,0,0,-564,411
2019-10-12,Demo FC 14,Light Heavyweight,Ivo Oakhurst,Orrin Emberly,Orrin Emberly,KO/TKO,1,0:50,3,0,2,7,0,0,0,0,0,3,6,0,0,0,1,0,846,-1547
2019-10-12,Demo FC 14,Light Heavyweight,Cyrus Yarrow,Ivo Kettleby,Ivo Kettleby,S-DEC,3,5:00,3,0,85,169,0,1,0,2,0,85,177,0,5,2,0,0,-187,154
2019-10-12,Demo FC 14,Light Heavyweight,Jory Underhill,Evander Varga,Evander Varga,KO/TKO,1,2:36,3,0,6,22,0,1,1,0,0,16,33,1,1,0,0,56,155,-188
2019-11-09,Demo FC 15,Lightweight,Faris Northcott,Pax Ambrose,Pax Ambrose,SUB,3,4:18,5,0,52,156,2,4,0,1,101,39,67,0,1,1,0,0,458,-646
2019-11-09,Demo FC 15,Lightweight,Yusuf Harrowgate,Dov Marchbank,Dov Marchbank,DEC,3,5:00,3,0,45,149,2,4,0,0,177,115,200,1,5,0,0,72,107,-128
2019-11-09,Demo FC 15,Lightweight,Dov Harrowgate,Cyrus Quarry,Dov Harrowgate,KO/TKO,3,3:45,3,0,47,99,3,6,1,0,286,10,31,1,5,0,0,88,-1688,891
2019-11-09,Demo FC 15,Welterweight,Soren Oakhurst,Pax Ravensworth,Pax Ravensworth,DEC,3,5:00,3,0,36,80,2,4,0,1,93,52,119,1,3,0,0,77,139,-167
2019-11-09,Demo FC 15,Welterweight,Jory Harrowgate,Zeke Underhill,Jory Harrowgate,DEC,3,5:00,3,0,62,116,3,7,1,0,148,40,112,2,4,1,0,210,-572,416
2019-11-09,Demo FC 15,Welterweight,Marek Yarrow,Marek Westbrook,Marek Yarrow,SUB,1,2:43,3,0,8,17,0,1,1,0,0,8,20,1,1,0,0,50,180,-220
2019-11-09,Demo FC 15,Middleweight,Orrin Quarry,Evander Underhill,Orrin Quarry,KO/TKO,3,1:25,3,0,56,153,1,2,0,1,91,43,96,1,1,1,0,61,-239,194
2019-11-09,Demo FC 15,Middleweight,Lazlo Quarry,Wren Pellow,Lazlo Quarry,S-DEC,3,5:00,3,0,107,155,1,5,0,0,41,19,72,1,2,2,2,82,-3233,1345
2019-11-09,Demo FC 15,Middleweight,Orrin Fairholt,Zeke Quarry,Orrin Fairholt,KO/TKO,2,3:40,3,0,24,55,3,6,0,1,302,29,70,1,3,0,0,82,-139,116
2019-11-09,Demo FC 15,Light Heavyweight,Xander Crowhurst,Rune Blackthorn,Xander Crowhurst,DEC,3,5:00,3,0,53,117,0,2,0,0,0,39,111,4,6,1,0,433,-217,177
2019-11-09,Demo FC 15,Light Heavyweight,Orrin Harrowgate,Zeke Kettleby,Orrin Harrowgate,KO/TKO,3,2:49,3,0,68,150,2,8,1,3,95,60,126,0,1,0,0,0,-2494,1097
2019-11-09,Demo FC 15,Light Heavyweight,Xander Ironwood,Rune Ambrose,Rune Ambrose,SUB,3,3:43,3,0,49,123,0,2,0,0,0,85,179,3,3,3,1,163,227,-283
2019-11-30,Demo FC 16,Lightweight,Jory Westbrook,Orrin Thornbury,Orrin Thornbury,SUB,3,4:40,5,0,40,82,0,3,0,0,0,17,46,0,3,1,0,0,-195,160
2019-11-30,Demo FC 16,Lightweight,Bodhi Kettleby,Hollis Harrowgate,Hollis Harrowgate,DEC,3,5:00,3,0,70,172,5,8,1,0,293,66,128,3,5,0,0,202,224,-280
2019-11-30,Demo FC 16,Lightweight,Marek Varga,Xander Thornbury,Xander Thornbury,KO/TKO,2,3:23,3,0,25,60,3,4,0,0,308,25,53,0,2,1,4,0,268,-341
2019-11-30,Demo FC 16,Welterweight,Brannoc Juniper,Lazlo Delacroix-Venn,Brannoc Juniper,S-DEC,3,5:00,3,0,62,123,1,3,1,0,108,30,79,3,8,0,0,215,-552,404
2019-11-30,Demo FC 16,Welterweight,Nilo Blackthorn,Kestrel Eastwick,Kestrel Eastwick,KO/TKO,2,2:04,3,0,41,67,1,2,0,0,95,17,58,4,4,0,0,160,-210,172
2019-11-30,Demo FC 16,Welterweight,Marek Thornbury,Pax Kettleby,Marek Thornbury,SUB,3,3:17,3,0,42,85,2,4,1,0,131,44,96,3,3,0,0,230,-255,206
2019-11-30,Demo FC 16,Middleweight,Xander Greywind,Zeke Brightwater,Xander Greywind,SUB,2,2:32,3,0,29,65,4,4,1,0,182,12,33,0,1,1,0,0,-291,233
2019-11-30,Demo FC 16,Middleweight,Vale Northcott,Emrys Yarrow,Vale Northcott,KO/TKO,2,3:28,3,0,29,59,0,0,0,1,0,21,45,3,3,0,0,150,-344,270
2019-11-30,Demo FC 16,Middleweight,Xander Emberly,Pax Marchbank,Pax Marchbank,DEC,3,5:00,3,0,100,190,6,8,1,0,584,11,33,1,2,0,0,103,-3233,1814
2019-11-30,Demo FC 16,Light Heavyweight,Jasper Delacroix-Venn,Gideon Marchbank,Gideon Marchbank,KO/TKO,2,1:03,3,0,25,53,0,1,0,0,0,17,37,2,2,0,1,218,436,-606
2019-11-30,Demo FC 16,Light Heavyweight,Jory Ironwood,Bodhi Northcott,Bodhi Northcott,KO/TKO,1,4:47,3,0,14,52,0,1,0,0,0,33,52,0,2,0,0,0,1814,-3233
2019-11-30,Demo FC 16,Light Heavyweight,Cato Brightwater,Dario Quarry,Dario Quarry,KO/TKO,1,1:37,3,0,2,6,0,0,0,0,0,2,6,0,0,0,1,0,277,-354
2019-12-21,Demo FC 17,Lightweight,Wren Harrowgate,Ulric Emberly,Ulric Emberly,DEC,5,5:00,5,0,49,149,1,3,1,1,89,152,244,4,7,1,1,392,1712,-3233
2019-12-21,Demo FC 17,Lightweight,Aren Coldwater,Gideon Stonebridge,Gideon Stonebridge,DEC,3,5:00,3,0,72,147,4,8,0,0,274,45,116,4,4,1,1,313,-697,487
2019-12-21,Demo FC 17,Lightweight,Yusuf Zeller,Cyrus Ravensworth,Yusuf Zeller,DEC,3,5:00,3,0,58,111,4,6,0,1,298,62,145,8,9,2,1,662,-156,129
2019-12-21,Demo FC 17,Welterweight,Orrin Stonebridge,Orrin Ambrose,Orrin Ambrose,KO/TKO,3,0:19,3,0,32,83,2,4,0,1,188,56,116,0,0,0,1,0,479,-683
2019-12-21,Demo FC 17,Welterweight,Fenn Marchbank,Bodhi Brightwater,Fenn Marchbank,DEC,3,5:00,3,0,91,144,1,7,1,0,69,61,158,1,1,3,0,102,-536,394
2019-12-21,Demo FC 17,Welterweight,Galen Coldwater,Dario Ashgrove,Galen Coldwater,DEC,3,5:00,3,0,106,203,0,1,0,0,0,58,130,0,4,0,0,0,-266,214
2019-12-21,Demo FC 17,Middleweight,Dov Brightwater,Ulric Longmire,Ulric Longmire,KO/TKO,3,1:58,3,0,35,108,4,6,0,0,258,60,117,2,2,0,1,217,236,-295
2019-12-21,Demo FC 17,Middleweight,Galen Thornbury,Galen Greywind,Galen Thornbury,KO/TKO,2,1:53,3,0,47,92,1,2,0,1,85,8,30,1,1,0,0,63,-3186,1226
2019-12-21,Demo FC 17,Middleweight,Orrin Ironwood,Soren Thornbury,Soren Thornbury,S-DEC,3,5:00,3,0,35,85,0,2,1,1,0,74,128,2,6,0,0,88,157,-190
2019-12-21,Demo FC 17,Light Heavyweight,Kestrel Westbrook,Yusuf Varga,Yusuf Varga,DEC,3,5:00,3,0,25,60,0,5,2,0,0,65,143,3,4,1,3,134,1758,-3233
2019-12-21,Demo FC 17,Light Heavyweight,Bodhi Ashgrove,Nilo Underhill,Nilo Underhill,SUB,2,4:12,3,0,30,68,0,3,3,0,0,30,69,4,5,1,0,276,-119,-101
2019-12-21,Demo FC 17,Light Heavyweight,Cato Ashgrove,Xander Delacroix-Venn,Xander Delacroix-Venn,SUB,2,0:47,3,0,10,23,2,3,0,0,106,15,33,2,3,1,0,204,104,-125
2020-01-11,Demo FC 18,Lightweight,Dario Ambrose,Jasper Ambrose,Dario Ambrose,SUB,3,0:20,5,0,53,104,2,3,1,0,165,19,52,1,1,1,0,61,-3233,1814
2020-01-11,Demo FC 18,Lightweight,Emrys Blackthorn,Jasper Pellow,Emrys Blackthorn,KO/TKO,1,1:36,3,0,7,16,0,0,0,1,0,5,11,0,0,0,0,0,584,-889
2020-01-11,Demo FC 18,Lightweight,Idris Emberly,Lazlo Yarrow,Lazlo Yarrow,DEC,3,5:00,3,0,54,124,0,1,0,1,0,71,162,3,7,0,1,235,127,-153
2020-01-11,Demo FC 18,Welterweight,Anselm Juniper,Anselm Quarry,Anselm Quarry,SUB,1,3:19,3,0,3,8,0,1,0,0,0,16,32,0,1,1,0,0,1036,-2222
2020-01-11,Demo FC 18,Welterweight,Aren Ambrose,Galen Ashgrove,Galen Ashgrove,SUB,3,1:02,3,0,41,121,1,3,0,0,62,42,84,1,2,1,0,58,142,-171
2020-01-11,Demo FC 18,Welterweight,Wren Northcott,Dario Eastwick,Dario Eastwick,SUB,1,1:51,3,0,7,15,0,1,0,0,0,2,6,1,1,1,0,61,-101,-118
2020-01-11,Demo FC 18,Middleweight,Brannoc Quarry,Kestrel Dunmore,Kestrel Dunmore,SUB,1,1:51,3,0,3,8,0,0,0,0,0,9,19,1,1,1,0,88,1814,-3233
2020-01-11,Demo FC 18,Middleweight,Nilo Marchbank,Jasper Quarry,Nilo Marchbank,S-DEC,3,5:00,3,0,45,105,0,3,1,1,0,76,180,0,3,0,0,0,112,-134
2020-01-11,Demo FC 18,Middleweight,Quill Dunmore,Orrin Dunmore,Orrin Dunmore,DEC,3,5:00,3,0,19,54,1,2,2,1,86,79,158,1,8,0,1,42,1348,-3233
2020-01-11,Demo FC 18,Light Heavyweight,Yusuf Westbrook,Jasper Longmire,Jasper Longmire,SUB,3,2:16,3,0,22,55,1,4,0,0,109,24,65,5,9,1,1,261,436,-606
2020-01-11,Demo FC 18,Light Heavyweight,Quill Eastwick,Brannoc Ironwood,Brannoc Ironwood,DEC,3,5:00,3,0,54,115,3,7,0,0,200,56,119,0,3,2,0,0,198,-244
2020-01-11,Demo FC 18,Light Heavyweight,Gideon Westbrook,Jasper Blackthorn,Jasper Blackthorn,SUB,2,2:13,3,0,20,44,0,3,0,0,0,22,60,2,2,1,0,92,238,-298
2020-02-08,Demo FC 19,Lightweight,Aren Pellow,Gideon Greywind,Aren Pellow,KO/TKO,2,3:39,5,0,31,70,1,3,0,1,70,11,29,1,3,1,0,105,-206,169
2020-02-08,Demo FC 19,Lightweight,Rune Oakhurst,Pax Zeller,Rune Oakhurst,SUB,3,4:32,3,0,84,173,1,4,1,0,68,66,175,0,4,0,0,0,-3233,1814
2020-02-08,Demo FC 19,Lightweight,Cato Delacroix-Venn,Pax Greywind,Pax Greywind,DEC,3,5:00,3,0,61,145,2,6,1,1,162,50,114,3,10,1,0,129,113,-136
2020-02-08,Demo FC 19,Welterweight,Gideon Quarry,Nilo Eastwick,Nilo Eastwick,SUB,2,0:30,3,0,5,20,2,2,0,0,124,31,59,2,2,1,0,158,1814,-3233
2020-02-08,Demo FC 19,Welterweight,Ulric Yarrow,Yusuf Longmire,Ulric Yarrow,SUB,2,0:42,3,0,24,50,0,1,1,0,0,15,42,1,3,0,0,67,-258,208
2020-02-08,Demo FC 19,Welterweight,Evander Marchbank,Ulric Underhill,Evander Marchbank,SUB,2,1:05,3,0,36,58,1,2,1,0,70,11,32,0,1,0,0,0,-498,371
2020-02-08,Demo FC 19,Middleweight,Bodhi Thornbury,Faris Harrowgate,Bodhi Thornbury,KO/TKO,3,4:08,3,0,6,15,8,8,1,0,393,65,113,0,2,0,0,0,-123,102
2020-02-08,Demo FC 19,Middleweight,Evander Ravensworth,Emrys Brightwater,Emrys Brightwater,KO/TKO,1,3:38,3,0,13,36,1,1,0,0,55,27,50,0,1,0,1,0,385,-520
2020-02-08,Demo FC 19,Middleweight,Quill Thornbury,Soren Underhill,Quill Thornbury,KO/TKO,3,3:40,3,0,78,134,0,2,2,0,0,58,155,2,2,0,0,130,-797,539
2020-02-08,Demo FC 19,Light Heavyweight,Cyrus Yarrow,Bodhi Delacroix-Venn,Cyrus Yarrow,KO/TKO,2,2:05,3,0,42,80,0,0,0,0,0,40,81,0,1,0,0,0,-147,122
2020-02-08,Demo FC 19,Light Heavyweight,Hollis Oakhurst,Orrin Emberly,Orrin Emberly,KO/TKO,2,2:49,3,0,36,75,3,3,0,0,287,21,53,4,4,0,1,375,289,-372
2020-02-08,Demo FC 19,Light Heavyweight,Ulric Ambrose,Galen Longmire,Galen Longmire,DEC,3,5:00,3,0,9,34,0,3,2,0,0,112,183,9,10,0,0,450,1814,-3233
2020-02-22,Demo FC 20,Lightweight,Faris Northcott,Faris Ravensworth,Faris Ravensworth,DEC,5,5:00,5,0,47,119,4,7,0,1,240,115,214,6,10,1,0,571,509,-738
2020-02-22,Demo FC 20,Lightweight,Yusuf Harrowgate,Nilo Zeller,Nilo Zeller,DEC,3,5:00,3,0,79,172,3,6,1,0,193,83,173,1,4,0,1,74,-131,109
2020-02-22,Demo FC 20,Lightweight,Hollis Dunmore,Anselm Dunmore,Hollis Dunmore,DEC,3,5:00,3,0,60,173,3,4,0,0,205,38,92,1,3,0,0,57,-1543,844
2020-02-22,Demo FC 20,Welterweight,Soren Oakhurst,Zeke Underhill,Zeke Underhill,KO/TKO,1,1:09,3,0,1,4,0,0,0,0,0,2,6,0,1,0,1,0,108,-130
2020-02-22,Demo FC 20,Welterweight,Marek Westbrook,Emrys Thornbury,Marek Westbrook,SUB,1,4:12,3,0,13,28,0,2,2,1,0,12,31,0,1,0,1,0,-276,222
2020-02-22,Demo FC 20,Welterweight,Hollis Zeller,Pax Ravensworth,Hollis Zeller,DEC,3,5:00,3,0,73,153,1,5,2,0,55,70,154,1,2,0,1,56,-160,133
2020-02-22,Demo FC 20,Middleweight,Wren Pellow,Evander Underhill,Evander Underhill,KO/TKO,1,4:44,3,0,6,21,0,0,1,1,0,20,33,0,1,0,0,0,637,-1003
2020-02-22,Demo FC 20,Middleweight,Orrin Quarry,Tamsin Greywind,Tamsin Greywind,DEC,3,5:00,3,0,44,109,0,6,0,1,0,96,180,0,3,0,1,0,109,-131
2020-02-22,Demo FC 20,Middleweight,Zeke Quarry,Lazlo Quarry,Lazlo Quarry,KO/TKO,2,3:59,3,0,34,64,2,3,0,0,187,28,63,1,3,0,0,60,118,-141
2020-02-22,Demo FC 20,Light Heavyweight,Xander Crowhurst,Rune Blackthorn,Xander Crowhurst,SUB,1,1:32,3,0,4,11,0,0,1,0,0,3,8,0,0,0,0,0,-326,257
2020-02-22,Demo FC 20,Light Heavyweight,Rune Ambrose,Evander Varga,Rune Ambrose,S-DEC,3,5:00,3,0,108,244,3,7,0,1,249,63,120,0,2,2,0,0,-179,148
2020-02-22,Demo FC 20,Light Heavyweight,Ivo Kettleby,Xander Ironwood,Ivo Kettleby,S-DEC,3,5:00,3,0,64,141,1,3,2,2,63,65,154,0,2,2,0,0,-194,160
2020-03-14,Demo FC 21,Lightweight,Jory Westbrook,Orrin Zeller,Orrin Zeller,S-DEC,5,5:00,5,0,38,110,0,4,3,0,0,136,261,10,18,0,1,1030,1805,-3233
2020-03-14,Demo FC 21,Lightweight,Orrin Thornbury,Xander Thornbury,Xander Thornbury,DEC,3,5:00,3,0,30,83,2,2,2,1,87,57,105,1,5,2,2,91,1589,-3233
2020-03-14,Demo FC 21,Lightweight,Bodhi Kettleby,Vale Thornbury,Bodhi Kettleby,S-DEC,3,5:00,3,0,31,81,7,9,0,0,448,25,57,0,3,0,0,0,-163,136
2020-03-14,Demo FC 21,Welterweight,Lazlo Delacroix-Venn,Pax Kettleby,Pax Kettleby,DEC,3,5:00,3,0,17,54,3,7,0,0,285,41,85,2,4,0,1,121,127,-152
2020-03-14,Demo FC 21,Welterweight,Kestrel Eastwick,Marek Yarrow,Marek Yarrow,DEC,3,5:00,3,0,27,94,8,10,1,0,405,88,157,1,4,0,0,46,-126,106
2020-03-14,Demo FC 21,Welterweight,Brannoc Juniper,Marek Thornbury,Brannoc Juniper,KO/TKO,1,4:35,3,0,19,43,0,0,0,0,0,12,27,2,2,0,1,125,-118,-102
2020-03-14,Demo FC 21,Middleweight,Zeke Brightwater,Vale Northcott,Vale Northcott,DEC,3,5:00,3,0,44,97,0,0,1,0,0,45,103,0,2,0,1,0,315,-411
2020-03-14,Demo FC 21,Middleweight,Pax Marchbank,Xander Emberly,Xander Emberly,KO/TKO,1,1:42,3,0,2,7,0,0,0,0,0,8,15,0,0,0,1,0,1814,-3233
2020-03-14,Demo FC 21,Middleweight,Orrin Varga,Xander Greywind,Orrin Varga,SUB,2,0:25,3,0,31,67,0,1,1,1,0,25,64,2,2,0,0,141,-2634,1126
2020-03-14,Demo FC 21,Light Heavyweight,Cato Brightwater,Zeke Kettleby,Zeke Kettleby,KO/TKO,1,4:30,3,0,12,26,0,0,1,0,0,19,36,1,1,0,0,48,171,-208
2020-03-14,Demo FC 21,Light Heavyweight,Dario Quarry,Hale Kettleby,Hale Kettleby,DEC,3,5:00,3,0,47,122,0,3,1,1,0,89,166,2,3,0,0,127,118,-141
2020-03-14,Demo FC 21,Light Heavyweight,Gideon Marchbank,Bodhi Northcott,Bodhi Northcott,SUB,1,1:16,3,0,4,12,0,0,0,0,0,6,13,0,0,1,0,0,-154,128
2020-04-04,Demo FC 22,Lightweight,Aren Coldwater,Cyrus Ravensworth,Aren Coldwater,DEC,5,5:00,5,0,71,150,6,9,1,0,262,83,157,11,13,2,0,498,170,-207
2020-04-04,Demo FC 22,Lightweight,Hollis Harrowgate,Dov Marchbank,Dov Marchbank,DEC,3,5:00,3,0,40,142,5,6,1,1,267,88,161,1,1,1,0,49,149,-180
2020-04-04,Demo FC 22,Lightweight,Wren Harrowgate,Gideon Stonebridge,Wren Harrowgate,KO/TKO,1,3:41,3,0,5,16,0,0,1,0,0,4,10,0,1,0,0,0,192,-236
2020-04-04,Demo FC 22,Welterweight,Bodhi Brightwater,Dario Ashgrove,Bodhi Brightwater,DEC,3,5:00,3,0,45,104,0,3,1,0,0,42,99,2,3,1,0,190,-324,256
2020-04-04,Demo FC 22,Welterweight,Orrin Stonebridge,Xander Ravensworth,Xander Ravensworth,DEC,3,5:00,3,0,37,103,3,3,0,1,212,74,160,0,1,1,0,0,507,-734
2020-04-04,Demo FC 22,Welterweight,Yusuf Ironwood,Orrin Ambrose,Yusuf Ironwood,DEC,3,5:00,3,0,98,167,1,3,1,2,51,92,240,1,3,0,0,93,-447,339
2020-04-04,Demo FC 22,Middleweight,Galen Greywind,Dov Brightwater,Galen Greywind,DEC,3,5:00,3,0,21,52,1,3,0,1,97,79,143,7,11,0,0,709,316,-413
2020-04-04,Demo FC 22,Middleweight,Vale Delacroix-Venn,Soren Thornbury,Soren Thornbury,SUB,2,2:54,3,0,38,83,1,2,2,0,70,27,67,2,3,1,0,131,204,-252
2020-04-04,Demo FC 22,Middleweight,Orrin Ironwood,Galen Thornbury,Galen Thornbury,DEC,3,5:00,3,0,46,108,0,2,1,0,0,108,204,3,7,0,1,288,488,-700
2020-04-04,Demo FC 22,Light Heavyweight,Bodhi Ashgrove,Cato Ashgrove,Bodhi Ashgrove,DEC,3,5:00,3,0,25,53,0,3,1,0,0,33,92,7,9,1,0,300,137,-165
2020-04-04,Demo FC 22,Light Heavyweight,Kestrel Westbrook,Orrin Coldwater,Orrin Coldwater,DEC,3,5:00,3,0,56,140,1,3,0,0,48,55,126,5,5,0,0,440,833,-1509
2020-04-04,Demo FC 22,Light Heavyweight,Nilo Underhill,Orrin Harrowgate,Orrin Harrowgate,SUB,1,0:43,3,0,1,3,0,0,0,0,0,2,5,0,0,1,0,0,1048,-2274
2020-04-18,Demo FC 23,Lightweight,Rune Dunmore,Galen Stonebridge,Rune Dunmore,KO/TKO,5,2:23,5,0,84,239,4,7,0,1,337,99,192,0,3,0,0,0,113,-136
2020-04-18,Demo FC 23,Lightweight,Pax Ambrose,Ulric Emberly,Pax Ambrose,KO/TKO,2,1:14,3,0,31,63,0,2,0,1,0,15,41,1,2,0,0,78,174,-212
2020-04-18,Demo FC 23,Lightweight,Emrys Crowhurst,Anselm Eastwick,Anselm Eastwick,DEC,3,5:00,3,0,89,182,0,1,3,1,0,50,130,3,6,0,0,309,119,-143
2020-04-18,Demo FC 23,Welterweight,Cyrus Harrowgate,Vale Ashgrove,Cyrus Harrowgate,SUB,2,2:57,3,0,45,72,2,4,1,0,212,18,54,4,4,0,0,381,-3233,1270
2020-04-18,Demo FC 23,Welterweight,Jory Harrowgate,Faris Marchbank,Faris Marchbank,KO/TKO,1,2:24,3,0,10,22,0,1,0,0,0,12,27,0,1,0,1,0,121,-145
2020-04-18,Demo FC 23,Welterweight,Xander Oakhurst,Fenn Marchbank,Xander Oakhurst,DEC,3,5:00,3,0,82,183,4,7,0,0,376,46,85,3,7,1,0,231,-117,-102
2020-04-18,Demo FC 23,Middleweight,Zeke Ambrose,Ulric Longmire,Ulric Longmire,DEC,3,5:00,3,0,38,135,3,6,0,0,178,105,170,3,3,0,1,189,599,-919
2020-04-18,Demo FC 23,Middleweight,Marek Ironwood,Marek Quarry,Marek Quarry,DEC,3,5:00,3,0,30,80,0,4,1,1,0,43,87,0,4,1,1,0,155,-188
2020-04-18,Demo FC 23,Middleweight,Anselm Stonebridge,Dario Zeller,Dario Zeller,DEC,3,5:00,3,0,63,124,4,4,0,0,347,31,96,3,6,1,4,131,-134,112
2020-04-18,Demo FC 23,Light Heavyweight,Nilo Thornbury,Xander Delacroix-Venn,Xander Delacroix-Venn,KO/TKO,2,1:46,3,0,14,35,0,2,0,0,0,39,73,2,2,0,0,186,304,-393
2020-04-18,Demo FC 23,Light Heavyweight,Faris Dunmore,Lazlo Underhill,Faris Dunmore,DEC,3,5:00,3,0,113,216,1,2,0,0,91,32,109,1,6,0,3,79,-208,171
2020-04-18,Demo FC 23,Light Heavyweight,Yusuf Varga,Dario Juniper,Yusuf Varga,DEC,3,5:00,3,0,86,154,2,3,0,0,188,61,162,0,4,0,0,0,-556,406
2020-05-02,Demo FC 24,Lightweight,Jasper Ambrose,Dario Ambrose,Dario Ambrose,SUB,1,2:25,5,0,4,10,1,1,0,0,43,12,23,0,1,1,0,0,1814,-3233
2020-05-02,Demo FC 24,Lightweight,Idris Emberly,Quill Greywind,Quill Greywind,DEC,3,5:00,3,0,69,176,0,2,1,0,0,52,124,1,3,1,0,107,201,-248
2020-05-02,Demo FC 24,Lightweight,Lazlo Yarrow,Emrys Blackthorn,Lazlo Yarrow,KO/TKO,2,1:09,3,0,24,52,0,2,0,1,0,18,49,0,1,0,1,0,-221,181
2020-05-02,Demo FC 24,Welterweight,Anselm Quarry,Anselm Juniper,Anselm Quarry,DEC,3,5:00,3,0,84,163,4,7,2,0,198,21,56,0,0,1,0,0,-1192,717
2020-05-02,Demo FC 24,Welterweight,Aren Ambrose,Wren Northcott,Aren Ambrose,SUB,1,0:56,3,0,2,6,0,0,1,0,0,3,7,0,0,0,0,0,165,-201
2020-05-02,Demo FC 24,Welterweight,Soren Juniper,Dario Eastwick,Soren Juniper,KO/TKO,2,3:38,3,0,50,92,2,2,0,0,187,27,77,0,4,0,2,0,-720,499
2020-05-02,Demo FC 24,Middleweight,Brannoc Quarry,Jasper Quarry,Jasper Quarry,SUB,1,1:34,3,0,5,14,0,0,0,0,0,9,19,0,0,1,0,0,514,-748
2020-05-02,Demo FC 24,Middleweight,Kestrel Dunmore,Quill Dunmore,Kestrel Dunmore,SUB,1,0:13,3,0,0,2,0,0,1,0,0,0,0,0,0,0,0,0,-833,557
2020-05-02,Demo FC 24,Middleweight,Nilo Marchbank,Orrin Fairholt,Orrin Fairholt,KO/TKO,1,1:43,3,0,6,17,0,0,0,0,0,8,17,1,1,0,1,69,208,-258
2020-05-02,Demo FC 24,Light Heavyweight,Yusuf Westbrook,Quill Eastwick,Quill Eastwick,KO/TKO,1,3:56,3,0,9,25,0,0,0,0,0,7,22,0,0,0,1,0,266,-338
2020-05-02,Demo FC 24,Light Heavyweight,Brannoc Ironwood,Gideon Westbrook,Brannoc Ironwood,S-DEC,3,5:00,3,0,54,129,1,2,4,2,66,27,78,0,4,0,1,0,-650,460
2020-05-02,Demo FC 24,Light Heavyweight,Jasper Blackthorn,Evander Greywind,Jasper Blackthorn,S-DEC,3,5:00,3,0,49,141,2,5,0,0,127,60,135,0,1,1,2,0,173,-211
2020-05-16,Demo FC 25,Lightweight,Dov Harrowgate,Yusuf Zeller,Yusuf Zeller,KO/TKO,4,2:30,5,0,74,136,4,6,0,0,386,71,144,8,9,1,1,837,159,-194
2020-05-16,Demo FC 25,Welterweight,Galen Ashgrove,Galen Coldwater,Galen Ashgrove,S-DEC,3,5:00,3,0,74,158,1,5,1,2,97,73,154,1,4,1,0,102,-104,-116
2020-05-16,Demo FC 25,Middleweight,Dov Thornbury,Orrin Dunmore,Orrin Dunmore,KO/TKO,1,3:10,3,0,6,20,2,2,1,0,152,13,26,1,1,0,1,64,258,-327
2020-05-16,Demo FC 25,Light Heavyweight,Jasper Longmire,Vale Harrowgate,Jasper Longmire,DEC,3,5:00,3,0,23,78,7,9,1,0,297,95,155,0,3,0,0,0,188,-231
2020-06-13,Demo FC 26,Lightweight,Pax Zeller,Anselm Dunmore,Anselm Dunmore,DEC,5,5:00,5,0,160,340,2,6,0,0,127,83,177,6,8,0,0,374,-124,104
2020-06-13,Demo FC 26,Lightweight,Aren Pellow,Yusuf Harrowgate,Yusuf Harrowgate,S-DEC,3,5:00,3,0,21,48,4,8,0,0,369,117,176,2,7,0,0,145,486,-695
2020-06-13,Demo FC 26,Lightweight,Pax Greywind,Faris Ravensworth,Pax Greywind,SUB,2,4:01,3,0,48,90,3,5,1,0,261,18,57,2,3,1,0,139,-3233,1604
2020-06-13,Demo FC 26,Welterweight,Soren Oakhurst,Yusuf Longmire,Yusuf Longmire,SUB,1,2:52,3,0,6,16,0,0,0,0,0,5,14,1,1,1,0,97,-229,186
2020-06-13,Demo FC 26,Welterweight,Pax Ravensworth,Emrys Thornbury,Pax Ravensworth,KO/TKO,1,2:10,3,0,7,18,0,1,0,1,0,3,9,0,0,0,0,0,105,-125
2020-06-13,Demo FC 26,Welterweight,Marek Westbrook,Nilo Eastwick,Marek Westbrook,KO/TKO,1,1:27,3,0,5,11,0,0,0,1,0,6,13,0,0,0,0,0,-128,107
2020-06-13,Demo FC 26,Middleweight,Faris Harrowgate,Orrin Quarry,Orrin Quarry,DEC,3,5:00,3,0,46,105,0,4,0,0,0,103,202,5,5,1,0,330,557,-832
2020-06-13,Demo FC 26,Middleweight,Wren Pellow,Evander Ravensworth,Evander Ravensworth,SUB,2,0:47,3,0,7,30,0,1,1,0,0,38,67,0,0,1,0,0,408,-559
2020-06-13,Demo FC 26,Middleweight,Soren Underhill,Evander Underhill,Soren Underhill,DEC,3,5:00,3,0,62,133,0,2,2,2,0,54,141,0,4,0,0,0,-660,466
2020-06-13,Demo FC 26,Light Heavyweight,Xander Ironwood,Evander Varga,Evander Varga,KO/TKO,3,0:18,3,0,47,118,0,1,1,1,0,72,172,1,3,0,0,42,-102,-118
2020-06-13,Demo FC 26,Light Heavyweight,Rune Blackthorn,Ivo Kettleby,Ivo Kettleby,SUB,1,0:38,3,0,1,4,0,0,0,0,0,3,7,0,0,1,0,0,1443,-3233
2020-06-13,Demo FC 26,Light Heavyweight,Hollis Oakhurst,Cyrus Yarrow,Hollis Oakhurst,DEC,3,5:00,3,0,67,143,5,7,0,0,366,58,118,1,2,0,0,72,289,-372
2020-06-27,Demo FC 27,Lightweight,Jory Westbrook,Orrin Thornbury,Jory Westbrook,DEC,5,5:00,5,0,70,141,2,2,3,0,169,56,195,2,8,2,3,132,-262,211
2020-06-27,Demo FC 27,Lightweight,Bodhi Kettleby,Orrin Zeller,Orrin Zeller,DEC,3,5:00,3,0,23,58,4,9,1,1,318,87,159,9,9,0,0,534,157,-191
2020-06-27,Demo FC 27,Lightweight,Vale Thornbury,Nilo Zeller,Nilo Zeller,S-DEC,3,5:00,3,0,78,156,1,2,0,0,65,59,133,1,2,1,0,49,-179,148
2020-06-27,Demo FC 27,Welterweight,Pax Kettleby,Lazlo Delacroix-Venn,Lazlo Delacroix-Venn,KO/TKO,3,1:10,3,0,24,49,1,2,1,0,105,24,51,1,6,0,1,76,-123,103
2020-06-27,Demo FC 27,Welterweight,Evander Marchbank,Marek Thornbury,Evander Marchbank,S-DEC,3,5:00,3,0,45,88,2,2,0,0,106,41,101,4,4,0,1,382,-284,227
2020-06-27,Demo FC 27,Welterweight,Zeke Underhill,Kestrel Eastwick,Zeke Underhill,SUB,1,2:18,3,0,3,7,0,1,1,0,0,7,16,2,2,0,0,110,209,-258
2020-06-27,Demo FC 27,Middleweight,Zeke Brightwater,Bodhi Thornbury,Bodhi Thornbury,SUB,2,3:26,3,0,23,57,0,1,0,1,0,34,76,3,4,1,0,146,102,-122
2020-06-27,Demo FC 27,Middleweight,Pax Marchbank,Xander Greywind,Xander Greywind,SUB,1,4:58,3,0,6,15,1,1,0,0,81,27,52,2,2,1,0,104,869,-1619
2020-06-27,Demo FC 27,Middleweight,Vale Northcott,Emrys Brightwater,Emrys Brightwater,KO/TKO,1,4:27,3,0,12,34,0,1,0,0,0,22,41,0,1,0,0,0,197,-242
2020-06-27,Demo FC 27,Light Heavyweight,Ulric Ambrose,Bodhi Delacroix-Venn,Bodhi Delacroix-Venn,KO/TKO,1,4:58,3,0,8,19,0,0,0,0,0,17,33,0,1,0,1,0,147,-178
2020-06-27,Demo FC 27,Light Heavyweight,Dario Quarry,Zeke Kettleby,Zeke Kettleby,KO/TKO,1,3:23,3,0,9,23,0,0,1,1,0,6,14,0,0,0,1,0,175,-214
2020-06-27,Demo FC 27,Light Heavyweight,Xander Crowhurst,Gideon Marchbank,Gideon Marchbank,KO/TKO,1,3:50,3,0,22,50,0,1,0,0,0,21,44,0,1,0,0,0,558,-835
2020-07-11,Demo FC 28,Lightweight,Cato Delacroix-Venn,Rune Oakhurst,Rune Oakhurst,SUB,2,2:23,5,0,26,62,1,3,0,0,101,29,60,1,3,1,1,86,572,-864
2020-07-11,Demo FC 28,Lightweight,Xander Thornbury,Hollis Dunmore,Xander Thornbury,KO/TKO,1,4:53,3,0,19,46,0,1,0,0,0,24,47,1,2,0,0,82,-181,149
2020-07-11,Demo FC 28,Welterweight,Ulric Underhill,Ulric Yarrow,Ulric Yarrow,S-DEC,3,5:00,3,0,13,50,3,4,2,0,275,96,151,1,3,0,1,54,828,-1492
2020-07-11,Demo FC 28,Welterweight,Brannoc Juniper,Hollis Zeller,Brannoc Juniper,KO/TKO,1,1:55,3,0,4,10,0,0,0,1,0,5,15,0,1,0,0,0,-165,137
2020-07-11,Demo FC 28,Middleweight,Anselm Northcott,Tamsin Greywind,Anselm Northcott,DEC,3,5:00,3,0,67,153,2,5,0,0,202,61,126,0,4,1,0,0,-112,-107
2020-07-11,Demo FC 28,Middleweight,Xander Emberly,Quill Thornbury,Quill Thornbury,SUB,2,1:27,3,0,31,68,2,2,0,0,161,36,63,1,1,1,0,65,1177,-2901
2020-07-11,Demo FC 28,Middleweight,Lazlo Quarry,Orrin Varga,Lazlo Quarry,DEC,3,5:00,3,0,102,200,4,5,1,2,190,58,145,4,5,2,0,415,143,-173
2020-07-11,Demo FC 28,Light Heavyweight,Rune Ambrose,Orrin Emberly,Rune Ambrose,DEC,3,5:00,3,0,70,157,0,3,0,2,0,78,157,8,10,0,1,720,133,-160
2020-07-11,Demo FC 28,Light Heavyweight,Bodhi Northcott,Hale Kettleby,Bodhi Northcott,DEC,3,5:00,3,0,144,241,3,6,0,0,233,48,102,1,3,0,0,57,-911,595
2020-08-08,Demo FC 29,Lightweight,Cyrus Ravensworth,Aren Coldwater,Cyrus Ravensworth,SUB,5,2:27,5,0,121,260,5,8,2,0,286,55,133,6,10,1,0,627,-401,309
2020-08-08,Demo FC 29,Lightweight,Ulric Emberly,Wren Harrowgate,Ulric Emberly,DEC,3,5:00,3,0,61,120,4,5,0,0,360,9,29,1,2,3,0,80,-2454,1088
2020-08-08,Demo FC 29,Lightweight,Emrys Crowhurst,Galen Stonebridge,Emrys Crowhurst,DEC,3,5:00,3,0,87,171,0,0,1,0,0,86,170,0,3,0,1,0,-164,136
2020-08-08,Demo FC 29,Welterweight,Orrin Stonebridge,Vale Ashgrove,Orrin Stonebridge,DEC,3,5:00,3,0,55,110,1,3,1,0,72,37,90,2,7,0,0,175,124,-149
2020-08-08,Demo FC 29,Welterweight,Fenn Marchbank,Bodhi Brightwater,Fenn Marchbank,DEC,3,5:00,3,0,93,141,2,6,1,0,189,27,88,0,0,1,0,0,-310,246
2020-08-08,Demo FC 29,Welterweight,Orrin Ambrose,Xander Oakhurst,Orrin Ambrose,DEC,3,5:00,3,0,110,205,1,3,0,0,45,40,86,7,9,2,0,571,235,-294
2020-08-08,Demo FC 29,Middleweight,Dov Brightwater,Vale Delacroix-Venn,Vale Delacroix-Venn,DEC,3,5:00,3,0,85,153,4,7,0,0,223,60,153,0,2,0,0,0,110,-132
2020-08-08,Demo FC 29,Middleweight,Orrin Ironwood,Marek Ironwood,Marek Ironwood,KO/TKO,3,1:42,3,0,28,71,0,0,0,0,0,50,114,0,4,0,1,0,143,-172
2020-08-08,Demo FC 29,Middleweight,Galen Greywind,Zeke Ambrose,Zeke Ambrose,KO/TKO,2,4:10,3,0,20,53,3,3,0,0,207,29,61,2,4,0,0,138,250,-315
2020-08-08,Demo FC 29,Light Heavyweight,Bodhi Ashgrove,Cato Ashgrove,Cato Ashgrove,KO/TKO,1,4:59,3,0,28,55,0,1,0,0,0,13,29,2,3,0,1,102,-152,127
2020-08-08,Demo FC 29,Light Heavyweight,Nilo Underhill,Lazlo Underhill,Lazlo Underhill,KO/TKO,1,3:54,3,0,13,34,0,2,0,0,0,11,26,1,1,0,0,83,585,-891
2020-08-08,Demo FC 29,Light Heavyweight,Nilo Thornbury,Dario Juniper,Dario Juniper,DEC,3,5:00,3,0,38,88,0,5,0,2,0,50,97,2,4,2,0,90,385,-521
2020-09-05,Demo FC 30,Lightweight,Jasper Ambrose,Idris Emberly,Jasper Ambrose,DEC,5,5:00,5,0,69,179,2,4,0,0,81,94,202,1,7,1,0,72,316,-412
2020-09-05,Demo FC 30,Lightweight,Gideon Stonebridge,Rune Dunmore,Rune Dunmore,KO/TKO,1,4:24,3,0,8,20,0,1,1,0,0,18,40,0,1,0,1,0,419,-578
2020-09-05,Demo FC 30,Lightweight,Hollis Harrowgate,Emrys Blackthorn,Hollis Harrowgate,KO/TKO,3,2:28,3,0,61,136,1,5,0,1,50,37,85,0,2,0,0,0,-552,404
2020-09-05,Demo FC 30,Welterweight,Anselm Juniper,Wren Northcott,Wren Northcott,DEC,3,5:00,3,0,22,56,2,5,2,1,110,66,163,6,8,0,1,405,443,-618
2020-09-05,Demo FC 30,Welterweight,Aren Ambrose,Galen Coldwater,Aren Ambrose,S-DEC,3,5:00,3,0,110,198,0,0,1,0,0,91,208,1,3,0,0,72,107,-128
2020-09-05,Demo FC 30,Welterweight,Anselm Quarry,Xander Ravensworth,Xander Ravensworth,DEC,3,5:00,3,0,52,157,6,6,1,0,317,95,164,0,0,1,1,0,-159,132
2020-09-05,Demo FC 30,Middleweight,Quill Dunmore,Brannoc Quarry,Brannoc Quarry,S-DEC,3,5:00,3,0,48,121,1,3,1,0,43,34,78,2,4,1,0,100,116,-139
2020-09-05,Demo FC 30,Middleweight,Jasper Quarry,Anselm Stonebridge,Anselm Stonebridge,KO/TKO,2,3:37,3,0,44,98,1,2,1,0,75,52,100,0,0,0,2,0,-119,-101
2020-09-05,Demo FC 30,Middleweight,Hollis Ashgrove,Dov Thornbury,Dov Thornbury,KO/TKO,3,3:53,3,0,23,56,2,2,0,0,210,41,94,6,8,1,0,344,416,-573
2020-09-05,Demo FC 30,Light Heavyweight,Yusuf Westbrook,Gideon Westbrook,Gideon Westbrook,DEC,3,5:00,3,0,108,221,1,3,0,0,56,64,129,2,3,0,0,201,109,-131
2020-09-05,Demo FC 30,Light Heavyweight,Xander Delacroix-Venn,Brannoc Ironwood,Xander Delacroix-Venn,DEC,3,5:00,3,0,43,99,0,4,1,1,0,69,137,2,4,2,1,94,320,-418
2020-09-05,Demo FC 30,Light Heavyweight,Evander Greywind,Quill Eastwick,Quill Eastwick,DEC,3,5:00,3,0,97,184,0,2,0,1,0,63,138,3,6,0,2,203,-153,127
2020-10-03,Demo FC 31,Lightweight,Yusuf Harrowgate,Faris Ravensworth,Yusuf Harrowgate,KO/TKO,5,4:28,5,0,130,249,9,10,2,1,696,74,177,4,5,1,2,180,-555,406
2020-10-03,Demo FC 31,Lightweight,Pax Zeller,Pax Greywind,Pax Greywind,SUB,2,0:57,3,0,15,34,0,0,0,0,0,25,63,3,3,1,1,233,1065,-2351
2020-10-03,Demo FC 31,Lightweight,Zeke Juniper,Dov Harrowgate,Dov Harrowgate,KO/TKO,1,3:39,3,0,13,36,2,2,0,0,83,12,32,0,1,0,0,0,147,-178
2020-10-03,Demo FC 31,Welterweight,Soren Oakhurst,Emrys Thornbury,Soren Oakhurst,DEC,3,5:00,3,0,53,132,1,4,1,2,98,27,64,0,3,0,0,0,-277,223
2020-10-03,Demo FC 31,Welterweight,Marek Zeller,Pax Ravensworth,Pax Ravensworth,SUB,2,2:08,3,0,20,55,0,2,0,0,0,43,78,1,1,1,0,67,-208,171
2020-10-03,Demo FC 31,Welterweight,Nilo Eastwick,Marek Westbrook,Marek Westbrook,KO/TKO,2,1:45,3,0,8,19,0,2,1,0,0,31,60,1,1,0,1,47,215,-267
2020-10-03,Demo FC 31,Middleweight,Faris Harrowgate,Wren Pellow,Faris Harrowgate,DEC,3,5:00,3,0,58,122,2,5,0,0,198,28,68,1,1,4,0,64,-219,179
2020-10-03,Demo FC 31,Middleweight,Evander Ravensworth,Evander Underhill,Evander Underhill,DEC,3,5:00,3,0,65,155,1,1,1,0,62,59,125,1,4,0,0,96,105,-126
2020-10-03,Demo FC 31,Middleweight,Orrin Quarry,Ulric Longmire,Orrin Quarry,SUB,1,4:08,3,0,7,19,0,2,1,1,0,28,48,0,1,0,1,0,258,-326
2020-10-03,Demo FC 31,Light Heavyweight,Xander Ironwood,Rune Blackthorn,Xander Ironwood,KO/TKO,1,3:54,3,0,18,34,0,0,0,1,0,8,24,0,1,0,0,0,-1098,678
2020-10-03,Demo FC 31,Light Heavyweight,Cyrus Yarrow,Orrin Coldwater,Orrin Coldwater,KO/TKO,1,1:30,3,0,7,15,0,0,0,0,0,7,16,0,1,0,1,0,-102,-117
2020-10-03,Demo FC 31,Light Heavyweight,Hollis Oakhurst,Vale Harrowgate,Hollis Oakhurst,DEC,3,5:00,3,0,42,112,3,5,1,0,263,59,115,0,2,0,0,0,-137,114
2020-10-24,Demo FC 32,Lightweight,Aren Pellow,Jory Westbrook,Jory Westbrook,SUB,2,4:25,5,0,14,40,1,1,1,0,94,67,134,0,1,1,0,0,-116,-103
2020-10-24,Demo FC 32,Lightweight,Vale Thornbury,Bodhi Kettleby,Bodhi Kettleby,S-DEC,3,5:00,3,0,80,154,0,2,0,1,0,57,123,9,10,0,0,415,187,-229
2020-10-24,Demo FC 32,Lightweight,Anselm Dunmore,Orrin Thornbury,Anselm Dunmore,S-DEC,3,5:00,3,0,31,71,1,3,0,1,44,20,42,1,3,2,2,65,-227,185
2020-10-24,Demo FC 32,Welterweight,Kestrel Eastwick,Pax Kettleby,Kestrel Eastwick,KO/TKO,2,4:55,3,0,39,82,5,6,0,0,264,34,82,1,3,0,0,63,-1531,841
2020-10-24,Demo FC 32,Welterweight,Lazlo Delacroix-Venn,Marek Thornbury,Marek Thornbury,DEC,3,5:00,3,0,27,77,6,6,0,0,501,50,102,3,7,1,0,299,195,-241
2020-10-24,Demo FC 32,Welterweight,Ulric Underhill,Yusuf Longmire,Ulric Underhill,SUB,1,4:51,3,0,14,29,0,1,1,0,0,12,29,1,2,0,0,74,219,-273
2020-10-24,Demo FC 32,Middleweight,Bodhi Thornbury,Xander Emberly,Xander Emberly,KO/TKO,1,3:53,3,0,4,12,2,2,0,0,125,19,32,0,1,0,1,0,512,-745
2020-10-24,Demo FC 32,Middleweight,Pax Marchbank,Anselm Northcott,Anselm Northcott,KO/TKO,1,0:12,3,0,0,0,0,0,0,0,0,1,3,0,0,0,1,0,1814,-3233
2020-10-24,Demo FC 32,Middleweight,Tamsin Greywind,Xander Greywind,Tamsin Greywind,KO/TKO,1,3:23,3,0,18,36,0,0,0,1,0,10,23,0,2,0,0,0,-1750,910
2020-10-24,Demo FC 32,Light Heavyweight,Ulric Ambrose,Hale Kettleby,Hale Kettleby,DEC,3,5:00,3,0,21,65,0,4,2,1,0,92,158,0,0,0,0,0,488,-699
2020-10-24,Demo FC 32,Light Heavyweight,Xander Crowhurst,Dario Quarry,Dario Quarry,KO/TKO,3,0:16,3,0,33,81,1,2,1,0,108,23,58,0,0,1,2,0,223,-278
2020-10-24,Demo FC 32,Light Heavyweight,Bodhi Northcott,Gideon Marchbank,Gideon Marchbank,DEC,3,5:00,3,0,59,146,1,3,0,0,91,90,203,1,4,0,1,70,-147,122
2020-11-14,Demo FC 33,Lightweight,Fenn Stonebridge,Cato Delacroix-Venn,Cato Delacroix-Venn,DEC,5,5:00,5,0,52,133,1,5,5,1,46,88,187,11,15,0,1,472,388,-525
2020-11-14,Demo FC 33,Lightweight,Dov Marchbank,Rune Oakhurst,Rune Oakhurst,KO/TKO,2,1:47,3,0,39,69,0,3,0,0,0,42,91,2,3,0,0,151,302,-391
2020-11-14,Demo FC 33,Lightweight,Quill Greywind,Dario Ambrose,Quill Greywind,S-DEC,3,5:00,3,0,80,157,1,3,1,1,45,69,142,5,5,2,0,216,134,-162
2020-11-14,Demo FC 33,Welterweight,Ulric Westbrook,Ulric Yarrow,Ulric Westbrook,KO/TKO,1,4:01,3,0,23,55,0,1,1,1,0,22,57,0,1,1,0,0,-347,272
2020-11-14,Demo FC 33,Welterweight,Hollis Pellow,Hollis Zeller,Hollis Zeller,KO/TKO,3,4:29,3,0,55,109,3,6,0,0,155,35,91,1,4,2,1,88,-222,181
2020-11-14,Demo FC 33,Welterweight,Brannoc Juniper,Jory Harrowgate,Jory Harrowgate,DEC,3,5:00,3,0,55,131,0,2,0,0,0,68,131,3,6,0,0,127,563,-845
2020-11-14,Demo FC 33,Middleweight,Vale Northcott,Pax Yarrow,Pax Yarrow,SUB,1,1:38,3,0,5,13,0,0,0,0,0,13,26,0,0,1,0,0,137,-165
2020-11-14,Demo FC 33,Middleweight,Orrin Varga,Kestrel Dunmore,Kestrel Dunmore,SUB,2,3:28,3,0,31,64,1,2,1,0,62,32,90,3,5,1,0,224,237,-297
2020-11-14,Demo FC 33,Middleweight,Dario Zeller,Lazlo Quarry,Dario Zeller,SUB,2,1:34,3,0,21,56,2,2,1,2,169,35,65,3,4,0,0,126,-209,172
2020-11-14,Demo FC 33,Light Heavyweight,Orrin Harrowgate,Orrin Emberly,Orrin Emberly,KO/TKO,1,4:03,3,0,10,22,1,2,1,0,60,14,35,3,3,0,1,194,140,-169
2020-11-14,Demo FC 33,Light Heavyweight,Evander Varga,Jasper Longmire,Jasper Longmire,KO/TKO,2,2:17,3,0,35,68,0,3,0,0,0,24,80,3,4,1,1,188,-109,-110
2020-11-14,Demo FC 33,Light Heavyweight,Bodhi Delacroix-Venn,Faris Dunmore,Faris Dunmore,DEC,3,5:00,3,0,26,86,0,4,1,1,0,110,194,4,6,1,1,242,622,-969
2020-12-05,Demo FC 34,Lightweight,Cyrus Ravensworth,Aren Coldwater,Cyrus Ravensworth,SUB,3,3:05,5,0,53,137,3,6,2,0,177,24,56,4,6,1,0,373,-476,358
2020-12-05,Demo FC 34,Lightweight,Wren Harrowgate,Hollis Dunmore,Hollis Dunmore,KO/TKO,2,2:21,3,0,11,38,0,1,1,1,0,34,68,1,1,0,1,47,617,-959
2020-12-05,Demo FC 34,Lightweight,Ulric Emberly,Nilo Zeller,Ulric Emberly,KO/TKO,2,1:42,3,0,37,73,0,1,0,0,0,34,72,0,2,0,1,0,238,-298
2020-12-05,Demo FC 34,Welterweight,Bodhi Brightwater,Vale Ashgrove,Bodhi Brightwater,KO/TKO,2,0:54,3,0,21,56,0,1,1,0,0,20,43,2,2,0,0,120,352,-467
2020-12-05,Demo FC 34,Welterweight,Marek Yarrow,Orrin Stonebridge,Marek Yarrow,DEC,3,5:00,3,0,54,131,0,0,2,2,0,53,134,2,3,1,0,145,-145,121
2020-12-05,Demo FC 34,Welterweight,Fenn Marchbank,Dario Eastwick,Dario Eastwick,SUB,1,3:03,3,0,14,26,1,1,0,0,55,5,17,1,1,1,0,48,101,-122
2020-12-05,Demo FC 34,Middleweight,Dov Brightwater,Orrin Ironwood,Dov Brightwater,KO/TKO,2,3:48,3,0,55,120,2,4,1,1,108,40,95,1,2,1,1,68,-157,130
2020-12-05,Demo FC 34,Middleweight,Emrys Brightwater,Vale Delacroix-Venn,Emrys Brightwater,KO/TKO,2,0:47,3,0,38,72,1,1,0,1,94,13,34,0,1,0,0,0,-200,164
2020-12-05,Demo FC 34,Middleweight,Zeke Ambrose,Orrin Fairholt,Zeke Ambrose,DEC,3,5:00,3,0,43,104,2,4,1,0,218,80,166,5,6,1,0,209,316,-412
2020-12-05,Demo FC 34,Light Heavyweight,Bodhi Ashgrove,Nilo Thornbury,Nilo Thornbury,KO/TKO,2,0:45,3,0,20,36,0,1,3,0,0,8,35,0,2,0,1,0,-284,227
2020-12-05,Demo FC 34,Light Heavyweight,Hollis Kettleby,Cato Ashgrove,Hollis Kettleby,DEC,3,5:00,3,0,63,137,2,3,1,0,104,12,39,4,8,0,0,394,-354,277
2020-12-05,Demo FC 34,Light Heavyweight,Zeke Kettleby,Rune Ambrose,Rune Ambrose,SUB,1,2:45,3,0,8,21,0,0,0,0,0,15,30,0,0,1,0,0,1363,-3233
2020-12-26,Demo FC 35,Lightweight,Idris Emberly,Jasper Ambrose,Idris Emberly,KO/TKO,1,4:34,5,0,27,54,0,1,0,0,0,12,37,1,2,0,0,99,-889,584
2020-12-26,Demo FC 35,Lightweight,Orrin Zeller,Galen Stonebridge,Orrin Zeller,KO/TKO,2,1:56,3,0,43,84,4,5,1,1,282,21,50,0,2,0,0,0,-2992,1193
2020-12-26,Demo FC 35,Lightweight,Hollis Harrowgate,Xander Thornbury,Xander Thornbury,S-DEC,3,5:00,3,0,56,108,6,8,0,0,407,26,57,1,4,2,0,50,-124,103
2020-12-26,Demo FC 35,Welterweight,Anselm Quarry,Orrin Ambrose,Anselm Quarry,DEC,3,5:00,3,0,57,159,3,6,1,2,149,95,190,1,3,3,0,91,-254,205
2020-12-26,Demo FC 35,Welterweight,Xander Oakhurst,Galen Coldwater,Xander Oakhurst,S-DEC,3,5:00,3,0,36,109,1,7,0,0,40,53,115,1,4,0,0,60,-345,271
2020-12-26,Demo FC 35,Welterweight,Aren Ambrose,Zeke Underhill,Zeke Underhill,KO/TKO,3,4:32,3,0,52,105,4,4,2,0,358,47,108,3,6,0,3,189,104,-125
2020-12-26,Demo FC 35,Middleweight,Brannoc Quarry,Quill Dunmore,Quill Dunmore,SUB,2,1:18,3,0,25,54,1,2,0,0,106,16,33,0,1,1,0,0,109,-131
2020-12-26,Demo FC 35,Middleweight,Hollis Ashgrove,Jasper Quarry,Hollis Ashgrove,DEC,3,5:00,3,0,37,114,0,2,3,0,0,109,176,0,1,0,0,0,295,-380
2020-12-26,Demo FC 35,Middleweight,Kestrel Yarrow,Dov Thornbury,Dov Thornbury,DEC,3,5:00,3,0,47,113,2,2,1,0,205,27,85,8,9,1,0,657,671,-1080
2020-12-26,Demo FC 35,Light Heavyweight,Yusuf Westbrook,Gideon Westbrook,Gideon Westbrook,KO/TKO,1,4:26,3,0,12,33,0,1,0,0,0,13,30,0,1,0,1,0,114,-137
2020-12-26,Demo FC 35,Light Heavyweight,Nilo Underhill,Brannoc Ironwood,Brannoc Ironwood,KO/TKO,1,1:15,3,0,5,12,0,0,0,0,0,4,13,0,0,0,1,0,961,-1932
2020-12-26,Demo FC 35,Light Heavyweight,Quill Eastwick,Evander Greywind,Evander Greywind,DEC,3,5:00,3,0,40,92,3,6,0,1,152,57,104,2,3,0,0,144,-120,100
2021-01-16,Demo FC 36,Lightweight,Faris Ravensworth,Zeke Juniper,Zeke Juniper,SUB,2,2:52,5,0,25,57,1,2,1,0,91,27,63,1,2,1,0,46,391,-531
2021-01-16,Demo FC 36,Lightweight,Yusuf Harrowgate,Emrys Ironwood,Yusuf Harrowgate,DEC,3,5:00,3,0,96,195,3,5,1,1,132,55,137,1,3,2,0,90,-392,303
2021-01-16,Demo FC 36,Lightweight,Pax Zeller,Pax Ambrose,Pax Ambrose,S-DEC,3,5:00,3,0,51,108,0,1,1,0,0,49,140,0,0,0,0,0,151,-183
2021-01-16,Demo FC 36,Welterweight,Emrys Thornbury,Soren Oakhurst,Emrys Thornbury,DEC,3,5:00,3,0,41,80,0,2,1,0,0,76,153,0,0,0,0,0,200,-247
2021-01-16,Demo FC 36,Welterweight,Evander Marchbank,Marek Zeller,Marek Zeller,SUB,2,2:46,3,0,32,55,1,2,1,0,101,13,37,1,3,1,1,53,-131,109
2021-01-16,Demo FC 36,Welterweight,Wren Northcott,Xander Ravensworth,Xander Ravensworth,SUB,2,2:22,3,0,29,84,2,4,0,0,130,37,79,0,2,1,0,0,160,-194
2021-01-16,Demo FC 36,Middleweight,Evander Underhill,Wren Pellow,Evander Underhill,S-DEC,3,5:00,3,0,59,117,2,3,0,0,209,0,0,1,1,3,0,58,-1645,878
2021-01-16,Demo FC 36,Middleweight,Evander Ravensworth,Ulric Longmire,Ulric Longmire,KO/TKO,2,0:39,3,0,23,58,0,0,0,0,0,33,61,1,1,0,1,107,905,-1735
2021-01-16,Demo FC 36,Middleweight,Faris Harrowgate,Orrin Quarry,Orrin Quarry,DEC,3,5:00,3,0,33,71,2,4,0,0,195,62,115,4,4,0,1,217,863,-1600
2021-01-16,Demo FC 36,Light Heavyweight,Rune Blackthorn,Cyrus Yarrow,Cyrus Yarrow,KO/TKO,3,0:41,3,0,14,47,2,2,0,0,135,64,103,0,3,1,1,0,1814,-3233
2021-01-16,Demo FC 36,Light Heavyweight,Wren Oakhurst,Cato Eastwick,Wren Oakhurst,DEC,3,5:00,3,0,66,136,8,10,2,0,720,64,139,0,5,0,0,0,-915,597
2021-01-16,Demo FC 36,Light Heavyweight,Xander Ironwood,Hollis Oakhurst,Hollis Oakhurst,KO/TKO,1,3:24,3,0,11,25,1,1,0,0,64,18,44,1,1,0,0,47,179,-219
2021-02-13,Demo FC 37,Lightweight,Vale Thornbury,Orrin Thornbury,Vale Thornbury,DEC,5,5:00,5,0,166,295,2,6,1,2,142,66,184,2,10,1,1,125,-3233,1697
2021-02-13,Demo FC 37,Lightweight,Bodhi Kettleby,Jory Westbrook,Jory Westbrook,SUB,1,1:20,3,0,4,9,1,1,0,0,64,5,12,0,0,1,0,0,-720,499
2021-02-13,Demo FC 37,Lightweight,Aren Pellow,Marek Crowhurst,Marek Crowhurst,DEC,3,5:00,3,0,40,110,4,4,0,0,256,84,157,2,7,0,1,214,1814,-3233
2021-02-13,Demo FC 37,Welterweight,Lazlo Delacroix-Venn,Ulric Underhill,Lazlo Delacroix-Venn,SUB,2,4:06,3,0,9,29,2,3,1,0,87,8,21,0,1,1,0,0,-131,109
2021-02-13,Demo FC 37,Welterweight,Yusuf Longmire,Kestrel Eastwick,Kestrel Eastwick,DEC,3,5:00,3,0,34,74,1,4,1,0,82,51,111,6,10,1,1,456,318,-415
2021-02-13,Demo FC 37,Welterweight,Cyrus Harrowgate,Marek Thornbury,Marek Thornbury,KO/TKO,3,1:56,3,0,88,151,5,5,1,0,285,9,29,4,5,0,1,342,-3233,1814
2021-02-13,Demo FC 37,Middleweight,Bodhi Thornbury,Xander Emberly,Xander Emberly,DEC,3,5:00,3,0,21,73,7,8,4,0,364,40,85,4,6,1,1,210,446,-623
2021-02-13,Demo FC 37,Middleweight,Soren Underhill,Xander Greywind,Soren Underhill,S-DEC,3,5:00,3,0,74,191,2,4,1,0,183,19,53,1,5,0,0,89,-690,483
2021-02-13,Demo FC 37,Middleweight,Marek Ironwood,Anselm Northcott,Anselm Northcott,KO/TKO,3,2:22,3,0,36,112,1,2,1,0,71,68,124,2,4,0,1,202,287,-369
2021-02-13,Demo FC 37,Light Heavyweight,Ulric Ambrose,Vale Harrowgate,Vale Harrowgate,S-DEC,3,5:00,3,0,25,95,0,2,1,0,0,106,179,1,2,0,0,73,692,-1130
2021-02-13,Demo FC 37,Light Heavyweight,Soren Ironwood,Cyrus Coldwater,Soren Ironwood,DEC,3,5:00,3,0,75,123,1,4,0,0,94,43,125,3,5,1,0,242,-164,136
2021-02-13,Demo FC 37,Light Heavyweight,Dario Quarry,Dario Juniper,Dario Juniper,DEC,3,5:00,3,0,25,65,0,5,1,1,0,59,122,1,4,2,0,83,283,-363
2021-02-27,Demo FC 38,Lightweight,Fenn Stonebridge,Dario Ambrose,Dario Ambrose,KO/TKO,3,3:39,5,0,57,130,2,2,0,0,100,46,100,3,4,0,1,313,641,-1012
2021-02-27,Demo FC 38,Lightweight,Ivo Ashgrove,Emrys Crowhurst,Emrys Crowhurst,DEC,3,5:00,3,0,37,111,5,6,0,0,504,55,107,0,4,3,0,0,251,-317
2021-02-27,Demo FC 38,Lightweight,Dov Marchbank,Cato Delacroix-Venn,Cato Delacroix-Venn,KO/TKO,1,2:34,3,0,19,34,0,1,0,0,0,9,25,1,1,0,1,59,-182,150
2021-02-27,Demo FC 38,Welterweight,Hollis Pellow,Jory Harrowgate,Hollis Pellow,DEC,3,5:00,3,0,43,96,3,5,0,0,274,82,147,0,7,1,0,0,143,-173
2021-02-27,Demo FC 38,Welterweight,Ulric Yarrow,Hollis Zeller,Ulric Yarrow,DEC,3,5:00,3,0,72,128,1,2,1,0,43,35,106,2,5,1,0,117,-266,214
2021-02-27,Demo FC 38,Welterweight,Ulric Westbrook,Marek Westbrook,Marek Westbrook,KO/TKO,1,3:04,3,0,10,25,1,1,0,0,63,11,30,1,1,1,0,72,-134,111
2021-02-27,Demo FC 38,Middleweight,Orrin Varga,Vale Northcott,Orrin Varga,SUB,2,4:07,3,0,61,111,1,2,2,0,81,38,88,0,2,0,1,0,-225,183
2021-02-27,Demo FC 38,Middleweight,Soren Thornbury,Lazlo Quarry,Soren Thornbury,KO/TKO,1,4:58,3,0,16,39,2,3,0,0,84,13,36,1,2,0,0,68,-584,423
2021-02-27,Demo FC 38,Middleweight,Anselm Stonebridge,Pax Yarrow,Anselm Stonebridge,SUB,2,4:44,3,0,48,87,0,2,1,1,0,36,94,1,1,1,0,95,-590,427
2021-02-27,Demo FC 38,Light Heavyweight,Bodhi Delacroix-Venn,Orrin Harrowgate,Orrin Harrowgate,KO/TKO,2,4:01,3,0,46,101,1,2,2,0,108,42,82,1,4,1,1,72,615,-953
2021-02-27,Demo FC 38,Light Heavyweight,Evander Varga,Ulric Crowhurst,Ulric Crowhurst,KO/TKO,1,0:27,3,0,1,3,0,0,0,0,0,2,5,0,0,0,0,0,154,-187
2021-02-27,Demo FC 38,Light Heavyweight,Lazlo Underhill,Hale Kettleby,Lazlo Underhill,KO/TKO,2,3:34,3,0,35,92,0,3,1,1,0,28,67,0,2,0,0,0,-786,533
2021-03-20,Demo FC 39,Lightweight,Wren Harrowgate,Anselm Dunmore,Anselm Dunmore,KO/TKO,1,2:19,5,0,1,4,0,0,0,0,0,6,11,0,0,0,0,0,147,-177
2021-03-20,Demo FC 39,Lightweight,Aren Coldwater,Marek Eastwick,Aren Coldwater,DEC,3,5:00,3,0,68,130,3,7,0,0,165,46,106,1,1,0,0,65,-1416,801
2021-03-20,Demo FC 39,Lightweight,Cyrus Ravensworth,Dov Harrowgate,Cyrus Ravensworth,SUB,1,2:23,3,0,10,21,1,1,1,0,42,12,28,0,1,0,0,0,-118,-101
2021-03-20,Demo FC 39,Welterweight,Vale Ashgrove,Bodhi Brightwater,Vale Ashgrove,DEC,3,5:00,3,0,69,156,3,6,2,0,195,58,137,0,0,0,1,0,-188,155
2021-03-20,Demo FC 39,Welterweight,Orrin Stonebridge,Fenn Marchbank,Orrin Stonebridge,DEC,3,5:00,3,0,65,147,3,4,0,0,173,83,148,2,7,0,1,189,252,-319
2021-03-20,Demo FC 39,Welterweight,Dario Eastwick,Galen Ashgrove,Dario Eastwick,KO/TKO,2,4:32,3,0,13,45,4,5,0,0,185,55,100,0,1,1,0,0,-137,114
2021-03-20,Demo FC 39,Middleweight,Vale Delacroix-Venn,Dov Brightwater,Dov Brightwater,KO/TKO,1,4:21,3,0,14,29,0,1,0,0,0,23,43,1,2,0,1,101,130,-157
2021-03-20,Demo FC 39,Middleweight,Emrys Brightwater,Tamsin Greywind,Emrys Brightwater,DEC,3,5:00,3,0,86,163,0,2,0,0,0,54,133,0,0,0,1,0,120,-144
2021-03-20,Demo FC 39,Middleweight,Galen Thornbury,Orrin Fairholt,Galen Thornbury,KO/TKO,1,3:11,3,0,7,18,0,1,0,1,0,11,30,2,2,0,0,151,-140,117
2021-03-20,Demo FC 39,Light Heavyweight,Cato Ashgrove,Nilo Thornbury,Cato Ashgrove,DEC,3,5:00,3,0,43,83,4,6,0,0,386,35,82,1,1,0,1,57,-183,151
2021-03-20,Demo FC 39,Light Heavyweight,Orrin Coldwater,Hale Oakhurst,Hale Oakhurst,DEC,3,5:00,3,0,68,138,4,6,0,2,410,51,118,2,4,5,0,92,-731,505
2021-03-20,Demo FC 39,Light Heavyweight,Jasper Longmire,Zeke Kettleby,Jasper Longmire,SUB,2,3:51,3,0,31,76,5,6,1,0,424,27,63,0,2,0,0,0,-310,246
2021-04-03,Demo FC 40,Lightweight,Nilo Zeller,Zeke Thornbury,Nilo Zeller,KO/TKO,2,4:39,5,0,64,152,1,2,0,1,103,42,95,0,5,0,0,0,112,-134
2021-04-03,Demo FC 40,Lightweight,Lazlo Yarrow,Hollis Dunmore,Hollis Dunmore,S-DEC,3,5:00,3,0,51,99,2,6,1,0,202,35,99,1,4,0,0,83,125,-150
2021-04-03,Demo FC 40,Lightweight,Ulric Emberly,Rune Oakhurst,Ulric Emberly,DEC,3,5:00,3,0,42,127,1,3,0,0,75,120,204,3,6,0,1,144,1090,-2463
2021-04-03,Demo FC 40,Welterweight,Pax Ravensworth,Brannoc Juniper,Brannoc Juniper,DEC,3,5:00,3,0,50,121,1,3,0,1,48,43,111,0,0,0,2,0,119,-143
2021-04-03,Demo FC 40,Welterweight,Yusuf Ironwood,Faris Marchbank,Yusuf Ironwood,S-DEC,3,5:00,3,0,114,211,0,2,1,0,0,31,89,0,2,2,0,0,-124,104
2021-04-03,Demo FC 40,Welterweight,Marek Yarrow,Soren Juniper,Soren Juniper,DEC,3,5:00,3,0,59,147,0,3,0,2,0,81,148,2,2,2,0,184,477,-679
2021-04-03,Demo FC 40,Middleweight,Tamsin Westbrook,Kestrel Dunmore,Kestrel Dunmore,SUB,3,4:38,3,0,21,68,0,2,0,0,0,52,110,6,7,3,0,374,1814,-3233
2021-04-03,Demo FC 40,Middleweight,Zeke Ambrose,Quill Thornbury,Quill Thornbury,KO/TKO,2,1:45,3,0,15,50,3,3,1,0,164,40,73,0,1,0,1,0,743,-1257
2021-04-03,Demo FC 40,Middleweight,Marek Quarry,Orrin Dunmore,Orrin Dunmore,KO/TKO,1,3:41,3,0,6,18,0,0,0,1,0,17,35,0,1,0,0,0,456,-642
2021-04-03,Demo FC 40,Light Heavyweight,Hollis Kettleby,Galen Longmire,Galen Longmire,S-DEC,3,5:00,3,0,40,100,0,1,1,0,0,71,144,4,10,0,0,179,496,-714
2021-04-03,Demo FC 40,Light Heavyweight,Orrin Emberly,Gideon Marchbank,Gideon Marchbank,S-DEC,3,5:00,3,0,58,125,8,12,0,1,459,37,71,1,5,0,0,69,-214,175
2021-04-03,Demo FC 40,Light Heavyweight,Faris Dunmore,Bodhi Northcott,Bodhi Northcott,SUB,1,4:55,3,0,29,58,0,0,1,0,0,29,61,1,2,1,0,107,-401,309
2021-05-01,Demo FC 41,Lightweight,Jasper Ambrose,Idris Emberly,Idris Emberly,DEC,5,5:00,5,0,41,135,2,8,1,0,188,160,282,1,4,0,0,100,245,-308
2021-05-01,Demo FC 41,Lightweight,Emrys Ironwood,Yusuf Harrowgate,Yusuf Harrowgate,DEC,3,5:00,3,0,86,163,1,1,1,0,60,66,149,3,5,1,0,244,391,-530
2021-05-01,Demo FC 41,Lightweight,Faris Ravensworth,Zeke Juniper,Faris Ravensworth,DEC,3,5:00,3,0,36,102,1,4,0,0,58,85,150,6,7,0,0,494,241,-303
2021-05-01,Demo FC 41,Welterweight,Emrys Thornbury,Galen Coldwater,Emrys Thornbury,SUB,1,0:56,3,0,2,6,0,0,1,0,0,3,7,0,0,0,0,0,151,-183
2021-05-01,Demo FC 41,Welterweight,Soren Oakhurst,Wren Northcott,Wren Northcott,DEC,3,5:00,3,0,33,80,1,3,0,1,73,49,105,1,6,0,1,40,462,-652
2021-05-01,Demo FC 41,Welterweight,Evander Marchbank,Orrin Ambrose,Orrin Ambrose,DEC,3,5:00,3,0,47,100,0,1,0,1,0,127,261,1,1,0,0,57,172,-210
2021-05-01,Demo FC 41,Middleweight,Wren Pellow,Brannoc Quarry,Wren Pellow,KO/TKO,2,0:10,3,0,0,0,0,1,0,1,0,21,46,2,2,1,0,126,552,-822
2021-05-01,Demo FC 41,Middleweight,Evander Ravensworth,Faris Harrowgate,Evander Ravensworth,S-DEC,3,5:00,3,0,43,134,1,3,0,0,52,38,119,0,1,0,1,0,-140,117
2021-05-01,Demo FC 41,Middleweight,Dov Thornbury,Jasper Quarry,Jasper Quarry,DEC,3,5:00,3,0,31,82,2,9,0,0,112,92,150,2,3,0,0,201,149,-180
2021-05-01,Demo FC 41,Light Heavyweight,Cato Eastwick,Gideon Westbrook,Cato Eastwick,KO/TKO,2,2:09,3,0,24,52,0,1,1,0,0,25,51,0,0,0,1,0,-608,437
2021-05-01,Demo FC 41,Light Heavyweight,Wren Oakhurst,Quill Eastwick,Wren Oakhurst,SUB,2,1:50,3,0,34,61,2,4,1,0,151,14,39,2,2,0,1,187,-781,531
2021-05-01,Demo FC 41,Light Heavyweight,Cyrus Yarrow,Rune Ambrose,Rune Ambrose,SUB,1,0:54,3,0,3,8,0,0,0,0,0,6,12,0,0,1,0,0,130,-157
2021-05-15,Demo FC 42,Lightweight,Orrin Zeller,Rune Dunmore,Orrin Zeller,KO/TKO,1,4:51,5,0,32,56,0,3,0,0,0,10,31,2,2,0,0,191,-860,570
2021-05-15,Demo FC 42,Lightweight,Anselm Eastwick,Hollis Harrowgate,Anselm Eastwick,SUB,1,2:41,3,0,11,24,1,1,1,0,83,6,16,1,1,0,0,45,-136,113
2021-05-15,Demo FC 42,Lightweight,Pax Ambrose,Quill Greywind,Pax Ambrose,DEC,3,5:00,3,0,24,57,0,5,0,0,0,113,215,1,2,0,2,66,180,-221
2021-05-15,Demo FC 42,Welterweight,Aren Ambrose,Gideon Harrowgate,Gideon Harrowgate,DEC,3,5:00,3,0,40,88,0,0,0,1,0,58,107,3,5,3,1,292,616,-957
2021-05-15,Demo FC 42,Welterweight,Anselm Quarry,Zeke Underhill,Anselm Quarry,DEC,3,5:00,3,0,43,103,4,7,2,0,219,28,59,1,5,1,0,92,-1554,848
2021-05-15,Demo FC 42,Welterweight,Xander Oakhurst,Marek Zeller,Xander Oakhurst,SUB,1,3:53,3,0,22,39,2,2,1,0,186,5,15,1,1,0,0,99,-744,512
2021-05-15,Demo FC 42,Middleweight,Quill Dunmore,Ulric Longmire,Ulric Longmire,KO/TKO,1,1:09,3,0,2,8,0,0,0,0,0,10,16,0,0,0,0,0,623,-972
2021-05-15,Demo FC 42,Middleweight,Kestrel Yarrow,Hollis Ashgrove,Kestrel Yarrow,SUB,1,1:01,3,0,4,8,0,0,1,0,0,3,7,0,0,0,0,0,158,-192
2021-05-15,Demo FC 42,Middleweight,Orrin Quarry,Evander Underhill,Orrin Quarry,DEC,3,5:00,3,0,85,158,3,7,0,1,257,73,164,2,3,1,0,125,-379,294
2021-05-15,Demo FC 42,Light Heavyweight,Evander Greywind,Hollis Oakhurst,Hollis Oakhurst,KO/TKO,1,4:12,3,0,15,34,0,0,1,0,0,14,35,2,2,0,1,135,-123,103
2021-05-15,Demo FC 42,Light Heavyweight,Yusuf Varga,Brannoc Ironwood,Brannoc Ironwood,KO/TKO,1,1:35,3,0,8,17,1,1,0,0,54,8,17,0,0,0,1,0,146,-177
2021-05-15,Demo FC 42,Light Heavyweight,Xander Delacroix-Venn,Jasper Blackthorn,Jasper Blackthorn,DEC,3,5:00,3,0,74,152,2,7,0,1,102,52,122,0,2,0,1,0,-136,114
2021-05-29,Demo FC 43,Lightweight,Aren Pellow,Vale Thornbury,Vale Thornbury,KO/TKO,3,2:04,5,0,49,92,2,5,0,0,132,69,114,0,3,0,1,0,1174,-2887
2021-05-29,Demo FC 43,Lightweight,Bodhi Kettleby,Marek Crowhurst,Marek Crowhurst,SUB,2,4:05,3,0,19,54,5,6,0,0,374,38,66,2,5,1,1,145,312,-406
2021-05-29,Demo FC 43,Lightweight,Xander Thornbury,Pax Greywind,Pax Greywind,SUB,1,4:34,3,0,13,35,1,2,3,0,66,25,54,1,2,1,0,41,363,-485
2021-05-29,Demo FC 43,Welterweight,Yusuf Longmire,Lazlo Delacroix-Venn,Yusuf Longmire,SUB,1,0:35,3,0,0,1,0,0,1,0,0,0,3,0,0,0,0,0,-313,248
2021-05-29,Demo FC 43,Welterweight,Ulric Underhill,Marek Thornbury,Ulric Underhill,SUB,1,3:45,3,0,6,21,1,1,1,0,87,12,23,1,2,0,0,89,-100,-119
2021-05-29,Demo FC 43,Welterweight,Kestrel Eastwick,Cyrus Harrowgate,Cyrus Harrowgate,SUB,3,4:24,3,0,26,113,11,12,0,0,518,79,117,2,6,1,0,202,416,-572
2021-05-29,Demo FC 43,Middleweight,Xander Greywind,Xander Emberly,Xander Greywind,SUB,1,1:30,3,0,3,8,1,1,1,0,72,5,12,0,0,0,0,0,119,-144
2021-05-29,Demo FC 43,Middleweight,Bodhi Thornbury,Soren Underhill,Soren Underhill,SUB,1,3:34,3,0,0,1,2,2,0,0,116,15,27,0,0,1,0,0,1036,-2226
2021-05-29,Demo FC 43,Middleweight,Marek Ironwood,Anselm Northcott,Anselm Northcott,DEC,3,5:00,3,0,41,99,0,3,0,0,0,72,122,3,4,0,0,120,1053,-2298
2021-05-29,Demo FC 43,Light Heavyweight,Ulric Ambrose,Dario Quarry,Ulric Ambrose,DEC,3,5:00,3,0,29,77,0,4,1,0,0,43,114,1,3,0,1,46,146,-177
2021-05-29,Demo FC 43,Light Heavyweight,Cyrus Coldwater,Vale Harrowgate,Vale Harrowgate,KO/TKO,1,4:12,3,0,6,33,0,2,0,0,0,18,39,0,1,1,1,0,423,-585
2021-05-29,Demo FC 43,Light Heavyweight,Soren Ironwood,Dario Juniper,Dario Juniper,KO/TKO,3,4:29,3,0,64,133,1,4,1,0,86,41,92,1,5,0,0,70,-188,155
2021-06-12,Demo FC 44,Lightweight,Ivo Ashgrove,Fenn Stonebridge,Fenn Stonebridge,DEC,5,5:00,5,0,67,176,8,10,0,2,820,46,92,1,3,3,0,87,-155,128
2021-06-12,Demo FC 44,Lightweight,Jory Westbrook,Cato Delacroix-Venn,Cato Delacroix-Venn,DEC,3,5:00,3,0,35,79,1,1,0,0,62,64,129,4,8,2,2,195,1038,-2232
2021-06-12,Demo FC 44,Lightweight,Dario Ambrose,Emrys Crowhurst,Dario Ambrose,KO/TKO,2,2:21,3,0,29,76,0,2,2,1,0,26,63,0,0,1,0,0,-186,153
2021-06-12,Demo FC 44,Welterweight,Ulric Westbrook,Hollis Pellow,Ulric Westbrook,S-DEC,3,5:00,3,0,68,155,1,3,1,1,85,89,181,3,5,0,0,244,-302,240
2021-06-12,Demo FC 44,Welterweight,Hollis Zeller,Jory Harrowgate,Jory Harrowgate,DEC,3,5:00,3,0,33,93,3,5,2,0,169,74,123,2,2,1,0,161,120,-144
2021-06-12,Demo FC 44,Welterweight,Ulric Yarrow,Marek Westbrook,Ulric Yarrow,SUB,2,3:21,3,0,51,101,1,1,1,0,44,34,97,2,3,0,0,180,132,-159
2021-06-12,Demo FC 44,Middleweight,Vale Northcott,Orrin Varga,Orrin Varga,KO/TKO,3,1:27,3,0,40,93,0,0,0,0,0,79,133,0,3,0,1,0,194,-239
2021-06-12,Demo FC 44,Middleweight,Pax Yarrow,Lazlo Quarry,Lazlo Quarry,S-DEC,3,5:00,3,0,69,149,1,3,1,0,60,82,164,0,3,0,0,0,-101,-118
2021-06-12,Demo FC 44,Middleweight,Soren Thornbury,Anselm Stonebridge,Soren Thornbury,DEC,3,5:00,3,0,48,149,7,9,0,0,716,68,118,1,4,2,0,66,-110,-109
2021-06-12,Demo FC 44,Light Heavyweight,Bodhi Delacroix-Venn,Ulric Crowhurst,Bodhi Delacroix-Venn,KO/TKO,2,0:24,3,0,14,32,0,1,1,0,0,29,58,1,2,0,0,81,388,-526
2021-06-12,Demo FC 44,Light Heavyweight,Hale Kettleby,Lazlo Underhill,Lazlo Underhill,KO/TKO,3,2:20,3,0,52,95,2,2,0,0,139,35,99,3,5,1,1,275,302,-390
2021-06-12,Demo FC 44,Light Heavyweight,Orrin Harrowgate,Ivo Kettleby,Ivo Kettleby,S-DEC,3,5:00,3,0,60,178,2,5,1,0,141,68,142,1,3,1,1,107,131,-158
2021-07-17,Demo FC 46,Lightweight,Marek Eastwick,Aren Coldwater,Aren Coldwater,SUB,3,1:35,5,0,34,94,1,2,0,0,44,49,102,0,4,1,0,0,604,-930
2021-07-17,Demo FC 46,Lightweight,Anselm Dunmore,Rune Oakhurst,Rune Oakhurst,KO/TKO,1,3:01,3,0,5,16,0,1,0,0,0,22,39,1,1,0,0,82,1814,-3233
2021-07-17,Demo FC 46,Lightweight,Nilo Zeller,Dov Harrowgate,Nilo Zeller,DEC,3,5:00,3,0,98,192,0,1,0,0,0,58,151,1,2,1,0,91,-265,213
2021-07-17,Demo FC 46,Welterweight,Pax Ravensworth,Fenn Marchbank,Fenn Marchbank,DEC,3,5:00,3,0,37,130,2,6,0,0,107,45,99,4,5,0,0,353,229,-286
2021-07-17,Demo FC 46,Welterweight,Vale Ashgrove,Bodhi Brightwater,Bodhi Brightwater,S-DEC,3,5:00,3,0,59,125,4,5,0,0,425,64,158,1,4,0,0,53,-199,164
2021-07-17,Demo FC 46,Welterweight,Galen Ashgrove,Orrin Stonebridge,Galen Ashgrove,DEC,3,5:00,3,0,61,134,1,2,1,0,91,65,146,0,0,0,0,0,-181,149
2021-07-17,Demo FC 46,Middleweight,Tamsin Westbrook,Tamsin Greywind,Tamsin Greywind,KO/TKO,1,3:46,3,0,3,14,0,1,0,0,0,34,50,0,1,0,1,0,1229,-3209
2021-07-17,Demo FC 46,Middleweight,Zeke Ambrose,Dov Brightwater,Zeke Ambrose,S-DEC,3,5:00,3,0,39,118,1,6,0,0,103,62,128,6,8,0,3,411,214,-266
2021-07-17,Demo FC 46,Middleweight,Orrin Fairholt,Galen Thornbury,Galen Thornbury,DEC,3,5:00,3,0,66,130,4,9,0,1,377,50,107,4,6,0,1,389,118,-142
2021-07-17,Demo FC 46,Light Heavyweight,Zeke Kettleby,Hollis Kettleby,Hollis Kettleby,DEC,3,5:00,3,0,81,170,0,1,0,0,0,60,144,0,2,1,0,0,190,-234
2021-07-17,Demo FC 46,Light Heavyweight,Nilo Thornbury,Jory Dunmore,Jory Dunmore,KO/TKO,2,1:18,3,0,10,36,0,0,1,1,0,40,71,2,3,0,1,134,442,-617
2021-07-17,Demo FC 46,Light Heavyweight,Orrin Coldwater,Hale Oakhurst,Orrin Coldwater,KO/TKO,3,1:08,3,0,37,81,3,4,0,1,235,37,96,2,3,0,0,174,-222,181
2021-07-31,Demo FC 47,Lightweight,Zeke Thornbury,Lazlo Yarrow,Lazlo Yarrow,DEC,5,5:00,5,0,100,254,2,7,3,1,179,107,248,1,2,1,1,47,-137,114
2021-07-31,Demo FC 47,Lightweight,Cyrus Ravensworth,Ulric Emberly,Cyrus Ravensworth,DEC,3,5:00,3,0,77,165,2,7,2,0,104,61,152,3,6,0,0,324,-201,165
2021-07-31,Demo FC 47,Lightweight,Hollis Dunmore,Yusuf Zeller,Hollis Dunmore,SUB,2,1:47,3,0,25,53,0,0,1,0,0,30,65,1,3,0,0,83,232,-290
2021-07-31,Demo FC 47,Welterweight,Faris Marchbank,Dario Eastwick,Faris Marchbank,DEC,3,5:00,3,0,87,147,0,2,1,1,0,32,95,3,7,1,1,213,-388,300
2021-07-31,Demo FC 47,Welterweight,Brannoc Juniper,Marek Yarrow,Brannoc Juniper,S-DEC,3,5:00,3,0,61,136,4,5,0,0,220,65,147,0,2,1,1,0,126,-152
2021-07-31,Demo FC 47,Welterweight,Soren Juniper,Yusuf Ironwood,Soren Juniper,KO/TKO,2,1:52,3,0,35,80,1,2,0,1,89,44,91,0,2,0,0,0,326,-427
2021-07-31,Demo FC 47,Middleweight,Emrys Brightwater,Quill Thornbury,Quill Thornbury,S-DEC,3,5:00,3,0,99,200,0,5,1,0,0,69,134,0,0,0,0,0,548,-815
2021-07-31,Demo FC 47,Middleweight,Kestrel Dunmore,Marek Quarry,Marek Quarry,DEC,3,5:00,3,0,57,132,1,9,3,0,47,57,145,0,3,0,0,0,-284,227
2021-07-31,Demo FC 47,Middleweight,Dario Zeller,Orrin Dunmore,Orrin Dunmore,SUB,2,0:46,3,0,7,19,2,3,1,1,119,27,50,0,2,1,0,0,319,-417
2021-07-31,Demo FC 47,Light Heavyweight,Cato Ashgrove,Orrin Emberly,Orrin Emberly,S-DEC,3,5:00,3,0,31,67,3,7,0,0,309,41,75,9,11,0,0,373,1505,-3233
2021-07-31,Demo FC 47,Light Heavyweight,Bodhi Northcott,Faris Dunmore,Faris Dunmore,DEC,3,5:00,3,0,97,191,0,5,0,1,0,74,182,1,4,0,2,64,184,-226
2021-07-31,Demo FC 47,Light Heavyweight,Gideon Marchbank,Jasper Longmire,Gideon Marchbank,KO/TKO,1,0:16,3,0,1,2,0,0,0,1,0,0,2,0,0,0,0,0,-144,120
2021-08-21,Demo FC 48,Lightweight,Faris Ravensworth,Zeke Juniper,Faris Ravensworth,DEC,5,5:00,5,0,90,180,1,8,1,0,77,107,253,4,5,3,1,330,273,-348
2021-08-21,Demo FC 48,Lightweight,Emrys Ironwood,Jasper Ambrose,Emrys Ironwood,SUB,2,2:48,3,0,43,74,0,1,1,0,0,19,50,1,2,1,0,86,-982,628
2021-08-21,Demo FC 48,Lightweight,Idris Emberly,Yusuf Harrowgate,Yusuf Harrowgate,KO/TKO,2,3:27,3,0,28,65,1,1,0,0,81,46,102,2,2,0,0,211,265,-337
2021-08-21,Demo FC 48,Welterweight,Soren Oakhurst,Wren Northcott,Wren Northcott,KO/TKO,3,0:37,3,0,45,98,2,2,0,0,90,45,116,2,4,0,1,126,382,-515
2021-08-21,Demo FC 48,Welterweight,Orrin Ambrose,Emrys Thornbury,Emrys Thornbury,KO/TKO,2,3:56,3,0,48,96,1,3,0,0,103,25,70,0,2,0,1,0,-783,532
2021-08-21,Demo FC 48,Welterweight,Evander Marchbank,Xander Ravensworth,Evander Marchbank,S-DEC,3,5:00,3,0,61,153,0,1,0,0,0,90,162,0,2,1,0,0,430,-596
2021-08-21,Demo FC 48,Middleweight,Wren Pellow,Brannoc Quarry,Brannoc Quarry,DEC,3,5:00,3,0,14,33,3,4,2,0,273,55,128,2,4,2,0,132,388,-525
2021-08-21,Demo FC 48,Middleweight,Faris Harrowgate,Dov Thornbury,Dov Thornbury,SUB,2,2:44,3,0,14,36,0,1,0,0,0,14,36,4,5,1,0,371,1814,-3233
2021-08-21,Demo FC 48,Middleweight,Jasper Quarry,Evander Ravensworth,Jasper Quarry,DEC,3,5:00,3,0,69,152,0,2,0,0,0,37,95,1,2,0,0,91,-536,395
2021-08-21,Demo FC 48,Light Heavyweight,Cyrus Yarrow,Cato Eastwick,Cyrus Yarrow,KO/TKO,2,4:16,3,0,42,92,2,3,0,1,194,40,85,1,2,1,0,50,-303,241
2021-08-21,Demo FC 48,Light Heavyweight,Gideon Westbrook,Quill Eastwick,Gideon Westbrook,KO/TKO,1,2:05,3,0,6,15,0,0,0,1,0,7,17,1,1,0,0,51,798,-1406
2021-08-21,Demo FC 48,Light Heavyweight,Wren Oakhurst,Galen Longmire,Galen Longmire,DEC,3,5:00,3,0,54,121,4,7,1,0,346,46,95,7,11,1,0,616,162,-197
2021-09-04,Demo FC 49,Lightweight,Hollis Harrowgate,Rune Dunmore,Hollis Harrowgate,KO/TKO,1,4:23,5,0,20,42,1,2,0,1,94,19,41,0,1,0,0,0,-443,336
2021-09-04,Demo FC 49,Lightweight,Quill Greywind,Orrin Zeller,Orrin Zeller,SUB,2,4:43,3,0,27,62,1,2,0,0,51,55,112,3,5,1,0,299,193,-237
2021-09-04,Demo FC 49,Lightweight,Pax Ambrose,Anselm Eastwick,Anselm Eastwick,DEC,3,5:00,3,0,72,155,0,2,1,1,0,59,133,3,6,2,0,152,157,-191
2021-09-04,Demo FC 49,Welterweight,Aren Ambrose,Marek Zeller,Marek Zeller,KO/TKO,1,3:32,3,0,21,38,0,0,0,0,0,13,31,0,2,0,0,0,-139,115
2021-09-04,Demo FC 49,Welterweight,Zeke Underhill,Gideon Harrowgate,Gideon Harrowgate,SUB,3,2:39,3,0,31,88,2,5,0,0,207,89,163,4,5,1,0,323,699,-1146
2021-09-04,Demo FC 49,Welterweight,Xander Oakhurst,Anselm Quarry,Anselm Quarry,DEC,3,5:00,3,0,46,106,4,9,0,0,347,50,110,2,6,1,0,90,150,-182
2021-09-04,Demo FC 49,Middleweight,Hollis Ashgrove,Quill Dunmore,Hollis Ashgrove,KO/TKO,1,4:09,3,0,20,40,0,0,0,0,0,10,24,1,1,0,0,58,-306,243
2021-09-04,Demo FC 49,Middleweight,Evander Underhill,Kestrel Yarrow,Kestrel Yarrow,DEC,3,5:00,3,0,82,173,0,3,0,1,0,76,164,0,0,0,0,0,247,-311
2021-09-04,Demo FC 49,Middleweight,Ulric Longmire,Orrin Quarry,Ulric Longmire,S-DEC,3,5:00,3,0,117,220,2,4,0,0,201,39,98,1,7,0,2,57,-927,603
2021-09-04,Demo FC 49,Light Heavyweight,Evander Greywind,Hollis Oakhurst,Evander Greywind,SUB,1,4:38,3,0,14,35,0,0,1,1,0,16,33,1,1,0,0,89,133,-161
2021-09-04,Demo FC 49,Light Heavyweight,Brannoc Ironwood,Xander Delacroix-Venn,Xander Delacroix-Venn,DEC,3,5:00,3,0,71,149,0,0,3,2,0,34,91,1,9,0,1,49,-264,213
2021-09-04,Demo FC 49,Light Heavyweight,Yusuf Varga,Rune Ambrose,Rune Ambrose,KO/TKO,3,2:24,3,0,42,104,2,5,1,0,163,62,122,0,3,0,1,0,130,-156
2021-09-25,Demo FC 50,Lightweight,Aren Pellow,Bodhi Kettleby,Bodhi Kettleby,SUB,1,4:33,5,0,10,42,0,1,0,0,0,16,34,1,4,1,0,73,549,-817
2021-09-25,Demo FC 50,Lightweight,Ivo Ashgrove,Fenn Stonebridge,Fenn Stonebridge,DEC,3,5:00,3,0,47,98,1,2,0,0,76,63,115,0,3,3,0,0,-257,208
2021-09-25,Demo FC 50,Lightweight,Emrys Crowhurst,Jasper Ashgrove,Jasper Ashgrove,SUB,1,3:31,3,0,19,42,0,0,0,0,0,11,37,0,1,1,0,0,-332,261
2021-09-25,Demo FC 50,Welterweight,Hollis Pellow,Marek Thornbury,Marek Thornbury,SUB,1,3:10,3,0,11,21,0,1,0,0,0,2,8,1,1,1,0,52,-291,232
2021-09-25,Demo FC 50,Welterweight,Hollis Zeller,Kestrel Eastwick,Kestrel Eastwick,KO/TKO,1,2:51,3,0,10,23,0,1,0,0,0,7,16,0,2,0,0,0,161,-195
2021-09-25,Demo FC 50,Welterweight,Ulric Underhill,Jory Harrowgate,Jory Harrowgate,DEC,3,5:00,3,0,17,86,0,0,2,1,0,107,173,2,4,1,0,147,430,-597
2021-09-25,Demo FC 50,Middleweight,Marek Ironwood,Vale Northcott,Vale Northcott,KO/TKO,3,4:10,3,0,56,135,2,5,1,1,210,64,125,1,3,0,1,65,121,-146
2021-09-25,Demo FC 50,Middleweight,Anselm Stonebridge,Bodhi Thornbury,Anselm Stonebridge,SUB,3,4:51,3,0,97,153,1,1,1,1,65,25,105,7,9,0,0,504,-3233,1548
2021-09-25,Demo FC 50,Middleweight,Lazlo Quarry,Orrin Varga,Lazlo Quarry,KO/TKO,1,4:26,3,0,25,51,0,1,0,1,0,23,52,0,0,0,0,0,-180,149
2021-09-25,Demo FC 50,Light Heavyweight,Cyrus Coldwater,Ulric Ambrose,Cyrus Coldwater,KO/TKO,1,2:27,3,0,2,6,0,1,0,1,0,4,10,0,0,0,0,0,-570,415
2021-09-25,Demo FC 50,Light Heavyweight,Dario Quarry,Soren Ironwood,Soren Ironwood,DEC,3,5:00,3,0,42,130,0,5,1,1,0,101,194,3,5,0,1,211,172,-209
2021-09-25,Demo FC 50,Light Heavyweight,Ulric Crowhurst,Dario Underhill,Dario Underhill,S-DEC,3,5:00,3,0,86,150,5,7,1,1,211,64,163,4,7,0,0,394,-2015,984
2021-10-09,Demo FC 51,Lightweight,Vale Thornbury,Jory Westbrook,Vale Thornbury,DEC,5,5:00,5,0,112,219,2,8,1,3,132,88,208,0,0,0,1,0,-1956,968
2021-10-09,Demo FC 51,Lightweight,Marek Crowhurst,Dario Ambrose,Marek Crowhurst,KO/TKO,2,2:43,3,0,28,70,2,4,1,1,145,27,77,2,3,1,0,92,-459,346
2021-10-09,Demo FC 51,Lightweight,Xander Thornbury,Cato Delacroix-Venn,Xander Thornbury,KO/TKO,1,4:54,3,0,12,29,2,2,1,0,213,22,39,2,2,0,0,152,164,-199
2021-10-09,Demo FC 51,Welterweight,Marek Ambrose,Ulric Westbrook,Marek Ambrose,KO/TKO,3,3:11,3,0,32,87,0,3,0,2,0,58,122,0,3,0,1,0,328,-430
2021-10-09,Demo FC 51,Welterweight,Ulric Yarrow,Lazlo Delacroix-Venn,Lazlo Delacroix-Venn,KO/TKO,3,3:37,3,0,68,107,0,3,0,0,0,13,45,4,5,1,0,222,-2356,1067
2021-10-09,Demo FC 51,Welterweight,Yusuf Longmire,Cyrus Harrowgate,Cyrus Harrowgate,KO/TKO,1,1:48,3,0,1,6,1,1,0,0,70,11,18,0,0,0,1,0,1436,-3233
2021-10-09,Demo FC 51,Middleweight,Xander Emberly,Pax Yarrow,Pax Yarrow,KO/TKO,1,3:47,3,0,21,54,0,1,0,0,0,13,29,1,1,0,1,104,166,-203
2021-10-09,Demo FC 51,Middleweight,Quill Oakhurst,Wren Westbrook,Quill Oakhurst,SUB,2,1:57,3,0,41,82,0,2,1,1,0,26,53,0,1,0,0,0,-160,133
2021-10-09,Demo FC 51,Middleweight,Xander Greywind,Soren Underhill,Soren Underhill,KO/TKO,2,4:33,3,0,28,80,0,4,0,0,0,24,48,0,0,0,1,0,297,-383
2021-10-09,Demo FC 51,Light Heavyweight,Bodhi Delacroix-Venn,Orrin Harrowgate,Orrin Harrowgate,KO/TKO,1,3:42,3,0,5,13,0,1,1,0,0,19,38,0,0,0,1,0,1079,-2411
2021-10-09,Demo FC 51,Light Heavyweight,Vale Harrowgate,Dario Juniper,Vale Harrowgate,KO/TKO,1,0:45,3,0,3,6,0,0,0,1,0,1,3,0,0,0,0,0,-488,365
2021-10-09,Demo FC 51,Light Heavyweight,Lazlo Underhill,Ivo Kettleby,Lazlo Underhill,DEC,3,5:00,3,0,38,124,2,4,0,1,91,127,225,0,0,2,0,0,112,-134
2021-10-23,Demo FC 52,Welterweight,Xander Westbrook,Marek Westbrook,Marek Westbrook,SUB,1,3:40,5,0,18,39,0,0,0,0,0,8,22,0,1,1,0,0,152,-184
2021-10-23,Demo FC 52,Middleweight,Anselm Northcott,Soren Thornbury,Anselm Northcott,KO/TKO,1,3:42,3,0,23,39,1,2,0,0,80,13,30,1,2,0,0,80,-193,159
2021-10-23,Demo FC 52,Light Heavyweight,Jory Fairholt,Jasper Blackthorn,Jasper Blackthorn,SUB,3,2:11,3,0,49,97,5,8,2,0,528,45,116,1,2,1,1,105,-174,144
2021-11-06,Demo FC 53,Lightweight,Marek Eastwick,Dov Harrowgate,Dov Harrowgate,S-DEC,5,5:00,5,0,71,173,4,10,0,0,343,75,178,3,6,2,0,192,957,-1915
2021-11-06,Demo FC 53,Lightweight,Aren Coldwater,Anselm Dunmore,Aren Coldwater,SUB,3,0:41,3,0,22,53,2,3,1,0,93,39,85,1,2,1,0,105,-3233,1405
2021-11-06,Demo FC 53,Lightweight,Rune Oakhurst,Nilo Zeller,Rune Oakhurst,DEC,3,5:00,3,0,57,132,4,7,0,2,338,48,102,0,5,0,0,0,-2422,1081
2021-11-06,Demo FC 53,Welterweight,Vale Ashgrove,Pax Ravensworth,Pax Ravensworth,KO/TKO,1,0:12,3,0,0,1,0,0,0,0,0,0,1,0,0,0,0,0,-198,162
2021-11-06,Demo FC 53,Welterweight,Orrin Stonebridge,Fenn Marchbank,Fenn Marchbank,SUB,1,3:29,3,0,16,35,0,1,0,0,0,11,22,1,2,1,0,51,218,-272
2021-11-06,Demo FC 53,Welterweight,Bodhi Brightwater,Galen Ashgrove,Bodhi Brightwater,DEC,3,5:00,3,0,40,119,1,3,1,1,98,84,170,1,1,0,2,102,321,-420
2021-11-06,Demo FC 53,Middleweight,Tamsin Westbrook,Dov Brightwater,Dov Brightwater,KO/TKO,3,2:39,3,0,19,55,2,3,0,1,114,84,148,5,7,0,1,416,1814,-3233
2021-11-06,Demo FC 53,Middleweight,Orrin Fairholt,Tamsin Greywind,Orrin Fairholt,KO/TKO,3,4:21,3,0,70,143,5,9,1,1,414,100,192,2,4,0,0,216,-214,175
2021-11-06,Demo FC 53,Middleweight,Zeke Ambrose,Galen Thornbury,Galen Thornbury,KO/TKO,1,2:39,3,0,5,16,1,1,0,0,100,19,33,0,1,0,1,0,790,-1383
2021-11-06,Demo FC 53,Light Heavyweight,Zeke Kettleby,Nilo Thornbury,Zeke Kettleby,KO/TKO,1,4:18,3,0,21,41,1,1,1,1,61,4,16,0,0,0,0,0,-230,187
2021-11-06,Demo FC 53,Light Heavyweight,Jory Dunmore,Hale Oakhurst,Jory Dunmore,DEC,3,5:00,3,0,45,83,4,8,0,0,204,34,91,3,5,1,0,236,-1179,712
2021-11-06,Demo FC 53,Light Heavyweight,Orrin Coldwater,Hollis Kettleby,Orrin Coldwater,KO/TKO,1,1:04,3,0,3,8,0,0,0,0,0,3,9,0,0,0,0,0,-261,211
2021-11-20,Demo FC 54,Lightweight,Zeke Thornbury,Hollis Dunmore,Hollis Dunmore,KO/TKO,3,4:49,5,0,102,202,0,3,1,0,0,55,121,0,1,0,0,0,132,-159
2021-11-20,Demo FC 54,Lightweight,Ulric Emberly,Cyrus Ravensworth,Cyrus Ravensworth,DEC,3,5:00,3,0,46,105,3,5,1,0,164,80,169,2,7,1,0,159,-148,123
2021-11-20,Demo FC 54,Lightweight,Yusuf Zeller,Lazlo Yarrow,Yusuf Zeller,KO/TKO,3,0:57,3,0,39,86,1,4,0,1,79,49,147,1,3,0,0,92,-178,147
2021-11-20,Demo FC 54,Welterweight,Marek Yarrow,Dario Eastwick,Dario Eastwick,DEC,3,5:00,3,0,61,108,1,4,0,2,96,28,81,6,7,1,2,494,105,-125
2021-11-20,Demo FC 54,Welterweight,Yusuf Ironwood,Brannoc Juniper,Yusuf Ironwood,KO/TKO,1,2:40,3,0,23,43,1,1,0,1,94,4,13,0,0,0,0,0,-1307,762
2021-11-20,Demo FC 54,Welterweight,Faris Marchbank,Soren Juniper,Soren Juniper,DEC,3,5:00,3,0,53,134,0,2,2,1,0,82,169,0,2,3,0,0,207,-256
2021-11-20,Demo FC 54,Middleweight,Hale Stonebridge,Dario Zeller,Dario Zeller,DEC,3,5:00,3,0,92,147,9,11,1,0,677,24,73,4,7,3,0,331,-448,339
2021-11-20,Demo FC 54,Middleweight,Idris Northcott,Emrys Brightwater,Idris Northcott,S-DEC,3,5:00,3,0,70,171,3,4,2,0,194,65,134,0,0,1,0,0,100,-120
2021-11-20,Demo FC 54,Middleweight,Marek Quarry,Kestrel Dunmore,Marek Quarry,DEC,3,5:00,3,0,30,69,1,1,0,0,56,69,147,6,9,3,0,394,270,-343
2021-11-20,Demo FC 54,Light Heavyweight,Orrin Emberly,Marek Longmire,Marek Longmire,DEC,3,5:00,3,0,15,50,7,9,0,3,720,67,142,9,10,0,0,611,210,-260
2021-11-20,Demo FC 54,Light Heavyweight,Cato Ashgrove,Bodhi Northcott,Bodhi Northcott,SUB,3,0:44,3,0,21,68,0,5,0,0,0,59,94,0,2,1,0,0,1031,-2203
2021-11-20,Demo FC 54,Light Heavyweight,Faris Dunmore,Gideon Marchbank,Gideon Marchbank,KO/TKO,2,1:26,3,0,32,58,2,2,0,1,122,27,57,1,2,0,0,64,-156,129
2021-12-18,Demo FC 55,Lightweight,Jasper Ambrose,Zeke Juniper,Jasper Ambrose,S-DEC,5,5:00,5,0,17,55,2,8,1,1,155,129,279,5,9,3,1,233,814,-1453
2021-12-18,Demo FC 55,Lightweight,Quill Greywind,Emrys Ironwood,Quill Greywind,KO/TKO,3,4:47,3,0,54,110,5,5,0,1,477,67,150,0,2,1,0,0,-1121,688
2021-12-18,Demo FC 55,Lightweight,Faris Ravensworth,Idris Emberly,Faris Ravensworth,S-DEC,3,5:00,3,0,61,157,1,6,1,0,94,90,196,2,2,0,0,133,136,-164
2021-12-18,Demo FC 55,Welterweight,Soren Oakhurst,Wren Northcott,Wren Northcott,SUB,3,4:57,3,0,74,148,2,4,0,0,118,84,180,4,8,1,1,287,396,-538
2021-12-18,Demo FC 55,Welterweight,Gideon Harrowgate,Orrin Ambrose,Gideon Harrowgate,DEC,3,5:00,3,0,64,159,2,4,4,0,146,85,181,0,1,0,0,0,-482,361
2021-12-18,Demo FC 55,Welterweight,Xander Oakhurst,Zeke Underhill,Xander Oakhurst,DEC,3,5:00,3,0,70,133,6,7,1,0,254,44,102,5,5,0,0,395,-299,238
2021-12-18,Demo FC 55,Middleweight,Evander Ravensworth,Wren Pellow,Evander Ravensworth,DEC,3,5:00,3,0,77,148,2,6,1,0,192,26,81,1,4,1,1,98,-217,177
2021-12-18,Demo FC 55,Middleweight,Jasper Quarry,Hollis Ashgrove,Jasper Quarry,S-DEC,3,5:00,3,0,100,195,0,3,1,0,0,33,112,0,2,1,0,0,-279,224
2021-12-18,Demo FC 55,Middleweight,Faris Harrowgate,Brannoc Quarry,Faris Harrowgate,KO/TKO,3,1:48,3,0,25,53,1,3,0,1,83,58,126,1,2,1,0,101,454,-638
2021-12-18,Demo FC 55,Light Heavyweight,Cato Eastwick,Quill Eastwick,Quill Eastwick,KO/TKO,1,0:26,3,0,2,5,0,0,0,0,0,1,4,0,0,0,1,0,147,-178
2021-12-18,Demo FC 55,Light Heavyweight,Evander Greywind,Brannoc Ironwood,Evander Greywind,KO/TKO,2,3:03,3,0,26,59,0,1,1,1,0,40,91,2,3,2,0,146,123,-148
2021-12-18,Demo FC 55,Light Heavyweight,Wren Oakhurst,Cyrus Yarrow,Wren Oakhurst,SUB,1,4:43,3,0,28,54,0,2,1,0,0,25,58,0,1,0,0,0,-196,161
2022-01-15,Demo FC 56,Lightweight,Aren Pellow,Ivo Ashgrove,Ivo Ashgrove,S-DEC,5,5:00,5,0,102,241,2,6,1,0,151,66,163,1,9,2,0,73,301,-390
2022-01-15,Demo FC 56,Lightweight,Fenn Stonebridge,Brannoc Crowhurst,Brannoc Crowhurst,KO/TKO,2,3:35,3,0,11,29,1,1,0,0,60,26,63,7,7,0,0,412,1814,-3233
2022-01-15,Demo FC 56,Lightweight,Bodhi Kettleby,Hollis Harrowgate,Hollis Harrowgate,KO/TKO,1,2:43,3,0,8,20,1,1,0,0,84,6,14,0,1,0,1,0,141,-170
2022-01-15,Demo FC 56,Welterweight,Hollis Pellow,Hollis Zeller,Hollis Zeller,SUB,1,0:58,3,0,3,7,0,0,0,0,0,1,5,0,0,1,0,0,-185,152
2022-01-15,Demo FC 56,Welterweight,Evander Marchbank,Ulric Underhill,Evander Marchbank,DEC,3,5:00,3,0,76,111,1,5,0,0,74,16,38,2,5,2,0,102,-384,298
2022-01-15,Demo FC 56,Welterweight,Marek Zeller,Anselm Quarry,Anselm Quarry,DEC,3,5:00,3,0,22,56,3,5,1,1,191,48,113,6,8,3,1,265,665,-1066
2022-01-15,Demo FC 56,Middleweight,Bodhi Thornbury,Lazlo Quarry,Lazlo Quarry,DEC,3,5:00,3,0,29,92,8,11,1,0,629,57,91,4,6,0,0,406,682,-1107
2022-01-15,Demo FC 56,Middleweight,Vale Northcott,Orrin Varga,Orrin Varga,KO/TKO,2,3:46,3,0,33,70,0,0,0,0,0,33,74,0,0,1,1,0,162,-197
2022-01-15,Demo FC 56,Middleweight,Evander Underhill,Aren Greywind,Aren Greywind,DEC,3,5:00,3,0,73,139,2,2,0,0,131,23,67,0,1,2,1,0,-328,259
2022-01-15,Demo FC 56,Light Heavyweight,Dario Quarry,Ulric Ambrose,Dario Quarry,KO/TKO,3,1:19,3,0,33,70,2,2,0,1,80,26,72,1,3,1,0,64,-161,134
2022-01-15,Demo FC 56,Light Heavyweight,Cyrus Coldwater,Ulric Crowhurst,Cyrus Coldwater,S-DEC,3,5:00,3,0,47,130,1,7,0,0,79,89,166,3,6,0,0,135,664,-1063
2022-01-15,Demo FC 56,Light Heavyweight,Nilo Ravensworth,Soren Ironwood,Soren Ironwood,DEC,3,5:00,3,0,3,15,1,4,1,1,104,60,134,2,4,1,0,164,901,-1722
2022-02-12,Demo FC 57,Lightweight,Jory Westbrook,Emrys Crowhurst,Emrys Crowhurst,DEC,5,5:00,5,0,90,231,1,6,2,2,58,173,298,0,1,0,0,0,442,-617
2022-02-12,Demo FC 57,Lightweight,Cato Delacroix-Venn,Dario Ambrose,Cato Delacroix-Venn,SUB,2,3:13,3,0,39,81,2,3,1,1,216,32,73,2,5,0,0,186,-125,104
2022-02-12,Demo FC 57,Lightweight,Xander Thornbury,Jasper Ashgrove,Xander Thornbury,KO/TKO,2,0:34,3,0,20,40,0,0,1,1,0,15,38,0,0,1,0,0,-362,282
2022-02-12,Demo FC 57,Welterweight,Xander Westbrook,Yusuf Longmire,Yusuf Longmire,SUB,3,3:51,3,0,91,164,1,4,0,0,60,35,100,5,7,2,0,395,-202,165
2022-02-12,Demo FC 57,Welterweight,Ulric Yarrow,Lazlo Delacroix-Venn,Ulric Yarrow,DEC,3,5:00,3,0,69,105,0,2,2,0,0,14,63,4,8,0,1,437,-1133,693
2022-02-12,Demo FC 57,Welterweight,Marek Westbrook,Emrys Thornbury,Marek Westbrook,DEC,3,5:00,3,0,69,158,1,6,1,0,47,42,124,0,3,0,2,0,-613,440
2022-02-12,Demo FC 57,Middleweight,Soren Zeller,Pax Yarrow,Pax Yarrow,DEC,3,5:00,3,0,40,94,4,7,0,0,291,58,120,3,3,1,0,258,782,-1363
2022-02-12,Demo FC 57,Middleweight,Wren Westbrook,Orrin Quarry,Wren Westbrook,DEC,3,5:00,3,0,47,133,2,3,2,0,104,29,70,2,9,0,1,125,-144,120
2022-02-12,Demo FC 57,Middleweight,Xander Greywind,Quill Oakhurst,Quill Oakhurst,DEC,3,5:00,3,0,59,121,3,7,0,0,222,72,137,1,5,1,3,80,1328,-3233
2022-02-12,Demo FC 57,Light Heavyweight,Ivo Kettleby,Jory Fairholt,Jory Fairholt,DEC,3,5:00,3,0,70,143,1,4,1,0,87,54,152,6,9,0,0,526,-226,184
2022-02-12,Demo FC 57,Light Heavyweight,Orrin Harrowgate,Lazlo Stonebridge,Orrin Harrowgate,DEC,3,5:00,3,0,69,163,3,3,3,0,179,45,94,2,3,8,0,189,-1068,666
2022-02-12,Demo FC 57,Light Heavyweight,Xander Delacroix-Venn,Galen Longmire,Galen Longmire,DEC,3,5:00,3,0,39,114,2,3,2,1,133,94,188,8,9,1,0,581,1476,-3233
2022-03-05,Demo FC 58,Lightweight,Marek Eastwick,Ulric Emberly,Ulric Emberly,S-DEC,5,5:00,5,0,29,83,4,8,0,0,279,154,259,3,3,1,0,214,738,-1246
2022-03-05,Demo FC 58,Lightweight,Lazlo Yarrow,Anselm Dunmore,Lazlo Yarrow,KO/TKO,3,0:29,3,0,61,119,2,3,0,1,117,23,56,1,2,0,0,71,-1350,778
2022-03-05,Demo FC 58,Lightweight,Pax Ambrose,Dov Harrowgate,Pax Ambrose,DEC,3,5:00,3,0,70,155,3,4,0,0,280,53,124,3,4,0,1,148,151,-182
2022-03-05,Demo FC 58,Welterweight,Orrin Stonebridge,Marek Yarrow,Orrin Stonebridge,DEC,3,5:00,3,0,81,161,0,0,2,0,0,47,134,1,4,1,2,66,208,-258
2022-03-05,Demo FC 58,Welterweight,Pax Ravensworth,Vale Ashgrove,Vale Ashgrove,SUB,1,2:57,3,0,10,23,0,0,0,1,0,13,30,1,1,1,1,77,120,-145
2022-03-05,Demo FC 58,Welterweight,Fenn Marchbank,Brannoc Juniper,Fenn Marchbank,SUB,3,4:52,3,0,70,137,4,5,1,0,255,40,108,0,2,0,1,0,-404,311
2022-03-05,Demo FC 58,Middleweight,Ulric Thornbury,Orrin Fairholt,Orrin Fairholt,SUB,1,4:07,3,0,3,10,0,1,0,0,0,27,44,1,2,1,0,84,1814,-3233
2022-03-05,Demo FC 58,Middleweight,Kestrel Yarrow,Tamsin Greywind,Tamsin Greywind,S-DEC,3,5:00,3,0,61,151,2,3,0,1,166,87,193,1,5,1,0,75,346,-458
2022-03-05,Demo FC 58,Middleweight,Hale Stonebridge,Xander Emberly,Hale Stonebridge,DEC,3,5:00,3,0,84,149,13,13,0,0,720,45,110,3,5,0,0,191,-1652,880
2022-03-05,Demo FC 58,Light Heavyweight,Cato Ashgrove,Marek Longmire,Marek Longmire,DEC,3,5:00,3,0,13,47,3,6,0,0,265,129,218,8,9,0,0,566,1814,-3233
2022-03-05,Demo FC 58,Light Heavyweight,Faris Dunmore,Hale Oakhurst,Hale Oakhurst,KO/TKO,1,4:52,3,0,27,51,0,1,0,0,0,8,22,0,1,0,1,0,-610,438
2022-03-05,Demo FC 58,Light Heavyweight,Gideon Westbrook,Zeke Kettleby,Zeke Kettleby,KO/TKO,3,1:32,3,0,29,75,0,3,0,0,0,54,118,2,3,0,1,80,108,-130
2022-03-26,Demo FC 59,Lightweight,Nilo Zeller,Rune Oakhurst,Rune Oakhurst,KO/TKO,3,3:12,5,0,61,144,0,0,1,0,0,64,116,5,6,0,1,219,634,-996
2022-03-26,Demo FC 59,Lightweight,Aren Coldwater,Gideon Yarrow,Aren Coldwater,DEC,3,5:00,3,0,73,143,4,6,0,2,371,59,138,2,3,0,0,192,-533,392
2022-03-26,Demo FC 59,Lightweight,Gideon Eastwick,Yusuf Zeller,Gideon Eastwick,SUB,2,0:44,3,0,22,49,0,2,1,0,0,26,52,2,2,0,1,99,184,-225
2022-03-26,Demo FC 59,Welterweight,Galen Kettleby,Faris Marchbank,Faris Marchbank,DEC,3,5:00,3,0,73,150,3,5,0,0,159,86,165,0,3,4,0,0,352,-468
2022-03-26,Demo FC 59,Welterweight,Marek Ambrose,Galen Ashgrove,Galen Ashgrove,DEC,3,5:00,3,0,37,89,3,4,0,1,145,69,145,1,2,0,0,89,-164,136
2022-03-26,Demo FC 59,Welterweight,Jory Harrowgate,Dario Eastwick,Jory Harrowgate,S-DEC,3,5:00,3,0,92,160,2,5,0,0,91,14,56,5,7,0,0,360,-177,146
2022-03-26,Demo FC 59,Middleweight,Emrys Brightwater,Kestrel Dunmore,Emrys Brightwater,S-DEC,3,5:00,3,0,88,194,0,3,1,0,0,83,191,0,6,3,2,0,138,-167
2022-03-26,Demo FC 59,Middleweight,Anselm Northcott,Anselm Stonebridge,Anselm Stonebridge,DEC,3,5:00,3,0,73,145,0,3,1,0,0,54,123,1,1,1,0,51,-237,193
2022-03-26,Demo FC 59,Middleweight,Dario Zeller,Idris Northcott,Idris Northcott,DEC,3,5:00,3,0,36,80,4,7,1,1,261,61,124,6,10,0,0,575,133,-160
2022-03-26,Demo FC 59,Light Heavyweight,Orrin Emberly,Jory Crowhurst,Orrin Emberly,KO/TKO,2,2:05,3,0,19,50,4,5,0,1,230,31,59,1,3,0,0,90,-1357,780
2022-03-26,Demo FC 59,Light Heavyweight,Bodhi Northcott,Dario Underhill,Bodhi Northcott,DEC,3,5:00,3,0,142,205,4,6,0,0,269,57,134,6,9,0,0,262,-943,610
2022-03-26,Demo FC 59,Light Heavyweight,Hollis Kettleby,Tamsin Emberly,Tamsin Emberly,KO/TKO,1,3:19,3,0,11,24,0,1,0,0,0,8,20,1,1,2,0,70,209,-259
2022-04-23,Demo FC 60,Lightweight,Zeke Juniper,Emrys Ironwood,Zeke Juniper,DEC,5,5:00,5,0,87,242,5,9,1,1,444,157,322,0,0,0,1,0,-116,-103
2022-04-23,Demo FC 60,Lightweight,Jasper Ambrose,Idris Emberly,Idris Emberly,DEC,3,5:00,3,0,23,86,1,4,2,0,86,73,122,0,3,0,0,0,322,-421
2022-04-23,Demo FC 60,Lightweight,Quill Greywind,Faris Ravensworth,Quill Greywind,DEC,3,5:00,3,0,51,118,3,4,1,0,174,55,145,1,4,0,0,72,-1021,645
2022-04-23,Demo FC 60,Welterweight,Zeke Underhill,Orrin Ambrose,Zeke Underhill,KO/TKO,2,3:20,3,0,31,79,1,3,1,1,70,68,124,2,3,0,0,190,148,-179
2022-04-23,Demo FC 60,Welterweight,Soren Oakhurst,Bodhi Brightwater,Soren Oakhurst,DEC,3,5:00,3,0,52,99,1,1,0,0,68,87,176,0,5,0,0,0,123,-148
2022-04-23,Demo FC 60,Welterweight,Xander Ravensworth,Wren Northcott,Wren Northcott,DEC,3,5:00,3,0,76,157,4,4,0,1,190,57,194,8,10,0,0,720,131,-157
2022-04-23,Demo FC 60,Middleweight,Faris Harrowgate,Jasper Quarry,Jasper Quarry,DEC,3,5:00,3,0,47,127,1,2,0,0,40,114,198,2,3,1,0,213,839,-1526
2022-04-23,Demo FC 60,Middleweight,Wren Pellow,Marek Quarry,Marek Quarry,SUB,1,4:05,3,0,2,8,0,0,0,0,0,18,38,0,1,1,0,0,1040,-2239
2022-04-23,Demo FC 60,Middleweight,Evander Ravensworth,Dov Thornbury,Dov Thornbury,SUB,2,0:54,3,0,21,51,1,1,0,0,44,17,44,1,2,1,0,46,837,-1522
2022-04-23,Demo FC 60,Light Heavyweight,Quill Eastwick,Brannoc Ironwood,Brannoc Ironwood,KO/TKO,3,1:01,3,0,50,100,2,5,0,0,165,50,133,0,1,7,1,0,299,-386
2022-04-23,Demo FC 60,Light Heavyweight,Cyrus Yarrow,Evander Greywind,Cyrus Yarrow,KO/TKO,1,1:15,3,0,6,12,0,0,0,1,0,5,11,0,0,0,0,0,-550,403
2022-04-23,Demo FC 60,Light Heavyweight,Vale Harrowgate,Hale Zeller,Vale Harrowgate,KO/TKO,1,4:43,3,0,31,59,0,0,0,0,0,22,49,1,2,0,0,46,-111,-108
2022-05-14,Demo FC 61,Lightweight,Aren Pellow,Ivo Ashgrove,Ivo Ashgrove,DEC,5,5:00,5,0,96,222,2,5,0,0,104,117,232,0,5,1,0,0,338,-445
2022-05-14,Demo FC 61,Lightweight,Bodhi Kettleby,Brannoc Crowhurst,Brannoc Crowhurst,SUB,3,1:54,3,0,14,30,6,7,0,0,242,20,44,7,9,2,0,571,397,-540
2022-05-14,Demo FC 61,Lightweight,Hollis Harrowgate,Orrin Zeller,Hollis Harrowgate,KO/TKO,3,1:14,3,0,30,81,3,3,0,1,183,57,115,1,4,1,0,77,135,-163
2022-05-14,Demo FC 61,Welterweight,Hollis Zeller,Ulric Underhill,Hollis Zeller,DEC,3,5:00,3,0,80,151,1,3,1,0,102,17,60,0,5,2,0,0,-205,168
2022-05-14,Demo FC 61,Welterweight,Hollis Pellow,Marek Zeller,Hollis Pellow,SUB,1,1:02,3,0,2,5,0,0,1,0,0,0,2,0,0,0,0,0,-328,259
2022-05-14,Demo FC 61,Welterweight,Evander Marchbank,Kestrel Eastwick,Kestrel Eastwick,S-DEC,3,5:00,3,0,79,138,2,3,1,0,183,39,103,6,10,0,0,301,205,-253
2022-05-14,Demo FC 61,Middleweight,Evander Underhill,Soren Thornbury,Soren Thornbury,SUB,1,3:55,3,0,11,21,0,0,0,0,0,19,41,2,3,1,1,85,392,-532
2022-05-14,Demo FC 61,Middleweight,Hollis Ashgrove,Aren Greywind,Hollis Ashgrove,SUB,2,0:22,3,0,21,54,1,1,1,0,96,9,20,0,1,0,0,0,-1428,806
2022-05-14,Demo FC 61,Middleweight,Orrin Varga,Ulric Longmire,Ulric Longmire,DEC,3,5:00,3,0,45,130,2,3,1,1,92,110,208,1,3,0,1,55,527,-774
2022-05-14,Demo FC 61,Light Heavyweight,Dario Quarry,Ulric Crowhurst,Ulric Crowhurst,KO/TKO,3,4:30,3,0,27,89,0,3,1,0,0,66,117,2,6,1,1,217,368,-493
2022-05-14,Demo FC 61,Light Heavyweight,Jasper Longmire,Nilo Ravensworth,Jasper Longmire,DEC,3,5:00,3,0,59,115,7,9,1,1,699,15,40,0,0,8,0,0,-3233,1814
2022-05-14,Demo FC 61,Light Heavyweight,Emrys Greywind,Orrin Coldwater,Emrys Greywind,S-DEC,3,5:00,3,0,94,173,2,8,0,2,99,69,157,1,4,0,1,43,-102,-117
2022-06-11,Demo FC 62,Lightweight,Jory Westbrook,Jasper Ashgrove,Jory Westbrook,S-DEC,5,5:00,5,0,83,176,0,5,3,0,0,93,203,0,2,3,1,0,127,-152
2022-06-11,Demo FC 62,Lightweight,Emrys Crowhurst,Vale Thornbury,Vale Thornbury,KO/TKO,2,0:41,3,0,30,69,0,0,0,0,0,25,62,1,2,0,1,94,210,-260
2022-06-11,Demo FC 62,Lightweight,Hollis Dunmore,Dario Ambrose,Dario Ambrose,S-DEC,3,5:00,3,0,40,107,1,2,0,0,63,84,145,1,8,0,0,44,274,-350
2022-06-11,Demo FC 62,Welterweight,Lazlo Delacroix-Venn,Xander Westbrook,Xander Westbrook,DEC,3,5:00,3,0,4,20,5,6,0,0,368,114,187,3,4,0,0,137,376,-505
2022-06-11,Demo FC 62,Welterweight,Zeke Delacroix-Venn,Yusuf Longmire,Yusuf Longmire,SUB,2,3:55,3,0,30,52,1,2,0,0,73,16,45,0,3,1,0,0,-170,140
2022-06-11,Demo FC 62,Welterweight,Cyrus Harrowgate,Marek Westbrook,Cyrus Harrowgate,SUB,1,3:18,3,0,27,48,1,1,1,0,55,8,28,1,2,0,1,92,-418,320
2022-06-11,Demo FC 62,Middleweight,Xander Greywind,Pax Yarrow,Xander Greywind,DEC,3,5:00,3,0,46,119,4,7,0,0,319,78,163,0,3,1,5,0,1500,-3233
2022-06-11,Demo FC 62,Middleweight,Orrin Quarry,Lazlo Quarry,Lazlo Quarry,KO/TKO,1,0:14,3,0,0,1,0,0,0,0,0,0,2,0,0,0,0,0,196,-242
2022-06-11,Demo FC 62,Middleweight,Soren Zeller,Wren Westbrook,Wren Westbrook,DEC,3,5:00,3,0,50,109,0,5,1,1,0,84,149,2,4,0,2,111,220,-274
2022-06-11,Demo FC 62,Light Heavyweight,Cyrus Coldwater,Ivo Kettleby,Ivo Kettleby,DEC,3,5:00,3,0,47,103,1,3,0,0,71,85,145,0,2,2,0,0,908,-1745
2022-06-11,Demo FC 62,Light Heavyweight,Lazlo Stonebridge,Xander Delacroix-Venn,Lazlo Stonebridge,DEC,3,5:00,3,0,26,52,1,2,3,1,105,29,75,3,4,1,0,272,133,-160
2022-06-11,Demo FC 62,Light Heavyweight,Orrin Harrowgate,Jory Fairholt,Orrin Harrowgate,SUB,3,3:34,3,0,44,104,3,4,4,2,149,53,116,6,6,1,0,336,-864,572
2022-06-25,Demo FC 63,Lightweight,Dov Harrowgate,Ulric Emberly,Dov Harrowgate,DEC,5,5:00,5,0,73,184,4,12,0,0,376,102,213,5,10,1,1,221,-125,104
2022-06-25,Demo FC 63,Lightweight,Fenn Stonebridge,Pax Ambrose,Fenn Stonebridge,DEC,3,5:00,3,0,42,111,3,5,1,0,327,58,153,0,1,0,0,0,-103,-117
2022-06-25,Demo FC 63,Lightweight,Lazlo Yarrow,Marek Crowhurst,Marek Crowhurst,KO/TKO,3,1:12,3,0,40,96,1,2,1,0,108,70,125,7,8,0,2,537,1241,-3233
2022-06-25,Demo FC 63,Welterweight,Pax Ravensworth,Yusuf Ironwood,Yusuf Ironwood,KO/TKO,3,1:59,3,0,44,120,2,3,0,0,175,103,183,0,2,0,0,0,1814,-3233
2022-06-25,Demo FC 63,Welterweight,Brannoc Juniper,Fenn Marchbank,Fenn Marchbank,SUB,2,4:24,3,0,37,90,0,1,0,0,0,50,96,0,3,2,0,0,234,-293
2022-06-25,Demo FC 63,Welterweight,Xander Oakhurst,Ulric Yarrow,Xander Oakhurst,DEC,3,5:00,3,0,79,173,3,7,0,1,137,82,154,1,2,3,0,40,-214,175
2022-06-25,Demo FC 63,Middleweight,Xander Emberly,Kestrel Yarrow,Xander Emberly,DEC,3,5:00,3,0,66,152,4,6,1,0,325,59,130,1,1,0,1,74,-117,-102
2022-06-25,Demo FC 63,Middleweight,Hale Stonebridge,Dov Brightwater,Dov Brightwater,DEC,3,5:00,3,0,82,138,8,10,0,0,644,53,142,4,9,0,0,235,-602,434
2022-06-25,Demo FC 63,Middleweight,Orrin Fairholt,Tamsin Greywind,Orrin Fairholt,KO/TKO,2,1:18,3,0,23,53,2,3,0,1,94,21,43,1,2,0,0,66,-138,115
2022-06-25,Demo FC 63,Light Heavyweight,Cato Ashgrove,Hale Oakhurst,Hale Oakhurst,DEC,3,5:00,3,0,56,131,5,7,0,0,355,24,47,1,3,0,0,62,122,-147
2022-06-25,Demo FC 63,Light Heavyweight,Dario Juniper,Zeke Kettleby,Zeke Kettleby,S-DEC,3,5:00,3,0,29,81,2,4,0,1,140,69,149,0,0,0,0,0,-223,182
2022-06-25,Demo FC 63,Light Heavyweight,Soren Ironwood,Marek Longmire,Marek Longmire,SUB,1,4:59,3,0,10,31,1,1,0,0,82,34,57,2,4,1,0,161,883,-1664
2022-07-09,Demo FC 64,Lightweight,Gideon Yarrow,Yusuf Zeller,Yusuf Zeller,KO/TKO,1,4:16,5,0,10,40,0,1,0,0,0,21,45,1,2,0,1,88,1262,-3233
2022-07-09,Demo FC 64,Lightweight,Nilo Zeller,Xander Thornbury,Xander Thornbury,SUB,2,1:56,3,0,59,103,1,1,0,0,67,14,39,1,2,1,0,59,-110,-109
2022-07-09,Demo FC 64,Lightweight,Cato Delacroix-Venn,Gideon Eastwick,Cato Delacroix-Venn,DEC,3,5:00,3,0,103,207,5,7,0,0,403,90,195,1,4,0,1,64,-105,-114
2022-07-09,Demo FC 64,Welterweight,Galen Kettleby,Marek Ambrose,Galen Kettleby,KO/TKO,1,4:15,3,0,12,27,0,1,0,1,0,13,31,1,1,1,0,65,186,-229
2022-07-09,Demo FC 64,Welterweight,Orrin Stonebridge,Gideon Harrowgate,Gideon Harrowgate,SUB,3,3:49,3,0,56,130,2,2,1,0,139,53,122,3,5,3,0,169,986,-2024
2022-07-09,Demo FC 64,Welterweight,Faris Marchbank,Vale Ashgrove,Faris Marchbank,KO/TKO,3,0:43,3,0,53,105,0,1,2,0,0,41,103,2,6,1,0,200,-725,502
2022-07-09,Demo FC 64,Middleweight,Ulric Thornbury,Kestrel Dunmore,Kestrel Dunmore,SUB,2,0:58,3,0,0,1,0,1,1,0,0,18,42,3,3,2,1,120,937,-1845
2022-07-09,Demo FC 64,Middleweight,Dario Coldwater,Evander Dunmore,Evander Dunmore,DEC,3,5:00,3,0,34,81,3,9,0,0,305,64,134,3,6,0,0,308,313,-407
2022-07-09,Demo FC 64,Middleweight,Anselm Northcott,Idris Northcott,Anselm Northcott,KO/TKO,1,2:19,3,0,13,28,1,1,0,0,83,8,16,1,1,0,0,85,-167,138
2022-07-09,Demo FC 64,Light Heavyweight,Jory Crowhurst,Hale Thornbury,Jory Crowhurst,DEC,3,5:00,3,0,89,183,2,3,0,0,188,23,56,2,6,1,0,97,-158,132
2022-07-09,Demo FC 64,Light Heavyweight,Dario Underhill,Orrin Emberly,Orrin Emberly,DEC,3,5:00,3,0,32,72,3,6,0,0,222,46,112,8,11,0,1,720,463,-654
2022-07-09,Demo FC 64,Light Heavyweight,Tamsin Emberly,Jory Dunmore,Tamsin Emberly,DEC,3,5:00,3,0,37,99,3,3,5,1,164,58,122,2,6,1,0,205,-165,136
2022-08-06,Demo FC 65,Lightweight,Zeke Juniper,Emrys Ironwood,Emrys Ironwood,SUB,1,1:50,5,0,5,12,1,1,0,0,59,9,18,0,1,1,0,0,-107,-112
2022-08-06,Demo FC 65,Lightweight,Jasper Ambrose,Idris Emberly,Idris Emberly,KO/TKO,3,0:34,3,0,12,31,0,1,0,1,0,68,123,0,3,1,0,0,286,-367
2022-08-06,Demo FC 65,Lightweight,Ivo Delacroix-Venn,Quill Greywind,Ivo Delacroix-Venn,KO/TKO,2,1:24,3,0,36,83,0,3,0,1,0,21,45,1,2,0,0,71,-298,237
2022-08-06,Demo FC 65,Welterweight,Soren Oakhurst,Zeke Underhill,Zeke Underhill,KO/TKO,3,1:48,3,0,46,103,2,3,0,0,90,30,65,1,4,0,0,47,150,-182
2022-08-06,Demo FC 65,Welterweight,Dario Eastwick,Xander Ravensworth,Dario Eastwick,KO/TKO,1,4:13,3,0,5,20,2,2,1,2,192,19,35,0,1,0,0,0,189,-232
2022-08-06,Demo FC 65,Welterweight,Bodhi Brightwater,Brannoc Kettleby,Brannoc Kettleby,SUB,3,2:33,3,0,47,95,0,1,1,0,0,24,64,6,6,1,0,443,-107,-112
2022-08-06,Demo FC 65,Middleweight,Faris Harrowgate,Wren Pellow,Faris Harrowgate,DEC,3,5:00,3,0,56,102,0,4,0,0,0,13,47,1,4,2,1,90,-228,186
2022-08-06,Demo FC 65,Middleweight,Dario Zeller,Evander Ravensworth,Dario Zeller,SUB,1,1:31,3,0,3,8,0,1,1,0,0,4,11,0,0,0,0,0,-587,425
2022-08-06,Demo FC 65,Middleweight,Dov Thornbury,Quill Oakhurst,Dov Thornbury,DEC,3,5:00,3,0,51,101,7,8,1,0,709,68,131,3,4,2,0,188,120,-145
2022-08-06,Demo FC 65,Light Heavyweight,Hale Zeller,Cyrus Yarrow,Cyrus Yarrow,DEC,3,5:00,3,0,51,124,5,9,1,0,200,75,150,1,2,1,0,46,161,-196
2022-08-06,Demo FC 65,Light Heavyweight,Wren Oakhurst,Evander Greywind,Wren Oakhurst,DEC,3,5:00,3,0,105,228,5,8,1,0,406,27,71,3,3,0,1,287,-914,596
2022-08-06,Demo FC 65,Light Heavyweight,Bodhi Northcott,Hollis Oakhurst,Bodhi Northcott,SUB,1,3:56,3,0,23,46,1,1,1,0,46,11,28,2,2,0,0,99,-128,106
2022-09-03,Demo FC 66,Lightweight,Aren Pellow,Bodhi Kettleby,Bodhi Kettleby,DEC,5,5:00,5,0,45,106,3,5,0,0,180,98,231,7,18,3,1,553,417,-574
2022-09-03,Demo FC 66,Lightweight,Ivo Ashgrove,Hollis Harrowgate,Ivo Ashgrove,SUB,1,4:10,3,0,9,29,0,1,1,0,0,15,37,0,2,0,0,0,473,-672
2022-09-03,Demo FC 66,Lightweight,Brannoc Crowhurst,Faris Ravensworth,Brannoc Crowhurst,SUB,3,1:00,3,0,46,89,6,7,2,0,460,29,66,1,2,0,0,41,-3233,1814
2022-09-03,Demo FC 66,Welterweight,Ulric Underhill,Galen Ashgrove,Galen Ashgrove,KO/TKO,1,4:16,3,0,7,25,1,1,0,0,104,30,49,0,1,1,1,0,821,-1474
2022-09-03,Demo FC 66,Welterweight,Hollis Pellow,Marek Zeller,Marek Zeller,DEC,3,5:00,3,0,78,151,4,5,0,0,335,37,100,2,4,0,1,188,-357,279
2022-09-03,Demo FC 66,Welterweight,Evander Marchbank,Hollis Zeller,Evander Marchbank,DEC,3,5:00,3,0,67,137,0,4,1,1,0,40,102,5,6,2,0,237,-138,115
2022-09-03,Demo FC 66,Middleweight,Hollis Ashgrove,Kestrel Ironwood,Hollis Ashgrove,DEC,3,5:00,3,0,83,156,2,4,2,0,142,63,159,1,4,0,0,98,-672,473
2022-09-03,Demo FC 66,Middleweight,Emrys Brightwater,Anselm Stonebridge,Emrys Brightwater,DEC,3,5:00,3,0,93,194,0,3,0,0,0,92,191,0,3,1,3,0,329,-432
2022-09-03,Demo FC 66,Middleweight,Aren Greywind,Orrin Varga,Orrin Varga,KO/TKO,2,1:56,3,0,22,58,0,1,1,0,0,47,78,0,1,1,1,0,214,-265
2022-09-03,Demo FC 66,Light Heavyweight,Dario Quarry,Nilo Ravensworth,Nilo Ravensworth,KO/TKO,3,4:27,3,0,30,73,1,3,1,1,73,21,82,1,4,1,1,101,-626,447
2022-09-03,Demo FC 66,Light Heavyweight,Brannoc Ironwood,Emrys Greywind,Brannoc Ironwood,KO/TKO,2,0:43,3,0,23,61,0,1,0,1,0,28,65,1,2,0,0,66,125,-151
2022-09-03,Demo FC 66,Light Heavyweight,Ulric Crowhurst,Galen Longmire,Galen Longmire,SUB,1,1:43,3,0,5,12,0,1,0,0,0,7,16,1,1,1,0,68,392,-532
2022-10-01,Demo FC 67,Lightweight,Jory Westbrook,Jasper Ashgrove,Jasper Ashgrove,SUB,3,2:43,5,0,46,101,0,3,0,1,0,47,102,1,2,2,1,78,261,-332
2022-10-01,Demo FC 67,Lightweight,Emrys Crowhurst,Dario Ambrose,Dario Ambrose,S-DEC,3,5:00,3,0,66,127,0,1,1,0,0,81,183,0,3,0,0,0,519,-758
2022-10-01,Demo FC 67,Lightweight,Rune Oakhurst,Jory Varga,Rune Oakhurst,KO/TKO,1,2:31,3,0,22,33,0,1,0,0,0,4,14,0,1,0,0,0,-3233,1814
2022-10-01,Demo FC 67,Welterweight,Zeke Delacroix-Venn,Xander Westbrook,Xander Westbrook,DEC,3,5:00,3,0,29,70,1,3,0,3,51,71,151,5,6,0,0,283,152,-184
2022-10-01,Demo FC 67,Welterweight,Lazlo Delacroix-Venn,Marek Westbrook,Marek Westbrook,DEC,3,5:00,3,0,0,0,4,4,1,0,233,48,98,4,8,1,0,299,1302,-3233
2022-10-01,Demo FC 67,Welterweight,Jory Harrowgate,Anselm Quarry,Anselm Quarry,DEC,3,5:00,3,0,71,167,3,5,1,1,270,51,143,7,8,1,0,601,187,-230
2022-10-01,Demo FC 67,Middleweight,Soren Zeller,Wren Westbrook,Wren Westbrook,DEC,3,5:00,3,0,41,97,4,6,0,0,356,59,123,0,2,2,1,0,225,-281
2022-10-01,Demo FC 67,Middleweight,Pax Yarrow,Orrin Quarry,Pax Yarrow,KO/TKO,2,1:15,3,0,37,78,1,2,1,1,106,29,67,1,2,1,0,68,-593,428
2022-10-01,Demo FC 67,Middleweight,Xander Greywind,Soren Thornbury,Soren Thornbury,DEC,3,5:00,3,0,30,67,3,6,1,0,241,65,143,3,8,0,0,130,421,-581
2022-10-01,Demo FC 67,Light Heavyweight,Xander Delacroix-Venn,Ivo Kettleby,Ivo Kettleby,SUB,3,3:56,3,0,24,63,2,3,1,0,101,101,184,3,5,3,0,267,301,-389
2022-10-01,Demo FC 67,Light Heavyweight,Cyrus Coldwater,Cato Underhill,Cyrus Coldwater,S-DEC,3,5:00,3,0,22,63,6,8,1,0,279,59,130,0,1,0,0,0,-526,388
2022-10-01,Demo FC 67,Light Heavyweight,Jory Fairholt,Jasper Longmire,Jory Fairholt,DEC,3,5:00,3,0,44,98,2,8,0,0,157,50,131,8,9,0,0,600,240,-302
2022-10-15,Demo FC 68,Lightweight,Ulric Emberly,Dov Harrowgate,Dov Harrowgate,KO/TKO,2,2:36,5,0,33,73,0,1,0,0,0,17,40,0,2,0,0,0,-357,279
2022-10-15,Demo FC 68,Lightweight,Orrin Zeller,Pax Ambrose,Orrin Zeller,DEC,3,5:00,3,0,74,144,7,10,0,0,425,49,140,1,4,0,0,75,-1496,829
2022-10-15,Demo FC 68,Lightweight,Anselm Eastwick,Aren Coldwater,Aren Coldwater,KO/TKO,1,2:09,3,0,10,21,0,1,0,0,0,5,14,0,1,0,1,0,-244,198
2022-10-15,Demo FC 68,Welterweight,Pax Ravensworth,Brannoc Juniper,Brannoc Juniper,SUB,1,2:19,3,0,10,23,0,0,0,0,0,6,13,0,0,1,0,0,107,-129
2022-10-15,Demo FC 68,Welterweight,Ulric Yarrow,Cyrus Harrowgate,Ulric Yarrow,S-DEC,3,5:00,3,0,65,162,4,6,3,0,229,81,161,0,4,0,0,0,409,-561
2022-10-15,Demo FC 68,Welterweight,Kestrel Eastwick,Marek Thornbury,Kestrel Eastwick,SUB,2,3:46,3,0,19,51,4,5,1,0,354,28,53,3,4,0,0,181,-795,538
2022-10-15,Demo FC 68,Middleweight,Wren Crowhurst,Hale Stonebridge,Hale Stonebridge,DEC,3,5:00,3,0,37,97,3,5,3,0,126,90,159,7,11,0,0,638,425,-588
2022-10-15,Demo FC 68,Middleweight,Xander Emberly,Orrin Fairholt,Orrin Fairholt,KO/TKO,1,3:19,3,0,11,23,1,1,0,0,43,10,24,1,2,0,1,43,348,-461
2022-10-15,Demo FC 68,Middleweight,Kestrel Yarrow,Marek Quarry,Kestrel Yarrow,SUB,1,1:15,3,0,6,14,0,0,1,0,0,2,7,0,0,0,0,0,-132,110
2022-10-15,Demo FC 68,Light Heavyweight,Soren Ironwood,Hale Oakhurst,Soren Ironwood,KO/TKO,1,0:27,3,0,2,4,0,0,0,1,0,1,3,0,0,0,0,0,-122,102
2022-10-15,Demo FC 68,Light Heavyweight,Lazlo Underhill,Dario Juniper,Lazlo Underhill,KO/TKO,2,0:20,3,0,18,47,1,2,1,0,81,21,48,1,2,0,0,50,-775,528
2022-10-15,Demo FC 68,Light Heavyweight,Orrin Coldwater,Orrin Harrowgate,Orrin Harrowgate,KO/TKO,1,0:26,3,0,1,3,0,0,0,0,0,1,3,0,0,0,1,0,203,-251
2022-10-29,Demo FC 69,Lightweight,Nilo Zeller,Yusuf Zeller,Nilo Zeller,KO/TKO,1,3:52,5,0,17,46,0,1,0,1,0,17,38,1,2,0,0,107,-122,102
2022-10-29,Demo FC 69,Lightweight,Gideon Yarrow,Cato Delacroix-Venn,Cato Delacroix-Venn,KO/TKO,2,2:00,3,0,25,61,0,2,0,0,0,39,85,2,2,1,1,180,1324,-3233
2022-10-29,Demo FC 69,Lightweight,Fenn Stonebridge,Gideon Eastwick,Gideon Eastwick,KO/TKO,2,0:43,3,0,5,17,1,1,0,0,97,40,83,1,1,0,1,67,712,-1180
2022-10-29,Demo FC 69,Welterweight,Marek Ambrose,Faris Marchbank,Faris Marchbank,SUB,1,2:09,3,0,5,12,0,1,0,0,0,12,23,0,0,1,0,0,196,-241
2022-10-29,Demo FC 69,Welterweight,Orrin Stonebridge,Galen Kettleby,Orrin Stonebridge,DEC,3,5:00,3,0,47,128,0,3,1,0,0,58,109,3,4,0,0,236,-111,-108
2022-10-29,Demo FC 69,Welterweight,Yusuf Ironwood,Xander Oakhurst,Yusuf Ironwood,SUB,2,3:32,3,0,38,76,1,3,1,0,42,20,64,3,4,0,0,228,-344,270
2022-10-29,Demo FC 69,Middleweight,Kestrel Dunmore,Ulric Thornbury,Kestrel Dunmore,KO/TKO,3,2:19,3,0,56,111,4,5,1,1,189,21,56,0,1,0,0,0,-2170,1023
2022-10-29,Demo FC 69,Middleweight,Evander Dunmore,Dario Coldwater,Dario Coldwater,KO/TKO,3,0:10,3,0,40,98,0,4,0,0,0,15,34,3,4,0,0,151,-466,351
2022-10-29,Demo FC 69,Middleweight,Dov Brightwater,Anselm Northcott,Anselm Northcott,DEC,3,5:00,3,0,57,153,4,7,1,0,436,55,123,4,6,0,1,191,229,-286
2022-10-29,Demo FC 69,Light Heavyweight,Lazlo Stonebridge,Jory Kettleby,Jory Kettleby,DEC,3,5:00,3,0,65,148,1,3,8,0,52,66,161,4,6,5,0,351,705,-1161
2022-10-29,Demo FC 69,Light Heavyweight,Dario Underhill,Hale Thornbury,Dario Underhill,DEC,3,5:00,3,0,35,86,6,7,0,1,287,21,54,0,1,0,0,0,-234,191
2022-10-29,Demo FC 69,Light Heavyweight,Tamsin Emberly,Jory Crowhurst,Tamsin Emberly,DEC,3,5:00,3,0,37,93,2,5,6,1,186,67,136,1,4,0,0,83,-371,289
2022-11-19,Demo FC 70,Lightweight,Zeke Juniper,Jasper Ambrose,Zeke Juniper,KO/TKO,1,0:17,5,0,1,3,0,0,0,0,0,0,1,0,0,0,0,0,-1053,659
2022-11-19,Demo FC 70,Lightweight,Wren Juniper,Ivo Delacroix-Venn,Wren Juniper,DEC,3,5:00,3,0,93,147,1,3,0,0,93,59,137,0,2,1,0,0,-131,109
2022-11-19,Demo FC 70,Lightweight,Anselm Ironwood,Emrys Ironwood,Anselm Ironwood,DEC,3,5:00,3,0,63,149,0,2,2,0,0,68,147,2,4,0,0,117,-157,130
2022-11-19,Demo FC 70,Welterweight,Xander Ravensworth,Soren Oakhurst,Soren Oakhurst,KO/TKO,2,3:39,3,0,60,100,0,0,1,0,0,29,70,0,1,0,1,0,-2818,1161
2022-11-19,Demo FC 70,Welterweight,Zeke Underhill,Bodhi Brightwater,Bodhi Brightwater,SUB,1,1:37,3,0,8,17,1,1,0,0,44,5,13,0,0,1,0,0,-156,129
2022-11-19,Demo FC 70,Welterweight,Emrys Thornbury,Dario Eastwick,Dario Eastwick,KO/TKO,1,0:23,3,0,0,1,0,0,0,0,0,0,1,0,0,0,1,0,125,-150
2022-11-19,Demo FC 70,Middleweight,Evander Ravensworth,Faris Harrowgate,Faris Harrowgate,S-DEC,3,5:00,3,0,46,87,2,2,0,1,123,41,91,0,0,0,0,0,-262,211
2022-11-19,Demo FC 70,Middleweight,Idris Northcott,Dario Zeller,Idris Northcott,SUB,1,2:24,3,0,14,24,0,1,1,0,0,7,17,1,1,0,0,79,-255,206
2022-11-19,Demo FC 70,Middleweight,Quill Oakhurst,Dov Thornbury,Quill Oakhurst,KO/TKO,3,2:57,3,0,58,103,3,3,0,1,129,52,117,7,9,1,1,621,-272,219
2022-11-19,Demo FC 70,Light Heavyweight,Evander Greywind,Hale Zeller,Hale Zeller,SUB,2,2:57,3,0,23,61,0,2,0,0,0,35,78,1,3,1,0,84,-125,104
2022-11-19,Demo FC 70,Light Heavyweight,Hollis Oakhurst,Cyrus Yarrow,Hollis Oakhurst,KO/TKO,2,2:32,3,0,25,62,2,3,0,1,198,55,109,0,2,0,0,0,115,-138
2022-11-19,Demo FC 70,Light Heavyweight,Jory Dunmore,Marek Longmire,Marek Longmire,SUB,3,3:05,3,0,28,106,3,5,0,0,247,58,139,6,7,1,0,355,487,-698
2022-12-17,Demo FC 71,Lightweight,Idris Emberly,Quill Greywind,Idris Emberly,KO/TKO,1,2:19,5,0,11,28,0,0,0,1,0,10,24,0,0,0,0,0,308,-400
2022-12-17,Demo FC 71,Lightweight,Rune Thornbury,Pax Greywind,Pax Greywind,KO/TKO,3,1:41,3,0,21,60,0,3,2,0,0,56,110,3,6,3,1,323,450,-632
2022-12-17,Demo FC 71,Lightweight,Bodhi Kettleby,Hollis Dunmore,Bodhi Kettleby,DEC,3,5:00,3,0,51,103,4,7,2,0,223,42,96,2,2,0,0,86,-270,217
2022-12-17,Demo FC 71,Welterweight,Ulric Underhill,Hollis Pellow,Hollis Pellow,DEC,3,5:00,3,0,12,53,1,2,1,0,44,93,154,2,5,1,0,153,630,-987
2022-12-17,Demo FC 71,Welterweight,Rune Northcott,Yusuf Longmire,Yusuf Longmire,DEC,3,5:00,3,0,4,8,0,3,0,3,0,46,89,7,7,3,0,506,328,-429
2022-12-17,Demo FC 71,Welterweight,Brannoc Kettleby,Hollis Zeller,Hollis Zeller,KO/TKO,3,1:21,3,0,36,79,2,4,1,1,153,29,75,1,4,0,1,102,114,-137
2022-12-17,Demo FC 71,Middleweight,Aren Greywind,Kestrel Ironwood,Kestrel Ironwood,KO/TKO,2,1:56,3,0,14,36,0,1,0,0,0,21,59,0,1,0,1,0,168,-205
2022-12-17,Demo FC 71,Middleweight,Orrin Varga,Emrys Brightwater,Emrys Brightwater,KO/TKO,1,4:14,3,0,21,52,0,0,0,0,0,19,43,0,1,0,1,0,140,-169
2022-12-17,Demo FC 71,Middleweight,Anselm Stonebridge,Jasper Quarry,Anselm Stonebridge,DEC,3,5:00,3,0,66,176,0,4,1,0,0,69,172,1,5,0,0,74,-102,-117
2022-12-17,Demo FC 71,Light Heavyweight,Ulric Crowhurst,Emrys Greywind,Emrys Greywind,SUB,2,2:49,3,0,24,59,2,3,1,0,129,32,75,2,3,1,0,143,120,-144
2022-12-17,Demo FC 71,Light Heavyweight,Nilo Ravensworth,Brannoc Ironwood,Brannoc Ironwood,KO/TKO,3,3:12,3,0,22,65,0,1,3,0,0,81,156,1,1,3,0,60,1814,-3233
2022-12-17,Demo FC 71,Light Heavyweight,Orrin Emberly,Bodhi Northcott,Orrin Emberly,DEC,3,5:00,3,0,46,144,6,11,0,2,277,84,162,3,5,0,0,175,-246,199
2023-01-14,Demo FC 72,Lightweight,Idris Dunmore,Faris Ravensworth,Idris Dunmore,SUB,1,1:00,5,0,1,4,1,1,1,0,48,3,8,0,0,0,0,0,-3233,1545
2023-01-14,Demo FC 72,Lightweight,Dario Ambrose,Jory Westbrook,Dario Ambrose,S-DEC,3,5:00,3,0,82,159,3,6,1,0,167,77,162,0,4,1,0,0,-1380,788
2023-01-14,Demo FC 72,Lightweight,Jasper Ashgrove,Emrys Crowhurst,Jasper Ashgrove,DEC,3,5:00,3,0,70,159,1,2,3,1,106,94,143,0,3,1,1,0,-117,-102
2023-01-14,Demo FC 72,Welterweight,Zeke Delacroix-Venn,Lazlo Delacroix-Venn,Zeke Delacroix-Venn,DEC,3,5:00,3,0,46,88,1,2,0,1,65,25,86,2,5,0,0,96,-319,253
2023-01-14,Demo FC 72,Welterweight,Xander Westbrook,Marek Zeller,Xander Westbrook,DEC,3,5:00,3,0,91,169,2,4,0,0,111,34,82,3,5,1,0,314,-188,155
2023-01-14,Demo FC 72,Welterweight,Gideon Harrowgate,Wren Northcott,Gideon Harrowgate,KO/TKO,1,4:37,3,0,23,48,0,1,0,0,0,20,56,1,2,0,0,48,-440,335
2023-01-14,Demo FC 72,Middleweight,Soren Zeller,Xander Greywind,Soren Zeller,KO/TKO,3,4:15,3,0,37,75,3,6,0,0,299,48,101,3,4,0,0,187,107,-129
2023-01-14,Demo FC 72,Middleweight,Zeke Blackthorn,Pax Yarrow,Pax Yarrow,KO/TKO,1,0:10,3,0,0,1,0,0,0,0,0,0,1,0,0,0,1,0,107,-128
2023-01-14,Demo FC 72,Middleweight,Wren Westbrook,Hollis Ashgrove,Wren Westbrook,KO/TKO,3,4:15,3,0,38,84,1,3,1,0,98,44,98,0,2,1,0,0,104,-125
2023-01-14,Demo FC 72,Light Heavyweight,Cato Underhill,Jory Fairholt,Jory Fairholt,S-DEC,3,5:00,3,0,19,55,1,2,0,0,58,80,178,8,8,1,0,409,1814,-3233
2023-01-14,Demo FC 72,Light Heavyweight,Xander Delacroix-Venn,Ivo Kettleby,Ivo Kettleby,DEC,3,5:00,3,0,39,90,3,6,0,0,125,98,201,1,3,2,0,47,765,-1316
2023-01-14,Demo FC 72,Light Heavyweight,Cyrus Coldwater,Wren Oakhurst,Wren Oakhurst,DEC,3,5:00,3,0,18,54,3,5,0,0,280,130,214,4,8,1,0,296,1345,-3233
2023-02-04,Demo FC 73,Lightweight,Pax Ambrose,Jory Varga,Pax Ambrose,DEC,5,5:00,5,0,111,194,0,0,0,0,0,64,174,1,6,1,1,81,-144,120
2023-02-04,Demo FC 73,Lightweight,Ulric Emberly,Ivo Ashgrove,Ulric Emberly,DEC,3,5:00,3,0,73,149,2,3,0,0,158,41,90,2,5,1,0,80,-202,166
2023-02-04,Demo FC 73,Lightweight,Hollis Harrowgate,Dov Harrowgate,Hollis Harrowgate,DEC,3,5:00,3,0,69,159,4,7,0,0,399,29,80,2,6,0,0,148,-254,205
2023-02-04,Demo FC 73,Welterweight,Pax Ravensworth,Marek Thornbury,Marek Thornbury,DEC,3,5:00,3,0,75,183,1,2,0,0,41,53,124,3,4,2,0,187,-126,105
2023-02-04,Demo FC 73,Welterweight,Brannoc Juniper,Brannoc Oakhurst,Brannoc Oakhurst,DEC,3,5:00,3,0,76,204,1,3,0,1,60,69,122,0,2,1,0,0,-104,-115
2023-02-04,Demo FC 73,Welterweight,Galen Ashgrove,Cyrus Harrowgate,Cyrus Harrowgate,SUB,3,2:41,3,0,64,171,1,1,0,0,104,109,183,5,7,2,0,426,588,-896
2023-02-04,Demo FC 73,Middleweight,Xander Emberly,Wren Crowhurst,Wren Crowhurst,DEC,3,5:00,3,0,44,103,6,7,0,0,655,86,183,4,5,1,1,392,265,-337
2023-02-04,Demo FC 73,Middleweight,Kestrel Yarrow,Hale Stonebridge,Hale Stonebridge,DEC,3,5:00,3,0,31,71,1,2,0,1,70,88,139,7,9,0,0,698,958,-1919
2023-02-04,Demo FC 73,Middleweight,Marek Quarry,Soren Thornbury,Soren Thornbury,DEC,3,5:00,3,0,55,138,1,3,3,2,49,57,137,4,8,0,0,308,221,-275
2023-02-04,Demo FC 73,Light Heavyweight,Hale Oakhurst,Orrin Coldwater,Hale Oakhurst,KO/TKO,2,2:07,3,0,31,70,1,2,0,1,47,28,58,1,1,0,0,109,880,-1653
2023-02-04,Demo FC 73,Light Heavyweight,Zeke Fairholt,Soren Ironwood,Zeke Fairholt,DEC,3,5:00,3,0,75,154,1,3,0,1,62,60,126,2,4,0,0,96,-413,317
2023-02-04,Demo FC 73,Light Heavyweight,Jasper Longmire,Jasper Blackthorn,Jasper Blackthorn,KO/TKO,1,3:24,3,0,18,40,1,2,1,0,90,12,21,1,1,0,1,81,-162,134
2023-02-25,Demo FC 74,Lightweight,Nilo Zeller,Cato Delacroix-Venn,Nilo Zeller,SUB,1,1:09,5,0,4,12,0,0,1,0,0,6,13,0,0,0,0,0,-246,199
2023-02-25,Demo FC 74,Lightweight,Gideon Eastwick,Yusuf Zeller,Yusuf Zeller,KO/TKO,2,4:32,3,0,48,113,3,3,0,1,141,35,80,1,4,1,1,71,-112,-107
2023-02-25,Demo FC 74,Lightweight,Xander Thornbury,Orrin Zeller,Orrin Zeller,S-DEC,3,5:00,3,0,58,124,0,3,2,0,0,101,168,7,10,0,0,343,-111,-108
2023-02-25,Demo FC 74,Welterweight,Marek Ambrose,Orrin Stonebridge,Orrin Stonebridge,KO/TKO,1,4:13,3,0,14,34,1,1,0,0,59,24,48,1,1,0,0,98,-377,293
2023-02-25,Demo FC 74,Welterweight,Galen Kettleby,Ulric Yarrow,Ulric Yarrow,SUB,2,1:46,3,0,26,65,0,1,0,0,0,20,35,1,3,2,0,64,125,-150
2023-02-25,Demo FC 74,Welterweight,Faris Marchbank,Xander Oakhurst,Faris Marchbank,S-DEC,3,5:00,3,0,78,161,1,4,2,0,84,71,176,2,8,1,0,171,-164,136
2023-02-25,Demo FC 74,Middleweight,Ulric Thornbury,Evander Dunmore,Evander Dunmore,DEC,3,5:00,3,0,51,109,0,3,0,0,0,55,104,2,5,2,0,166,414,-569
2023-02-25,Demo FC 74,Middleweight,Kestrel Dunmore,Dario Coldwater,Kestrel Dunmore,KO/TKO,1,0:43,3,0,2,6,0,0,0,1,0,0,1,0,0,0,0,0,-675,475
2023-02-25,Demo FC 74,Middleweight,Dov Brightwater,Anselm Northcott,Anselm Northcott,KO/TKO,2,2:24,3,0,13,51,2,3,0,1,124,34,83,1,2,0,0,54,127,-152
2023-02-25,Demo FC 74,Light Heavyweight,Hale Thornbury,Jory Crowhurst,Jory Crowhurst,DEC,3,5:00,3,0,22,55,0,3,2,0,0,82,138,2,3,0,0,90,253,-319
2023-02-25,Demo FC 74,Light Heavyweight,Dario Underhill,Lazlo Stonebridge,Dario Underhill,DEC,3,5:00,3,0,50,116,8,9,0,0,600,41,82,0,3,1,0,0,-136,114
2023-02-25,Demo FC 74,Light Heavyweight,Tamsin Emberly,Vale Quarry,Tamsin Emberly,SUB,3,1:46,3,0,13,38,1,3,3,0,85,49,79,4,5,0,0,301,-556,406
2023-03-11,Demo FC 75,Lightweight,Emrys Ironwood,Zeke Juniper,Zeke Juniper,KO/TKO,3,3:27,5,0,78,160,1,2,1,0,50,50,117,3,4,0,1,271,-143,119
2023-03-11,Demo FC 75,Lightweight,Ivo Delacroix-Venn,Wren Juniper,Ivo Delacroix-Venn,DEC,3,5:00,3,0,68,166,6,10,0,0,534,87,186,2,3,2,0,164,-107,-112
2023-03-11,Demo FC 75,Lightweight,Anselm Eastwick,Brannoc Crowhurst,Brannoc Crowhurst,SUB,3,1:28,3,0,41,82,1,3,1,0,105,42,97,4,7,3,0,358,244,-307
2023-03-11,Demo FC 75,Welterweight,Zeke Underhill,Emrys Thornbury,Zeke Underhill,KO/TKO,3,4:16,3,0,64,128,5,7,0,0,274,56,119,0,1,0,0,0,-175,145
2023-03-11,Demo FC 75,Welterweight,Soren Oakhurst,Cato Oakhurst,Cato Oakhurst,DEC,3,5:00,3,0,52,147,2,3,0,1,185,93,198,0,1,1,0,0,223,-277
2023-03-11,Demo FC 75,Welterweight,Bodhi Brightwater,Kestrel Eastwick,Kestrel Eastwick,SUB,1,4:56,3,0,12,31,0,1,0,0,0,12,34,2,3,1,0,201,173,-211
2023-03-11,Demo FC 75,Middleweight,Evander Ravensworth,Quill Oakhurst,Quill Oakhurst,DEC,3,5:00,3,0,80,167,1,2,0,1,62,88,164,2,4,0,2,92,435,-604
2023-03-11,Demo FC 75,Middleweight,Dario Zeller,Dov Thornbury,Dario Zeller,DEC,3,5:00,3,0,50,102,3,4,2,1,216,41,109,4,7,2,1,169,126,-152
2023-03-11,Demo FC 75,Middleweight,Faris Harrowgate,Ulric Longmire,Ulric Longmire,DEC,3,5:00,3,0,56,163,1,3,0,0,72,98,183,0,2,0,0,0,1814,-3233
2023-03-11,Demo FC 75,Light Heavyweight,Evander Greywind,Cyrus Yarrow,Evander Greywind,DEC,3,5:00,3,0,41,132,2,3,0,1,204,87,165,0,0,1,2,0,223,-278
2023-03-11,Demo FC 75,Light Heavyweight,Hale Zeller,Zeke Kettleby,Hale Zeller,SUB,2,3:03,3,0,43,100,1,4,1,0,60,30,64,2,3,0,0,160,-272,219
2023-03-11,Demo FC 75,Light Heavyweight,Hollis Oakhurst,Jory Kettleby,Jory Kettleby,SUB,2,3:01,3,0,28,56,2,4,0,1,101,32,77,1,3,1,0,97,198,-245
2023-03-25,Demo FC 76,Lightweight,Anselm Ironwood,Vale Thornbury,Anselm Ironwood,S-DEC,5,5:00,5,0,62,124,1,5,2,0,47,136,283,2,3,1,2,119,630,-987
2023-03-25,Demo FC 76,Lightweight,Marek Crowhurst,Cyrus Ravensworth,Marek Crowhurst,KO/TKO,1,1:09,3,0,4,8,1,1,0,1,55,3,8,0,0,0,0,0,-787,534
2023-03-25,Demo FC 76,Lightweight,Yusuf Harrowgate,Rune Oakhurst,Rune Oakhurst,KO/TKO,2,4:24,3,0,44,98,2,3,2,0,84,51,110,3,5,1,0,323,1147,-2744
2023-03-25,Demo FC 76,Welterweight,Yusuf Ironwood,Ivo Greywind,Yusuf Ironwood,DEC,3,5:00,3,0,155,247,4,5,0,0,293,40,91,0,2,0,0,0,-2347,1065
2023-03-25,Demo FC 76,Welterweight,Marek Westbrook,Dario Eastwick,Marek Westbrook,SUB,1,3:38,3,0,22,37,1,1,1,0,101,3,14,2,2,0,0,174,-123,102
2023-03-25,Demo FC 76,Welterweight,Jory Harrowgate,Evander Marchbank,Evander Marchbank,S-DEC,3,5:00,3,0,81,160,3,5,1,0,132,48,116,0,1,0,0,0,-360,281
2023-03-25,Demo FC 76,Middleweight,Marek Ashgrove,Idris Northcott,Idris Northcott,DEC,3,5:00,3,0,31,75,0,0,6,1,0,87,159,4,6,0,0,269,1032,-2207
2023-03-25,Demo FC 76,Middleweight,Orrin Fairholt,Quill Thornbury,Quill Thornbury,DEC,3,5:00,3,0,84,175,4,8,0,2,213,90,174,2,4,0,1,128,214,-266
2023-03-25,Demo FC 76,Middleweight,Orrin Dunmore,Galen Thornbury,Orrin Dunmore,S-DEC,3,5:00,3,0,49,97,4,5,1,0,427,60,134,2,6,0,0,180,-269,216
2023-03-25,Demo FC 76,Light Heavyweight,Jory Dunmore,Gideon Marchbank,Gideon Marchbank,S-DEC,3,5:00,3,0,74,146,4,5,0,1,356,47,94,3,5,0,1,129,-145,120
2023-03-25,Demo FC 76,Light Heavyweight,Rune Ambrose,Marek Longmire,Marek Longmire,DEC,3,5:00,3,0,71,157,2,3,2,0,189,97,203,7,10,2,0,539,525,-770
2023-03-25,Demo FC 76,Light Heavyweight,Vale Harrowgate,Galen Longmire,Galen Longmire,DEC,3,5:00,3,0,51,127,0,3,0,1,0,76,202,7,11,1,0,287,542,-802
2023-04-15,Demo FC 77,Lightweight,Rune Thornbury,Bodhi Kettleby,Bodhi Kettleby,S-DEC,5,5:00,5,0,6,18,3,8,3,1,220,79,158,6,14,0,0,305,452,-634
2023-04-15,Demo FC 77,Lightweight,Hollis Dunmore,Idris Emberly,Hollis Dunmore,DEC,3,5:00,3,0,59,143,3,4,0,1,300,60,105,0,4,0,0,0,103,-124
2023-04-15,Demo FC 77,Lightweight,Pax Greywind,Aren Coldwater,Aren Coldwater,KO/TKO,2,2:26,3,0,28,55,3,3,1,0,171,21,41,0,2,1,1,0,-728,503
2023-04-15,Demo FC 77,Welterweight,Ulric Underhill,Brannoc Kettleby,Brannoc Kettleby,DEC,3,5:00,3,0,34,83,2,3,0,0,115,15,41,0,4,0,1,0,229,-286
2023-04-15,Demo FC 77,Welterweight,Yusuf Longmire,Rune Northcott,Yusuf Longmire,S-DEC,3,5:00,3,0,24,57,4,4,1,0,424,18,38,0,2,0,0,0,-762,521
2023-04-15,Demo FC 77,Welterweight,Hollis Pellow,Fenn Marchbank,Fenn Marchbank,DEC,3,5:00,3,0,49,137,4,6,0,2,235,41,91,2,5,1,0,118,199,-246
2023-04-15,Demo FC 77,Middleweight,Anselm Stonebridge,Kestrel Ironwood,Anselm Stonebridge,DEC,3,5:00,3,0,102,174,1,3,1,0,42,37,102,4,5,1,0,370,-1693,892
2023-04-15,Demo FC 77,Middleweight,Jasper Quarry,Orrin Varga,Jasper Quarry,DEC,3,5:00,3,0,124,202,0,1,0,1,0,61,141,0,5,1,1,0,-380,295
2023-04-15,Demo FC 77,Middleweight,Lazlo Quarry,Emrys Brightwater,Lazlo Quarry,KO/TKO,1,4:32,3,0,25,58,1,2,0,0,92,29,57,0,1,1,1,0,-115,-104
2023-04-15,Demo FC 77,Light Heavyweight,Nilo Ravensworth,Ulric Crowhurst,Ulric Crowhurst,KO/TKO,2,3:16,3,0,11,44,0,2,2,0,0,35,62,0,3,0,1,0,1814,-3233
2023-04-15,Demo FC 77,Light Heavyweight,Emrys Greywind,Brannoc Ironwood,Emrys Greywind,DEC,3,5:00,3,0,58,140,1,4,4,0,90,77,193,0,5,3,0,0,-250,203
2023-04-15,Demo FC 77,Light Heavyweight,Orrin Emberly,Bodhi Northcott,Orrin Emberly,DEC,3,5:00,3,0,54,131,3,11,0,1,269,57,109,1,3,0,0,62,-119,-101
2023-05-13,Demo FC 78,Lightweight,Emrys Crowhurst,Jasper Ashgrove,Emrys Crowhurst,DEC,5,5:00,5,0,163,313,0,5,1,0,0,38,116,3,4,1,0,265,-156,129
2023-05-13,Demo FC 78,Lightweight,Jory Westbrook,Faris Ravensworth,Jory Westbrook,SUB,1,3:36,3,0,14,33,0,0,1,0,0,17,38,0,1,0,0,0,-157,131
2023-05-13,Demo FC 78,Lightweight,Idris Dunmore,Dario Ambrose,Dario Ambrose,SUB,3,4:59,3,0,68,158,8,11,0,0,428,50,100,3,5,3,1,253,-168,139
2023-05-13,Demo FC 78,Welterweight,Marek Zeller,Zeke Delacroix-Venn,Zeke Delacroix-Venn,S-DEC,3,5:00,3,0,50,135,2,6,0,0,211,51,105,0,3,0,3,0,-238,194
2023-05-13,Demo FC 78,Welterweight,Wren Northcott,Anselm Quarry,Anselm Quarry,SUB,1,3:57,3,0,10,25,1,2,0,0,41,16,40,1,2,1,0,104,416,-572
2023-05-13,Demo FC 78,Welterweight,Hollis Zeller,Soren Juniper,Soren Juniper,KO/TKO,1,2:28,3,0,4,13,0,1,0,0,0,12,25,0,0,0,1,0,1321,-3233
2023-05-13,Demo FC 78,Middleweight,Soren Zeller,Zeke Blackthorn,Soren Zeller,KO/TKO,2,3:32,3,0,23,57,1,3,0,1,95,20,53,1,2,1,0,97,155,-188
2023-05-13,Demo FC 78,Middleweight,Xander Greywind,Hollis Ashgrove,Hollis Ashgrove,DEC,3,5:00,3,0,54,134,3,7,0,0,253,65,151,0,4,0,0,0,309,-401
2023-05-13,Demo FC 78,Middleweight,Soren Underhill,Wren Westbrook,Soren Underhill,DEC,3,5:00,3,0,105,170,2,3,0,3,158,94,182,1,3,2,2,70,-144,119
2023-05-13,Demo FC 78,Light Heavyweight,Cato Underhill,Dov Ambrose,Dov Ambrose,KO/TKO,1,2:19,3,0,3,12,0,0,0,0,0,6,19,1,1,0,1,68,169,-206
2023-05-13,Demo FC 78,Light Heavyweight,Ivo Kettleby,Cyrus Coldwater,Ivo Kettleby,DEC,3,5:00,3,0,110,179,2,2,3,1,85,19,76,2,8,1,1,134,-1699,894
2023-05-13,Demo FC 78,Light Heavyweight,Wren Oakhurst,Jory Fairholt,Wren Oakhurst,DEC,3,5:00,3,0,49,97,8,10,1,0,504,42,100,4,9,0,0,270,-1087,674
2023-06-10,Demo FC 79,Lightweight,Nilo Zeller,Dov Harrowgate,Nilo Zeller,KO/TKO,3,0:39,5,0,44,105,1,1,0,0,63,47,115,2,3,1,0,176,120,-144
2023-06-10,Demo FC 79,Lightweight,Jory Varga,Yusuf Zeller,Jory Varga,KO/TKO,3,3:19,3,0,30,79,1,1,0,1,62,54,110,0,3,0,0,0,1064,-2344
2023-06-10,Demo FC 79,Lightweight,Ulric Emberly,Orrin Zeller,Orrin Zeller,DEC,3,5:00,3,0,45,143,5,7,1,2,286,60,118,5,7,0,1,330,248,-313
2023-06-10,Demo FC 79,Welterweight,Pax Ravensworth,Brannoc Juniper,Brannoc Juniper,KO/TKO,1,0:16,3,0,0,2,0,0,0,0,0,0,2,0,0,0,1,0,132,-159
2023-06-10,Demo FC 79,Welterweight,Galen Kettleby,Xander Oakhurst,Galen Kettleby,DEC,3,5:00,3,0,38,84,2,4,0,0,89,60,128,5,7,0,0,458,467,-662
2023-06-10,Demo FC 79,Welterweight,Marek Thornbury,Ulric Yarrow,Ulric Yarrow,KO/TKO,3,1:32,3,0,8,28,1,5,0,1,48,41,89,0,1,2,1,0,461,-651
2023-06-10,Demo FC 79,Middleweight,Marek Quarry,Xander Emberly,Xander Emberly,SUB,1,0:42,3,0,3,7,0,0,0,0,0,2,5,0,0,1,0,0,-195,161
2023-06-10,Demo FC 79,Middleweight,Ulric Thornbury,Kestrel Yarrow,Kestrel Yarrow,DEC,3,5:00,3,0,39,84,0,3,0,1,0,61,140,1,1,0,0,56,268,-341
2023-06-10,Demo FC 79,Middleweight,Idris Blackthorn,Dario Coldwater,Idris Blackthorn,KO/TKO,1,1:57,3,0,7,14,0,0,0,1,0,6,12,1,1,0,0,77,115,-138
2023-06-10,Demo FC 79,Light Heavyweight,Lazlo Stonebridge,Hale Thornbury,Lazlo Stonebridge,KO/TKO,1,1:18,3,0,4,10,0,0,0,0,0,3,8,0,0,0,0,0,-183,151
2023-06-10,Demo FC 79,Light Heavyweight,Jasper Longmire,Jory Crowhurst,Jory Crowhurst,KO/TKO,1,2:32,3,0,9,28,2,2,0,0,121,10,24,1,1,0,1,57,-281,225
2023-06-10,Demo FC 79,Light Heavyweight,Vale Quarry,Zeke Fairholt,Zeke Fairholt,SUB,2,3:16,3,0,56,101,2,2,0,0,120,31,66,0,2,1,0,0,342,-451
2023-06-24,Demo FC 80,Lightweight,Gideon Eastwick,Pax Juniper,Gideon Eastwick,DEC,5,5:00,5,0,185,254,2,6,0,0,94,33,120,4,8,0,0,415,-3233,1814
2023-06-24,Demo FC 80,Lightweight,Emrys Ironwood,Wren Juniper,Wren Juniper,DEC,3,5:00,3,0,68,152,0,3,1,0,0,95,185,2,3,1,0,117,118,-142
2023-06-24,Demo FC 80,Lightweight,Pax Ambrose,Ivo Ashgrove,Pax Ambrose,DEC,3,5:00,3,0,33,76,2,4,0,0,181,43,107,0,1,1,0,0,-126,105
2023-06-24,Demo FC 80,Welterweight,Bodhi Brightwater,Galen Ashgrove,Galen Ashgrove,KO/TKO,1,1:36,3,0,4,10,0,0,0,0,0,8,15,0,0,0,0,0,210,-260
2023-06-24,Demo FC 80,Welterweight,Soren Oakhurst,Xander Westbrook,Xander Westbrook,S-DEC,3,5:00,3,0,28,68,0,1,0,0,0,80,143,0,4,0,0,0,233,-292
2023-06-24,Demo FC 80,Welterweight,Brannoc Oakhurst,Zeke Underhill,Zeke Underhill,DEC,3,5:00,3,0,24,58,0,2,0,0,0,57,133,2,6,0,0,180,-168,140
2023-06-24,Demo FC 80,Middleweight,Faris Harrowgate,Dov Brightwater,Faris Harrowgate,KO/TKO,1,3:07,3,0,6,15,1,1,0,0,45,18,35,2,2,0,0,118,692,-1130
2023-06-24,Demo FC 80,Middleweight,Soren Thornbury,Dov Thornbury,Dov Thornbury,DEC,3,5:00,3,0,41,88,7,7,0,0,698,44,97,5,7,0,0,210,110,-132
2023-06-24,Demo FC 80,Middleweight,Wren Crowhurst,Dario Zeller,Wren Crowhurst,DEC,3,5:00,3,0,56,134,1,4,2,0,52,37,113,1,4,1,2,99,-119,-101
2023-06-24,Demo FC 80,Light Heavyweight,Hollis Oakhurst,Soren Ironwood,Soren Ironwood,S-DEC,3,5:00,3,0,62,141,4,7,1,0,420,68,130,2,3,1,0,125,-153,127
2023-06-24,Demo FC 80,Light Heavyweight,Evander Greywind,Hale Zeller,Hale Zeller,SUB,1,2:07,3,0,7,16,0,1,0,0,0,7,20,0,0,1,0,0,110,-132
2023-06-24,Demo FC 80,Light Heavyweight,Dario Underhill,Cyrus Yarrow,Cyrus Yarrow,KO/TKO,1,2:03,3,0,7,21,1,1,0,0,56,9,18,0,0,0,1,0,422,-581
2023-07-22,Demo FC 81,Lightweight,Anselm Eastwick,Marek Marchbank,Anselm Eastwick,S-DEC,5,5:00,5,0,120,267,3,8,0,2,224,95,224,0,0,1,0,0,-537,395
2023-07-22,Demo FC 81,Lightweight,Anselm Ironwood,Cato Delacroix-Venn,Cato Delacroix-Venn,DEC,3,5:00,3,0,78,170,0,2,0,0,0,48,100,5,5,0,2,502,272,-347
2023-07-22,Demo FC 81,Lightweight,Ivo Delacroix-Venn,Vale Thornbury,Ivo Delacroix-Venn,KO/TKO,1,3:58,3,0,18,46,0,1,0,1,0,18,39,0,1,1,0,0,-135,113
2023-07-22,Demo FC 81,Welterweight,Ivo Greywind,Dario Eastwick,Ivo Greywind,SUB,2,3:29,3,0,36,69,1,3,1,0,97,11,41,3,5,0,0,136,130,-156
2023-07-22,Demo FC 81,Welterweight,Cato Oakhurst,Jory Harrowgate,Cato Oakhurst,SUB,1,3:52,3,0,22,51,0,1,1,0,0,22,46,1,2,0,0,85,-118,-102
2023-07-22,Demo FC 81,Welterweight,Orrin Stonebridge,Evander Marchbank,Evander Marchbank,KO/TKO,1,4:53,3,0,22,46,0,1,0,0,0,22,46,0,2,0,0,0,135,-163
2023-07-22,Demo FC 81,Middleweight,Lazlo Greywind,Bodhi Eastwick,Lazlo Greywind,DEC,3,5:00,3,0,116,215,3,3,0,0,263,66,165,1,5,0,1,91,-260,210
2023-07-22,Demo FC 81,Middleweight,Marek Ashgrove,Idris Northcott,Marek Ashgrove,SUB,2,1:59,3,0,4,12,1,2,4,0,102,42,88,3,3,0,0,302,1389,-3233
2023-07-22,Demo FC 81,Middleweight,Evander Dunmore,Orrin Fairholt,Evander Dunmore,KO/TKO,1,2:01,3,0,3,9,0,1,0,1,0,6,14,1,1,0,0,96,152,-184
2023-07-22,Demo FC 81,Light Heavyweight,Jory Dunmore,Faris Greywind,Faris Greywind,DEC,3,5:00,3,0,81,141,3,8,1,0,219,37,99,1,5,4,0,95,-1107,682
2023-07-22,Demo FC 81,Light Heavyweight,Hale Oakhurst,Jory Kettleby,Hale Oakhurst,DEC,3,5:00,3,0,39,94,0,1,1,0,0,52,132,2,6,1,0,193,401,-547
2023-07-22,Demo FC 81,Light Heavyweight,Rune Ambrose,Marek Longmire,Marek Longmire,SUB,2,4:54,3,0,37,89,1,2,1,0,103,46,96,7,8,1,0,475,415,-570
2023-08-19,Demo FC 82,Lightweight,Rune Thornbury,Hollis Dunmore,Rune Thornbury,SUB,4,3:35,5,0,20,50,1,4,1,0,44,105,239,0,6,0,0,0,374,-503
2023-08-19,Demo FC 82,Lightweight,Idris Emberly,Pax Greywind,Pax Greywind,KO/TKO,2,4:26,3,0,36,74,0,1,0,0,0,49,100,5,5,0,1,452,903,-1728
2023-08-19,Demo FC 82,Lightweight,Yusuf Harrowgate,Xander Thornbury,Yusuf Harrowgate,KO/TKO,2,2:28,3,0,44,106,2,3,0,1,117,15,38,2,2,0,0,144,170,-208
2023-08-19,Demo FC 82,Welterweight,Rune Northcott,Ulric Underhill,Ulric Underhill,DEC,3,5:00,3,0,0,0,0,1,0,0,0,41,97,3,4,1,0,264,-131,110
2023-08-19,Demo FC 82,Welterweight,Hollis Pellow,Cyrus Harrowgate,Cyrus Harrowgate,KO/TKO,3,3:43,3,0,38,101,5,6,0,0,219,76,141,1,3,2,1,46,733,-1232
2023-08-19,Demo FC 82,Welterweight,Brannoc Kettleby,Fenn Marchbank,Brannoc Kettleby,DEC,3,5:00,3,0,42,110,6,8,1,0,484,59,114,4,6,2,0,331,107,-128
2023-08-19,Demo FC 82,Middleweight,Orrin Varga,Galen Thornbury,Orrin Varga,DEC,3,5:00,3,0,66,152,1,3,1,2,74,90,157,3,4,0,1,284,205,-253
2023-08-19,Demo FC 82,Middleweight,Pax Yarrow,Quill Oakhurst,Quill Oakhurst,KO/TKO,3,3:24,3,0,43,103,1,5,0,0,105,67,125,2,4,1,0,211,-116,-103
2023-08-19,Demo FC 82,Middleweight,Hale Stonebridge,Anselm Northcott,Hale Stonebridge,SUB,1,2:59,3,0,14,26,2,2,1,0,143,13,33,1,1,0,0,53,118,-142
2023-08-19,Demo FC 82,Light Heavyweight,Bodhi Northcott,Ulric Crowhurst,Ulric Crowhurst,KO/TKO,3,1:17,3,0,56,113,2,4,0,0,191,45,120,1,4,0,1,60,-107,-112
2023-08-19,Demo FC 82,Light Heavyweight,Fenn Eastwick,Zeke Kettleby,Fenn Eastwick,KO/TKO,2,0:48,3,0,14,38,0,2,0,1,0,29,53,0,1,0,2,0,269,-343
2023-08-19,Demo FC 82,Light Heavyweight,Emrys Greywind,Lazlo Underhill,Lazlo Underhill,KO/TKO,2,2:21,3,0,51,94,2,2,1,0,132,2,7,0,2,1,2,0,-143,119
2023-09-02,Demo FC 83,Lightweight,Emrys Crowhurst,Idris Dunmore,Idris Dunmore,DEC,5,5:00,5,0,58,121,0,2,5,0,0,66,154,16,20,1,2,1200,155,-187
2023-09-02,Demo FC 83,Lightweight,Jory Westbrook,Cyrus Ravensworth,Cyrus Ravensworth,SUB,1,1:00,3,0,1,4,0,0,0,0,0,3,7,0,0,1,0,0,546,-811
2023-09-02,Demo FC 83,Lightweight,Jasper Ashgrove,Marek Crowhurst,Marek Crowhurst,KO/TKO,1,4:15,3,0,9,31,0,1,0,0,0,30,63,1,2,0,1,60,558,-835
2023-09-02,Demo FC 83,Welterweight,Hollis Zeller,Marek Zeller,Marek Zeller,S-DEC,3,5:00,3,0,64,137,3,6,1,0,327,4,10,2,5,0,1,199,129,-155
2023-09-02,Demo FC 83,Welterweight,Wren Northcott,Marek Westbrook,Marek Westbrook,SUB,2,0:59,3,0,23,51,1,3,0,0,102,11,24,1,3,1,0,51,123,-148
2023-09-02,Demo FC 83,Welterweight,Zeke Delacroix-Venn,Soren Juniper,Soren Juniper,DEC,3,5:00,3,0,64,136,0,1,0,2,0,82,180,1,4,0,0,66,428,-592
2023-09-02,Demo FC 83,Middleweight,Kestrel Ironwood,Soren Zeller,Soren Zeller,S-DEC,3,5:00,3,0,27,73,6,7,0,1,419,25,59,6,8,0,0,491,141,-170
2023-09-02,Demo FC 83,Middleweight,Xander Greywind,Kestrel Dunmore,Kestrel Dunmore,KO/TKO,1,2:22,3,0,8,22,1,2,0,0,76,11,25,1,1,0,0,64,1129,-2650
2023-09-02,Demo FC 83,Middleweight,Emrys Brightwater,Hollis Ashgrove,Emrys Brightwater,DEC,3,5:00,3,0,108,213,0,1,0,2,0,73,159,0,3,0,1,0,-464,350
2023-09-02,Demo FC 83,Light Heavyweight,Cato Underhill,Cyrus Coldwater,Cato Underhill,DEC,3,5:00,3,0,38,79,0,5,0,0,0,34,86,1,4,0,1,86,205,-253
2023-09-02,Demo FC 83,Light Heavyweight,Brannoc Ironwood,Dov Ambrose,Brannoc Ironwood,KO/TKO,1,1:46,3,0,9,16,0,0,0,1,0,4,10,0,0,0,0,0,-2154,1019
2023-09-02,Demo FC 83,Light Heavyweight,Ivo Kettleby,Jory Fairholt,Ivo Kettleby,KO/TKO,1,2:11,3,0,11,23,0,0,1,1,0,5,13,0,1,0,0,0,-376,292
2023-09-16,Demo FC 84,Lightweight,Bodhi Kettleby,Hollis Harrowgate,Hollis Harrowgate,DEC,5,5:00,5,0,93,251,7,14,1,0,527,70,162,7,14,1,0,588,-106,-113
2023-09-16,Demo FC 84,Lightweight,Aren Coldwater,Zeke Juniper,Zeke Juniper,DEC,3,5:00,3,0,53,119,2,3,1,0,198,46,112,1,5,2,0,53,104,-124
2023-09-16,Demo FC 84,Lightweight,Brannoc Crowhurst,Dario Ambrose,Brannoc Crowhurst,DEC,3,5:00,3,0,54,176,6,9,2,0,563,52,121,3,4,1,1,295,-595,430
2023-09-16,Demo FC 84,Welterweight,Yusuf Longmire,Faris Marchbank,Faris Marchbank,S-DEC,3,5:00,3,0,43,110,3,9,1,0,310,98,168,0,1,1,1,0,825,-1484
2023-09-16,Demo FC 84,Welterweight,Anselm Quarry,Yusuf Ironwood,Anselm Quarry,SUB,1,2:43,3,0,11,34,0,1,1,0,0,26,45,1,1,0,0,104,153,-186
2023-09-16,Demo FC 84,Welterweight,Gideon Harrowgate,Kestrel Eastwick,Kestrel Eastwick,KO/TKO,2,4:26,3,0,40,69,2,3,3,0,116,11,34,4,8,0,1,268,-904,591
2023-09-16,Demo FC 84,Middleweight,Soren Kettleby,Wren Westbrook,Wren Westbrook,DEC,3,5:00,3,0,41,118,1,8,0,1,40,65,122,0,3,0,0,0,200,-247
2023-09-16,Demo FC 84,Middleweight,Jasper Quarry,Anselm Stonebridge,Anselm Stonebridge,DEC,3,5:00,3,0,89,159,2,2,0,0,212,70,148,0,3,0,0,0,207,-256
2023-09-16,Demo FC 84,Middleweight,Soren Underhill,Ulric Longmire,Soren Underhill,KO/TKO,3,3:59,3,0,64,179,4,4,0,1,391,96,173,1,3,1,1,105,328,-430
2023-09-16,Demo FC 84,Light Heavyweight,Vale Harrowgate,Galen Longmire,Galen Longmire,SUB,1,4:32,3,0,16,40,0,1,0,0,0,23,46,3,3,1,0,217,346,-459
2023-09-16,Demo FC 84,Light Heavyweight,Tamsin Emberly,Gideon Marchbank,Gideon Marchbank,DEC,3,5:00,3,0,23,90,3,5,5,0,155,67,141,1,4,0,2,108,129,-156
2023-09-16,Demo FC 84,Light Heavyweight,Wren Oakhurst,Jasper Blackthorn,Wren Oakhurst,DEC,3,5:00,3,0,57,124,6,12,2,0,318,32,84,1,5,1,1,47,-3233,1814
2023-10-14,Demo FC 85,Lightweight,Emrys Ironwood,Ulric Emberly,Emrys Ironwood,S-DEC,5,5:00,5,0,124,268,1,3,2,0,82,113,251,2,8,1,0,102,352,-468
2023-10-14,Demo FC 85,Lightweight,Ivo Ashgrove,Jory Varga,Ivo Ashgrove,KO/TKO,2,1:59,3,0,25,62,1,2,0,1,93,16,34,0,1,0,0,0,-108,-111
2023-10-14,Demo FC 85,Lightweight,Dov Harrowgate,Pax Juniper,Dov Harrowgate,KO/TKO,1,1:57,3,0,8,15,1,1,0,0,43,2,9,0,1,0,0,0,-3233,1274
2023-10-14,Demo FC 85,Welterweight,Pax Ravensworth,Bodhi Brightwater,Bodhi Brightwater,DEC,3,5:00,3,0,87,138,0,2,0,0,0,39,85,1,1,0,0,106,276,-353
2023-10-14,Demo FC 85,Welterweight,Xander Oakhurst,Brannoc Oakhurst,Xander Oakhurst,KO/TKO,1,1:44,3,0,5,13,1,1,0,1,40,6,14,0,0,0,0,0,-211,173
2023-10-14,Demo FC 85,Welterweight,Soren Oakhurst,Marek Thornbury,Marek Thornbury,DEC,3,5:00,3,0,51,114,0,0,0,0,0,56,136,1,5,1,0,105,-100,-120
2023-10-14,Demo FC 85,Middleweight,Ulric Thornbury,Dario Zeller,Dario Zeller,KO/TKO,1,2:49,3,0,7,20,0,1,0,0,0,5,12,1,1,2,1,47,1398,-3233
2023-10-14,Demo FC 85,Middleweight,Marek Quarry,Kestrel Yarrow,Kestrel Yarrow,S-DEC,3,5:00,3,0,40,100,1,2,0,1,83,46,104,0,4,0,1,0,-138,115
2023-10-14,Demo FC 85,Middleweight,Dov Thornbury,Wren Crowhurst,Wren Crowhurst,KO/TKO,1,0:35,3,0,2,5,0,0,0,0,0,2,5,0,0,0,0,0,-145,120
2023-10-14,Demo FC 85,Light Heavyweight,Hale Thornbury,Hollis Oakhurst,Hollis Oakhurst,DEC,3,5:00,3,0,38,111,0,3,2,0,0,69,143,3,5,1,0,303,519,-758
2023-10-14,Demo FC 85,Light Heavyweight,Vale Quarry,Evander Greywind,Evander Greywind,KO/TKO,3,1:15,3,0,69,119,0,3,0,0,0,27,73,2,3,1,2,90,316,-411
2023-10-14,Demo FC 85,Light Heavyweight,Jory Crowhurst,Dario Underhill,Dario Underhill,DEC,3,5:00,3,0,84,149,5,7,0,0,396,26,73,5,8,1,0,426,-115,-104
2023-10-28,Demo FC 86,Lightweight,Nilo Zeller,Gideon Eastwick,Nilo Zeller,DEC,5,5:00,5,0,74,196,2,6,0,0,162,146,319,2,8,0,0,158,-144,120
2023-10-28,Demo FC 86,Lightweight,Pax Ambrose,Wren Juniper,Wren Juniper,DEC,3,5:00,3,0,61,170,1,4,1,0,69,66,114,1,2,1,0,47,124,-149
2023-10-28,Demo FC 86,Lightweight,Orrin Zeller,Rune Oakhurst,Orrin Zeller,KO/TKO,1,0:34,3,0,1,4,0,0,0,0,0,3,6,0,0,0,0,0,254,-321
2023-10-28,Demo FC 86,Welterweight,Galen Kettleby,Brannoc Juniper,Brannoc Juniper,DEC,3,5:00,3,0,68,142,0,4,0,0,0,63,178,1,4,1,0,100,-238,193
2023-10-28,Demo FC 86,Welterweight,Galen Ashgrove,Zeke Underhill,Zeke Underhill,KO/TKO,2,4:38,3,0,49,90,0,2,0,0,0,32,96,5,5,0,1,462,-105,-114
2023-10-28,Demo FC 86,Welterweight,Ulric Yarrow,Xander Westbrook,Xander Westbrook,S-DEC,3,5:00,3,0,87,190,1,4,3,0,61,88,214,1,4,0,0,109,140,-169
2023-10-28,Demo FC 86,Middleweight,Faris Harrowgate,Idris Blackthorn,Idris Blackthorn,KO/TKO,3,2:15,3,0,35,74,0,2,0,0,0,41,99,0,3,0,0,0,344,-454
2023-10-28,Demo FC 86,Middleweight,Bodhi Harrowgate,Soren Thornbury,Soren Thornbury,DEC,3,5:00,3,0,48,120,3,5,3,0,154,82,144,5,9,0,0,331,495,-712
2023-10-28,Demo FC 86,Middleweight,Xander Emberly,Orrin Dunmore,Orrin Dunmore,SUB,1,2:13,3,0,9,25,1,1,0,0,92,11,22,0,1,1,1,0,1814,-3233
2023-10-28,Demo FC 86,Light Heavyweight,Soren Ironwood,Lazlo Stonebridge,Soren Ironwood,DEC,3,5:00,3,0,132,267,3,3,0,0,270,19,46,0,3,2,1,0,-170,141
2023-10-28,Demo FC 86,Light Heavyweight,Zeke Fairholt,Cyrus Yarrow,Zeke Fairholt,S-DEC,3,5:00,3,0,108,203,0,3,0,0,0,80,166,0,1,0,0,0,-144,120
2023-10-28,Demo FC 86,Light Heavyweight,Hale Zeller,Orrin Harrowgate,Orrin Harrowgate,KO/TKO,2,0:30,3,0,24,50,1,2,0,0,73,18,44,0,1,1,0,0,109,-131
2023-11-18,Demo FC 87,Lightweight,Marek Marchbank,Anselm Ironwood,Anselm Ironwood,S-DEC,5,5:00,5,0,93,256,3,5,3,0,245,139,281,3,8,0,0,251,158,-192
2023-11-18,Demo FC 87,Lightweight,Anselm Eastwick,Vale Thornbury,Vale Thornbury,KO/TKO,2,4:19,3,0,31,66,1,2,0,0,41,40,78,0,2,1,0,0,224,-280
2023-11-18,Demo FC 87,Lightweight,Ivo Delacroix-Venn,Cato Delacroix-Venn,Cato Delacroix-Venn,KO/TKO,1,0:59,3,0,2,6,1,1,0,0,47,5,11,0,0,0,1,0,140,-169
2023-11-18,Demo FC 87,Welterweight,Jory Harrowgate,Ivo Greywind,Jory Harrowgate,DEC,3,5:00,3,0,106,206,2,4,3,0,199,62,148,3,4,1,0,152,-199,164
2023-11-18,Demo FC 87,Welterweight,Dario Eastwick,Orrin Stonebridge,Dario Eastwick,KO/TKO,2,4:46,3,0,14,38,4,4,1,0,407,24,54,0,2,0,0,0,-935,606
2023-11-18,Demo FC 87,Welterweight,Cato Oakhurst,Evander Marchbank,Evander Marchbank,KO/TKO,1,0:40,3,0,3,8,0,0,0,0,0,2,6,0,0,0,1,0,-698,487
2023-11-18,Demo FC 87,Middleweight,Bodhi Eastwick,Marek Ashgrove,Bodhi Eastwick,DEC,3,5:00,3,0,81,171,0,3,0,0,0,36,106,0,1,6,0,0,-739,509
2023-11-18,Demo FC 87,Middleweight,Orrin Fairholt,Lazlo Greywind,Lazlo Greywind,DEC,3,5:00,3,0,57,128,4,6,0,1,259,95,210,4,5,1,0,161,-108,-111
2023-11-18,Demo FC 87,Middleweight,Idris Northcott,Evander Dunmore,Idris Northcott,SUB,3,3:17,3,0,61,114,2,4,1,0,83,55,126,1,5,0,0,60,-198,163
2023-11-18,Demo FC 87,Light Heavyweight,Faris Greywind,Jory Kettleby,Jory Kettleby,SUB,2,2:58,3,0,21,52,0,2,1,0,0,22,46,0,5,1,2,0,455,-640
2023-11-18,Demo FC 87,Light Heavyweight,Rune Ambrose,Orrin Emberly,Orrin Emberly,DEC,3,5:00,3,0,78,138,0,2,0,0,0,43,102,8,11,0,1,473,187,-229
2023-11-18,Demo FC 87,Light Heavyweight,Hale Oakhurst,Marek Longmire,Hale Oakhurst,DEC,3,5:00,3,0,43,106,3,4,4,0,296,84,189,6,10,0,0,405,1814,-3233
2023-12-16,Demo FC 88,Lightweight,Hollis Dunmore,Emrys Crowhurst,Hollis Dunmore,DEC,5,5:00,5,0,68,192,0,2,1,0,0,183,352,0,5,1,0,0,102,-122
2023-12-16,Demo FC 88,Lightweight,Idris Emberly,Jory Westbrook,Idris Emberly,SUB,1,0:10,3,0,0,1,0,0,1,0,0,0,1,0,0,0,0,0,-209,171
2023-12-16,Demo FC 88,Lightweight,Rune Thornbury,Xander Thornbury,Xander Thornbury,KO/TKO,1,4:03,3,0,12,31,1,2,1,0,66,15,29,0,1,0,1,0,410,-563
2023-12-16,Demo FC 88,Welterweight,Hollis Zeller,Wren Northcott,Hollis Zeller,DEC,3,5:00,3,0,48,103,2,3,1,1,82,80,156,3,6,0,0,291,-107,-112
2023-12-16,Demo FC 88,Welterweight,Rune Northcott,Ulric Underhill,Ulric Underhill,SUB,1,4:38,3,0,13,32,0,1,0,1,0,5,14,1,2,1,0,48,110,-132
2023-12-16,Demo FC 88,Welterweight,Marek Zeller,Hollis Pellow,Hollis Pellow,DEC,3,5:00,3,0,47,120,4,4,0,0,322,70,137,2,4,3,0,153,136,-164
2023-12-16,Demo FC 88,Middleweight,Hollis Ashgrove,Kestrel Ironwood,Hollis Ashgrove,SUB,2,2:52,3,0,40,72,0,1,1,0,0,13,33,1,2,0,0,100,-385,298
2023-12-16,Demo FC 88,Middleweight,Orrin Varga,Pax Yarrow,Orrin Varga,KO/TKO,2,3:40,3,0,55,116,0,2,0,1,0,37,95,0,1,1,0,0,103,-123
2023-12-16,Demo FC 88,Middleweight,Galen Thornbury,Anselm Northcott,Anselm Northcott,DEC,3,5:00,3,0,50,139,4,5,0,0,259,62,150,3,6,0,0,243,-179,148
2023-12-16,Demo FC 88,Light Heavyweight,Bodhi Northcott,Cato Underhill,Bodhi Northcott,SUB,2,4:47,3,0,56,108,2,4,2,0,133,19,46,0,0,0,0,0,-3233,1326
2023-12-16,Demo FC 88,Light Heavyweight,Ulric Crowhurst,Cyrus Coldwater,Ulric Crowhurst,SUB,2,4:39,3,0,46,90,1,4,1,0,68,19,53,1,4,0,0,78,-1231,732
2023-12-16,Demo FC 88,Light Heavyweight,Jory Fairholt,Zeke Kettleby,Jory Fairholt,DEC,3,5:00,3,0,108,186,5,7,0,0,413,79,159,2,4,0,0,135,-282,226
2023-12-30,Demo FC 89,Lightweight,Hollis Harrowgate,Jasper Ashgrove,Hollis Harrowgate,KO/TKO,5,3:37,5,0,75,169,6,12,0,2,465,120,279,0,1,3,0,0,-257,207
2023-12-30,Demo FC 89,Lightweight,Idris Dunmore,Yusuf Harrowgate,Yusuf Harrowgate,DEC,3,5:00,3,0,36,106,10,11,0,0,720,70,154,1,3,0,0,49,-321,254
2023-12-30,Demo FC 89,Lightweight,Pax Greywind,Cyrus Ravensworth,Pax Greywind,KO/TKO,3,3:05,3,0,58,134,6,7,3,1,254,51,126,3,5,2,0,122,-835,558
2023-12-30,Demo FC 89,Welterweight,Zeke Delacroix-Venn,Emrys Eastwick,Emrys Eastwick,SUB,1,4:50,3,0,19,44,1,2,0,0,94,23,53,1,2,1,0,65,648,-1028
2023-12-30,Demo FC 89,Welterweight,Fenn Marchbank,Cyrus Harrowgate,Fenn Marchbank,KO/TKO,3,4:30,3,0,70,146,3,6,0,1,139,93,160,6,8,2,0,473,1125,-2631
2023-12-30,Demo FC 89,Welterweight,Gideon Harrowgate,Jory Blackthorn,Gideon Harrowgate,SUB,1,1:02,3,0,3,9,1,1,1,1,49,2,5,0,0,0,0,0,-3233,1417
2023-12-30,Demo FC 89,Middleweight,Soren Kettleby,Quill Oakhurst,Quill Oakhurst,KO/TKO,3,3:37,3,0,43,93,3,3,0,1,128,90,180,1,3,1,3,84,669,-1075
2023-12-30,Demo FC 89,Middleweight,Soren Zeller,Ivo Stonebridge,Ivo Stonebridge,DEC,3,5:00,3,0,28,86,2,6,3,0,202,42,73,4,6,4,0,213,1814,-3233
2023-12-30,Demo FC 89,Middleweight,Quill Thornbury,Jasper Quarry,Quill Thornbury,DEC,3,5:00,3,0,92,210,0,3,1,0,0,77,150,0,0,0,0,0,-468,352
2023-12-30,Demo FC 89,Light Heavyweight,Dov Ambrose,Vale Harrowgate,Vale Harrowgate,SUB,3,2:37,3,0,28,80,1,4,0,1,57,105,175,1,1,1,0,96,511,-744
2023-12-30,Demo FC 89,Light Heavyweight,Emrys Greywind,Brannoc Ironwood,Emrys Greywind,DEC,3,5:00,3,0,74,135,2,8,1,0,102,46,99,1,4,4,1,61,-200,164
2023-12-30,Demo FC 89,Light Heavyweight,Fenn Eastwick,Evander Eastwick,Evander Eastwick,DEC,3,5:00,3,0,42,109,2,4,1,0,182,67,132,2,2,0,0,113,158,-192
2024-01-20,Demo FC 90,Lightweight,Kestrel Oakhurst,Rune Underhill,Kestrel Oakhurst,S-DEC,5,5:00,5,0,45,104,0,1,1,0,0,82,171,5,8,1,1,240,-154,128
2024-01-20,Demo FC 90,Lightweight,Dario Ambrose,Bodhi Kettleby,Bodhi Kettleby,DEC,3,5:00,3,0,48,101,2,5,2,1,186,32,65,5,10,0,1,264,-148,123
2024-01-20,Demo FC 90,Lightweight,Zeke Juniper,Aren Coldwater,Aren Coldwater,S-DEC,3,5:00,3,0,58,149,2,6,1,0,80,71,147,0,6,0,0,0,-162,135
2024-01-20,Demo FC 90,Welterweight,Marek Westbrook,Brannoc Kettleby,Brannoc Kettleby,DEC,3,5:00,3,0,53,94,3,6,5,0,273,55,154,5,7,0,0,230,-230,187
2024-01-20,Demo FC 90,Welterweight,Yusuf Longmire,Yusuf Ironwood,Yusuf Ironwood,S-DEC,3,5:00,3,0,27,106,5,7,0,0,332,84,130,2,7,0,0,144,759,-1299
2024-01-20,Demo FC 90,Welterweight,Faris Marchbank,Soren Juniper,Soren Juniper,KO/TKO,1,1:26,3,0,4,11,0,0,0,0,0,6,14,0,0,0,1,0,121,-145
2024-01-20,Demo FC 90,Middleweight,Soren Underhill,Ulric Longmire,Soren Underhill,KO/TKO,2,2:54,3,0,25,71,0,1,1,1,0,62,94,0,0,0,0,0,562,-842
2024-01-20,Demo FC 90,Middleweight,Hale Stonebridge,Emrys Brightwater,Emrys Brightwater,KO/TKO,1,2:34,3,0,14,30,1,1,0,0,40,10,26,0,0,0,1,0,-241,195
2024-01-20,Demo FC 90,Middleweight,Wren Westbrook,Lazlo Quarry,Wren Westbrook,KO/TKO,2,0:33,3,0,14,37,0,0,0,0,0,30,65,1,2,0,0,100,135,-162
2024-01-20,Demo FC 90,Light Heavyweight,Jasper Blackthorn,Wren Oakhurst,Wren Oakhurst,SUB,3,0:24,3,0,26,66,0,2,0,0,0,50,99,3,6,1,0,305,835,-1514
2024-01-20,Demo FC 90,Light Heavyweight,Tamsin Emberly,Ivo Kettleby,Ivo Kettleby,S-DEC,3,5:00,3,0,22,70,1,7,5,1,98,110,207,0,1,2,2,0,116,-139
2024-01-20,Demo FC 90,Light Heavyweight,Lazlo Underhill,Galen Longmire,Galen Longmire,DEC,3,5:00,3,0,30,77,0,4,2,1,0,76,149,6,9,0,0,585,364,-487
2024-02-03,Demo FC 91,Lightweight,Pax Juniper,Jory Varga,Jory Varga,KO/TKO,1,0:37,5,0,0,1,0,0,0,0,0,1,2,0,0,0,0,0,718,-1195
2024-02-03,Demo FC 91,Lightweight,Ulric Emberly,Emrys Ironwood,Ulric Emberly,SUB,3,0:41,3,0,60,123,2,3,1,0,214,50,113,1,1,1,0,81,-403,310
2024-02-03,Demo FC 91,Lightweight,Ivo Ashgrove,Marek Crowhurst,Marek Crowhurst,DEC,3,5:00,3,0,37,89,1,2,0,0,93,74,151,5,7,0,2,389,1465,-3233
2024-02-03,Demo FC 91,Welterweight,Pax Ravensworth,Soren Oakhurst,Pax Ravensworth,DEC,3,5:00,3,0,97,194,2,2,1,0,122,74,158,1,3,0,0,79,-298,238
2024-02-03,Demo FC 91,Welterweight,Brannoc Oakhurst,Xander Oakhurst,Brannoc Oakhurst,DEC,3,5:00,3,0,50,101,1,3,1,1,70,61,137,5,7,0,0,374,190,-233
2024-02-03,Demo FC 91,Welterweight,Bodhi Brightwater,Marek Thornbury,Marek Thornbury,SUB,1,2:24,3,0,9,21,0,0,0,0,0,12,24,1,1,1,0,78,-273,220
2024-02-03,Demo FC 91,Middleweight,Ulric Thornbury,Dario Zeller,Dario Zeller,KO/TKO,2,2:19,3,0,25,55,0,2,0,0,0,21,44,2,3,0,0,92,1695,-3233
2024-02-03,Demo FC 91,Middleweight,Dov Thornbury,Hollis Westbrook,Dov Thornbury,SUB,1,3:13,3,0,8,20,1,1,1,0,95,16,35,1,1,0,0,47,-226,184
2024-02-03,Demo FC 91,Middleweight,Anselm Stonebridge,Kestrel Yarrow,Anselm Stonebridge,KO/TKO,3,0:53,3,0,73,131,0,2,0,2,0,47,128,2,2,0,0,145,-422,323
2024-02-03,Demo FC 91,Light Heavyweight,Hale Thornbury,Vale Quarry,Vale Quarry,DEC,3,5:00,3,0,26,89,1,3,3,2,61,82,142,2,5,0,0,147,131,-158
2024-02-03,Demo FC 91,Light Heavyweight,Hollis Oakhurst,Jory Crowhurst,Hollis Oakhurst,KO/TKO,1,4:21,3,0,17,41,2,2,1,1,208,12,32,2,2,0,0,208,-427,326
2024-02-03,Demo FC 91,Light Heavyweight,Evander Greywind,Dario Underhill,Evander Greywind,SUB,1,0:45,3,0,2,5,0,0,1,0,0,1,4,0,0,0,0,0,-219,179
2024-02-24,Demo FC 92,Lightweight,Pax Ambrose,Dov Harrowgate,Dov Harrowgate,DEC,5,5:00,5,0,80,171,0,3,0,0,0,96,199,3,10,1,0,221,171,-209
2024-02-24,Demo FC 92,Lightweight,Gideon Blackthorn,Gideon Eastwick,Gideon Eastwick,S-DEC,3,5:00,3,0,49,114,0,1,3,0,0,97,218,1,5,0,0,44,197,-243
2024-02-24,Demo FC 92,Lightweight,Rune Oakhurst,Wren Juniper,Rune Oakhurst,S-DEC,3,5:00,3,0,112,200,3,6,0,2,278,114,211,0,1,1,0,0,-2419,1081
2024-02-24,Demo FC 92,Welterweight,Galen Ashgrove,Galen Kettleby,Galen Ashgrove,KO/TKO,2,4:32,3,0,41,109,0,2,2,1,0,33,96,1,2,0,1,83,-155,129
2024-02-24,Demo FC 92,Welterweight,Idris Crowhurst,Zeke Underhill,Idris Crowhurst,DEC,3,5:00,3,0,77,157,5,7,0,0,229,45,143,2,6,0,0,84,-463,349
2024-02-24,Demo FC 92,Welterweight,Brannoc Juniper,Ulric Yarrow,Ulric Yarrow,KO/TKO,3,1:17,3,0,27,90,0,0,0,0,0,42,77,0,0,1,0,0,169,-205
2024-02-24,Demo FC 92,Middleweight,Xander Emberly,Bodhi Harrowgate,Bodhi Harrowgate,SUB,2,2:56,3,0,43,75,2,2,1,0,111,16,61,1,3,3,0,94,197,-243
2024-02-24,Demo FC 92,Middleweight,Orrin Longmire,Wren Crowhurst,Wren Crowhurst,KO/TKO,3,1:18,3,0,41,112,0,4,1,0,0,44,99,1,4,1,0,41,202,-250
2024-02-24,Demo FC 92,Middleweight,Soren Thornbury,Faris Harrowgate,Soren Thornbury,SUB,1,3:38,3,0,18,37,2,2,1,1,172,4,11,0,0,0,0,0,-3233,1679
2024-02-24,Demo FC 92,Light Heavyweight,Cyrus Yarrow,Lazlo Stonebridge,Lazlo Stonebridge,DEC,3,5:00,3,0,101,186,2,3,0,0,123,41,120,0,0,4,1,0,-543,399
2024-02-24,Demo FC 92,Light Heavyweight,Zeke Fairholt,Soren Ironwood,Zeke Fairholt,KO/TKO,2,2:21,3,0,44,99,0,1,1,1,0,31,68,1,1,0,0,50,-645,458
2024-02-24,Demo FC 92,Light Heavyweight,Hale Zeller,Orrin Harrowgate,Orrin Harrowgate,DEC,3,5:00,3,0,75,160,3,6,1,0,219,37,104,2,5,3,1,133,-112,-107
2024-03-16,Demo FC 93,Lightweight,Anselm Eastwick,Marek Marchbank,Anselm Eastwick,S-DEC,5,5:00,5,0,83,188,5,8,0,2,384,86,172,0,2,1,1,0,-276,222
2024-03-16,Demo FC 93,Lightweight,Vale Thornbury,Ivo Delacroix-Venn,Ivo Delacroix-Venn,SUB,2,0:59,3,0,27,54,0,1,1,0,0,31,63,0,3,1,1,0,-100,-119
2024-03-16,Demo FC 93,Lightweight,Cato Delacroix-Venn,Anselm Ironwood,Cato Delacroix-Venn,SUB,2,4:12,3,0,45,88,1,6,1,0,67,29,68,0,1,0,0,0,-557,407
2024-03-16,Demo FC 93,Welterweight,Jory Harrowgate,Ivo Greywind,Jory Harrowgate,SUB,1,2:03,3,0,8,17,0,1,1,0,0,4,11,0,0,0,0,0,-177,146
2024-03-16,Demo FC 93,Welterweight,Dario Eastwick,Cato Oakhurst,Dario Eastwick,KO/TKO,1,3:40,3,0,7,23,0,1,0,0,0,18,32,1,1,0,0,85,562,-844
2024-03-16,Demo FC 93,Welterweight,Kestrel Eastwick,Evander Marchbank,Evander Marchbank,SUB,2,1:12,3,0,15,45,3,5,0,0,206,30,53,1,2,1,0,97,-511,380
2024-03-16,Demo FC 93,Middleweight,Bodhi Eastwick,Marek Ashgrove,Bodhi Eastwick,S-DEC,3,5:00,3,0,83,176,3,4,0,0,304,13,40,2,5,8,0,162,-455,344
2024-03-16,Demo FC 93,Middleweight,Orrin Fairholt,Evander Dunmore,Orrin Fairholt,DEC,3,5:00,3,0,54,106,5,10,1,1,406,5,15,7,8,0,0,462,-182,150
2024-03-16,Demo FC 93,Middleweight,Idris Northcott,Orrin Dunmore,Orrin Dunmore,KO/TKO,1,3:00,3,0,11,27,1,1,0,0,102,14,29,1,1,0,1,81,153,-185
2024-03-16,Demo FC 93,Light Heavyweight,Faris Greywind,Rune Ambrose,Rune Ambrose,DEC,3,5:00,3,0,32,112,0,3,1,0,0,85,194,2,3,0,0,134,1722,-3233
2024-03-16,Demo FC 93,Light Heavyweight,Jory Kettleby,Hale Oakhurst,Jory Kettleby,KO/TKO,2,3:00,3,0,37,89,1,3,1,1,96,26,61,0,2,1,0,0,-686,480
2024-03-16,Demo FC 93,Light Heavyweight,Orrin Emberly,Gideon Marchbank,Gideon Marchbank,KO/TKO,2,0:53,3,0,9,24,1,4,0,0,94,29,54,0,2,0,1,0,-169,140
2024-04-06,Demo FC 94,Lightweight,Jory Westbrook,Rune Thornbury,Rune Thornbury,DEC,5,5:00,5,0,119,214,0,6,2,2,0,86,166,5,12,0,2,343,156,-189
2024-04-06,Demo FC 94,Lightweight,Xander Thornbury,Idris Emberly,Xander Thornbury,DEC,3,5:00,3,0,55,122,1,4,4,2,66,85,173,2,3,0,1,195,-3233,1463
2024-04-06,Demo FC 94,Lightweight,Emrys Crowhurst,Hollis Dunmore,Hollis Dunmore,KO/TKO,2,0:18,3,0,16,31,0,1,0,0,0,15,45,1,2,1,1,59,-280,225
2024-04-06,Demo FC 94,Welterweight,Wren Northcott,Marek Zeller,Wren Northcott,DEC,3,5:00,3,0,54,162,9,10,0,0,509,11,27,3,6,1,1,221,-548,401
2024-04-06,Demo FC 94,Welterweight,Hollis Pellow,Jasper Brightwater,Hollis Pellow,DEC,3,5:00,3,0,81,163,4,4,0,1,249,36,99,2,3,1,0,200,173,-211
2024-04-06,Demo FC 94,Welterweight,Ulric Underhill,Hollis Zeller,Hollis Zeller,DEC,3,5:00,3,0,9,28,0,5,2,0,0,84,151,2,6,4,0,205,364,-486
2024-04-06,Demo FC 94,Middleweight,Galen Thornbury,Kestrel Ironwood,Galen Thornbury,SUB,1,2:08,3,0,10,18,1,1,1,0,71,5,14,0,1,0,0,0,-3233,1776
2024-04-06,Demo FC 94,Middleweight,Anselm Northcott,Hollis Ashgrove,Hollis Ashgrove,DEC,3,5:00,3,0,93,159,3,4,0,0,172,40,106,0,1,0,1,0,-954,615
2024-04-06,Demo FC 94,Middleweight,Orrin Varga,Idris Blackthorn,Orrin Varga,KO/TKO,3,3:32,3,0,89,167,1,2,1,1,89,36,98,1,3,0,1,71,-526,388
2024-04-06,Demo FC 94,Light Heavyweight,Cato Underhill,Zeke Kettleby,Zeke Kettleby,DEC,3,5:00,3,0,62,151,0,2,1,0,0,68,131,1,3,1,1,78,492,-708
2024-04-06,Demo FC 94,Light Heavyweight,Bodhi Northcott,Jory Fairholt,Jory Fairholt,DEC,3,5:00,3,0,82,167,3,5,0,0,139,49,124,6,9,0,0,411,-344,270
2024-04-06,Demo FC 94,Light Heavyweight,Ulric Crowhurst,Marek Longmire,Marek Longmire,DEC,3,5:00,3,0,48,127,5,6,0,0,452,77,161,5,10,1,0,539,170,-208
2024-04-20,Demo FC 95,Lightweight,Idris Dunmore,Yusuf Harrowgate,Idris Dunmore,SUB,4,4:37,5,0,55,175,12,15,1,1,941,132,246,5,7,0,0,226,-356,278
2024-04-20,Demo FC 95,Lightweight,Hollis Harrowgate,Orrin Zeller,Orrin Zeller,S-DEC,3,5:00,3,0,35,89,5,7,2,1,277,54,106,5,10,1,0,489,242,-305
2024-04-20,Demo FC 95,Lightweight,Pax Greywind,Nilo Zeller,Pax Greywind,SUB,1,0:26,3,0,0,2,0,0,1,0,0,1,4,0,0,0,0,0,-125,104
2024-04-20,Demo FC 95,Welterweight,Cyrus Harrowgate,Jory Blackthorn,Cyrus Harrowgate,SUB,2,2:06,3,0,44,100,2,4,1,2,211,36,83,0,1,0,0,0,-3233,1814
2024-04-20,Demo FC 95,Welterweight,Zeke Delacroix-Venn,Emrys Eastwick,Emrys Eastwick,SUB,1,4:49,3,0,4,11,0,0,1,1,0,31,56,1,2,1,0,72,241,-302
2024-04-20,Demo FC 95,Welterweight,Gideon Harrowgate,Xander Westbrook,Gideon Harrowgate,DEC,3,5:00,3,0,52,120,4,7,1,0,306,84,180,2,6,0,0,91,-879,579
2024-04-20,Demo FC 95,Middleweight,Jasper Quarry,Soren Kettleby,Jasper Quarry,DEC,3,5:00,3,0,87,161,1,5,0,2,99,36,100,0,4,1,0,0,-3233,1724
2024-04-20,Demo FC 95,Middleweight,Jory Marchbank,Soren Zeller,Jory Marchbank,SUB,1,4:25,3,0,19,40,3,3,1,0,123,8,17,0,1,0,0,0,-319,253
2024-04-20,Demo FC 95,Middleweight,Lazlo Greywind,Kestrel Dunmore,Lazlo Greywind,S-DEC,3,5:00,3,0,79,138,0,2,0,0,0,27,76,3,7,1,1,306,-271,218
2024-04-20,Demo FC 95,Light Heavyweight,Dov Ambrose,Brannoc Ironwood,Brannoc Ironwood,DEC,3,5:00,3,0,34,94,0,5,0,0,0,84,147,1,2,3,0,52,584,-888
2024-04-20,Demo FC 95,Light Heavyweight,Fenn Eastwick,Vale Harrowgate,Vale Harrowgate,KO/TKO,1,2:30,3,0,6,17,1,1,0,0,85,10,25,0,0,0,0,0,535,-790
2024-04-20,Demo FC 95,Light Heavyweight,Emrys Greywind,Evander Eastwick,Emrys Greywind,KO/TKO,2,2:50,3,0,25,55,2,3,0,0,90,35,73,1,2,0,0,105,-1709,897
2024-05-11,Demo FC 96,Lightweight,Dario Ambrose,Bodhi Kettleby,Bodhi Kettleby,KO/TKO,1,3:51,5,0,11,24,0,2,0,0,0,12,22,1,2,0,0,73,195,-240
2024-05-11,Demo FC 96,Lightweight,Rune Underhill,Aren Coldwater,Aren Coldwater,SUB,3,3:50,3,0,36,90,5,6,1,0,408,60,120,3,4,2,0,136,345,-456
2024-05-11,Demo FC 96,Lightweight,Kestrel Oakhurst,Zeke Juniper,Kestrel Oakhurst,DEC,3,5:00,3,0,37,88,1,3,1,2,101,85,164,2,2,1,0,116,-223,182
2024-05-11,Demo FC 96,Welterweight,Brannoc Kettleby,Faris Marchbank,Faris Marchbank,KO/TKO,2,1:52,3,0,14,47,0,3,0,0,0,30,58,0,1,3,0,0,488,-700
2024-05-11,Demo FC 96,Welterweight,Fenn Marchbank,Yusuf Longmire,Yusuf Longmire,SUB,1,2:38,3,0,13,24,0,1,0,0,0,5,19,2,2,1,0,126,-190,156
2024-05-11,Demo FC 96,Welterweight,Soren Juniper,Yusuf Ironwood,Soren Juniper,SUB,1,1:49,3,0,7,20,0,0,1,0,0,11,22,0,0,0,0,0,299,-386
2024-05-11,Demo FC 96,Middleweight,Lazlo Quarry,Ivo Stonebridge,Ivo Stonebridge,DEC,3,5:00,3,0,80,166,2,6,0,0,183,84,193,2,4,5,0,83,388,-525
2024-05-11,Demo FC 96,Middleweight,Quill Thornbury,Soren Underhill,Quill Thornbury,KO/TKO,1,2:49,3,0,17,36,0,0,0,1,0,18,40,0,0,0,0,0,-3233,1601
2024-05-11,Demo FC 96,Middleweight,Hale Stonebridge,Emrys Brightwater,Hale Stonebridge,DEC,3,5:00,3,0,55,143,4,5,0,0,182,73,198,0,2,0,0,0,-200,164
2024-05-11,Demo FC 96,Light Heavyweight,Lazlo Underhill,Jasper Blackthorn,Lazlo Underhill,DEC,3,5:00,3,0,32,81,1,5,4,1,41,54,130,2,8,0,0,199,-335,264
2024-05-11,Demo FC 96,Light Heavyweight,Tamsin Emberly,Wren Oakhurst,Wren Oakhurst,DEC,3,5:00,3,0,20,43,1,3,5,0,79,57,123,2,8,4,0,162,302,-390
2024-05-11,Demo FC 96,Light Heavyweight,Galen Longmire,Ivo Kettleby,Galen Longmire,KO/TKO,1,1:05,3,0,4,12,1,1,0,1,52,4,10,0,0,0,0,0,-321,254
2024-06-01,Demo FC 97,Lightweight,Emrys Ironwood,Jory Varga,Jory Varga,KO/TKO,2,1:14,5,0,29,65,1,2,1,0,52,17,44,0,1,0,0,0,-141,118
2024-06-01,Demo FC 97,Lightweight,Ulric Emberly,Ivo Ashgrove,Ivo Ashgrove,KO/TKO,3,2:54,3,0,43,98,2,6,0,0,152,79,160,2,3,1,1,147,-115,-104
2024-06-01,Demo FC 97,Lightweight,Brannoc Crowhurst,Marek Crowhurst,Marek Crowhurst,KO/TKO,1,2:04,3,0,5,12,1,1,1,0,74,8,19,1,1,0,1,99,-120,100
2024-06-01,Demo FC 97,Welterweight,Pax Ravensworth,Xander Oakhurst,Xander Oakhurst,DEC,3,5:00,3,0,46,107,0,3,0,0,0,87,177,2,7,0,0,144,685,-1113
2024-06-01,Demo FC 97,Welterweight,Bodhi Brightwater,Brannoc Oakhurst,Brannoc Oakhurst,KO/TKO,3,0:14,3,0,22,55,0,1,0,1,0,55,100,3,3,1,1,142,132,-159
2024-06-01,Demo FC 97,Welterweight,Marek Westbrook,Marek Thornbury,Marek Westbrook,SUB,2,2:19,3,0,31,61,2,2,1,0,83,14,35,2,2,1,0,121,-3233,1814
2024-06-01,Demo FC 97,Middleweight,Dov Thornbury,Hollis Westbrook,Dov Thornbury,DEC,3,5:00,3,0,33,77,6,7,1,0,307,64,130,1,4,1,0,79,-241,196
2024-06-01,Demo FC 97,Middleweight,Kestrel Yarrow,Dario Zeller,Kestrel Yarrow,DEC,3,5:00,3,0,64,145,0,1,0,0,0,40,94,3,3,0,0,170,711,-1177
2024-06-01,Demo FC 97,Middleweight,Wren Westbrook,Quill Oakhurst,Wren Westbrook,DEC,3,5:00,3,0,58,116,0,2,3,0,0,56,127,1,8,0,1,45,203,-251
2024-06-01,Demo FC 97,Light Heavyweight,Hale Thornbury,Vale Quarry,Vale Quarry,DEC,3,5:00,3,0,30,85,2,3,1,2,81,132,237,5,6,0,0,423,155,-188
2024-06-01,Demo FC 97,Light Heavyweight,Hollis Oakhurst,Jory Crowhurst,Hollis Oakhurst,DEC,3,5:00,3,0,73,165,3,6,0,0,282,52,119,2,4,0,0,135,-433,330
2024-06-01,Demo FC 97,Light Heavyweight,Dario Underhill,Evander Greywind,Dario Underhill,KO/TKO,3,2:50,3,0,45,97,4,7,0,0,368,66,140,4,5,1,1,193,-140,116
2024-06-15,Demo FC 98,Lightweight,Dov Harrowgate,Pax Ambrose,Dov Harrowgate,DEC,5,5:00,5,0,49,109,3,5,0,0,280,99,215,3,6,0,0,196,-204,168
2024-06-15,Demo FC 98,Lightweight,Gideon Blackthorn,Gideon Eastwick,Gideon Eastwick,SUB,1,2:19,3,0,9,22,0,1,0,0,0,16,35,0,1,1,0,0,295,-381
2024-06-15,Demo FC 98,Lightweight,Wren Juniper,Rune Oakhurst,Rune Oakhurst,KO/TKO,2,4:16,3,0,31,87,1,2,1,0,57,47,102,2,5,0,2,164,1371,-3233
2024-06-15,Demo FC 98,Welterweight,Galen Kettleby,Brannoc Juniper,Galen Kettleby,DEC,3,5:00,3,0,65,129,0,4,1,1,0,54,139,1,3,1,0,87,-197,162
2024-06-15,Demo FC 98,Welterweight,Idris Crowhurst,Zeke Underhill,Idris Crowhurst,KO/TKO,2,0:34,3,0,31,66,1,1,0,1,69,11,30,0,2,0,0,0,-3233,1261
2024-06-15,Demo FC 98,Welterweight,Ulric Yarrow,Galen Ashgrove,Ulric Yarrow,SUB,2,4:16,3,0,42,97,0,0,1,0,0,47,95,0,2,0,0,0,173,-211
2024-06-15,Demo FC 98,Middleweight,Xander Emberly,Faris Harrowgate,Xander Emberly,KO/TKO,1,2:40,3,0,9,19,1,1,0,1,86,6,17,1,1,0,0,62,-440,334
2024-06-15,Demo FC 98,Middleweight,Orrin Longmire,Bodhi Harrowgate,Bodhi Harrowgate,DEC,3,5:00,3,0,60,126,2,3,0,0,103,34,90,1,6,5,0,43,-116,-103
2024-06-15,Demo FC 98,Middleweight,Soren Thornbury,Wren Crowhurst,Soren Thornbury,DEC,3,5:00,3,0,39,120,6,9,1,0,477,57,116,0,2,2,0,0,108,-129
2024-06-15,Demo FC 98,Light Heavyweight,Cyrus Yarrow,Hale Zeller,Hale Zeller,DEC,3,5:00,3,0,87,203,0,2,1,0,0,77,159,2,6,1,0,211,-161,133
2024-06-15,Demo FC 98,Light Heavyweight,Lazlo Stonebridge,Soren Ironwood,Soren Ironwood,KO/TKO,1,4:23,3,0,11,34,0,1,1,0,0,20,43,0,1,0,1,0,108,-129
2024-06-15,Demo FC 98,Light Heavyweight,Zeke Fairholt,Orrin Harrowgate,Orrin Harrowgate,S-DEC,3,5:00,3,0,87,167,1,2,0,0,43,49,118,2,4,1,0,171,308,-400
2024-06-29,Demo FC 99,Lightweight,Marek Marchbank,Vale Thornbury,Vale Thornbury,SUB,2,0:27,5,0,9,22,0,1,0,0,0,43,79,0,1,1,0,0,834,-1512
2024-06-29,Demo FC 99,Lightweight,Cato Delacroix-Venn,Anselm Ironwood,Cato Delacroix-Venn,S-DEC,3,5:00,3,0,60,144,3,3,1,1,199,34,91,0,2,1,0,0,-672,473
2024-06-29,Demo FC 99,Lightweight,Anselm Eastwick,Ivo Delacroix-Venn,Ivo Delacroix-Venn,DEC,3,5:00,3,0,45,128,2,4,0,0,149,77,154,1,7,0,0,45,-134,112
2024-06-29,Demo FC 99,Welterweight,Ivo Greywind,Jory Harrowgate,Ivo Greywind,DEC,3,5:00,3,0,50,115,3,5,1,0,189,67,141,2,5,1,1,190,192,-236
2024-06-29,Demo FC 99,Welterweight,Dario Eastwick,Kestrel Eastwick,Kestrel Eastwick,SUB,1,3:37,3,0,10,29,1,2,0,0,88,11,24,3,3,1,0,173,103,-123
2024-06-29,Demo FC 99,Welterweight,Anselm Quarry,Evander Marchbank,Anselm Quarry,DEC,3,5:00,3,0,77,165,5,9,0,0,321,54,116,0,1,0,0,0,-712,495
2024-06-29,Demo FC 99,Middleweight,Orrin Fairholt,Marek Ashgrove,Orrin Fairholt,KO/TKO,2,1:38,3,0,36,65,2,4,0,1,212,7,24,0,1,3,1,0,-2171,1023
2024-06-29,Demo FC 99,Middleweight,Ivo Dunmore,Idris Northcott,Ivo Dunmore,S-DEC,3,5:00,3,0,84,180,1,5,0,1,109,80,188,2,8,0,1,139,104,-125
2024-06-29,Demo FC 99,Middleweight,Evander Dunmore,Bodhi Eastwick,Bodhi Eastwick,DEC,3,5:00,3,0,40,91,1,4,0,1,66,33,67,0,2,1,0,0,120,-144
2024-06-29,Demo FC 99,Light Heavyweight,Rune Ambrose,Faris Greywind,Rune Ambrose,KO/TKO,3,4:26,3,0,82,145,0,1,1,1,0,35,117,1,2,1,0,70,-3233,1814
2024-06-29,Demo FC 99,Light Heavyweight,Jory Kettleby,Orrin Emberly,Jory Kettleby,SUB,3,0:27,3,0,36,77,1,4,1,1,51,22,43,1,7,0,2,86,125,-150
2024-06-29,Demo FC 99,Light Heavyweight,Gideon Marchbank,Hale Oakhurst,Gideon Marchbank,KO/TKO,2,4:19,3,0,51,102,3,4,1,1,146,34,76,1,2,0,0,67,-497,370
2024-07-13,Demo FC 100,Middleweight,Anselm Stonebridge,Orrin Dunmore,Anselm Stonebridge,KO/TKO,2,2:06,5,0,35,70,0,1,0,1,0,44,81,0,2,0,0,0,134,-162
2024-07-27,Demo FC 101,Lightweight,Emrys Crowhurst,Jory Westbrook,Emrys Crowhurst,DEC,5,5:00,5,0,146,278,2,10,0,1,91,69,193,0,0,0,0,0,-667,470
2024-07-27,Demo FC 101,Lightweight,Idris Emberly,Rune Thornbury,Idris Emberly,DEC,3,5:00,3,0,69,142,0,1,0,0,0,36,87,0,3,0,0,0,-180,148
2024-07-27,Demo FC 101,Lightweight,Zeke Harrowgate,Hollis Dunmore,Zeke Harrowgate,DEC,3,5:00,3,0,38,89,0,5,0,0,0,52,125,3,4,0,1,149,-114,-105
2024-07-27,Demo FC 101,Welterweight,Wren Northcott,Hollis Zeller,Wren Northcott,DEC,3,5:00,3,0,58,124,4,10,0,0,394,59,135,2,5,3,0,194,-179,148
2024-07-27,Demo FC 101,Welterweight,Marek Zeller,Jasper Brightwater,Jasper Brightwater,SUB,3,1:23,3,0,35,80,1,3,0,0,61,53,109,1,2,1,0,92,120,-144
2024-07-27,Demo FC 101,Welterweight,Ulric Underhill,Hollis Pellow,Hollis Pellow,DEC,3,5:00,3,0,34,117,4,4,1,0,366,82,161,2,6,1,0,150,345,-456
2024-07-27,Demo FC 101,Middleweight,Galen Thornbury,Hollis Ashgrove,Galen Thornbury,KO/TKO,1,3:15,3,0,18,35,1,1,0,1,92,3,11,0,0,0,0,0,-1009,640
2024-07-27,Demo FC 101,Middleweight,Idris Blackthorn,Anselm Northcott,Anselm Northcott,SUB,1,2:36,3,0,2,10,0,0,0,1,0,16,33,1,1,1,0,86,1008,-2110
2024-07-27,Demo FC 101,Light Heavyweight,Cato Underhill,Idris Zeller,Cato Underhill,S-DEC,3,5:00,3,0,26,91,1,3,0,1,62,115,210,1,4,2,1,107,1814,-3233
2024-07-27,Demo FC 101,Light Heavyweight,Bodhi Northcott,Zeke Kettleby,Bodhi Northcott,KO/TKO,1,2:36,3,0,13,21,0,1,0,0,0,5,11,0,1,0,1,0,-414,317
2024-07-27,Demo FC 101,Light Heavyweight,Jory Fairholt,Marek Longmire,Marek Longmire,SUB,2,2:52,3,0,27,71,2,3,0,1,97,24,53,5,5,1,1,285,508,-736
2024-08-24,Demo FC 102,Lightweight,Dario Ambrose,Yusuf Harrowgate,Dario Ambrose,SUB,3,2:32,5,0,50,113,4,7,1,0,290,55,107,2,7,0,0,182,-111,-108
2024-08-24,Demo FC 102,Lightweight,Kestrel Oakhurst,Rune Underhill,Rune Underhill,DEC,3,5:00,3,0,60,116,2,3,0,2,133,35,101,4,8,1,0,393,-262,212
2024-08-24,Demo FC 102,Lightweight,Idris Dunmore,Cato Harrowgate,Idris Dunmore,KO/TKO,3,3:46,3,0,39,102,10,10,0,1,660,34,77,0,2,0,0,0,-282,226
2024-08-24,Demo FC 102,Welterweight,Jory Blackthorn,Zeke Delacroix-Venn,Jory Blackthorn,DEC,3,5:00,3,0,67,142,0,4,1,0,0,57,168,1,4,0,1,46,189,-232
2024-08-24,Demo FC 102,Welterweight,Fenn Marchbank,Emrys Eastwick,Emrys Eastwick,KO/TKO,2,1:52,3,0,25,50,3,3,1,0,314,20,53,1,3,3,0,96,177,-216
2024-08-24,Demo FC 102,Welterweight,Gideon Harrowgate,Faris Marchbank,Faris Marchbank,S-DEC,3,5:00,3,0,75,182,0,3,4,1,0,70,164,1,5,4,0,56,-217,178
2024-08-24,Demo FC 102,Middleweight,Soren Kettleby,Lazlo Quarry,Lazlo Quarry,KO/TKO,1,3:49,3,0,7,17,1,1,0,0,64,21,40,1,1,0,0,63,421,-581
2024-08-24,Demo FC 102,Middleweight,Soren Zeller,Jasper Quarry,Jasper Quarry,DEC,3,5:00,3,0,43,144,0,4,1,0,0,146,219,2,3,0,0,110,390,-528
2024-08-24,Demo FC 102,Middleweight,Emrys Brightwater,Kestrel Dunmore,Emrys Brightwater,DEC,3,5:00,3,0,92,165,0,4,0,0,0,40,143,6,8,1,0,311,-117,-102
2024-08-24,Demo FC 102,Light Heavyweight,Dov Ambrose,Jasper Blackthorn,Jasper Blackthorn,SUB,1,1:50,3,0,6,15,0,0,0,0,0,8,19,1,1,1,0,72,281,-359
2024-08-24,Demo FC 102,Light Heavyweight,Tamsin Emberly,Vale Harrowgate,Vale Harrowgate,DEC,3,5:00,3,0,54,152,1,5,3,0,104,76,136,0,1,1,0,0,103,-123
2024-08-24,Demo FC 102,Light Heavyweight,Brannoc Ironwood,Ivo Kettleby,Ivo Kettleby,S-DEC,3,5:00,3,0,69,189,0,5,2,1,0,64,133,1,3,2,0,108,298,-385
2024-09-07,Demo FC 103,Lightweight,Xander Thornbury,Hollis Harrowgate,Hollis Harrowgate,KO/TKO,3,3:57,5,0,71,136,0,1,2,2,0,47,108,6,9,0,1,495,-156,130
2024-09-07,Demo FC 103,Lightweight,Bodhi Kettleby,Aren Coldwater,Aren Coldwater,DEC,3,5:00,3,0,67,117,6,9,0,0,571,40,104,3,6,2,0,223,-340,267
2024-09-07,Demo FC 103,Lightweight,Nilo Zeller,Pax Greywind,Pax Greywind,SUB,2,0:47,3,0,28,66,0,1,0,0,0,26,55,0,3,1,0,0,182,-224
2024-09-07,Demo FC 103,Welterweight,Yusuf Ironwood,Quill Ambrose,Yusuf Ironwood,S-DEC,3,5:00,3,0,117,226,1,2,1,0,103,56,138,0,3,0,0,0,-257,208
2024-09-07,Demo FC 103,Welterweight,Brannoc Kettleby,Xander Westbrook,Xander Westbrook,DEC,3,5:00,3,0,29,98,6,8,2,1,581,69,115,1,3,0,0,64,-128,107
2024-09-07,Demo FC 103,Welterweight,Cyrus Harrowgate,Yusuf Longmire,Cyrus Harrowgate,SUB,2,4:16,3,0,67,86,2,5,1,0,151,10,42,5,5,2,0,269,-749,514
2024-09-07,Demo FC 103,Middleweight,Hale Stonebridge,Brannoc Ravensworth,Brannoc Ravensworth,SUB,1,0:47,3,0,4,7,1,1,0,0,37,2,6,0,0,1,0,0,-1356,779
2024-09-07,Demo FC 103,Middleweight,Orrin Varga,Ivo Stonebridge,Ivo Stonebridge,DEC,3,5:00,3,0,48,105,0,5,3,0,0,73,183,4,5,2,0,276,264,-336
2024-09-07,Demo FC 103,Middleweight,Jory Marchbank,Soren Underhill,Soren Underhill,KO/TKO,1,4:54,3,0,22,43,2,2,0,0,210,20,41,0,1,0,1,0,151,-183
2024-09-07,Demo FC 103,Light Heavyweight,Wren Ironwood,Fenn Eastwick,Wren Ironwood,KO/TKO,1,1:05,3,0,4,11,1,1,1,1,46,2,6,0,0,0,0,0,-3233,1814
2024-09-07,Demo FC 103,Light Heavyweight,Evander Eastwick,Ulric Crowhurst,Ulric Crowhurst,DEC,3,5:00,3,0,50,94,0,2,0,0,0,29,65,2,5,1,0,116,349,-463
2024-09-07,Demo FC 103,Light Heavyweight,Emrys Greywind,Lazlo Underhill,Lazlo Underhill,SUB,1,3:39,3,0,17,34,0,1,0,0,0,9,24,1,2,1,0,69,105,-126
2024-09-21,Demo FC 104,Lightweight,Emrys Ironwood,Ulric Emberly,Ulric Emberly,KO/TKO,4,3:28,5,0,79,181,2,7,1,0,150,48,110,5,9,1,1,436,335,-441
2024-09-21,Demo FC 104,Lightweight,Zeke Juniper,Ivo Ashgrove,Ivo Ashgrove,KO/TKO,2,4:32,3,0,42,97,0,2,0,0,0,32,74,2,2,0,1,169,101,-121
2024-09-21,Demo FC 104,Lightweight,Jory Varga,Brannoc Crowhurst,Brannoc Crowhurst,S-DEC,3,5:00,3,0,37,89,0,2,1,0,0,47,96,6,7,1,1,630,1814,-3233
2024-09-21,Demo FC 104,Welterweight,Pax Ravensworth,Marek Thornbury,Pax Ravensworth,DEC,3,5:00,3,0,52,110,1,2,0,0,93,44,107,5,8,1,0,537,-114,-105
2024-09-21,Demo FC 104,Welterweight,Bodhi Brightwater,Xander Oakhurst,Xander Oakhurst,SUB,3,4:37,3,0,49,115,1,2,5,0,68,56,122,4,6,1,0,238,322,-421
2024-09-21,Demo FC 104,Welterweight,Marek Westbrook,Soren Juniper,Soren Juniper,DEC,3,5:00,3,0,59,140,1,7,0,0,54,80,167,0,0,0,2,0,231,-289
2024-09-21,Demo FC 104,Middleweight,Hollis Westbrook,Wren Westbrook,Wren Westbrook,DEC,3,5:00,3,0,91,218,0,3,0,0,0,34,82,1,2,3,0,85,-160,133
2024-09-21,Demo FC 104,Middleweight,Dov Thornbury,Kestrel Yarrow,Dov Thornbury,SUB,1,1:43,3,0,6,13,1,1,1,0,82,5,12,0,0,0,0,0,-550,403
2024-09-21,Demo FC 104,Middleweight,Dario Zeller,Lazlo Greywind,Dario Zeller,SUB,1,4:57,3,0,14,38,1,2,1,1,98,26,47,1,2,1,0,44,145,-176
2024-09-21,Demo FC 104,Light Heavyweight,Jory Crowhurst,Hale Thornbury,Jory Crowhurst,KO/TKO,2,1:20,3,0,25,49,2,3,0,0,175,18,44,1,2,0,0,59,-122,102
2024-09-21,Demo FC 104,Light Heavyweight,Ulric Ashgrove,Vale Quarry,Vale Quarry,DEC,3,5:00,3,0,37,107,1,5,0,0,106,65,111,2,6,0,0,140,179,-219
2024-09-21,Demo FC 104,Light Heavyweight,Evander Greywind,Dario Underhill,Evander Greywind,KO/TKO,1,1:33,3,0,4,11,0,0,0,0,0,3,8,1,1,0,0,74,-140,117
2024-10-12,Demo FC 105,Lightweight,Anselm Ironwood,Gideon Blackthorn,Gideon Blackthorn,DEC,5,5:00,5,0,105,221,1,5,1,0,91,94,191,4,6,0,0,404,385,-520
2024-10-12,Demo FC 105,Lightweight,Pax Ambrose,Vale Thornbury,Vale Thornbury,DEC,3,5:00,3,0,53,139,0,2,1,1,0,92,185,2,3,0,1,208,349,-463
2024-10-12,Demo FC 105,Lightweight,Dov Harrowgate,Anselm Eastwick,Dov Harrowgate,KO/TKO,1,1:34,3,0,3,8,0,0,0,1,0,4,13,0,1,0,0,0,248,-312
2024-10-12,Demo FC 105,Welterweight,Galen Ashgrove,Galen Kettleby,Galen Ashgrove,DEC,3,5:00,3,0,80,172,2,3,0,0,116,88,193,1,2,0,2,64,-203,166
2024-10-12,Demo FC 105,Welterweight,Brannoc Oakhurst,Zeke Underhill,Zeke Underhill,DEC,3,5:00,3,0,38,70,0,2,0,0,0,66,144,5,8,1,0,513,-157,131
2024-10-12,Demo FC 105,Welterweight,Jory Harrowgate,Dario Eastwick,Jory Harrowgate,SUB,2,1:53,3,0,31,53,1,2,1,0,94,14,51,2,3,0,1,212,116,-139
2024-10-12,Demo FC 105,Middleweight,Evander Dunmore,Idris Northcott,Idris Northcott,DEC,3,5:00,3,0,51,111,2,4,1,0,122,41,78,3,6,1,0,164,276,-352
2024-10-12,Demo FC 105,Middleweight,Orrin Fairholt,Orrin Longmire,Orrin Longmire,DEC,3,5:00,3,0,89,167,6,9,0,0,652,41,95,2,4,1,0,104,-522,386
2024-10-12,Demo FC 105,Middleweight,Marek Ashgrove,Wren Crowhurst,Marek Ashgrove,KO/TKO,1,3:25,3,0,5,15,0,0,3,0,0,9,19,0,0,0,0,0,990,-2041
2024-10-12,Demo FC 105,Light Heavyweight,Cyrus Yarrow,Rune Ambrose,Rune Ambrose,DEC,3,5:00,3,0,85,180,1,2,0,0,40,119,227,0,2,0,0,0,191,-235
2024-10-12,Demo FC 105,Light Heavyweight,Faris Greywind,Hale Zeller,Hale Zeller,KO/TKO,3,2:24,3,0,32,88,0,3,0,0,0,59,106,3,5,0,1,145,499,-720
2024-10-12,Demo FC 105,Light Heavyweight,Orrin Emberly,Zeke Fairholt,Zeke Fairholt,KO/TKO,3,4:54,3,0,46,111,7,8,1,3,715,63,117,1,3,0,0,100,-240,195
2024-11-02,Demo FC 106,Lightweight,Vale Varga,Bodhi Greywind,Vale Varga,DEC,5,5:00,5,0,165,323,4,6,0,0,289,72,210,0,3,2,0,0,-340,267
2024-11-02,Demo FC 106,Lightweight,Gideon Eastwick,Wren Juniper,Wren Juniper,KO/TKO,1,1:46,3,0,13,22,0,0,0,0,0,11,24,0,0,0,1,0,-230,187
2024-11-02,Demo FC 106,Lightweight,Cato Delacroix-Venn,Ivo Delacroix-Venn,Cato Delacroix-Venn,DEC,3,5:00,3,0,65,131,3,7,0,0,130,47,126,6,8,1,0,508,-111,-108
2024-11-02,Demo FC 106,Welterweight,Brannoc Juniper,Ivo Greywind,Ivo Greywind,KO/TKO,2,3:39,3,0,32,68,1,2,0,0,54,28,74,1,3,1,1,44,179,-218
2024-11-02,Demo FC 106,Welterweight,Evander Marchbank,Kestrel Eastwick,Kestrel Eastwick,DEC,3,5:00,3,0,75,126,0,1,1,0,0,16,54,6,9,1,0,349,187,-229
2024-11-02,Demo FC 106,Welterweight,Idris Crowhurst,Ulric Yarrow,Idris Crowhurst,KO/TKO,3,0:29,3,0,50,109,0,3,0,1,0,41,87,1,2,1,0,95,-536,394
2024-11-02,Demo FC 106,Middleweight,Soren Thornbury,Xander Emberly,Soren Thornbury,DEC,3,5:00,3,0,63,135,4,4,0,0,261,32,80,2,6,2,0,96,-601,433
2024-11-02,Demo FC 106,Middleweight,Dario Delacroix-Venn,Bodhi Harrowgate,Dario Delacroix-Venn,DEC,3,5:00,3,0,119,186,1,5,1,0,71,27,103,2,3,6,0,164,-808,544
2024-11-02,Demo FC 106,Middleweight,Orrin Dunmore,Ivo Dunmore,Orrin Dunmore,DEC,3,5:00,3,0,68,141,3,11,0,1,287,52,113,2,4,0,0,170,-218,178
2024-11-02,Demo FC 106,Light Heavyweight,Hollis Quarry,Lazlo Stonebridge,Hollis Quarry,DEC,3,5:00,3,0,94,193,1,2,0,0,41,31,84,3,6,4,1,191,-153,127
2024-11-02,Demo FC 106,Light Heavyweight,Marek Fairholt,Ivo Brightwater,Ivo Brightwater,SUB,3,0:50,3,0,62,125,0,3,0,0,0,63,139,4,4,3,0,403,1165,-2837
2024-11-02,Demo FC 106,Light Heavyweight,Jory Kettleby,Hollis Oakhurst,Hollis Oakhurst,DEC,3,5:00,3,0,61,149,2,8,4,0,109,52,118,2,5,0,1,182,-456,345
2024-11-23,Demo FC 107,Lightweight,Emrys Crowhurst,Hollis Dunmore,Emrys Crowhurst,DEC,5,5:00,5,0,148,267,0,3,1,0,0,56,115,1,5,2,0,96,-217,177
2024-11-23,Demo FC 107,Lightweight,Idris Emberly,Zeke Harrowgate,Idris Emberly,S-DEC,3,5:00,3,0,80,175,1,2,0,0,82,72,151,2,2,1,0,188,130,-156
2024-11-23,Demo FC 107,Lightweight,Rune Oakhurst,Rune Thornbury,Rune Oakhurst,KO/TKO,1,1:52,3,0,13,22,0,0,0,1,0,6,17,0,0,0,0,0,-3233,1814
2024-11-23,Demo FC 107,Welterweight,Marek Zeller,Lazlo Crowhurst,Marek Zeller,KO/TKO,3,1:37,3,0,28,72,1,1,0,1,77,30,63,1,3,1,0,40,-313,249
2024-11-23,Demo FC 107,Welterweight,Wren Northcott,Ulric Underhill,Wren Northcott,KO/TKO,3,3:43,3,0,67,139,2,7,0,0,91,19,47,0,3,1,0,0,-3043,1202
2024-11-23,Demo FC 107,Welterweight,Hollis Zeller,Jasper Brightwater,Jasper Brightwater,DEC,3,5:00,3,0,28,54,2,5,1,0,151,62,113,0,0,2,1,0,231,-289
2024-11-23,Demo FC 107,Middleweight,Hollis Ashgrove,Idris Blackthorn,Hollis Ashgrove,SUB,3,1:55,3,0,63,127,0,2,1,0,0,44,87,0,0,0,0,0,-143,119
2024-11-23,Demo FC 107,Middleweight,Anselm Northcott,Galen Thornbury,Galen Thornbury,DEC,3,5:00,3,0,86,165,5,7,0,0,323,26,53,5,7,0,0,497,-227,185
2024-11-23,Demo FC 107,Middleweight,Bodhi Eastwick,Quill Oakhurst,Bodhi Eastwick,KO/TKO,2,4:59,3,0,46,100,0,0,0,1,0,47,78,2,3,2,0,161,238,-299
2024-11-23,Demo FC 107,Light Heavyweight,Zeke Kettleby,Bodhi Northcott,Bodhi Northcott,DEC,3,5:00,3,0,47,126,0,1,0,0,0,97,208,2,5,0,0,196,234,-293
2024-11-23,Demo FC 107,Light Heavyweight,Idris Zeller,Jory Fairholt,Idris Zeller,KO/TKO,2,3:32,3,0,25,59,0,1,1,1,0,22,69,4,4,0,0,195,-729,504
2024-11-23,Demo FC 107,Light Heavyweight,Cato Underhill,Soren Ironwood,Soren Ironwood,KO/TKO,1,0:51,3,0,3,7,0,0,0,0,0,4,9,0,0,0,1,0,495,-713
2024-12-14,Demo FC 108,Lightweight,Dario Ambrose,Yusuf Harrowgate,Yusuf Harrowgate,SUB,4,1:56,5,0,83,171,2,8,1,1,173,89,180,2,5,1,1,160,-112,-107
2024-12-14,Demo FC 108,Lightweight,Rune Underhill,Cato Harrowgate,Cato Harrowgate,SUB,1,2:26,3,0,3,10,1,1,0,1,66,8,16,1,1,1,0,107,244,-307
2024-12-14,Demo FC 108,Lightweight,Kestrel Oakhurst,Idris Dunmore,Idris Dunmore,SUB,1,4:06,3,0,11,21,0,0,0,0,0,13,29,2,3,1,0,167,305,-395
2024-12-14,Demo FC 108,Welterweight,Fenn Marchbank,Jory Blackthorn,Fenn Marchbank,SUB,1,4:39,3,0,18,37,2,2,1,0,209,18,43,0,1,0,0,0,-609,438
2024-12-14,Demo FC 108,Welterweight,Gideon Harrowgate,Hollis Pellow,Gideon Harrowgate,KO/TKO,2,2:59,3,0,34,70,2,3,2,1,120,30,66,1,2,0,0,85,-689,482
2024-12-14,Demo FC 108,Welterweight,Faris Marchbank,Anselm Quarry,Faris Marchbank,DEC,3,5:00,3,0,73,150,0,2,1,0,0,80,156,1,4,2,0,41,-167,139
2024-12-14,Demo FC 108,Middleweight,Soren Zeller,Jasper Quarry,Jasper Quarry,SUB,2,0:44,3,0,12,35,1,2,0,0,58,34,65,1,1,1,0,92,846,-1548
2024-12-14,Demo FC 108,Middleweight,Lazlo Quarry,Kestrel Dunmore,Kestrel Dunmore,DEC,3,5:00,3,0,50,99,2,6,0,0,103,65,142,6,8,2,0,328,288,-370
2024-12-14,Demo FC 108,Middleweight,Anselm Stonebridge,Emrys Brightwater,Emrys Brightwater,KO/TKO,1,1:24,3,0,6,12,0,0,0,0,0,9,18,0,0,0,1,0,-217,177
2024-12-14,Demo FC 108,Light Heavyweight,Jasper Blackthorn,Dov Ambrose,Jasper Blackthorn,S-DEC,3,5:00,3,0,95,180,3,4,0,1,122,26,68,1,2,0,0,104,-247,200
2024-12-14,Demo FC 108,Light Heavyweight,Marek Longmire,Brannoc Ironwood,Brannoc Ironwood,SUB,3,4:41,3,0,77,144,5,10,0,0,549,71,165,1,3,1,0,89,-482,361
2024-12-14,Demo FC 108,Light Heavyweight,Ivo Kettleby,Orrin Harrowgate,Ivo Kettleby,DEC,3,5:00,3,0,81,157,0,1,4,0,0,52,123,3,5,2,3,232,-145,120
2025-01-04,Demo FC 109,Lightweight,Zeke Juniper,Nilo Zeller,Nilo Zeller,KO/TKO,2,4:20,5,0,31,78,1,2,1,0,83,55,124,0,2,0,0,0,824,-1481
2025-01-04,Demo FC 109,Lightweight,Jory Varga,Xander Thornbury,Xander Thornbury,KO/TKO,1,4:10,3,0,7,18,0,1,1,0,0,15,34,1,2,0,1,61,1070,-2369
2025-01-04,Demo FC 109,Lightweight,Ulric Emberly,Aren Coldwater,Aren Coldwater,DEC,3,5:00,3,0,43,105,4,6,0,1,209,24,94,2,3,1,0,141,-312,248
2025-01-04,Demo FC 109,Welterweight,Bodhi Brightwater,Pax Ravensworth,Bodhi Brightwater,KO/TKO,1,3:36,3,0,12,35,0,1,0,0,0,17,34,0,1,0,0,0,-357,279
2025-01-04,Demo FC 109,Welterweight,Yusuf Longmire,Yusuf Ironwood,Yusuf Ironwood,DEC,3,5:00,3,0,19,90,3,4,2,0,198,111,178,3,4,0,0,287,1343,-3233
2025-01-04,Demo FC 109,Welterweight,Brannoc Kettleby,Marek Westbrook,Marek Westbrook,DEC,3,5:00,3,0,44,108,4,7,2,0,244,46,82,0,4,4,0,0,177,-217
2025-01-04,Demo FC 109,Middleweight,Hollis Westbrook,Jory Marchbank,Hollis Westbrook,S-DEC,3,5:00,3,0,63,133,0,1,0,0,0,63,137,3,5,0,0,324,-142,119
2025-01-04,Demo FC 109,Middleweight,Hale Stonebridge,Lazlo Greywind,Hale Stonebridge,DEC,3,5:00,3,0,89,158,5,9,0,0,268,97,216,3,4,0,0,231,-128,107
2025-01-04,Demo FC 109,Middleweight,Brannoc Ravensworth,Kestrel Yarrow,Kestrel Yarrow,S-DEC,3,5:00,3,0,54,139,1,3,1,0,92,99,195,2,6,2,0,131,123,-148
2025-01-04,Demo FC 109,Light Heavyweight,Hale Thornbury,Evander Eastwick,Hale Thornbury,SUB,2,1:38,3,0,13,42,1,2,1,0,75,22,42,1,1,0,0,56,216,-268
2025-01-04,Demo FC 109,Light Heavyweight,Jory Crowhurst,Emrys Greywind,Emrys Greywind,DEC,3,5:00,3,0,74,163,2,7,0,0,169,72,137,4,5,2,0,370,568,-854
2025-01-04,Demo FC 109,Light Heavyweight,Dario Underhill,Ulric Ashgrove,Ulric Ashgrove,DEC,3,5:00,3,0,48,108,3,7,0,0,299,64,137,1,2,1,0,85,114,-137
2025-01-18,Demo FC 110,Lightweight,Cyrus Greywind,Hollis Harrowgate,Hollis Harrowgate,DEC,5,5:00,5,0,55,154,7,11,1,0,302,135,250,9,12,1,0,920,309,-401
2025-01-18,Demo FC 110,Lightweight,Bodhi Kettleby,Brannoc Crowhurst,Brannoc Crowhurst,SUB,2,2:05,3,0,19,46,3,5,0,0,274,18,40,3,5,1,0,235,309,-402
2025-01-18,Demo FC 110,Lightweight,Ivo Ashgrove,Orrin Zeller,Orrin Zeller,KO/TKO,2,2:53,3,0,33,74,1,3,0,0,101,54,81,2,5,0,1,217,489,-701
2025-01-18,Demo FC 110,Welterweight,Quill Ambrose,Marek Thornbury,Quill Ambrose,SUB,1,4:18,3,0,13,29,1,1,1,0,68,10,29,1,2,0,0,80,-3055,1204
2025-01-18,Demo FC 110,Welterweight,Cyrus Harrowgate,Soren Juniper,Soren Juniper,DEC,3,5:00,3,0,82,153,2,6,2,0,195,59,125,0,1,2,1,0,-114,-105
2025-01-18,Demo FC 110,Welterweight,Xander Oakhurst,Xander Westbrook,Xander Westbrook,KO/TKO,3,2:35,3,0,51,105,1,4,0,0,85,60,114,1,2,0,0,74,-440,335
2025-01-18,Demo FC 110,Middleweight,Ivo Zeller,Dario Zeller,Dario Zeller,DEC,3,5:00,3,0,42,107,8,9,1,0,626,22,61,4,8,2,2,255,160,-194
2025-01-18,Demo FC 110,Middleweight,Soren Underhill,Orrin Varga,Orrin Varga,KO/TKO,1,4:28,3,0,15,36,0,1,0,1,0,17,46,1,1,0,0,43,227,-284
2025-01-18,Demo FC 110,Middleweight,Ivo Stonebridge,Dov Thornbury,Ivo Stonebridge,DEC,3,5:00,3,0,70,138,4,8,2,0,324,68,169,5,9,2,0,432,-840,560
2025-01-18,Demo FC 110,Light Heavyweight,Vale Harrowgate,Vale Quarry,Vale Harrowgate,KO/TKO,1,4:51,3,0,20,46,1,1,0,1,107,16,35,1,1,0,0,86,-296,236
2025-01-18,Demo FC 110,Light Heavyweight,Dov Northcott,Ulric Crowhurst,Ulric Crowhurst,DEC,3,5:00,3,0,71,163,1,3,0,0,58,53,118,3,6,1,0,321,382,-516
2025-01-18,Demo FC 110,Light Heavyweight,Wren Ironwood,Evander Greywind,Evander Greywind,KO/TKO,1,3:48,3,0,22,46,0,1,0,0,0,23,49,1,1,0,0,53,-959,617
2025-02-15,Demo FC 111,Lightweight,Anselm Ironwood,Bodhi Greywind,Bodhi Greywind,KO/TKO,2,4:45,5,0,33,75,0,1,1,0,0,18,43,0,0,0,1,0,253,-320
2025-02-15,Demo FC 111,Lightweight,Anselm Eastwick,Gideon Eastwick,Gideon Eastwick,SUB,2,4:25,3,0,26,91,4,4,0,0,268,56,114,0,2,1,0,0,246,-310
2025-02-15,Demo FC 111,Lightweight,Ivo Delacroix-Venn,Gideon Blackthorn,Ivo Delacroix-Venn,S-DEC,3,5:00,3,0,84,162,1,4,1,1,86,70,147,0,0,1,0,0,-163,135
2025-02-15,Demo FC 111,Welterweight,Galen Kettleby,Brannoc Oakhurst,Galen Kettleby,S-DEC,3,5:00,3,0,62,133,2,3,0,0,167,72,185,1,1,0,0,99,204,-252
2025-02-15,Demo FC 111,Welterweight,Zeke Underhill,Ivo Greywind,Zeke Underhill,DEC,3,5:00,3,0,31,73,3,5,0,0,319,24,50,1,3,0,0,75,116,-139
2025-02-15,Demo FC 111,Welterweight,Galen Ashgrove,Kestrel Eastwick,Kestrel Eastwick,KO/TKO,1,2:42,3,0,11,20,0,0,0,0,0,5,15,2,2,0,0,106,157,-190
2025-02-15,Demo FC 111,Middleweight,Xander Emberly,Wren Crowhurst,Wren Crowhurst,SUB,3,4:01,3,0,47,104,0,1,0,0,0,70,155,3,3,1,0,127,541,-801
2025-02-15,Demo FC 111,Middleweight,Ivo Dunmore,Marek Ashgrove,Ivo Dunmore,KO/TKO,1,4:52,3,0,26,53,2,2,0,1,151,11,32,0,1,1,1,0,-3233,1696
2025-02-15,Demo FC 111,Middleweight,Fenn Juniper,Orrin Longmire,Fenn Juniper,DEC,3,5:00,3,0,48,135,4,9,1,0,291,54,123,1,5,0,0,106,-162,134
2025-02-15,Demo FC 111,Light Heavyweight,Lazlo Stonebridge,Hale Zeller,Hale Zeller,DEC,3,5:00,3,0,53,121,1,3,5,1,71,94,197,6,6,0,0,559,539,-797
2025-02-15,Demo FC 111,Light Heavyweight,Marek Fairholt,Ivo Brightwater,Ivo Brightwater,SUB,1,3:10,3,0,7,25,0,1,0,0,0,5,17,1,1,1,0,87,657,-1048
2025-02-15,Demo FC 111,Light Heavyweight,Zeke Fairholt,Hollis Quarry,Hollis Quarry,DEC,3,5:00,3,0,58,124,2,3,0,0,165,95,211,6,8,0,1,315,-361,282
2025-03-15,Demo FC 112,Lightweight,Rune Thornbury,Emrys Crowhurst,Emrys Crowhurst,DEC,5,5:00,5,0,93,264,3,4,3,3,305,120,211,0,3,1,0,0,264,-336
2025-03-15,Demo FC 112,Lightweight,Wren Juniper,Zeke Harrowgate,Wren Juniper,SUB,2,3:01,3,0,47,94,0,1,1,0,0,20,49,0,1,0,0,0,-152,126
2025-03-15,Demo FC 112,Lightweight,Hollis Dunmore,Cato Delacroix-Venn,Cato Delacroix-Venn,KO/TKO,3,0:42,3,0,22,58,0,1,1,1,0,71,131,1,4,0,1,54,241,-303
2025-03-15,Demo FC 112,Welterweight,Ulric Yarrow,Evander Marchbank,Evander Marchbank,DEC,3,5:00,3,0,88,158,0,2,0,0,0,55,130,0,1,0,1,0,-121,101
2025-03-15,Demo FC 112,Welterweight,Lazlo Crowhurst,Ulric Underhill,Ulric Underhill,KO/TKO,1,1:52,3,0,5,12,0,0,0,0,0,3,9,1,1,0,0,44,-242,197
2025-03-15,Demo FC 112,Welterweight,Marek Zeller,Hollis Zeller,Hollis Zeller,SUB,1,3:17,3,0,1,4,0,1,0,1,0,11,26,1,1,1,0,105,-200,164
2025-03-15,Demo FC 112,Middleweight,Idris Blackthorn,Anselm Northcott,Anselm Northcott,SUB,1,0:59,3,0,1,4,0,0,0,0,0,6,13,0,0,1,0,0,924,-1801
2025-03-15,Demo FC 112,Middleweight,Vale Crowhurst,Idris Northcott,Idris Northcott,KO/TKO,2,0:24,3,0,15,34,0,1,0,1,0,14,38,1,1,1,1,73,-391,302
2025-03-15,Demo FC 112,Middleweight,Orrin Fairholt,Dario Delacroix-Venn,Orrin Fairholt,KO/TKO,1,0:47,3,0,3,10,0,0,0,1,0,6,12,0,0,0,0,0,142,-171
2025-03-15,Demo FC 112,Light Heavyweight,Cato Underhill,Idris Zeller,Idris Zeller,KO/TKO,2,4:30,3,0,9,29,0,2,0,1,0,82,153,0,1,1,0,0,1814,-3233
2025-03-15,Demo FC 112,Light Heavyweight,Soren Ironwood,Zeke Kettleby,Zeke Kettleby,DEC,3,5:00,3,0,61,156,1,3,1,0,70,62,155,1,4,1,0,71,-116,-104
2025-03-15,Demo FC 112,Light Heavyweight,Rune Ambrose,Jory Fairholt,Jory Fairholt,DEC,3,5:00,3,0,70,143,1,2,0,0,106,29,95,6,6,0,0,645,-637,454
2025-04-05,Demo FC 113,Lightweight,Rune Underhill,Cato Harrowgate,Rune Underhill,KO/TKO,5,2:58,5,0,75,170,10,13,0,0,504,76,176,3,7,4,0,273,218,-271
2025-04-05,Demo FC 113,Lightweight,Dario Ambrose,Vale Thornbury,Dario Ambrose,DEC,3,5:00,3,0,54,117,2,4,1,0,123,63,134,0,7,0,2,0,-103,-116
2025-04-05,Demo FC 113,Lightweight,Vale Varga,Idris Dunmore,Vale Varga,KO/TKO,2,3:35,3,0,29,54,2,2,0,2,121,27,60,5,5,0,0,216,-150,124
2025-04-05,Demo FC 113,Welterweight,Jory Blackthorn,Fenn Marchbank,Fenn Marchbank,KO/TKO,1,2:35,3,0,10,21,0,1,0,0,0,8,20,1,1,0,1,100,310,-403
2025-04-05,Demo FC 113,Welterweight,Dario Eastwick,Faris Quarry,Dario Eastwick,KO/TKO,1,2:50,3,0,5,15,1,1,0,0,68,7,15,0,0,0,0,0,-603,434
2025-04-05,Demo FC 113,Welterweight,Anselm Quarry,Hollis Pellow,Anselm Quarry,SUB,2,4:40,3,0,35,82,3,5,1,0,204,30,69,2,4,0,0,91,-963,619
2025-04-05,Demo FC 113,Middleweight,Lazlo Quarry,Kestrel Dunmore,Lazlo Quarry,DEC,3,5:00,3,0,64,122,2,3,0,0,202,76,171,6,7,2,1,584,246,-309
2025-04-05,Demo FC 113,Middleweight,Hollis Ashgrove,Jasper Quarry,Hollis Ashgrove,KO/TKO,3,3:42,3,0,39,92,0,2,1,0,0,107,179,0,1,0,0,0,216,-269
2025-04-05,Demo FC 113,Middleweight,Quill Oakhurst,Bodhi Harrowgate,Quill Oakhurst,KO/TKO,1,2:46,3,0,17,32,1,1,0,1,60,2,8,1,1,0,0,70,-1372,786
2025-04-05,Demo FC 113,Light Heavyweight,Jasper Blackthorn,Rune Coldwater,Jasper Blackthorn,KO/TKO,3,1:52,3,0,51,102,2,3,0,0,85,27,66,1,1,0,1,108,-277,223
2025-04-05,Demo FC 113,Light Heavyweight,Orrin Harrowgate,Brannoc Ironwood,Orrin Harrowgate,SUB,1,2:31,3,0,6,18,0,1,1,0,0,5,15,1,1,1,1,108,-685,480
2025-04-05,Demo FC 113,Light Heavyweight,Marek Longmire,Lazlo Underhill,Lazlo Underhill,KO/TKO,2,4:02,3,0,52,94,3,7,0,0,259,24,70,2,4,0,0,217,-277,222
2025-05-03,Demo FC 114,Lightweight,Jory Varga,Ivo Ashgrove,Ivo Ashgrove,SUB,5,1:24,5,0,50,149,0,7,0,0,0,92,220,2,3,1,0,174,150,-182
2025-05-03,Demo FC 114,Lightweight,Nilo Zeller,Cyrus Greywind,Cyrus Greywind,KO/TKO,3,2:55,3,0,101,192,1,5,0,1,59,34,95,3,6,0,0,124,-239,194
2025-05-03,Demo FC 114,Lightweight,Ulric Emberly,Hollis Harrowgate,Hollis Harrowgate,DEC,3,5:00,3,0,28,109,3,8,1,0,277,73,155,3,6,0,1,135,225,-281
2025-05-03,Demo FC 114,Welterweight,Brannoc Kettleby,Bodhi Brightwater,Bodhi Brightwater,KO/TKO,2,0:52,3,0,6,16,2,2,0,0,97,20,42,0,1,0,0,0,-130,108
2025-05-03,Demo FC 114,Welterweight,Marek Thornbury,Jasper Brightwater,Jasper Brightwater,KO/TKO,3,4:06,3,0,30,72,7,8,3,0,311,42,84,2,2,0,1,210,1047,-2271
2025-05-03,Demo FC 114,Welterweight,Xander Oakhurst,Gideon Harrowgate,Xander Oakhurst,DEC,3,5:00,3,0,41,93,2,6,0,0,205,39,86,6,7,2,0,272,398,-542
2025-05-03,Demo FC 114,Middleweight,Hollis Westbrook,Jory Marchbank,Jory Marchbank,SUB,3,2:48,3,0,51,110,2,2,0,0,103,57,125,2,6,1,0,163,-412,316
2025-05-03,Demo FC 114,Middleweight,Ivo Zeller,Brannoc Ravensworth,Ivo Zeller,SUB,1,1:11,3,0,4,12,1,1,1,0,45,3,9,0,0,0,0,0,-250,203
2025-05-03,Demo FC 114,Middleweight,Hale Stonebridge,Kestrel Yarrow,Hale Stonebridge,DEC,3,5:00,3,0,106,192,7,8,0,0,599,48,120,0,1,0,0,0,-1415,801
2025-05-03,Demo FC 114,Light Heavyweight,Jory Crowhurst,Dario Underhill,Dario Underhill,DEC,3,5:00,3,0,66,139,2,5,2,0,188,35,77,6,9,1,2,610,-108,-111
2025-05-03,Demo FC 114,Light Heavyweight,Dov Northcott,Evander Eastwick,Evander Eastwick,DEC,3,5:00,3,0,59,117,0,2,0,1,0,90,159,0,1,0,0,0,157,-190
2025-05-03,Demo FC 114,Light Heavyweight,Ulric Ashgrove,Wren Ironwood,Wren Ironwood,SUB,2,0:35,3,0,10,31,0,0,0,0,0,38,71,0,2,1,0,0,827,-1490
2025-05-31,Demo FC 115,Lightweight,Anselm Ironwood,Gideon Blackthorn,Anselm Ironwood,DEC,5,5:00,5,0,138,244,2,3,0,2,92,138,349,2,6,1,0,107,127,-152
2025-05-31,Demo FC 115,Lightweight,Bodhi Greywind,Anselm Eastwick,Bodhi Greywind,SUB,1,3:53,3,0,11,25,0,0,1,0,0,12,25,0,1,0,0,0,-166,137
2025-05-31,Demo FC 115,Lightweight,Idris Emberly,Yusuf Harrowgate,Yusuf Harrowgate,DEC,3,5:00,3,0,44,100,0,2,0,0,0,54,117,3,6,0,0,178,141,-171
2025-05-31,Demo FC 115,Welterweight,Galen Ashgrove,Yusuf Longmire,Yusuf Longmire,SUB,1,3:36,3,0,16,27,0,0,0,1,0,2,10,1,1,1,0,64,-224,183
2025-05-31,Demo FC 115,Welterweight,Quill Ambrose,Zeke Underhill,Quill Ambrose,SUB,2,0:57,3,0,36,66,2,3,1,0,121,12,38,1,2,0,0,79,-265,214
2025-05-31,Demo FC 115,Welterweight,Marek Westbrook,Brannoc Oakhurst,Brannoc Oakhurst,DEC,3,5:00,3,0,47,99,5,7,1,1,241,74,160,1,4,0,0,74,-158,131
2025-05-31,Demo FC 115,Middleweight,Orrin Longmire,Xander Emberly,Orrin Longmire,KO/TKO,2,2:36,3,0,25,62,2,2,0,1,90,33,63,1,2,0,1,68,-330,261
2025-05-31,Demo FC 115,Middleweight,Wren Crowhurst,Dov Thornbury,Dov Thornbury,DEC,3,5:00,3,0,61,127,2,4,3,0,208,43,120,5,9,4,0,263,-128,107
2025-05-31,Demo FC 115,Middleweight,Fenn Juniper,Ivo Dunmore,Ivo Dunmore,DEC,3,5:00,3,0,27,63,2,10,0,1,162,64,121,1,1,0,0,86,194,-239
2025-05-31,Demo FC 115,Light Heavyweight,Lazlo Stonebridge,Marek Fairholt,Lazlo Stonebridge,SUB,1,0:31,3,0,1,4,0,0,1,0,0,2,6,0,0,0,0,0,-717,498
2025-05-31,Demo FC 115,Light Heavyweight,Hale Thornbury,Zeke Fairholt,Zeke Fairholt,S-DEC,3,5:00,3,0,31,100,2,2,0,0,170,77,152,0,2,0,1,0,722,-1205
2025-05-31,Demo FC 115,Light Heavyweight,Hale Zeller,Ulric Crowhurst,Hale Zeller,DEC,3,5:00,3,0,55,121,2,8,0,0,150,53,139,1,6,0,0,103,-111,-107
2025-06-28,Demo FC 116,Lightweight,Hollis Dunmore,Evander Westbrook,Hollis Dunmore,SUB,4,4:12,5,0,76,121,2,2,1,1,136,48,113,0,1,0,0,0,-658,465
2025-06-28,Demo FC 116,Lightweight,Rune Thornbury,Zeke Harrowgate,Zeke Harrowgate,SUB,3,0:36,3,0,30,77,2,3,0,0,125,30,60,0,1,1,0,0,115,-138
2025-06-28,Demo FC 116,Lightweight,Kestrel Oakhurst,Bodhi Kettleby,Bodhi Kettleby,SUB,3,0:52,3,0,42,81,1,1,0,0,92,25,62,8,9,1,0,521,248,-312
2025-06-28,Demo FC 116,Welterweight,Ulric Underhill,Ulric Yarrow,Ulric Yarrow,SUB,2,1:47,3,0,3,11,0,2,0,0,0,42,69,0,1,3,0,0,1112,-2566
2025-06-28,Demo FC 116,Welterweight,Ivo Greywind,Marek Zeller,Marek Zeller,S-DEC,3,5:00,3,0,40,93,4,4,2,0,213,29,84,3,7,0,1,244,-197,162
2025-06-28,Demo FC 116,Welterweight,Evander Marchbank,Pax Ravensworth,Evander Marchbank,DEC,3,5:00,3,0,94,172,1,3,0,1,102,53,119,1,2,0,0,91,-427,326
2025-06-28,Demo FC 116,Middleweight,Idris Blackthorn,Idris Northcott,Idris Northcott,SUB,3,2:09,3,0,42,99,1,2,0,0,48,54,108,3,5,1,0,284,294,-378
2025-06-28,Demo FC 116,Middleweight,Vale Crowhurst,Lazlo Greywind,Vale Crowhurst,DEC,3,5:00,3,0,99,186,1,4,1,0,70,99,204,1,3,2,1,109,-231,188
2025-06-28,Demo FC 116,Middleweight,Anselm Northcott,Dario Delacroix-Venn,Anselm Northcott,DEC,3,5:00,3,0,82,160,2,6,0,0,130,95,203,1,6,2,0,45,112,-134
2025-06-28,Demo FC 116,Light Heavyweight,Zeke Kettleby,Soren Ironwood,Zeke Kettleby,DEC,3,5:00,3,0,29,67,0,1,0,0,0,88,188,1,4,0,0,94,102,-122
2025-06-28,Demo FC 116,Light Heavyweight,Bodhi Northcott,Ivo Brightwater,Bodhi Northcott,DEC,3,5:00,3,0,71,138,1,5,0,0,49,59,135,2,6,1,0,145,113,-136
2025-06-28,Demo FC 116,Light Heavyweight,Jory Fairholt,Rune Ambrose,Rune Ambrose,DEC,3,5:00,3,0,57,130,3,4,0,0,125,55,115,0,0,0,0,0,202,-249
2025-07-12,Demo FC 117,Lightweight,Wren Juniper,Ivo Delacroix-Venn,Ivo Delacroix-Venn,DEC,5,5:00,5,0,110,272,0,0,1,0,0,103,252,3,8,0,1,140,232,-290
2025-07-12,Demo FC 117,Lightweight,Emrys Crowhurst,Gideon Eastwick,Gideon Eastwick,KO/TKO,1,3:28,3,0,10,22,0,1,1,0,0,24,46,1,1,0,1,88,206,-254
2025-07-12,Demo FC 117,Lightweight,Cato Delacroix-Venn,Brannoc Crowhurst,Cato Delacroix-Venn,DEC,3,5:00,3,0,53,110,4,9,0,0,338,56,144,5,11,3,2,212,263,-334
2025-07-12,Demo FC 117,Welterweight,Hollis Zeller,Galen Kettleby,Hollis Zeller,SUB,3,0:35,3,0,37,103,2,4,1,0,171,42,77,0,2,0,1,0,634,-995
2025-07-12,Demo FC 117,Welterweight,Cyrus Harrowgate,Xander Westbrook,Cyrus Harrowgate,SUB,3,0:56,3,0,103,178,1,3,1,0,80,51,109,2,3,1,0,132,-653,462
2025-07-12,Demo FC 117,Welterweight,Faris Marchbank,Idris Crowhurst,Idris Crowhurst,KO/TKO,1,3:26,3,0,13,29,0,1,1,0,0,15,32,1,1,0,0,108,230,-287
2025-07-12,Demo FC 117,Middleweight,Galen Thornbury,Anselm Stonebridge,Anselm Stonebridge,DEC,3,5:00,3,0,82,179,4,7,0,2,227,76,146,1,4,1,0,77,-179,148
2025-07-12,Demo FC 117,Middleweight,Dario Westbrook,Orrin Fairholt,Orrin Fairholt,KO/TKO,3,1:26,3,0,17,84,3,4,0,0,171,59,114,1,6,1,1,109,830,-1500
2025-07-12,Demo FC 117,Middleweight,Emrys Brightwater,Dario Zeller,Dario Zeller,SUB,1,4:19,3,0,23,45,0,0,1,0,0,7,22,1,2,1,0,79,-102,-117
2025-07-12,Demo FC 117,Light Heavyweight,Evander Greywind,Jory Kettleby,Jory Kettleby,SUB,1,1:51,3,0,6,15,0,0,0,0,0,5,15,1,1,1,0,80,247,-311
2025-07-12,Demo FC 117,Light Heavyweight,Vale Quarry,Emrys Greywind,Emrys Greywind,KO/TKO,2,4:35,3,0,59,119,1,3,1,0,89,45,101,2,4,0,2,151,557,-832
2025-07-12,Demo FC 117,Light Heavyweight,Idris Zeller,Galen Longmire,Idris Zeller,DEC,3,5:00,3,0,67,126,3,3,3,1,211,53,134,6,8,0,0,269,-208,171
2025-08-09,Demo FC 118,Lightweight,Vale Thornbury,Rune Oakhurst,Rune Oakhurst,KO/TKO,2,1:29,5,0,24,63,0,2,0,0,0,47,92,1,2,0,1,79,316,-412
2025-08-09,Demo FC 118,Lightweight,Xander Thornbury,Rune Underhill,Xander Thornbury,KO/TKO,1,0:53,3,0,3,6,0,0,0,0,0,0,3,0,0,0,0,0,-862,571
2025-08-09,Demo FC 118,Lightweight,Dario Ambrose,Vale Varga,Dario Ambrose,SUB,2,0:54,3,0,23,55,1,3,1,0,77,24,49,1,1,0,1,96,-238,193
2025-08-09,Demo FC 118,Welterweight,Jory Blackthorn,Faris Quarry,Jory Blackthorn,DEC,3,5:00,3,0,87,167,0,0,1,0,0,29,67,1,1,1,0,72,-171,142
2025-08-09,Demo FC 118,Welterweight,Fenn Marchbank,Dario Eastwick,Fenn Marchbank,SUB,2,0:45,3,0,34,57,0,1,1,0,0,12,43,3,3,0,1,276,149,-180
2025-08-09,Demo FC 118,Welterweight,Hollis Pellow,Jory Harrowgate,Hollis Pellow,SUB,3,3:13,3,0,52,120,4,4,2,0,207,58,121,5,6,3,0,336,-259,209
2025-08-09,Demo FC 118,Middleweight,Quill Oakhurst,Kestrel Dunmore,Kestrel Dunmore,DEC,3,5:00,3,0,74,120,3,6,1,1,206,46,120,4,6,3,0,372,-214,175
2025-08-09,Demo FC 118,Middleweight,Lazlo Quarry,Hollis Ashgrove,Lazlo Quarry,KO/TKO,3,2:49,3,0,69,126,3,4,0,0,256,61,125,0,1,0,0,0,-216,176
2025-08-09,Demo FC 118,Middleweight,Orrin Dunmore,Bodhi Harrowgate,Orrin Dunmore,S-DEC,3,5:00,3,0,95,161,3,6,1,1,310,6,23,4,7,4,0,297,-1143,697
2025-08-09,Demo FC 118,Light Heavyweight,Rune Coldwater,Marek Longmire,Marek Longmire,S-DEC,3,5:00,3,0,30,84,1,3,0,0,85,94,174,6,8,1,0,304,1675,-3233
2025-08-09,Demo FC 118,Light Heavyweight,Brannoc Ironwood,Jasper Blackthorn,Brannoc Ironwood,SUB,3,1:17,3,0,43,90,0,1,1,0,0,36,106,0,1,0,0,0,-158,131
2025-08-09,Demo FC 118,Light Heavyweight,Lazlo Underhill,Ivo Kettleby,Lazlo Underhill,KO/TKO,2,1:36,3,0,13,39,1,2,2,1,73,45,76,0,1,1,0,0,-197,162
2025-08-23,Demo FC 119,Lightweight,Ulric Emberly,Jory Varga,Jory Varga,KO/TKO,1,4:52,5,0,23,49,0,1,0,0,0,9,27,0,1,0,1,0,-464,350
2025-08-23,Demo FC 119,Lightweight,Nilo Zeller,Cyrus Greywind,Nilo Zeller,SUB,1,4:04,3,0,15,38,0,0,1,0,0,11,38,0,1,0,0,0,-140,117
2025-08-23,Demo FC 119,Lightweight,Idris Dunmore,Hollis Harrowgate,Hollis Harrowgate,DEC,3,5:00,3,0,42,110,6,10,0,0,246,51,100,5,8,0,0,390,122,-146
2025-08-23,Demo FC 119,Welterweight,Brannoc Kettleby,Marek Thornbury,Brannoc Kettleby,SUB,2,3:27,3,0,8,23,4,5,1,0,342,14,25,2,4,0,0,164,-3233,1268
2025-08-23,Demo FC 119,Welterweight,Xander Oakhurst,Bodhi Brightwater,Xander Oakhurst,SUB,2,4:33,3,0,57,111,3,3,1,0,174,15,35,0,3,0,0,0,-478,358
2025-08-23,Demo FC 119,Welterweight,Gideon Harrowgate,Anselm Quarry,Anselm Quarry,DEC,3,5:00,3,0,84,168,0,7,6,0,0,44,103,4,8,1,0,378,-129,108
2025-08-23,Demo FC 119,Middleweight,Ivo Zeller,Kestrel Yarrow,Ivo Zeller,KO/TKO,1,3:34,3,0,9,21,2,3,0,1,131,12,29,0,0,0,0,0,-210,172
2025-08-23,Demo FC 119,Middleweight,Hollis Westbrook,Jory Marchbank,Jory Marchbank,S-DEC,3,5:00,3,0,43,119,1,2,2,0,100,55,129,1,3,0,0,51,-162,135
2025-08-23,Demo FC 119,Middleweight,Brannoc Ravensworth,Orrin Varga,Brannoc Ravensworth,S-DEC,3,5:00,3,0,65,134,2,4,0,0,172,86,163,0,0,0,0,0,176,-215
2025-08-23,Demo FC 119,Light Heavyweight,Dov Northcott,Ulric Ashgrove,Dov Northcott,KO/TKO,1,0:47,3,0,2,6,0,0,0,1,0,2,6,0,0,0,0,0,-183,151
2025-08-23,Demo FC 119,Light Heavyweight,Jory Crowhurst,Evander Eastwick,Jory Crowhurst,SUB,1,1:34,3,0,4,8,1,1,1,0,75,2,5,0,1,0,0,0,132,-159
2025-08-23,Demo FC 119,Light Heavyweight,Dario Underhill,Hollis Quarry,Dario Underhill,SUB,1,3:03,3,0,8,19,1,2,1,0,106,15,31,1,1,0,0,80,122,-147
2025-09-13,Demo FC 120,Lightweight,Anselm Ironwood,Anselm Eastwick,Anselm Eastwick,DEC,5,5:00,5,0,77,171,1,11,0,0,60,67,147,3,5,0,1,162,184,-226
2025-09-13,Demo FC 120,Lightweight,Gideon Blackthorn,Yusuf Harrowgate,Gideon Blackthorn,DEC,3,5:00,3,0,77,161,1,2,0,0,109,62,139,2,5,0,0,113,160,-194
2025-09-13,Demo FC 120,Lightweight,Idris Emberly,Bodhi Greywind,Bodhi Greywind,DEC,3,5:00,3,0,51,126,0,2,0,0,0,71,144,1,3,1,0,68,467,-662
2025-09-13,Demo FC 120,Welterweight,Galen Ashgrove,Marek Westbrook,Marek Westbrook,KO/TKO,1,4:56,3,0,32,59,1,1,0,1,40,12,37,1,2,1,1,99,177,-217
2025-09-13,Demo FC 120,Welterweight,Yusuf Longmire,Kestrel Eastwick,Kestrel Eastwick,KO/TKO,2,3:34,3,0,17,38,2,5,1,0,102,16,32,4,7,0,1,345,575,-870
2025-09-13,Demo FC 120,Welterweight,Brannoc Oakhurst,Yusuf Ironwood,Yusuf Ironwood,SUB,1,2:53,3,0,11,25,0,0,0,0,0,27,54,1,1,1,0,47,701,-1151
2025-09-13,Demo FC 120,Middleweight,Xander Emberly,Wren Crowhurst,Wren Crowhurst,SUB,1,3:28,3,0,18,39,0,1,0,0,0,9,20,1,1,1,1,100,675,-1091
2025-09-13,Demo FC 120,Middleweight,Orrin Longmire,Fenn Juniper,Orrin Longmire,SUB,3,3:34,3,0,48,115,0,3,1,0,0,47,107,3,5,0,0,156,-123,103
2025-09-13,Demo FC 120,Middleweight,Ivo Dunmore,Jasper Quarry,Jasper Quarry,S-DEC,3,5:00,3,0,52,118,0,4,2,0,0,68,179,0,4,1,0,0,176,-215
2025-09-13,Demo FC 120,Light Heavyweight,Lazlo Stonebridge,Orrin Eastwick,Lazlo Stonebridge,KO/TKO,1,3:56,3,0,10,23,0,0,2,0,0,14,38,0,0,0,0,0,-425,325
2025-09-13,Demo FC 120,Light Heavyweight,Hale Thornbury,Marek Fairholt,Marek Fairholt,DEC,3,5:00,3,0,22,54,2,3,0,0,160,75,168,2,4,0,0,189,108,-129
2025-09-13,Demo FC 120,Light Heavyweight,Ulric Crowhurst,Wren Ironwood,Wren Ironwood,SUB,3,1:39,3,0,44,91,3,5,0,1,184,56,108,2,5,3,0,96,-253,205
2025-10-11,Demo FC 121,Lightweight,Rune Thornbury,Evander Westbrook,Rune Thornbury,SUB,1,0:44,5,0,1,3,0,0,1,0,0,1,3,0,0,0,0,0,-732,505
2025-10-11,Demo FC 121,Lightweight,Kestrel Oakhurst,Hollis Dunmore,Kestrel Oakhurst,SUB,3,4:37,3,0,39,80,0,2,2,0,0,44,105,1,4,0,0,73,-223,182
2025-10-11,Demo FC 121,Lightweight,Bodhi Kettleby,Zeke Harrowgate,Bodhi Kettleby,DEC,3,5:00,3,0,62,171,6,8,0,0,426,33,74,0,2,0,0,0,-515,382
2025-10-11,Demo FC 121,Welterweight,Evander Marchbank,Ulric Underhill,Evander Marchbank,KO/TKO,1,3:39,3,0,23,38,0,1,0,1,0,3,14,1,1,0,0,58,-1501,831
2025-10-11,Demo FC 121,Welterweight,Ivo Greywind,Pax Ravensworth,Ivo Greywind,KO/TKO,3,4:19,3,0,28,61,1,1,0,0,58,69,142,0,0,0,0,0,-484,363
2025-10-11,Demo FC 121,Welterweight,Wren Brightwater,Quill Ambrose,Quill Ambrose,DEC,3,5:00,3,0,49,111,0,0,0,0,0,54,131,5,6,1,0,327,783,-1365
2025-10-11,Demo FC 121,Middleweight,Lazlo Greywind,Dario Delacroix-Venn,Lazlo Greywind,DEC,3,5:00,3,0,75,188,2,5,0,1,198,72,160,0,3,2,0,0,163,-198
2025-10-11,Demo FC 121,Middleweight,Vale Crowhurst,Hale Stonebridge,Vale Crowhurst,KO/TKO,1,4:47,3,0,20,49,1,2,0,0,108,25,44,1,3,0,0,77,242,-304
2025-10-11,Demo FC 121,Middleweight,Dov Thornbury,Anselm Northcott,Anselm Northcott,DEC,3,5:00,3,0,25,73,8,9,2,0,352,93,153,3,7,1,0,159,196,-242
2025-10-11,Demo FC 121,Light Heavyweight,Jory Fairholt,Soren Ironwood,Soren Ironwood,DEC,3,5:00,3,0,60,122,6,8,0,0,580,29,80,3,5,0,0,188,-154,128
2025-10-11,Demo FC 121,Light Heavyweight,Ivo Brightwater,Orrin Harrowgate,Ivo Brightwater,DEC,3,5:00,3,0,52,124,4,7,3,0,331,48,112,0,3,1,3,0,-164,136
2025-10-11,Demo FC 121,Light Heavyweight,Zeke Fairholt,Zeke Kettleby,Zeke Fairholt,DEC,3,5:00,3,0,74,137,0,2,0,1,0,76,192,1,2,0,0,103,-3233,1362
2025-11-08,Demo FC 122,Lightweight,Wren Juniper,Emrys Crowhurst,Emrys Crowhurst,SUB,3,1:30,5,0,52,130,1,2,0,0,73,69,135,0,4,1,0,0,-121,101
2025-11-08,Demo FC 122,Lightweight,Brannoc Crowhurst,Cato Delacroix-Venn,Brannoc Crowhurst,SUB,3,4:01,3,0,41,79,4,9,1,3,409,60,136,3,7,0,0,134,-224,183
2025-11-08,Demo FC 122,Lightweight,Pax Greywind,Ivo Delacroix-Venn,Pax Greywind,S-DEC,3,5:00,3,0,65,154,3,6,0,0,227,67,144,0,3,0,0,0,-427,326
2025-11-08,Demo FC 122,Welterweight,Galen Kettleby,Wren Stonebridge,Galen Kettleby,DEC,3,5:00,3,0,67,130,0,2,1,0,0,23,98,3,5,0,0,239,-244,198
2025-11-08,Demo FC 122,Welterweight,Ulric Yarrow,Hollis Zeller,Ulric Yarrow,KO/TKO,1,1:12,3,0,6,13,0,0,0,0,0,3,8,1,1,0,0,57,-1071,667
2025-11-08,Demo FC 122,Welterweight,Marek Zeller,Xander Westbrook,Xander Westbrook,S-DEC,3,5:00,3,0,21,76,2,5,1,0,149,122,207,3,4,0,0,133,201,-248
2025-11-08,Demo FC 122,Middleweight,Orrin Fairholt,Dario Westbrook,Orrin Fairholt,SUB,2,0:34,3,0,8,15,3,3,1,0,161,11,37,0,0,0,0,0,-911,595
2025-11-08,Demo FC 122,Middleweight,Emrys Brightwater,Dario Zeller,Emrys Brightwater,KO/TKO,2,2:25,3,0,34,63,0,0,0,0,0,24,67,1,3,0,0,59,108,-130
2025-11-08,Demo FC 122,Middleweight,Idris Northcott,Galen Thornbury,Galen Thornbury,KO/TKO,1,4:22,3,0,20,45,1,2,0,1,85,21,36,0,1,0,2,0,-156,129
2025-11-08,Demo FC 122,Light Heavyweight,Evander Greywind,Galen Longmire,Galen Longmire,S-DEC,3,5:00,3,0,30,74,3,3,0,1,324,83,174,9,11,1,1,720,973,-1976
2025-11-08,Demo FC 122,Light Heavyweight,Rune Ambrose,Bodhi Northcott,Bodhi Northcott,KO/TKO,3,2:56,3,0,56,132,0,1,0,0,0,87,179,3,6,1,1,193,-355,278
2025-11-08,Demo FC 122,Light Heavyweight,Jory Kettleby,Idris Zeller,Idris Zeller,KO/TKO,2,4:57,3,0,6,18,4,6,2,0,214,70,148,0,0,0,1,0,402,-549
2025-11-29,Demo FC 123,Lightweight,Vale Thornbury,Rune Underhill,Vale Thornbury,SUB,3,4:25,5,0,90,158,3,5,1,2,154,47,116,3,6,1,0,159,-2396,1076
2025-11-29,Demo FC 123,Lightweight,Gideon Eastwick,Vale Varga,Gideon Eastwick,DEC,3,5:00,3,0,98,180,0,1,0,1,0,49,138,2,4,0,5,109,-137,114
2025-11-29,Demo FC 123,Lightweight,Ivo Ashgrove,Xander Thornbury,Xander Thornbury,KO/TKO,3,0:55,3,0,55,122,3,5,1,0,178,67,127,0,3,1,1,0,477,-679
2025-11-29,Demo FC 123,Welterweight,Faris Quarry,Dario Eastwick,Dario Eastwick,DEC,3,5:00,3,0,35,81,1,3,0,0,105,57,132,3,5,0,3,258,600,-923
2025-11-29,Demo FC 123,Welterweight,Zeke Underhill,Wren Northcott,Wren Northcott,KO/TKO,2,2:38,3,0,21,43,2,4,0,1,113,25,52,3,4,1,0,127,175,-213
2025-11-29,Demo FC 123,Welterweight,Jory Harrowgate,Faris Marchbank,Jory Harrowgate,SUB,2,4:26,3,0,53,89,1,1,1,1,76,46,107,1,2,0,0,54,259,-328
2025-11-29,Demo FC 123,Middleweight,Quill Oakhurst,Bodhi Harrowgate,Quill Oakhurst,DEC,3,5:00,3,0,83,147,2,3,1,1,113,13,63,2,5,5,0,147,-642,456
2025-11-29,Demo FC 123,Middleweight,Kestrel Dunmore,Hollis Ashgrove,Kestrel Dunmore,KO/TKO,1,1:22,3,0,6,14,1,1,0,1,65,2,7,0,0,0,0,0,-268,215
2025-11-29,Demo FC 123,Middleweight,Anselm Stonebridge,Orrin Dunmore,Orrin Dunmore,S-DEC,3,5:00,3,0,104,227,0,2,0,2,0,70,189,7,8,0,0,686,181,-222
2025-11-29,Demo FC 123,Light Heavyweight,Ivo Kettleby,Emrys Greywind,Emrys Greywind,DEC,3,5:00,3,0,91,187,2,2,5,0,197,101,214,0,6,0,0,0,-238,194
2025-11-29,Demo FC 123,Light Heavyweight,Marek Longmire,Rune Coldwater,Marek Longmire,KO/TKO,2,0:13,3,0,30,50,1,3,1,0,42,11,32,0,1,0,0,0,-3233,1504
2025-11-29,Demo FC 123,Light Heavyweight,Jasper Blackthorn,Brannoc Ironwood,Brannoc Ironwood,KO/TKO,1,0:25,3,0,1,3,0,0,0,0,0,1,3,0,0,0,0,0,-229,187
2025-12-27,Demo FC 124,Lightweight,Ulric Emberly,Anselm Ironwood,Anselm Ironwood,SUB,4,0:27,5,0,60,137,3,4,1,0,276,35,101,3,4,1,0,265,-406,312
2025-12-27,Demo FC 124,Lightweight,Nilo Zeller,Wren Quarry,Nilo Zeller,DEC,3,5:00,3,0,106,204,2,3,1,0,168,29,92,2,2,0,1,84,-477,358
2025-12-27,Demo FC 124,Lightweight,Jory Varga,Anselm Eastwick,Anselm Eastwick,KO/TKO,2,4:09,3,0,18,50,0,1,2,0,0,39,64,2,2,2,1,169,127,-153
2025-12-27,Demo FC 124,Welterweight,Marek Thornbury,Yusuf Longmire,Marek Thornbury,KO/TKO,3,2:45,3,0,16,31,1,4,0,1,72,25,61,4,5,0,0,363,319,-416
2025-12-27,Demo FC 124,Welterweight,Gideon Harrowgate,Brannoc Kettleby,Gideon Harrowgate,KO/TKO,2,3:17,3,0,45,80,0,1,1,1,0,5,17,2,5,0,1,154,-777,529
2025-12-27,Demo FC 124,Welterweight,Marek Westbrook,Brannoc Oakhurst,Brannoc Oakhurst,DEC,3,5:00,3,0,66,170,5,9,0,0,354,53,115,1,3,1,0,89,-302,240
2025-12-27,Demo FC 124,Middleweight,Xander Emberly,Orrin Varga,Orrin Varga,KO/TKO,1,2:14,3,0,6,16,1,1,0,0,101,12,24,0,0,0,1,0,271,-345
2025-12-27,Demo FC 124,Middleweight,Ivo Dunmore,Hollis Westbrook,Hollis Westbrook,DEC,3,5:00,3,0,78,151,0,1,1,1,0,66,176,0,3,0,0,0,-167,138
2025-12-27,Demo FC 124,Middleweight,Kestrel Yarrow,Ivo Zeller,Kestrel Yarrow,KO/TKO,3,3:51,3,0,23,55,0,1,1,2,0,28,74,9,11,0,0,664,173,-212
2025-12-27,Demo FC 124,Light Heavyweight,Evander Eastwick,Dario Underhill,Evander Eastwick,DEC,3,5:00,3,0,55,107,2,6,1,0,159,33,82,5,7,1,0,228,143,-173
2025-12-27,Demo FC 124,Light Heavyweight,Marek Fairholt,Hale Thornbury,Hale Thornbury,DEC,3,5:00,3,0,39,81,0,2,0,0,0,29,78,1,5,0,1,69,183,-224
2025-12-27,Demo FC 124,Light Heavyweight,Lazlo Stonebridge,Orrin Eastwick,Lazlo Stonebridge,SUB,1,2:14,3,0,10,23,0,0,1,0,0,7,18,0,1,0,0,0,-488,365
