name,dob,height_cm,reach_cm,stance,weight_class,weight_class_source,gender,nationality,team,prior_wins,prior_losses,source,url,profile
Jeremy Jackson,1982-09-19,177.8,,Orthodox,,,,,,,,ufcstats,http://ufcstats.com/fighter-details/ad32471f01e7b1a5,
Kevin Jackson,1964-11-25,177.8,,Switch,,,,,,,,ufcstats,http://ufcstats.com/fighter-details/13b2f59210dda9cc,
Yves Jabouin,1979-05-30,170.2,172.7,Orthodox,,,,,,,,ufcstats,http://ufcstats.com/fighter-details/b4eeac608fc82f88,
Quinton Jackson,1978-06-20,185.4,185.4,Orthodox,,,,,,,,ufcstats,http://ufcstats.com/fighter-details/ffc088e64fab57e9,
Kenyon Jackson,,182.9,,,,,,,,,,ufcstats,http://ufcstats.com/fighter-details/56c5132870a526d5,
Damon Jackson,1988-08-08,180.3,180.3,Switch,,,,,,,,ufcstats,http://ufcstats.com/fighter-details/29af297d9f1de0f8,
Eugene Jackson,1966-09-23,172.7,,Orthodox,,,,,,,,ufcstats,http://ufcstats.com/fighter-details/ce783bf73b5131f9,
Mike Jackson,1985-03-22,188.0,188.0,Orthodox,,,,,,,,ufcstats,http://ufcstats.com/fighter-details/0641c21bec209472,
Jason Jackson,1990-10-30,185.4,198.1,Orthodox,,,,,,,,ufcstats,http://ufcstats.com/fighter-details/ca8da445dfa82d56,
Richard Jacobi,1993-09-28,193.0,190.5,Orthodox,,,,,,,,ufcstats,http://ufcstats.com/fighter-details/46f557bd44da630e,
Eric Jacob,,,,,,,,,,,,ufcstats,http://ufcstats.com/fighter-details/ba17afef01ed78b6,
Justin James,1976-11-08,177.8,,Orthodox,,,,,,,,ufcstats,http://ufcstats.com/fighter-details/1ea8df62b3f8fea6,
Montel Jackson,1992-04-24,177.8,190.5,Southpaw,,,,,,,,ufcstats,http://ufcstats.com/fighter-details/cc1a8b4b38b92c6d,
Dave Jansen,1979-08-21,175.3,185.4,Orthodox,,,,,,,,ufcstats,http://ufcstats.com/fighter-details/335ad945324c3a2e,
Nate James,1978-05-29,182.9,,,,,,,,,,ufcstats,http://ufcstats.com/fighter-details/a34fecf2f4e5a317,
Gigo Jara,,175.3,,,,,,,,,,ufcstats,http://ufcstats.com/fighter-details/99d5cf1eda8b25c1,
Jaime Jara,1969-08-02,185.4,,Southpaw,,,,,,,,ufcstats,http://ufcstats.com/fighter-details/805ad1801eb26abb,
Brock Jardine,1985-07-10,180.3,,Orthodox,,,,,,,,ufcstats,http://ufcstats.com/fighter-details/64959f90b6dd9759,
Keith Jardine,1975-10-31,188.0,193.0,Orthodox,,,,,,,,ufcstats,http://ufcstats.com/fighter-details/b9d0fd83bb8a147a,
Josh Jarvis,,,,,,,,,,,,ufcstats,http://ufcstats.com/fighter-details/32e8e0e8498f03c2,
YunSeong Jang,2002-11-04,182.9,182.9,Orthodox,,,,,,,,ufcstats,http://ufcstats.com/fighter-details/c7b0081edfef4bc7,
Rony Jason,1984-03-21,170.2,185.4,Orthodox,,,,,,,,ufcstats,http://ufcstats.com/fighter-details/b71ce838b01f2cad,
Dustin Jacoby,1988-04-04,190.5,193.0,Orthodox,,,,,,,,ufcstats,http://ufcstats.com/fighter-details/e4277e87a789d687,
Virna Jandiroba,1988-05-30,160.0,162.6,Orthodox,,,,,,,,ufcstats,http://ufcstats.com/fighter-details/7dda2cf308f24a02,
Louis Jauregui,,170.2,,,,,,,,,,ufcstats,http://ufcstats.com/fighter-details/0e8744ded08ee5fb,
Jasmine Jasudavicius,1989-03-01,170.2,172.7,Orthodox,,,,,,,,ufcstats,http://ufcstats.com/fighter-details/a9e260472d321361,
Ryan Janes,1981-08-22,190.5,193.0,Orthodox,,,,,,,,ufcstats,http://ufcstats.com/fighter-details/b59037262c8fe060,
Josh Janousek,1980-09-25,180.3,,Orthodox,,,,,,,,ufcstats,http://ufcstats.com/fighter-details/8f7380fb0916dc77,
Aaron Jeffery,1992-11-14,188.0,185.4,Orthodox,,,,,,,,ufcstats,http://ufcstats.com/fighter-details/ccdcb20370be62a3,
Justin Jaynes,1989-08-10,170.2,172.7,Orthodox,,,,,,,,ufcstats,http://ufcstats.com/fighter-details/304a21d0595e1a08,
Milos Janicic,1997-05-03,180.3,180.3,Orthodox,,,,,,,,ufcstats,http://ufcstats.com/fighter-details/dfcadfcbd3a3f097,
Yazmin Jauregui,1999-02-28,160.0,162.6,Orthodox,,,,,,,,ufcstats,http://ufcstats.com/fighter-details/40cb680ae1cd331f,
Bubba Jenkins,1988-02-05,170.2,,,,,,,,,,ufcstats,http://ufcstats.com/fighter-details/5e841bb3752b6e86,
Adrienna Jenkins,1981-07-22,172.7,,,,,,,,,,ufcstats,http://ufcstats.com/fighter-details/dae85a6a83f53215,
Trent Jenkins,,188.0,,,,,,,,,,ufcstats,http://ufcstats.com/fighter-details/02fc8f50f56eb307,
Brandon Jenkins,1991-09-30,182.9,180.3,Switch,,,,,,,,ufcstats,http://ufcstats.com/fighter-details/6a8928652fc01bee,
Joanna Jedrzejczyk,1987-08-18,167.6,165.1,Orthodox,,,,,,,,ufcstats,http://ufcstats.com/fighter-details/3d6749c4267da18f,
Kyle Jensen,1979-07-20,175.3,,Orthodox,,,,,,,,ufcstats,http://ufcstats.com/fighter-details/aec273fcb765330d,
Steve Jennum,1963-09-23,177.8,,Orthodox,,,,,,,,ufcstats,http://ufcstats.com/fighter-details/ad047e3073a775f3,
Jack Jenkins,1993-11-03,170.2,172.7,Switch,,,,,,,,ufcstats,http://ufcstats.com/fighter-details/a9da3158dd2c2b5a,
Ryan Jensen,1977-09-20,185.4,193.0,Orthodox,,,,,,,,ufcstats,http://ufcstats.com/fighter-details/aae99701b21554e4,
Art Jimmerson,1963-08-04,185.4,,Orthodox,,,,,,,,ufcstats,http://ufcstats.com/fighter-details/a5c53b3ddb31cc7d,
Maciej Jewtuszko,1981-01-31,182.9,,Southpaw,,,,,,,,ufcstats,http://ufcstats.com/fighter-details/6b5b9be990774f0e,
Ramiro Jimenez,1999-01-16,175.3,185.4,Southpaw,,,,,,,,ufcstats,http://ufcstats.com/fighter-details/1c02b964466c10e4,
Chan-Mi Jeon,1997-08-28,165.1,,Orthodox,,,,,,,,ufcstats,http://ufcstats.com/fighter-details/24174a3f44ce8e03,
Ronald Jhun,1970-09-21,180.3,,Orthodox,,,,,,,,ufcstats,http://ufcstats.com/fighter-details/b9e871af730f826c,
Baergeng Jieleyisi,1995-11-24,175.3,180.3,Orthodox,,,,,,,,ufcstats,http://ufcstats.com/fighter-details/8677e67a75d65b8e,
Jiniushiyue,2000-12-09,172.7,172.7,Southpaw,,,,,,,,ufcstats,http://ufcstats.com/fighter-details/c14a683dac2ebc4c,
Ryan Jimmo,1981-11-27,185.4,185.4,Orthodox,,,,,,,,ufcstats,http://ufcstats.com/fighter-details/bc3ec52ef70fc155,
Jinensibieke Asikeerbai,1988-07-10,167.6,175.3,Orthodox,,,,,,,,ufcstats,http://ufcstats.com/fighter-details/4eccb78d628b2238,
Sung Bin Jo,1992-07-17,182.9,182.9,Orthodox,,,,,,,,ufcstats,http://ufcstats.com/fighter-details/6e0e977beb909837,
Gilbert Jimenez,,,,,,,,,,,,ufcstats,http://ufcstats.com/fighter-details/59d36ddfcb27b7dc,
Carls John De Tomas,1996-08-28,165.1,180.3,Southpaw,,,,,,,,ufcstats,http://ufcstats.com/fighter-details/2a4200ead401a9ce,
Brett Johns,1992-02-21,170.2,180.3,Orthodox,,,,,,,,ufcstats,http://ufcstats.com/fighter-details/ec52462a1b41f714,
Miles Johns,1994-03-30,170.2,172.7,Orthodox,,,,,,,,ufcstats,http://ufcstats.com/fighter-details/46e0d677f91bacc0,
Anthony Johnson,1984-03-06,188.0,198.1,Orthodox,,,,,,,,ufcstats,http://ufcstats.com/fighter-details/365fee2da473b177,
DaMarques Johnson,1982-06-28,185.4,190.5,Orthodox,,,,,,,,ufcstats,http://ufcstats.com/fighter-details/322a56923b396b4d,
Phil Johns,1968-10-22,157.5,,Southpaw,,,,,,,,ufcstats,http://ufcstats.com/fighter-details/a8fa0c4e95512806,
Ricky Johnson,,172.7,,Orthodox,,,,,,,,ufcstats,http://ufcstats.com/fighter-details/fa2fca260beeb9c0,
Tony Johnson,1983-05-02,188.0,193.0,Orthodox,,,,,,,,ufcstats,http://ufcstats.com/fighter-details/3641a0d117e9bc6c,
Lavar Johnson,1977-06-11,193.0,208.3,Orthodox,,,,,,,,ufcstats,http://ufcstats.com/fighter-details/e6c5908910cc26e4,
Deshaun Johnson,1970-11-15,,,,,,,,,,,ufcstats,http://ufcstats.com/fighter-details/bf97ad31eae89429,
Demetrious Johnson,1986-08-13,160.0,167.6,Orthodox,,,,,,,,ufcstats,http://ufcstats.com/fighter-details/8a304bfd6bf04a57,
Devin Johnson,,,,,,,,,,,,ufcstats,http://ufcstats.com/fighter-details/22f4b6cb6b1bd7fd,
Michael Johnson,1986-06-04,177.8,185.4,Southpaw,,,,,,,,ufcstats,http://ufcstats.com/fighter-details/511e82663651438d,
Travis Johnson,,,,,,,,,,,,ufcstats,http://ufcstats.com/fighter-details/443835675e8fc6ca,
Kajan Johnson,1984-04-21,180.3,190.5,Orthodox,,,,,,,,ufcstats,http://ufcstats.com/fighter-details/633a45d131192ffe,
Timothy Johnson,1985-03-13,190.5,195.6,Southpaw,,,,,,,,ufcstats,http://ufcstats.com/fighter-details/cc900af167fbedfd,
Tony Johnson,,185.4,,,,,,,,,,ufcstats,http://ufcstats.com/fighter-details/a45bab49951a45cd,
Dashon Johnson,1988-01-25,170.2,,Orthodox,,,,,,,,ufcstats,http://ufcstats.com/fighter-details/36207c58e854cae5,
Jordan Johnson,1988-11-18,188.0,200.7,Orthodox,,,,,,,,ufcstats,http://ufcstats.com/fighter-details/99bcdf5eac39898f,
Taylor Johnson,1990-11-09,182.9,188.0,Switch,,,,,,,,ufcstats,http://ufcstats.com/fighter-details/552b09cbf13b6328,
Chad Johnson,1986-07-22,188.0,203.2,Orthodox,,,,,,,,ufcstats,http://ufcstats.com/fighter-details/6ce9a012e4c6020c,
Donte Johnson,1999-01-25,172.7,188.0,Southpaw,,,,,,,,ufcstats,http://ufcstats.com/fighter-details/ad5cb64af10fc946,
Brian Johnston,1968-07-28,190.5,,Orthodox,,,,,,,,ufcstats,http://ufcstats.com/fighter-details/1c3f5e85b59ec710,
Jose Johnson,1995-05-20,182.9,180.3,Orthodox,,,,,,,,ufcstats,http://ufcstats.com/fighter-details/84f727cf0166d6f2,
Charles Johnson,1991-01-10,175.3,177.8,Switch,,,,,,,,ufcstats,http://ufcstats.com/fighter-details/814e5233e2acf2ee,
Ben Johnston,1990-10-11,193.0,193.0,Orthodox,,,,,,,,ufcstats,http://ufcstats.com/fighter-details/3261aa79bf6caa64,
Nikola Joksovic,1994-09-11,,,,,,,,,,,ufcstats,http://ufcstats.com/fighter-details/a6aa3157e1a1d104,
Daniel Jolly,1984-09-03,185.4,190.5,Orthodox,,,,,,,,ufcstats,http://ufcstats.com/fighter-details/eeabcd4dc6619129,
Paul Jones,1963-06-16,175.3,,Orthodox,,,,,,,,ufcstats,http://ufcstats.com/fighter-details/f341f9551ba744e2,
Liana Jojua,1995-03-22,162.6,157.5,Orthodox,,,,,,,,ufcstats,http://ufcstats.com/fighter-details/eebc23626e38f5dc,
Carlton Jones,,185.4,,Orthodox,,,,,,,,ufcstats,http://ufcstats.com/fighter-details/f117c3e8c1aa7b9e,
Nathan Jones,1970-08-21,210.8,,Orthodox,,,,,,,,ufcstats,http://ufcstats.com/fighter-details/f54fb3b9c4228142,
Marcus Jones,1973-08-15,198.1,,Orthodox,,,,,,,,ufcstats,http://ufcstats.com/fighter-details/8fa2b06572365321,
Jon Jones,1987-07-19,193.0,213.4,Orthodox,,,,,,,,ufcstats,http://ufcstats.com/fighter-details/07f72a2a7591b409,
Tito Jones,1981-07-31,172.7,,Southpaw,,,,,,,,ufcstats,http://ufcstats.com/fighter-details/7b223a22a6c26868,
Roy Jones,1983-10-26,,,,,,,,,,,ufcstats,http://ufcstats.com/fighter-details/be8dfcf0442812b1,
Jesse Jones,,175.3,,,,,,,,,,ufcstats,http://ufcstats.com/fighter-details/bc0f994de0521926,
Victor Jones,,,,,,,,,,,,ufcstats,http://ufcstats.com/fighter-details/04f0471f221db717,
Justin Jones,1987-09-06,180.3,,Orthodox,,,,,,,,ufcstats,http://ufcstats.com/fighter-details/9b75954db8db2a08,
Ben Jones,,,,,,,,,,,,ufcstats,http://ufcstats.com/fighter-details/329aff8e958a2997,
Roshaun Jones,,172.7,,,,,,,,,,ufcstats,http://ufcstats.com/fighter-details/8a9f54b9056b07f5,
Chris Jones,1981-11-16,175.3,,,,,,,,,,ufcstats,http://ufcstats.com/fighter-details/509319d35664369e,
Jamelle Jones,1988-01-31,182.9,190.5,Orthodox,,,,,,,,ufcstats,http://ufcstats.com/fighter-details/1dda22d0ac3d1271,
Mason Jones,1995-04-26,177.8,188.0,Orthodox,,,,,,,,ufcstats,http://ufcstats.com/fighter-details/f6ad6a1e4d600e0d,
Craig Jones,1991-07-17,,,,,,,,,,,ufcstats,http://ufcstats.com/fighter-details/e947b563eb744a21,
Antonio Jones,1985-04-12,180.3,,Orthodox,,,,,,,,ufcstats,http://ufcstats.com/fighter-details/f1fd494586ab8d5f,
Trevin Jones,1990-08-04,170.2,177.8,Southpaw,,,,,,,,ufcstats,http://ufcstats.com/fighter-details/ec23c1be628d8057,
Jacobi Jones,1996-05-24,175.3,182.9,Orthodox,,,,,,,,ufcstats,http://ufcstats.com/fighter-details/08b01ed84044c6bc,
Jocelyn Jones-Lybarger,1985-10-04,170.2,162.6,Orthodox,,,,,,,,ufcstats,http://ufcstats.com/fighter-details/1a98c9dbb7fc3959,
Kevin Jordan,1970-12-31,190.5,,Orthodox,,,,,,,,ufcstats,http://ufcstats.com/fighter-details/02e52b3a595f0786,
Joe Jordan,1978-07-27,167.6,,Orthodox,,,,,,,,ufcstats,http://ufcstats.com/fighter-details/712c4db78b9373d1,
Shawn Jordan,1984-10-21,182.9,190.5,Southpaw,,,,,,,,ufcstats,http://ufcstats.com/fighter-details/ca2efc9d7d523c43,
Gareth Joseph,1984-09-28,,,,,,,,,,,ufcstats,http://ufcstats.com/fighter-details/8ecb9f42da5ef5ac,
Ivan Jorge,1980-11-07,175.3,185.4,Orthodox,,,,,,,,ufcstats,http://ufcstats.com/fighter-details/19db7ac26308178f,
Scott Jorgensen,1982-09-17,165.1,167.6,Orthodox,,,,,,,,ufcstats,http://ufcstats.com/fighter-details/0b64d0fed453ef7f,
Dwight Joseph,1989-08-16,167.6,,Switch,,,,,,,,ufcstats,http://ufcstats.com/fighter-details/34ca93f1791a5c50,
Jeff Joslin,1975-04-30,182.9,,Orthodox,,,,,,,,ufcstats,http://ufcstats.com/fighter-details/388abbf8832b5adf,
Alan Jouban,1981-11-25,182.9,185.4,Southpaw,,,,,,,,ufcstats,http://ufcstats.com/fighter-details/cf65d56b0755ed3b,
Krzysztof Jotko,1989-08-19,185.4,195.6,Southpaw,,,,,,,,ufcstats,http://ufcstats.com/fighter-details/4e06913c91da5200,
Louis Jourdain,1997-03-13,175.3,175.3,Orthodox,,,,,,,,ufcstats,http://ufcstats.com/fighter-details/91cd52cb92dfdd52,
Charles Jourdain,1995-11-27,175.3,175.3,Switch,,,,,,,,ufcstats,http://ufcstats.com/fighter-details/f1d64ae34e088832,
Dustin Joynson,1985-10-14,198.1,198.1,Orthodox,,,,,,,,ufcstats,http://ufcstats.com/fighter-details/791367e8c35cfb6a,
Mike Joy,1985-07-18,167.6,,Southpaw,,,,,,,,ufcstats,http://ufcstats.com/fighter-details/35080a7f406f9ab3,
Kevin Jousset,1993-05-02,188.0,190.5,Orthodox,,,,,,,,ufcstats,http://ufcstats.com/fighter-details/dda15dbfafb792df,
Tony Juarez,,,,,,,,,,,,ufcstats,http://ufcstats.com/fighter-details/97f3692d5444a80a,
Ernie Juarez,1998-01-12,172.7,177.8,,,,,,,,,ufcstats,http://ufcstats.com/fighter-details/410898e8dd6ca9b6,
Jesse Juarez,1981-05-08,185.4,,Orthodox,,,,,,,,ufcstats,http://ufcstats.com/fighter-details/cd039ff136d89ded,
Bu-Kyung Jung,1978-05-26,170.2,,Orthodox,,,,,,,,ufcstats,http://ufcstats.com/fighter-details/b35d1650c78c2948,
Luke Jumeau,1988-02-12,180.3,182.9,Orthodox,,,,,,,,ufcstats,http://ufcstats.com/fighter-details/4c288a2b250bb576,
Steve Judson,,180.3,,Orthodox,,,,,,,,ufcstats,http://ufcstats.com/fighter-details/6ece1d2ab1bed31d,
Anshul Jubli,1995-01-13,182.9,175.3,Switch,,,,,,,,ufcstats,http://ufcstats.com/fighter-details/a72a2a769fa5a2be,
Carli Judice,1999-03-02,170.2,172.7,Southpaw,,,,,,,,ufcstats,http://ufcstats.com/fighter-details/f1ab6f37492c630a,
Reginaldo Junior,1999-02-10,,,,,,,,,,,ufcstats,http://ufcstats.com/fighter-details/9e6cd25e0bd05e3d,
Young Sam Jung,1985-10-27,172.7,,Orthodox,,,,,,,,ufcstats,http://ufcstats.com/fighter-details/13104eaed3ae96c3,
Da Woon Jung,1993-12-07,193.0,198.1,Orthodox,,,,,,,,ufcstats,http://ufcstats.com/fighter-details/74f9448b97bf8bec,
Chan Sung Jung,1987-03-17,170.2,182.9,Orthodox,,,,,,,,ufcstats,http://ufcstats.com/fighter-details/c451d67c09c55418,
Dong Hyun Ma,1988-09-09,180.3,177.8,Orthodox,,,,,,,,ufcstats,http://ufcstats.com/fighter-details/98a6b2361045898f,
Pawan Maan,1986-04-06,170.2,177.8,Orthodox,,,,,,,,ufcstats,http://ufcstats.com/fighter-details/450bacdacd706bcd,
Scott Junk,1978-12-17,185.4,,Orthodox,,,,,,,,ufcstats,http://ufcstats.com/fighter-details/ac70a4f1db1b8c40,
William Macario,1991-07-01,180.3,190.5,Orthodox,,,,,,,,ufcstats,http://ufcstats.com/fighter-details/ed74afc8b5b47a61,
Myles Jury,1988-10-31,177.8,185.4,Orthodox,,,,,,,,ufcstats,http://ufcstats.com/fighter-details/08e908ed6d18d6a0,
Cristiane Justino,1985-07-09,172.7,172.7,Orthodox,,,,,,,,ufcstats,http://ufcstats.com/fighter-details/634bb0de2eb043b4,
Rob MacDonald,1978-09-05,190.5,198.1,Orthodox,,,,,,,,ufcstats,http://ufcstats.com/fighter-details/f3388d2cf7ab3f64,
Jason MacDonald,1975-06-03,190.5,203.2,Orthodox,,,,,,,,ufcstats,http://ufcstats.com/fighter-details/2be6596a9db33bf5,
Clayton MacFarlane,,,,,,,,,,,,ufcstats,http://ufcstats.com/fighter-details/39831e62d12e7ad1,
Ilima Macfarlane,,162.6,,,,,,,,,,ufcstats,http://ufcstats.com/fighter-details/8cf90e41646491fd,
Ryan MacDonald,1993-03-18,180.3,180.3,Switch,,,,,,,,ufcstats,http://ufcstats.com/fighter-details/35e1f9984ed64206,
Anthony Macias,1969-02-09,175.3,,Switch,,,,,,,,ufcstats,http://ufcstats.com/fighter-details/dedc3bb440d09554,
Rory MacDonald,1989-07-22,182.9,193.0,Orthodox,,,,,,,,ufcstats,http://ufcstats.com/fighter-details/cbd5d3cdd862e90e,
Valesca Machado,1996-05-06,162.6,160.0,Orthodox,,,,,,,,ufcstats,http://ufcstats.com/fighter-details/a1a91dbf41a029c4,
Caio Machado,1994-07-20,193.0,198.1,Southpaw,,,,,,,,ufcstats,http://ufcstats.com/fighter-details/89839250eb25c9c1,
Ian Machado Garry,1997-11-17,190.5,188.0,Orthodox,,,,,,,,ufcstats,http://ufcstats.com/fighter-details/442c9011034ae1fd,
Lyoto Machida,1978-05-30,185.4,188.0,Southpaw,,,,,,,,ufcstats,http://ufcstats.com/fighter-details/f7a7f7118d4b01b6,
War Machine,1981-11-30,180.3,,Orthodox,,,,,,,,ufcstats,http://ufcstats.com/fighter-details/cd7bafbeee1f29a0,
Pauline Macias,1988-06-27,162.6,162.6,Southpaw,,,,,,,,ufcstats,http://ufcstats.com/fighter-details/e88b83dea18f5d31,
Don Madge,1990-11-12,182.9,182.9,Southpaw,,,,,,,,ufcstats,http://ufcstats.com/fighter-details/68c7ad953455c73f,
Reza Madadi,1978-06-20,180.3,185.4,Orthodox,,,,,,,,ufcstats,http://ufcstats.com/fighter-details/e25bcbcdaf6537a1,
Victor Madrigal,1990-08-16,170.2,180.3,Orthodox,,,,,,,,ufcstats,http://ufcstats.com/fighter-details/cc63a5f0089d8ba9,
Ryan Madigan,,182.9,,Orthodox,,,,,,,,ufcstats,http://ufcstats.com/fighter-details/a8d521d913df4e31,
Mark Madsen,1984-09-23,172.7,182.9,Orthodox,,,,,,,,ufcstats,http://ufcstats.com/fighter-details/da0995f19b749cfa,
Jon Madsen,1980-02-12,182.9,182.9,Orthodox,,,,,,,,ufcstats,http://ufcstats.com/fighter-details/7691a80e6ca3e55b,
Leonardo Mafra,1989-04-25,177.8,177.8,Orthodox,,,,,,,,ufcstats,http://ufcstats.com/fighter-details/8bbc0cfc01bc1ba1,
Yoshiro Maeda,1981-10-31,170.2,172.7,Southpaw,,,,,,,,ufcstats,http://ufcstats.com/fighter-details/a4bf17bd3ba3423b,
Vinicius Magalhaes,1971-07-30,,,,,,,,,,,ufcstats,http://ufcstats.com/fighter-details/1b583c64c23f0c7f,
Vinny Magalhaes,1984-07-02,190.5,190.5,Orthodox,,,,,,,,ufcstats,http://ufcstats.com/fighter-details/88a9bc81271ccd89,
Bernardo Magalhaes,1981-04-08,175.3,,Orthodox,,,,,,,,ufcstats,http://ufcstats.com/fighter-details/7a613f78dd7ee8f8,
Caio Magalhaes,1987-12-14,185.4,185.4,Orthodox,,,,,,,,ufcstats,http://ufcstats.com/fighter-details/0c5c66ddd1886b83,
Eric Magana,,,,,,,,,,,,ufcstats,http://ufcstats.com/fighter-details/8db1b36dde268ef6,
Brandon Magana,,,,Orthodox,,,,,,,,ufcstats,http://ufcstats.com/fighter-details/2015c944226ad2df,
Ibragim Magomedov,1975-06-08,182.9,,Orthodox,,,,,,,,ufcstats,http://ufcstats.com/fighter-details/e7e970d508529bf3,
Raimond Magomedaliev,1990-06-10,185.4,190.5,Orthodox,,,,,,,,ufcstats,http://ufcstats.com/fighter-details/d16373b3568678d4,
Angela Magana,1983-08-02,154.9,165.1,Orthodox,,,,,,,,ufcstats,http://ufcstats.com/fighter-details/bd878a638e0e3be3,
Rashid Magomedov,1984-11-29,175.3,177.8,Orthodox,,,,,,,,ufcstats,http://ufcstats.com/fighter-details/7ea1f74cef32f906,
Ruslan Magomedov,1986-11-26,190.5,198.1,Orthodox,,,,,,,,ufcstats,http://ufcstats.com/fighter-details/369e1ce458ef50a6,
Neil Magny,1987-08-03,190.5,203.2,Orthodox,,,,,,,,ufcstats,http://ufcstats.com/fighter-details/84b3e7d38f2d2ec5,
Abus Magomedov,1990-09-02,188.0,198.1,Orthodox,,,,,,,,ufcstats,http://ufcstats.com/fighter-details/36b8f265bcd1b7a4,
Shara Magomedov,1994-05-16,188.0,185.4,Orthodox,,,,,,,,ufcstats,http://ufcstats.com/fighter-details/06734ca9d88dec3a,
Murtazali Magomedov,1999-08-26,175.3,177.8,Orthodox,,,,,,,,ufcstats,http://ufcstats.com/fighter-details/d436f5d55156a521,
Zabit Magomedsharipov,1991-03-01,185.4,185.4,Orthodox,,,,,,,,ufcstats,http://ufcstats.com/fighter-details/87aa9fb63d6b51a1,
Lolohea Mahe,,,,,,,,,,,,ufcstats,http://ufcstats.com/fighter-details/fb0b6593cec84356,
John Maguire,1983-05-19,175.3,175.3,Southpaw,,,,,,,,ufcstats,http://ufcstats.com/fighter-details/1a7745388839e52b,
Bill Mahood,1967-02-01,190.5,,Orthodox,,,,,,,,ufcstats,http://ufcstats.com/fighter-details/ae58685caf8e4a0d,
Michelle Maher,,,,,,,,,,,,ufcstats,http://ufcstats.com/fighter-details/118463dd8db16e7f,
Maheshate,1999-12-01,182.9,180.3,Orthodox,,,,,,,,ufcstats,http://ufcstats.com/fighter-details/8c1ca54b5089d199,
Klayton Mai,1986-11-30,175.3,,,,,,,,,,ufcstats,http://ufcstats.com/fighter-details/7a9c1bb08a743d7f,
Jennifer Maia,1988-10-06,162.6,162.6,Orthodox,,,,,,,,ufcstats,http://ufcstats.com/fighter-details/8e1f36476ef02a6a,
Nayara Maia,1990-07-25,165.1,167.6,Orthodox,,,,,,,,ufcstats,http://ufcstats.com/fighter-details/03b1b79b34eaf217,
Demian Maia,1977-11-06,185.4,182.9,Southpaw,,,,,,,,ufcstats,http://ufcstats.com/fighter-details/427b5953ac8e3a27,
Yilizhati Maimaitijiang,,,,,,,,,,,,ufcstats,http://ufcstats.com/fighter-details/df1e855932897f45,
Roshan Mainam,,,,,,,,,,,,ufcstats,http://ufcstats.com/fighter-details/b301292b1bc92bdb,
Levan Makashvili,1989-01-07,172.7,172.7,Orthodox,,,,,,,,ufcstats,http://ufcstats.com/fighter-details/938ad489fb7a1f31,
Aliev Makhmud,1970-02-13,167.6,,Southpaw,,,,,,,,ufcstats,http://ufcstats.com/fighter-details/3d481aa374c954a1,
John Makdessi,1985-05-03,172.7,172.7,Orthodox,,,,,,,,ufcstats,http://ufcstats.com/fighter-details/c21a036b4e012f1c,
Islam Makhachev,1991-10-27,177.8,177.8,Southpaw,,,,,,,,ufcstats,http://ufcstats.com/fighter-details/275aca31f61ba28c,
Zach Makovsky,1983-04-19,162.6,162.6,Southpaw,,,,,,,,ufcstats,http://ufcstats.com/fighter-details/57ab4d7c0bc09a30,
Azat Maksum,1995-02-02,170.2,177.8,Southpaw,,,,,,,,ufcstats,http://ufcstats.com/fighter-details/7f1bf0c255ec8756,
Fabio Maldonado,1980-03-17,185.4,190.5,Orthodox,,,,,,,,ufcstats,http://ufcstats.com/fighter-details/1fb80f46d3c105d9,
Jeremy Malaterre,1987-03-05,180.3,,,,,,,,,,ufcstats,http://ufcstats.com/fighter-details/110404b505fb562c,
Nazareno Malegarie,1986-05-16,172.7,,,,,,,,,,ufcstats,http://ufcstats.com/fighter-details/d38e8c6ae2dfc051,
Marvin Maldonado,,167.6,,,,,,,,,,ufcstats,http://ufcstats.com/fighter-details/e5ce754b01f922be,
Bea Malecki,1991-08-23,175.3,188.0,Orthodox,,,,,,,,ufcstats,http://ufcstats.com/fighter-details/b60c980f79b87ce8,
Nate Maness,1991-06-27,177.8,182.9,Orthodox,,,,,,,,ufcstats,http://ufcstats.com/fighter-details/6e9f40c706f91f32,
Carl Malenko,1970-01-25,180.3,,Orthodox,,,,,,,,ufcstats,http://ufcstats.com/fighter-details/a314687f372b2cec,
Jacob Malkoun,1995-08-26,175.3,185.4,Orthodox,,,,,,,,ufcstats,http://ufcstats.com/fighter-details/d4270315cbcf2569,
Dan Manasoiu,,,,,,,,,,,,ufcstats,http://ufcstats.com/fighter-details/eefc73b53d4a05d7,
Mike Malott,1991-11-07,185.4,185.4,Orthodox,,,,,,,,ufcstats,http://ufcstats.com/fighter-details/dd6103dd7127db1d,
Gary Mangat,,170.2,,,,,,,,,,ufcstats,http://ufcstats.com/fighter-details/1c0ffc63d8ec8f45,
Michael Mangan,,,,,,,,,,,,ufcstats,http://ufcstats.com/fighter-details/9297ce6eee046f7a,
George Mangos,2003-08-19,172.7,175.3,Switch,,,,,,,,ufcstats,http://ufcstats.com/fighter-details/122ae3b34275fbb2,
Troy Mandaloniz,1980-02-01,175.3,,Orthodox,,,,,,,,ufcstats,http://ufcstats.com/fighter-details/725a834930c2b5bf,
Melchor Manibusan,1976-12-27,165.1,,Southpaw,,,,,,,,ufcstats,http://ufcstats.com/fighter-details/b6c6d1731ff00eeb,
Jon Manley,1986-07-07,185.4,,Orthodox,,,,,,,,ufcstats,http://ufcstats.com/fighter-details/a0602dd050bebefc,
Melvin Manhoef,1976-05-11,175.3,,Orthodox,,,,,,,,ufcstats,http://ufcstats.com/fighter-details/e5767ed355a937c2,
Marnic Mann,1993-03-05,152.4,162.6,Southpaw,,,,,,,,ufcstats,http://ufcstats.com/fighter-details/b6203e0492a9336c,
Steve Mann,,185.4,,,,,,,,,,ufcstats,http://ufcstats.com/fighter-details/0eef1bf99afd4ff2,
Jose Maria,1982-01-04,165.1,,Orthodox,,,,,,,,ufcstats,http://ufcstats.com/fighter-details/b35ba64b6a2bbcb3,
Dylan Mantello,1992-11-19,185.4,185.4,Orthodox,,,,,,,,ufcstats,http://ufcstats.com/fighter-details/e192ebb85b68fa9e,
Chris Manuel,1987-07-21,175.3,,Orthodox,,,,,,,,ufcstats,http://ufcstats.com/fighter-details/a23e63184c65f5b8,
Jimi Manuwa,1980-02-18,185.4,200.7,Orthodox,,,,,,,,ufcstats,http://ufcstats.com/fighter-details/1e1dbd1cc5a7469e,
Dom Mar Fan,2000-03-19,180.3,190.5,Orthodox,,,,,,,,ufcstats,http://ufcstats.com/fighter-details/530af2900b5a1693,
Cristiano Marcello,1977-12-03,175.3,182.9,Orthodox,,,,,,,,ufcstats,http://ufcstats.com/fighter-details/ff4c3ab594c7fac3,
Marcos Mariano,1986-10-12,185.4,193.0,Switch,,,,,,,,ufcstats,http://ufcstats.com/fighter-details/72e5e5a6edfa8223,
Enrique Marin,1986-09-02,177.8,,,,,,,,,,ufcstats,http://ufcstats.com/fighter-details/23a6e307077c6ccc,
Daniel Marcos,1993-03-07,170.2,175.3,Orthodox,,,,,,,,ufcstats,http://ufcstats.com/fighter-details/850266b3dc4e506e,
Ronny Markes,1988-04-21,185.4,190.5,Orthodox,,,,,,,,ufcstats,http://ufcstats.com/fighter-details/bd21a1e3d41c97ee,
Chepe Mariscal,1992-10-27,170.2,175.3,Orthodox,,,,,,,,ufcstats,http://ufcstats.com/fighter-details/e0c6edcb5b5d0b90,
Rory Markham,1982-03-25,182.9,180.3,Orthodox,,,,,,,,ufcstats,http://ufcstats.com/fighter-details/23a16ebe733e3041,
Randa Markos,1985-08-10,162.6,160.0,Orthodox,,,,,,,,ufcstats,http://ufcstats.com/fighter-details/4a57ebb14315b251,
Christina Marks,1985-11-08,170.2,175.3,Orthodox,,,,,,,,ufcstats,http://ufcstats.com/fighter-details/c7be22a47a58365a,
Brendon Marotte,1996-01-12,175.3,177.8,Orthodox,,,,,,,,ufcstats,http://ufcstats.com/fighter-details/d7fe8c6b7d2872e5,
Danilo Marques,1985-12-26,198.1,195.6,Orthodox,,,,,,,,ufcstats,http://ufcstats.com/fighter-details/687c15b2eddfaa63,
Nate Marquardt,1979-04-20,182.9,188.0,Orthodox,,,,,,,,ufcstats,http://ufcstats.com/fighter-details/a8e6a69796280f17,
Cesar Marscucci,,,,,,,,,,,,ufcstats,http://ufcstats.com/fighter-details/e8efeb9cf33b1941,
Carmelo Marrero,1981-01-26,182.9,185.4,Orthodox,,,,,,,,ufcstats,http://ufcstats.com/fighter-details/aa03a3ca00ac6827,
Julian Marquez,1990-05-08,188.0,182.9,Orthodox,,,,,,,,ufcstats,http://ufcstats.com/fighter-details/d0e1b42d41dab603,
John Marsh,1970-09-15,182.9,,Orthodox,,,,,,,,ufcstats,http://ufcstats.com/fighter-details/b6b12014698cc345,
CJ Marsh,,,,,,,,,,,,ufcstats,http://ufcstats.com/fighter-details/4c91eb190d5e0dd9,
Eliot Marshall,1980-07-07,188.0,195.6,Orthodox,,,,,,,,ufcstats,http://ufcstats.com/fighter-details/a08d909a5be6f410,
Doug Marshall,1975-09-09,177.8,,Orthodox,,,,,,,,ufcstats,http://ufcstats.com/fighter-details/0c1773639c795466,
David Marshall,1984-08-24,188.0,,,,,,,,,,ufcstats,http://ufcstats.com/fighter-details/0a2813f89a758ff7,
Francis Marshall,1999-03-03,175.3,182.9,Orthodox,,,,,,,,ufcstats,http://ufcstats.com/fighter-details/5d495dec23d7c68e,
Jack Marshman,1989-12-19,182.9,185.4,Orthodox,,,,,,,,ufcstats,http://ufcstats.com/fighter-details/045f25b3a4c08e81,
Terry Martin,1980-10-10,172.7,180.3,Orthodox,,,,,,,,ufcstats,http://ufcstats.com/fighter-details/6a92caba39b64752,
Mallory Martin,1994-01-29,162.6,160.0,Orthodox,,,,,,,,ufcstats,http://ufcstats.com/fighter-details/19b7738321cfae42,
Michal Martinek,1990-04-19,188.0,,Southpaw,,,,,,,,ufcstats,http://ufcstats.com/fighter-details/9acf42aebe9bb895,
Eric Martin,,,,,,,,,,,,ufcstats,http://ufcstats.com/fighter-details/abbc4fc02e0d84b3,
Justin Martin,,182.9,,,,,,,,,,ufcstats,http://ufcstats.com/fighter-details/3da19339ee7051d5,
Dave Martin,,182.9,,,,,,,,,,ufcstats,http://ufcstats.com/fighter-details/92c96df8bdab5fea,
Ozzy Martin,2002-09-18,,,,,,,,,,,ufcstats,http://ufcstats.com/fighter-details/d0359429b6adb404,
Joe Martin,,175.3,,,,,,,,,,ufcstats,http://ufcstats.com/fighter-details/325550dab63fb25a,
Anthony Rocco Martin,1989-12-11,182.9,185.4,Orthodox,,,,,,,,ufcstats,http://ufcstats.com/fighter-details/5331b25a60417ffb,
Adrian Luna Martinetti,1995-08-20,172.7,180.3,Orthodox,,,,,,,,ufcstats,http://ufcstats.com/fighter-details/e3b30b573e7f0d19,
Danny Martinez,1985-06-14,167.6,170.2,Orthodox,,,,,,,,ufcstats,http://ufcstats.com/fighter-details/8a9c6c4301f6d088,
Alonzo Martinez,1984-04-22,177.8,,,,,,,,,,ufcstats,http://ufcstats.com/fighter-details/feffee4fc6da3aa3,
Rainy Martinez,,182.9,,Orthodox,,,,,,,,ufcstats,http://ufcstats.com/fighter-details/577ec7e108b94be3,
Henry Martinez,1983-08-07,170.2,175.3,Southpaw,,,,,,,,ufcstats,http://ufcstats.com/fighter-details/76729a829623e266,
Poppies Martinez,1983-08-19,175.3,,,,,,,,,,ufcstats,http://ufcstats.com/fighter-details/8851bb0418d27d28,
Jonathan Martinez,1994-04-20,172.7,177.8,Southpaw,,,,,,,,ufcstats,http://ufcstats.com/fighter-details/f2477cf43c4975cc,
Mana Martinez,1996-03-25,177.8,177.8,Orthodox,,,,,,,,ufcstats,http://ufcstats.com/fighter-details/c0386644627a7ee5,
Melissa Martinez,1997-08-18,157.5,167.6,Southpaw,,,,,,,,ufcstats,http://ufcstats.com/fighter-details/3f4c3bc822bea45d,
Roque Martinez,1986-03-04,177.8,182.9,Orthodox,,,,,,,,ufcstats,http://ufcstats.com/fighter-details/2c5a0b8317f8f27a,
Victor Martinez,1991-07-17,170.2,177.8,Orthodox,,,,,,,,ufcstats,http://ufcstats.com/fighter-details/3e708ce33b6b18e6,
Julieta Martinez,2004-09-14,154.9,157.5,Orthodox,,,,,,,,ufcstats,http://ufcstats.com/fighter-details/f77afa72da84c9a8,
Wagner da Conceicao Martins,1978-05-19,200.7,,Orthodox,,,,,,,,ufcstats,http://ufcstats.com/fighter-details/563d051c9e769b24,
David Martinez,1998-08-03,165.1,170.2,Orthodox,,,,,,,,ufcstats,http://ufcstats.com/fighter-details/9a97acbfd5a08bfa,
Lucas Martins,1988-11-11,182.9,182.9,Southpaw,,,,,,,,ufcstats,http://ufcstats.com/fighter-details/7413b80dbb0f8f9f,
Adriano Martins,1982-12-16,177.8,182.9,Southpaw,,,,,,,,ufcstats,http://ufcstats.com/fighter-details/7dcf06c1967801c1,
Max Martyniouk,,,,,,,,,,,,ufcstats,http://ufcstats.com/fighter-details/69d3fa376ff2595e,
Bristol Marunde,1982-04-20,185.4,190.5,Orthodox,,,,,,,,ufcstats,http://ufcstats.com/fighter-details/a17322f99ddfd8e9,
Andrew Martinez,,175.3,,,,,,,,,,ufcstats,http://ufcstats.com/fighter-details/f8c2aba4815876b5,
Shoji Maruyama,1983-04-24,170.2,,Orthodox,,,,,,,,ufcstats,http://ufcstats.com/fighter-details/c046100aea0dba9a,
Kazuma Maruyama,1992-07-19,180.3,182.9,Orthodox,,,,,,,,ufcstats,http://ufcstats.com/fighter-details/aa1a873d05acc7eb,
Islem Masraf,1996-06-07,182.9,188.0,Southpaw,,,,,,,,ufcstats,http://ufcstats.com/fighter-details/6dedfe07640a9acc,
Jameel Massouh,1984-09-12,177.8,182.9,Orthodox,,,,,,,,ufcstats,http://ufcstats.com/fighter-details/883922e5cd6d8473,
Mike Massenzio,1982-11-01,188.0,185.4,Southpaw,,,,,,,,ufcstats,http://ufcstats.com/fighter-details/5b2d7906aa894274,
Tiffany Masters,1994-07-31,160.0,165.1,Orthodox,,,,,,,,ufcstats,http://ufcstats.com/fighter-details/ca743f96dd2063d5,
Arisa Matsuda,1994-12-15,160.0,162.6,Orthodox,,,,,,,,ufcstats,http://ufcstats.com/fighter-details/4c33b3d37955aa85,
Tateki Matsuda,1986-02-27,170.2,,Orthodox,,,,,,,,ufcstats,http://ufcstats.com/fighter-details/3a524c6700addc24,
Al Matavao,1994-02-23,172.7,170.2,Orthodox,,,,,,,,ufcstats,http://ufcstats.com/fighter-details/eec3fe66a8b11a26,
Jorge Masvidal,1984-11-12,180.3,188.0,Orthodox,,,,,,,,ufcstats,http://ufcstats.com/fighter-details/47b9e0e7703a4868,
Toki Matsui,1999-09-08,167.6,165.1,Orthodox,,,,,,,,ufcstats,http://ufcstats.com/fighter-details/56cc76c55cee8410,
Koichiro Matsumoto,1986-03-07,170.2,,,,,,,,,,ufcstats,http://ufcstats.com/fighter-details/2fb6f197d1fbc779,
Daijiro Matsui,1972-12-05,175.3,,Orthodox,,,,,,,,ufcstats,http://ufcstats.com/fighter-details/cd42bbe8887bba90,
Naoki Matsushita,1976-03-31,167.6,,Orthodox,,,,,,,,ufcstats,http://ufcstats.com/fighter-details/990060b2a68a7b82,
Koyomi Matsushima,1992-10-08,170.2,167.6,Orthodox,,,,,,,,ufcstats,http://ufcstats.com/fighter-details/5ad226da6c74a48e,
AJ Matthews,1988-01-23,180.3,,,,,,,,,,ufcstats,http://ufcstats.com/fighter-details/18e4f61f16f458c6,
Jean Matsumoto,1999-09-09,167.6,172.7,Orthodox,,,,,,,,ufcstats,http://ufcstats.com/fighter-details/ffd3224638c01b57,
Connor Matthews,1992-05-31,172.7,180.3,Switch,,,,,,,,ufcstats,http://ufcstats.com/fighter-details/36e78278a77006d4,
Jake Matthews,1994-08-19,180.3,185.4,Orthodox,,,,,,,,ufcstats,http://ufcstats.com/fighter-details/a845f0735bc67405,
Claudio Mattos,,,,Orthodox,,,,,,,,ufcstats,http://ufcstats.com/fighter-details/6e2b1d631832921d,
John Matua,,188.0,,Orthodox,,,,,,,,ufcstats,http://ufcstats.com/fighter-details/c933d423ebdbbbdb,
Francesco Maturi,,,,,,,,,,,,ufcstats,http://ufcstats.com/fighter-details/d3b5ad3b15a64a18,
Jeremy May,1986-10-23,185.4,,,,,,,,,,ufcstats,http://ufcstats.com/fighter-details/c32fdfe75cda5b22,
Jack May,1981-04-14,203.2,,Switch,,,,,,,,ufcstats,http://ufcstats.com/fighter-details/2c6e81426dd7573c,
Elaina Maxwell,1978-12-16,172.7,,Orthodox,,,,,,,,ufcstats,http://ufcstats.com/fighter-details/a16ce18149021139,
Miranda Maverick,1997-07-01,160.0,165.1,Southpaw,,,,,,,,ufcstats,http://ufcstats.com/fighter-details/f29a6350c69f4a33,
Nick Maximov,1997-12-23,182.9,193.0,Southpaw,,,,,,,,ufcstats,http://ufcstats.com/fighter-details/12585614e0ed2626,
Vladimir Matyushenko,1971-01-04,182.9,188.0,Orthodox,,,,,,,,ufcstats,http://ufcstats.com/fighter-details/ccdd90bd1fc7dab6,
Brooke Mayo,,170.2,,,,,,,,,,ufcstats,http://ufcstats.com/fighter-details/1b41c21d947d6f2f,
Don'Tale Mayes,1992-01-16,198.1,205.7,Orthodox,,,,,,,,ufcstats,http://ufcstats.com/fighter-details/1a9480fc288e55d7,
Gray Maynard,1979-05-09,175.3,177.8,Orthodox,,,,,,,,ufcstats,http://ufcstats.com/fighter-details/7d96bc577e5178b2,
Francesco Mazzeo,1997-09-23,190.5,190.5,Orthodox,,,,,,,,ufcstats,http://ufcstats.com/fighter-details/7b3c13fe33556a21,
Scott McAfee,1983-08-23,172.7,,Orthodox,,,,,,,,ufcstats,http://ufcstats.com/fighter-details/7e7d81bf162a5ec1,
Charles McCarthy,1980-08-06,177.8,180.3,Orthodox,,,,,,,,ufcstats,http://ufcstats.com/fighter-details/da97d6c97d09c030,
Sabina Mazo,1997-03-25,170.2,177.8,Orthodox,,,,,,,,ufcstats,http://ufcstats.com/fighter-details/70d2329a92864fdb,
Gina Mazany,1988-08-19,167.6,172.7,Southpaw,,,,,,,,ufcstats,http://ufcstats.com/fighter-details/016a8d958883167c,
Paddy McCorry,1997-12-09,190.5,185.4,Switch,,,,,,,,ufcstats,http://ufcstats.com/fighter-details/b43620395f655046,
Danni McCormack,1990-03-15,162.6,157.5,Southpaw,,,,,,,,ufcstats,http://ufcstats.com/fighter-details/2a9f9db24cd032ba,
Bobby McAndrews,,,,Orthodox,,,,,,,,ufcstats,http://ufcstats.com/fighter-details/ef6f45095119d416,
Michael McBride,1986-03-09,185.4,,Orthodox,,,,,,,,ufcstats,http://ufcstats.com/fighter-details/443f60bec7c3c3d5,
Molly McCann,1990-05-04,162.6,157.5,Orthodox,,,,,,,,ufcstats,http://ufcstats.com/fighter-details/51018a31ddf31eb2,
Kris McCray,1981-09-24,182.9,193.0,Orthodox,,,,,,,,ufcstats,http://ufcstats.com/fighter-details/baed16f18348908e,
Eric McConico,1990-05-09,182.9,195.6,Southpaw,,,,,,,,ufcstats,http://ufcstats.com/fighter-details/9508cc6184cb2450,
Liam McCracken,2001-09-07,,,,,,,,,,,ufcstats,http://ufcstats.com/fighter-details/e431ed30fc027c77,
Sean McCorkle,1976-07-17,200.7,205.7,Orthodox,,,,,,,,ufcstats,http://ufcstats.com/fighter-details/008dc37cca279def,
Tamdan McCrory,1986-11-05,193.0,193.0,Switch,,,,,,,,ufcstats,http://ufcstats.com/fighter-details/eff47295daf721a6,
Ian McCall,1984-05-07,165.1,162.6,Orthodox,,,,,,,,ufcstats,http://ufcstats.com/fighter-details/701e057d63c124d9,
Rob McCullough,1977-05-26,175.3,175.3,Orthodox,,,,,,,,ufcstats,http://ufcstats.com/fighter-details/11e3fd7546359fc5,
Michael McDonald,1965-02-06,180.3,,Orthodox,,,,,,,,ufcstats,http://ufcstats.com/fighter-details/d52ef694108f8235,
Scott McDonald,,,,,,,,,,,,ufcstats,http://ufcstats.com/fighter-details/08ae3100bf2100ed,
Justin McCully,1976-02-18,185.4,185.4,Orthodox,,,,,,,,ufcstats,http://ufcstats.com/fighter-details/75f871836d41f90f,
Robert McDaniel,1983-05-03,190.5,190.5,Southpaw,,,,,,,,ufcstats,http://ufcstats.com/fighter-details/5cafbc97dba2e797,
Michael McDonald,1991-01-15,175.3,177.8,Orthodox,,,,,,,,ufcstats,http://ufcstats.com/fighter-details/d0314416a7f26527,
Josh McDonald,,,,,,,,,,,,ufcstats,http://ufcstats.com/fighter-details/b507a76087e3ed9f,
Miles McDonald,1991-08-13,170.2,,,,,,,,,,ufcstats,http://ufcstats.com/fighter-details/a3f8356ace5e3eb5,
Justin McElfresh,1980-01-04,198.1,,Orthodox,,,,,,,,ufcstats,http://ufcstats.com/fighter-details/49c29e57d4e2be6f,
Liam McGeary,1982-10-04,198.1,,,,,,,,,,ufcstats,http://ufcstats.com/fighter-details/e4e0993befecdaf8,
Drew McFedries,1978-07-27,182.9,182.9,Southpaw,,,,,,,,ufcstats,http://ufcstats.com/fighter-details/1fd4fbdcc67de844,
Marcus McGhee,1990-05-07,172.7,175.3,Orthodox,,,,,,,,ufcstats,http://ufcstats.com/fighter-details/c0ac37a4a1133da9,
Gan McGee,1976-11-20,208.3,,Orthodox,,,,,,,,ufcstats,http://ufcstats.com/fighter-details/d90b630e0561818b,
Ryan McGillivray,1986-09-27,180.3,,,,,,,,,,ufcstats,http://ufcstats.com/fighter-details/1f9c371c93dfd3a9,
Ryan McGivern,1980-01-17,182.9,,Orthodox,,,,,,,,ufcstats,http://ufcstats.com/fighter-details/856ec65948b7d234,
Jack McGlaughlin,,,,Orthodox,,,,,,,,ufcstats,http://ufcstats.com/fighter-details/237187ed9f419285,
Greg McIntyre,1980-04-21,177.8,,Orthodox,,,,,,,,ufcstats,http://ufcstats.com/fighter-details/00a905a4a4a2b071,
Conor McGregor,1988-07-14,175.3,188.0,Southpaw,,,,,,,,ufcstats,http://ufcstats.com/fighter-details/f4c49976c75c5ab2,
Court McGee,1984-12-12,180.3,190.5,Orthodox,,,,,,,,ufcstats,http://ufcstats.com/fighter-details/523fa774700d7d3f,
AJ McKee,,177.8,,,,,,,,,,ufcstats,http://ufcstats.com/fighter-details/f3ec0214794a699e,
Antonio McKee,1970-03-12,172.7,,Southpaw,,,,,,,,ufcstats,http://ufcstats.com/fighter-details/3414b50b08a10600,
Tim McKenzie,1982-07-21,182.9,188.0,Orthodox,,,,,,,,ufcstats,http://ufcstats.com/fighter-details/9ca265dfe8323db3,
Rhys McKee,1995-09-10,188.0,198.1,Orthodox,,,,,,,,ufcstats,http://ufcstats.com/fighter-details/f748267c4ab6c127,
Cory McKenna,1999-07-11,160.0,147.3,Orthodox,,,,,,,,ufcstats,http://ufcstats.com/fighter-details/3351aa64aa83c4d9,
Cody McKenzie,1987-12-16,182.9,182.9,Switch,,,,,,,,ufcstats,http://ufcstats.com/fighter-details/7be63795363029e8,
Brian McLaughlin,1984-05-12,175.3,,,,,,,,,,ufcstats,http://ufcstats.com/fighter-details/6488729da7ac1c79,
Jason McLean,1977-06-03,165.1,,,,,,,,,,ufcstats,http://ufcstats.com/fighter-details/8336d7a85ce45481,
Garreth McLellan,1982-09-01,185.4,182.9,Southpaw,,,,,,,,ufcstats,http://ufcstats.com/fighter-details/f215cfbd4ba3c270,
Tommy McMillen,1997-12-15,182.9,188.0,Orthodox,,,,,,,,ufcstats,http://ufcstats.com/fighter-details/6b0a6def604de298,
Sara McMann,1980-09-24,167.6,167.6,Orthodox,,,,,,,,ufcstats,http://ufcstats.com/fighter-details/7be74a12d7352df2,
Terrance McKinney,1994-09-15,177.8,185.4,Switch,,,,,,,,ufcstats,http://ufcstats.com/fighter-details/809bd1a871491508,
Tim Means,1984-02-20,188.0,190.5,Orthodox,,,,,,,,ufcstats,http://ufcstats.com/fighter-details/4b47e71384a9522f,
Charles McTorry,,,,,,,,,,,,ufcstats,http://ufcstats.com/fighter-details/acd8a53f7c0ce85e,
James McSweeney,1980-10-24,193.0,195.6,Switch,,,,,,,,ufcstats,http://ufcstats.com/fighter-details/cac08b8685387ca5,
Jackson McVey,1999-03-25,193.0,195.6,Southpaw,,,,,,,,ufcstats,http://ufcstats.com/fighter-details/3eeec2f53cebdf12,
Daniel McWilliams,1983-01-14,185.4,,,,,,,,,,ufcstats,http://ufcstats.com/fighter-details/7b03d9df5910917d,
Emil Meek,1988-08-20,180.3,188.0,Switch,,,,,,,,ufcstats,http://ufcstats.com/fighter-details/103b06d8707895a9,
Anistavio Medeiros,1988-05-01,167.6,,Orthodox,,,,,,,,ufcstats,http://ufcstats.com/fighter-details/2937cb502dda0808,
Kaline Medeiros,,160.0,,,,,,,,,,ufcstats,http://ufcstats.com/fighter-details/263af068bd986548,
MarQuel Mederos,1996-11-30,177.8,175.3,Orthodox,,,,,,,,ufcstats,http://ufcstats.com/fighter-details/e2be0c1a9b886d92,
Yancy Medeiros,1987-09-07,177.8,190.5,Orthodox,,,,,,,,ufcstats,http://ufcstats.com/fighter-details/813550bc53b15fb0,
Uros Medic,1993-04-25,185.4,180.3,Southpaw,,,,,,,,ufcstats,http://ufcstats.com/fighter-details/681399317dbf4701,
Todd Medina,1970-04-30,177.8,,Southpaw,,,,,,,,ufcstats,http://ufcstats.com/fighter-details/b60391da771deefe,
Jason Medina,,175.3,,,,,,,,,,ufcstats,http://ufcstats.com/fighter-details/f53fb9d9e57cc38e,
Derrick Mehmen,1985-05-30,193.0,,,,,,,,,,ufcstats,http://ufcstats.com/fighter-details/6c7dafd03b6cc3f8,
Miika Mehmet,,,,Orthodox,,,,,,,,ufcstats,http://ufcstats.com/fighter-details/41dca66f9dadfc86,
Frank Megallon,,177.8,,Southpaw,,,,,,,,ufcstats,http://ufcstats.com/fighter-details/c0a93b52096b7682,
Sanford Alton Meeks,1994-04-05,195.6,190.5,Orthodox,,,,,,,,ufcstats,http://ufcstats.com/fighter-details/27c59ac201539d10,
Gerald Meerschaert,1987-12-18,185.4,195.6,Southpaw,,,,,,,,ufcstats,http://ufcstats.com/fighter-details/6ac9bc2953c47345,
Jordan Mein,1989-10-10,182.9,185.4,Orthodox,,,,,,,,ufcstats,http://ufcstats.com/fighter-details/2aa49b3766a59bcd,
Bryce Mejia,,185.4,,,,,,,,,,ufcstats,http://ufcstats.com/fighter-details/6eae26c44e505775,
Brandon Melendez,1983-03-24,180.3,,Southpaw,,,,,,,,ufcstats,http://ufcstats.com/fighter-details/2b06b6ad5db63348,
Brian Melancon,1982-05-28,172.7,,Orthodox,,,,,,,,ufcstats,http://ufcstats.com/fighter-details/eee7dafac7d672b5,
Nair Melikyan,1997-08-08,167.6,,,,,,,,,,ufcstats,http://ufcstats.com/fighter-details/64b8561624d3b15e,
Anna Melisano,1997-05-20,162.6,172.7,Orthodox,,,,,,,,ufcstats,http://ufcstats.com/fighter-details/40a7ec5d1ad6ffa8,
Gilbert Melendez,1982-04-12,175.3,185.4,Orthodox,,,,,,,,ufcstats,http://ufcstats.com/fighter-details/aa5b4eff51bdc7d1,
Antonio Mendes,1981-04-19,190.5,195.6,Southpaw,,,,,,,,ufcstats,http://ufcstats.com/fighter-details/3795fca327cbcf23,
Vanessa Melo,1988-03-27,165.1,165.1,Orthodox,,,,,,,,ufcstats,http://ufcstats.com/fighter-details/9b7dfb3b7d99926a,
Marcelo Mello,,170.2,,Southpaw,,,,,,,,ufcstats,http://ufcstats.com/fighter-details/672ef06fd9f41f7d,
Fabio Mello,1975-06-28,165.1,,Southpaw,,,,,,,,ufcstats,http://ufcstats.com/fighter-details/8a028648f3f0761d,
Augusto Mendes,1983-03-03,167.6,165.1,Orthodox,,,,,,,,ufcstats,http://ufcstats.com/fighter-details/3d5b1ce6097dbb49,
Adam Meredith,,188.0,,,,,,,,,,ufcstats,http://ufcstats.com/fighter-details/c1135a6892e916db,
Mateus Mendonca,1999-01-17,167.6,180.3,Orthodox,,,,,,,,ufcstats,http://ufcstats.com/fighter-details/48812daf291a4e23,
Eddie Mendez,1984-01-16,177.8,,,,,,,,,,ufcstats,http://ufcstats.com/fighter-details/49e49b54e5901d0d,
Luis Mendoza,,,,,,,,,,,,ufcstats,http://ufcstats.com/fighter-details/28200bc87367614f,
Pietro Menga,1988-02-15,170.2,172.7,Southpaw,,,,,,,,ufcstats,http://ufcstats.com/fighter-details/869d68b5383131fd,
Chad Mendes,1985-05-01,167.6,167.6,Orthodox,,,,,,,,ufcstats,http://ufcstats.com/fighter-details/b5b684eac99ae0a3,
Meng Bo,1996-03-29,162.6,157.5,Orthodox,,,,,,,,ufcstats,http://ufcstats.com/fighter-details/2d85fcb4468c30d7,
Alonzo Menifield,1987-10-18,182.9,193.0,Orthodox,,,,,,,,ufcstats,http://ufcstats.com/fighter-details/a495f599e787614f,
Buck Meredith,1982-05-17,188.0,,,,,,,,,,ufcstats,http://ufcstats.com/fighter-details/36120738148f203f,
Steve Mensing,1977-12-06,180.3,,Orthodox,,,,,,,,ufcstats,http://ufcstats.com/fighter-details/3bc27ec15facbcf3,
Bia Mesquita,1991-04-07,162.6,170.2,Orthodox,,,,,,,,ufcstats,http://ufcstats.com/fighter-details/eff9074bc066f0f2,
Dave Menne,1974-07-29,177.8,,Orthodox,,,,,,,,ufcstats,http://ufcstats.com/fighter-details/275cafc9de131c83,
Ivan Menjivar,1982-05-30,167.6,162.6,Orthodox,,,,,,,,ufcstats,http://ufcstats.com/fighter-details/5755960ebd0b16f6,
Nick Meregali,,,,,,,,,,,,ufcstats,http://ufcstats.com/fighter-details/2f6dc878d653c442,
Brandon Michaels,1982-11-20,175.3,,,,,,,,,,ufcstats,http://ufcstats.com/fighter-details/f5e4ce11afbdfb61,
Andreas Michailidis,1988-07-18,182.9,193.0,Orthodox,,,,,,,,ufcstats,http://ufcstats.com/fighter-details/79325a3c1a5c3bf4,
David Michaud,1988-11-10,175.3,,Orthodox,,,,,,,,ufcstats,http://ufcstats.com/fighter-details/49f4b511932f71e9,
Jonathan Micallef,1999-03-05,182.9,195.6,Southpaw,,,,,,,,ufcstats,http://ufcstats.com/fighter-details/f782f953bfe7b5f2,
Joe Merritt,1984-03-07,182.9,,Orthodox,,,,,,,,ufcstats,http://ufcstats.com/fighter-details/e82d5f54daa85a7e,
Jonathan Meunier,1987-08-04,190.5,,Switch,,,,,,,,ufcstats,http://ufcstats.com/fighter-details/5823ceab56741617,
Jeremiah Metcalf,1981-07-09,185.4,,Orthodox,,,,,,,,ufcstats,http://ufcstats.com/fighter-details/5bdcbd8dd681a257,
Yaotzin Meza,1981-02-04,175.3,180.3,Orthodox,,,,,,,,ufcstats,http://ufcstats.com/fighter-details/3623bd267a2eef2e,
David Mgoyan,2004-06-25,175.3,177.8,Orthodox,,,,,,,,ufcstats,http://ufcstats.com/fighter-details/8f003ef7e0d9a139,
Zachary Micklewright,1976-08-21,182.9,188.0,Southpaw,,,,,,,,ufcstats,http://ufcstats.com/fighter-details/a36a14985a57a1c6,
Guy Mezger,1968-01-01,185.4,,Orthodox,,,,,,,,ufcstats,http://ufcstats.com/fighter-details/946f341df6472ee0,
Chris Mickle,1983-07-10,175.3,,Orthodox,,,,,,,,ufcstats,http://ufcstats.com/fighter-details/f903967fd320da38,
Curtis Millender,1987-12-01,188.0,193.0,Orthodox,,,,,,,,ufcstats,http://ufcstats.com/fighter-details/f1928a52590c5532,
Phillip Miller,1979-02-20,180.3,,Orthodox,,,,,,,,ufcstats,http://ufcstats.com/fighter-details/18aecaf50f52e4c3,
Pat Miletich,1968-03-09,177.8,,Orthodox,,,,,,,,ufcstats,http://ufcstats.com/fighter-details/cedfdf8d423d500c,
Jason Miller,1980-12-24,185.4,,Orthodox,,,,,,,,ufcstats,http://ufcstats.com/fighter-details/b2f88c04c4dd43ce,
Bojan Mihajlovic,1980-03-30,180.3,185.4,Orthodox,,,,,,,,ufcstats,http://ufcstats.com/fighter-details/d6285cba1d1052e0,
Keith Mielke,,172.7,,,,,,,,,,ufcstats,http://ufcstats.com/fighter-details/f62850b3c7480db9,
Gabriel Miglioli,,172.7,,,,,,,,,,ufcstats,http://ufcstats.com/fighter-details/a6fa5dd90528e9f7,
Billy Miles,1978-04-28,177.8,,Orthodox,,,,,,,,ufcstats,http://ufcstats.com/fighter-details/3c48019bc387b80c,
Kristof Midoux,1974-07-30,185.4,,Orthodox,,,,,,,,ufcstats,http://ufcstats.com/fighter-details/5b5b9c6f6f270369,
Chris Mierzwiak,1988-02-14,185.4,,,,,,,,,,ufcstats,http://ufcstats.com/fighter-details/2b284840ca89876a,
Dan Miller,1981-06-30,185.4,188.0,Orthodox,,,,,,,,ufcstats,http://ufcstats.com/fighter-details/d0c29452d3272603,
Trent Miller,1995-10-31,175.3,182.9,Orthodox,,,,,,,,ufcstats,http://ufcstats.com/fighter-details/2b6a37a97541a4fd,
Ty Miller,2000-06-04,188.0,195.6,Orthodox,,,,,,,,ufcstats,http://ufcstats.com/fighter-details/0859524157a19045,
Juliana Miller,1996-05-07,170.2,167.6,Orthodox,,,,,,,,ufcstats,http://ufcstats.com/fighter-details/aa0c573da7119292,
Cole Miller,1984-04-26,185.4,185.4,Orthodox,,,,,,,,ufcstats,http://ufcstats.com/fighter-details/282fa667ff9c51ed,
Jim Miller,1983-08-30,172.7,180.3,Southpaw,,,,,,,,ufcstats,http://ufcstats.com/fighter-details/d1941565abf50b16,
Aaron Miller,,175.3,,,,,,,,,,ufcstats,http://ufcstats.com/fighter-details/a4d055f1435d6d75,
Mo Miller,1992-08-10,172.7,182.9,Orthodox,,,,,,,,ufcstats,http://ufcstats.com/fighter-details/39019970ac8543e9,
Henry Miller,1969-07-16,170.2,,Southpaw,,,,,,,,ufcstats,http://ufcstats.com/fighter-details/45a2ba3ef82b9700,
Nina Milosevic,1996-08-08,165.1,170.2,Orthodox,,,,,,,,ufcstats,http://ufcstats.com/fighter-details/eabece0edc2d62ca,
Eddy Millis,1967-08-04,185.4,,,,,,,,,,ufcstats,http://ufcstats.com/fighter-details/f2c934689243fe4e,
Micah Miller,1987-02-14,182.9,,Orthodox,,,,,,,,ufcstats,http://ufcstats.com/fighter-details/3ff0d0dc7a14bb50,
Adam Milstead,1987-07-03,190.5,193.0,Orthodox,,,,,,,,ufcstats,http://ufcstats.com/fighter-details/72ffecf712673af1,
Alberto Mina,1982-05-02,182.9,195.6,Orthodox,,,,,,,,ufcstats,http://ufcstats.com/fighter-details/4b1d46a1b5c0fd11,
Vitaly Minakov,1985-02-06,188.0,,,,,,,,,,ufcstats,http://ufcstats.com/fighter-details/56c975c4a2b357a5,
Che Mills,1982-09-29,185.4,193.0,Orthodox,,,,,,,,ufcstats,http://ufcstats.com/fighter-details/6cadfd8f1d9e7685,
Mike Minniger,,,,,,,,,,,,ufcstats,http://ufcstats.com/fighter-details/c8aa3541bec4042e,
Darrick Minner,1990-04-28,170.2,175.3,Orthodox,,,,,,,,ufcstats,http://ufcstats.com/fighter-details/34e516ab361afb1c,
Carlton Minus,1993-04-26,177.8,190.5,Orthodox,,,,,,,,ufcstats,http://ufcstats.com/fighter-details/40d8b74488743800,
Ikuhisa Minowa,1976-01-12,175.3,,Orthodox,,,,,,,,ufcstats,http://ufcstats.com/fighter-details/ce6065baef021cf3,
Stipe Miocic,1982-08-19,193.0,203.2,Orthodox,,,,,,,,ufcstats,http://ufcstats.com/fighter-details/d28dee5c705991df,
Yunosuke Minami,2000-09-10,165.1,165.1,Orthodox,,,,,,,,ufcstats,http://ufcstats.com/fighter-details/9f2c07bd65fde55c,
Mario Mingaj,1998-10-28,190.5,198.1,Orthodox,,,,,,,,ufcstats,http://ufcstats.com/fighter-details/1ccaeae54725d897,
Artur Minev,2003-09-27,175.3,175.3,Orthodox,,,,,,,,ufcstats,http://ufcstats.com/fighter-details/20d37922ba85e6fc,
Frank Mir,1979-05-24,190.5,200.7,Southpaw,,,,,,,,ufcstats,http://ufcstats.com/fighter-details/1ff9589f9065a9ed,
Bella Mir,2003-01-01,,,,,,,,,,,ufcstats,http://ufcstats.com/fighter-details/9ab21ab88230ce48,
Juan Miranda,,,,,,,,,,,,ufcstats,http://ufcstats.com/fighter-details/be8ad887e4d674b0,
Richie Miranda,1994-08-12,172.7,190.5,Southpaw,,,,,,,,ufcstats,http://ufcstats.com/fighter-details/abde3388a589103c,
Alexis Miranda,1999-01-03,,,,,,,,,,,ufcstats,http://ufcstats.com/fighter-details/d458266c796643e2,
Mario Miranda,1979-07-12,190.5,188.0,Orthodox,,,,,,,,ufcstats,http://ufcstats.com/fighter-details/df2bf09c99594848,
Gabriel Miranda,1990-03-25,180.3,180.3,Orthodox,,,,,,,,ufcstats,http://ufcstats.com/fighter-details/b909a9a9688b5284,
Vitor Miranda,1979-03-10,185.4,195.6,Orthodox,,,,,,,,ufcstats,http://ufcstats.com/fighter-details/4bcb6eb12b4ad4aa,
Toby Misech,1988-03-07,172.7,,Southpaw,,,,,,,,ufcstats,http://ufcstats.com/fighter-details/3f87218a7aca84c4,
Felix Lee Mitchell,,,,Orthodox,,,,,,,,ufcstats,http://ufcstats.com/fighter-details/6cbb7661c3258617,
Damir Mirenic,1974-08-02,182.9,,Orthodox,,,,,,,,ufcstats,http://ufcstats.com/fighter-details/992c82450d96f726,
Kazuo Misaki,1976-04-25,172.7,,Orthodox,,,,,,,,ufcstats,http://ufcstats.com/fighter-details/5e7a28f20927d64a,
Danny Mitchell,1986-08-08,188.0,,Orthodox,,,,,,,,ufcstats,http://ufcstats.com/fighter-details/c06d554ce1713fd3,
Brad Mitchell,1974-10-10,180.3,,,,,,,,,,ufcstats,http://ufcstats.com/fighter-details/7263e0dc082adc87,
Clay Mitchell,,188.0,,,,,,,,,,ufcstats,http://ufcstats.com/fighter-details/3d960455f880bb25,
Dokonjonosuke Mishima,1972-04-19,170.2,,Southpaw,,,,,,,,ufcstats,http://ufcstats.com/fighter-details/b14a68c533f4a4aa,
Bryce Mitchell,1994-10-04,177.8,177.8,Southpaw,,,,,,,,ufcstats,http://ufcstats.com/fighter-details/d9c6f19f958643e9,
Maurice Mitchell,1987-06-29,175.3,,Orthodox,,,,,,,,ufcstats,http://ufcstats.com/fighter-details/568bebed6366b667,
David Mitchell,1979-10-24,182.9,190.5,Orthodox,,,,,,,,ufcstats,http://ufcstats.com/fighter-details/8f3df4c579cfbb69,
Terrence Mitchell,1989-12-30,177.8,188.0,Orthodox,,,,,,,,ufcstats,http://ufcstats.com/fighter-details/f3ca6908f78efebe,
Eiji Mitsuoka,1976-01-01,170.2,,Southpaw,,,,,,,,ufcstats,http://ufcstats.com/fighter-details/2b4faacc16d66898,
Matt Mitrione,1978-07-15,190.5,208.3,Switch,,,,,,,,ufcstats,http://ufcstats.com/fighter-details/ba280572acfba13f,
Jonathan  Mix,1980-11-09,182.9,,,,,,,,,,ufcstats,http://ufcstats.com/fighter-details/f64e4ecd214c6378,
Roman Mitichyan,1978-09-04,177.8,,Orthodox,,,,,,,,ufcstats,http://ufcstats.com/fighter-details/2961be02cfb0d2c1,
Hiromitsu Miura,1981-09-22,175.3,180.3,Orthodox,,,,,,,,ufcstats,http://ufcstats.com/fighter-details/509697e08673d2e5,
Patchy Mix,1993-08-16,180.3,177.8,Southpaw,,,,,,,,ufcstats,http://ufcstats.com/fighter-details/2cfba6c837c03ed0,
Ryuho Miyaguchi,1998-01-27,177.8,172.7,Orthodox,,,,,,,,ufcstats,http://ufcstats.com/fighter-details/f1a9c0998c683782,
Tomoya Miyashita,1981-07-20,170.2,,Southpaw,,,,,,,,ufcstats,http://ufcstats.com/fighter-details/c9885b1b7c7055a0,
Motoki Miyazawa,1985-04-23,180.3,,Southpaw,,,,,,,,ufcstats,http://ufcstats.com/fighter-details/9649d75defe0dedb,
Kazuyuki Miyata,1976-01-29,172.7,,Orthodox,,,,,,,,ufcstats,http://ufcstats.com/fighter-details/af70d268e5352186,
Mizuki,1994-08-19,160.0,165.1,Orthodox,,,,,,,,ufcstats,http://ufcstats.com/fighter-details/43a59ce3bb40449e,
Takeya Mizugaki,1983-12-16,170.2,175.3,Orthodox,,,,,,,,ufcstats,http://ufcstats.com/fighter-details/48e093ea1f43a053,
Tatsuya Mizuno,1981-06-02,185.4,,Southpaw,,,,,,,,ufcstats,http://ufcstats.com/fighter-details/478c8706bdb92440,
Bobby Moffett,1990-06-01,177.8,185.4,Orthodox,,,,,,,,ufcstats,http://ufcstats.com/fighter-details/d76ad9a08c4408ff,
Roxanne Modafferi,1982-09-24,170.2,175.3,Orthodox,,,,,,,,ufcstats,http://ufcstats.com/fighter-details/4498b382c65a7faa,
Bronson Mohika,,,,,,,,,,,,ufcstats,http://ufcstats.com/fighter-details/65239fccecd03404,
Nate Mohr,1983-03-03,175.3,182.9,Orthodox,,,,,,,,ufcstats,http://ufcstats.com/fighter-details/04c15b52c3cc1cab,
Ashkan Mokhtarian,1985-09-15,167.6,170.2,Southpaw,,,,,,,,ufcstats,http://ufcstats.com/fighter-details/e9bc5748e6a76bb6,
Muhammad Mokaev,2000-07-30,170.2,177.8,Orthodox,,,,,,,,ufcstats,http://ufcstats.com/fighter-details/75353550928a7921,
Thiago Moises,1995-03-23,175.3,177.8,Orthodox,,,,,,,,ufcstats,http://ufcstats.com/fighter-details/d945aae53e3e54e6,
Renato Moicano,1989-05-21,180.3,182.9,Orthodox,,,,,,,,ufcstats,http://ufcstats.com/fighter-details/b6452706b373eea1,
Dan Molina,1984-06-14,177.8,,,,,,,,,,ufcstats,http://ufcstats.com/fighter-details/606136dee6f6ecea,
Suman Mokhtarian,1992-06-13,172.7,182.9,Orthodox,,,,,,,,ufcstats,http://ufcstats.com/fighter-details/192520689012c7e4,
Jeff Molina,1997-07-17,167.6,175.3,Orthodox,,,,,,,,ufcstats,http://ufcstats.com/fighter-details/008ea710276c9606,
Rudyard Moncayo,1973-05-17,177.8,,Orthodox,,,,,,,,ufcstats,http://ufcstats.com/fighter-details/02d276b7d62b3472,
Michelle Montague,1993-11-25,175.3,172.7,Southpaw,,,,,,,,ufcstats,http://ufcstats.com/fighter-details/ca80d72da81d7224,
Jose Montanha,1996-08-25,193.0,193.0,Orthodox,,,,,,,,ufcstats,http://ufcstats.com/fighter-details/1f8cd7634e8286ff,
Hidetaka Monma,1973-10-23,182.9,,Orthodox,,,,,,,,ufcstats,http://ufcstats.com/fighter-details/a8e133139286df84,
Andrew Montanez,,,,,,,,,,,,ufcstats,http://ufcstats.com/fighter-details/72c9c2eadfc3277e,
Darrell Montague,1987-11-03,167.6,170.2,Southpaw,,,,,,,,ufcstats,http://ufcstats.com/fighter-details/bffeb123b21c9aad,
Jeff Monson,1971-01-18,175.3,188.0,Orthodox,,,,,,,,ufcstats,http://ufcstats.com/fighter-details/cbfd1d34356a004c,
Erick Montano,1985-11-19,182.9,185.4,Orthodox,,,,,,,,ufcstats,http://ufcstats.com/fighter-details/8163cd7de0342652,
Augusto Montano,1984-10-25,185.4,185.4,Orthodox,,,,,,,,ufcstats,http://ufcstats.com/fighter-details/94508d80e1f885fc,
Antonio Monteiro,1995-07-02,170.2,177.8,Orthodox,,,,,,,,ufcstats,http://ufcstats.com/fighter-details/3e38b1ea16bd4d86,
Steve Montgomery,1990-12-19,193.0,,Southpaw,,,,,,,,ufcstats,http://ufcstats.com/fighter-details/6e92eb1242b46636,
Sofia Montenegro,1999-06-18,167.6,170.2,Orthodox,,,,,,,,ufcstats,http://ufcstats.com/fighter-details/8b1b051038354655,
Alberto Montes,1994-05-31,170.2,175.3,Orthodox,,,,,,,,ufcstats,http://ufcstats.com/fighter-details/a112097ad877a48f,
Nicco Montano,1988-12-16,165.1,165.1,Southpaw,,,,,,,,ufcstats,http://ufcstats.com/fighter-details/1de9ad94de18eeaf,
Homer Moore,1971-11-27,177.8,,Orthodox,,,,,,,,ufcstats,http://ufcstats.com/fighter-details/e56df3c1d8b4b1cc,
Dustin Moore,,162.6,,,,,,,,,,ufcstats,http://ufcstats.com/fighter-details/831de97afe326478,
Nate Moore,1983-04-06,182.9,,,,,,,,,,ufcstats,http://ufcstats.com/fighter-details/518e5202a91980d4,
Todd Moore,1983-12-30,175.3,180.3,Southpaw,,,,,,,,ufcstats,http://ufcstats.com/fighter-details/e31502e3f79d00c5,
James Moontasri,1988-04-10,177.8,180.3,Switch,,,,,,,,ufcstats,http://ufcstats.com/fighter-details/c06a9b48d4132c8e,
Taylor Moore,1993-10-16,177.8,177.8,Southpaw,,,,,,,,ufcstats,http://ufcstats.com/fighter-details/26927dab41dbd5fc,
Sergio Moraes,1982-07-23,182.9,182.9,Orthodox,,,,,,,,ufcstats,http://ufcstats.com/fighter-details/1bcaac2d99b90fce,
Marlon Moraes,1988-04-26,167.6,170.2,Orthodox,,,,,,,,ufcstats,http://ufcstats.com/fighter-details/fea79f9bc8c68769,
Ricardo Morais,1967-02-26,203.2,,Orthodox,,,,,,,,ufcstats,http://ufcstats.com/fighter-details/2dc7f1762dc0a7ef,
John Moraga,1984-03-20,167.6,167.6,Orthodox,,,,,,,,ufcstats,http://ufcstats.com/fighter-details/92437c6775b3f7d1,
Leonardo Morales,1992-12-22,172.7,,Southpaw,,,,,,,,ufcstats,http://ufcstats.com/fighter-details/45230be0641f3f53,
Sheymon Moraes,1990-10-11,172.7,182.9,Orthodox,,,,,,,,ufcstats,http://ufcstats.com/fighter-details/0d62719b1dcf7c40,
Albert Morales,1991-05-25,175.3,182.9,Orthodox,,,,,,,,ufcstats,http://ufcstats.com/fighter-details/544d7460b3e44393,
Joe Moreira,1961-07-03,180.3,,Southpaw,,,,,,,,ufcstats,http://ufcstats.com/fighter-details/df85d6ec3493d120,
Christian Morecraft,1986-09-08,198.1,205.7,Orthodox,,,,,,,,ufcstats,http://ufcstats.com/fighter-details/80779d7441af1b52,
Richardson Moreira,1984-03-31,188.0,,Orthodox,,,,,,,,ufcstats,http://ufcstats.com/fighter-details/9147679e1a4ad4a3,
Joseph Morales,1994-08-22,167.6,175.3,Switch,,,,,,,,ufcstats,http://ufcstats.com/fighter-details/2fe9032955c2e013,
Gisele Moreira,1981-01-14,167.6,,Orthodox,,,,,,,,ufcstats,http://ufcstats.com/fighter-details/6a125ba3ec37e27e,
Vince Morales,1990-11-12,170.2,177.8,Orthodox,,,,,,,,ufcstats,http://ufcstats.com/fighter-details/37098a6e6c27fb66,
Paris Moran,1996-02-04,,,,,,,,,,,ufcstats,http://ufcstats.com/fighter-details/abe2e048a04d22cf,
Michael Morales,1999-06-24,182.9,200.7,Orthodox,,,,,,,,ufcstats,http://ufcstats.com/fighter-details/c32aeb1a59e6272d,
Omar Morales,1985-10-17,180.3,185.4,Orthodox,,,,,,,,ufcstats,http://ufcstats.com/fighter-details/a0e6753c42698f13,
Sarah Moras,1988-04-30,170.2,170.2,Orthodox,,,,,,,,ufcstats,http://ufcstats.com/fighter-details/539ed332b3078821,
Jesse Moreng,1979-11-09,170.2,,Orthodox,,,,,,,,ufcstats,http://ufcstats.com/fighter-details/2e2cdb6e9eb84bb9,
Vinicius Moreira,1989-02-28,193.0,193.0,Orthodox,,,,,,,,ufcstats,http://ufcstats.com/fighter-details/acb36c908d415c4a,
Peggy Morgan,1979-12-16,185.4,,,,,,,,,,ufcstats,http://ufcstats.com/fighter-details/92b36014314b028b,
Alexander Morgan,1991-05-14,177.8,180.3,Orthodox,,,,,,,,ufcstats,http://ufcstats.com/fighter-details/938ea36fe9c269f0,
Maryna Moroz,1991-09-08,170.2,170.2,Orthodox,,,,,,,,ufcstats,http://ufcstats.com/fighter-details/b4192a975027aab6,
Brandon Moreno,1993-12-07,170.2,177.8,Orthodox,,,,,,,,ufcstats,http://ufcstats.com/fighter-details/792be9a24df82ed6,
Alex Morono,1990-08-16,180.3,182.9,Orthodox,,,,,,,,ufcstats,http://ufcstats.com/fighter-details/cdb96af67d096b1e,
Mike Moreno,,182.9,,,,,,,,,,ufcstats,http://ufcstats.com/fighter-details/bb2eee4fb3259c01,
Dan Moret,1986-11-21,182.9,185.4,Southpaw,,,,,,,,ufcstats,http://ufcstats.com/fighter-details/66e98b3bb5fc5250,
Sammy Morgan,1981-09-28,177.8,,Orthodox,,,,,,,,ufcstats,http://ufcstats.com/fighter-details/2067a177a2842fbf,
Sergey Morozov,1989-06-14,167.6,170.2,Orthodox,,,,,,,,ufcstats,http://ufcstats.com/fighter-details/2f6a993c7f547c13,
Scott Morris,,177.8,,Orthodox,,,,,,,,ufcstats,http://ufcstats.com/fighter-details/be9d259be012e8a4,
Brad Morris,1979-11-01,188.0,,Orthodox,,,,,,,,ufcstats,http://ufcstats.com/fighter-details/6803d4d6908354ac,
Flavio Luiz Moura,1976-01-26,180.3,,Open Stance,,,,,,,,ufcstats,http://ufcstats.com/fighter-details/ab35634d1a8c7a11,
Nikolas Motta,1993-02-08,175.3,177.8,Orthodox,,,,,,,,ufcstats,http://ufcstats.com/fighter-details/37f560436d745c18,
Jack Morrison,,180.3,,,,,,,,,,ufcstats,http://ufcstats.com/fighter-details/38fccd44d669bb2f,
Carlos Mota,1995-04-15,162.6,175.3,Orthodox,,,,,,,,ufcstats,http://ufcstats.com/fighter-details/b15862fcd6ded451,
Anthony Morrison,1984-03-29,170.2,,Orthodox,,,,,,,,ufcstats,http://ufcstats.com/fighter-details/dab0e6cb8c932162,
Miki Motono,1994-05-18,157.5,160.0,Southpaw,,,,,,,,ufcstats,http://ufcstats.com/fighter-details/a5fa51a81d0c5ed9,
Juan Mott,1965-12-07,182.9,,Switch,,,,,,,,ufcstats,http://ufcstats.com/fighter-details/5da4e8dc02e50ac0,
Harry Moskowitz,,195.6,,Orthodox,,,,,,,,ufcstats,http://ufcstats.com/fighter-details/4dc496aa0cfc0d95,
Kin Moy,,165.1,,,,,,,,,,ufcstats,http://ufcstats.com/fighter-details/ae922e7d9e852d7a,
Kris Moutinho,1992-08-09,170.2,172.7,Southpaw,,,,,,,,ufcstats,http://ufcstats.com/fighter-details/9c27f3217891f3f0,
Eduarda Moura,1994-02-28,167.6,170.2,Orthodox,,,,,,,,ufcstats,http://ufcstats.com/fighter-details/de594b35c45c2e9a,
Gegard Mousasi,1985-08-01,188.0,193.0,Orthodox,,,,,,,,ufcstats,http://ufcstats.com/fighter-details/232c582f29f8f65e,
Fazlo Mulabitinovic,,,,,,,,,,,,ufcstats,http://ufcstats.com/fighter-details/2252b2c892397f0d,
Quinn Mulhern,1984-09-20,190.5,,Orthodox,,,,,,,,ufcstats,http://ufcstats.com/fighter-details/16af2d5a6f28bee2,
Belal Muhammad,1988-07-09,180.3,182.9,Orthodox,,,,,,,,ufcstats,http://ufcstats.com/fighter-details/b1b0729d27936f2f,
Jamie Moyle,1989-03-17,154.9,165.1,Orthodox,,,,,,,,ufcstats,http://ufcstats.com/fighter-details/882d62561063a927,
Garrett Mueller,1989-01-29,175.3,,,,,,,,,,ufcstats,http://ufcstats.com/fighter-details/d0c325dfefdde31f,
Askar Mozharov,1994-10-26,190.5,188.0,Orthodox,,,,,,,,ufcstats,http://ufcstats.com/fighter-details/e92901944ce91909,
Lauren Mueller,1991-11-15,165.1,170.2,Orthodox,,,,,,,,ufcstats,http://ufcstats.com/fighter-details/f923e012414c883e,
Melissa Mullins,1991-07-23,170.2,172.7,Orthodox,,,,,,,,ufcstats,http://ufcstats.com/fighter-details/bd532e9a2b93870c,
Ananias Mulumba,1998-09-18,167.6,177.8,Switch,,,,,,,,ufcstats,http://ufcstats.com/fighter-details/a59bc10f5e9f5fbb,
James Mulheron,1988-02-20,177.8,185.4,Orthodox,,,,,,,,ufcstats,http://ufcstats.com/fighter-details/8d5350fa18b79e9a,
Jamie Mullarkey,1994-08-17,182.9,188.0,Orthodox,,,,,,,,ufcstats,http://ufcstats.com/fighter-details/af9f42e6894047fc,
Jim Mullen,,185.4,,Southpaw,,,,,,,,ufcstats,http://ufcstats.com/fighter-details/1a49e0670dfaca31,
Alexander Munoz,1990-02-27,175.3,182.9,Switch,,,,,,,,ufcstats,http://ufcstats.com/fighter-details/f8f1ec513bcfef43,
Olivier Murad,1993-12-21,177.8,182.9,Southpaw,,,,,,,,ufcstats,http://ufcstats.com/fighter-details/c3dd69333eb8085a,
Andy Murad,,175.3,,,,,,,,,,ufcstats,http://ufcstats.com/fighter-details/fd0b4e3eb18eafb7,
Johnny Munoz,1993-02-16,175.3,180.3,Orthodox,,,,,,,,ufcstats,http://ufcstats.com/fighter-details/f6bcbd91b114ff58,
Andre Muniz,1990-02-17,185.4,198.1,Southpaw,,,,,,,,ufcstats,http://ufcstats.com/fighter-details/886264a0c9f4ea5e,
Pedro Munhoz,1986-09-07,167.6,165.1,Orthodox,,,,,,,,ufcstats,http://ufcstats.com/fighter-details/6bd02119599741a4,
Mark Munoz,1978-02-09,182.9,180.3,Orthodox,,,,,,,,ufcstats,http://ufcstats.com/fighter-details/179f1948dc234f1f,
Ryuichi Murata,1976-08-27,172.7,,Orthodox,,,,,,,,ufcstats,http://ufcstats.com/fighter-details/e3a6c6d6d0ac0815,
Kanako Murata,1993-08-10,154.9,157.5,Orthodox,,,,,,,,ufcstats,http://ufcstats.com/fighter-details/e0b0cf71e0d69dd0,
Kazunari Murakami,1973-11-29,185.4,,Orthodox,,,,,,,,ufcstats,http://ufcstats.com/fighter-details/cfbccfed4e4796fe,
Makhmud Muradov,1990-02-08,188.0,190.5,Orthodox,,,,,,,,ufcstats,http://ufcstats.com/fighter-details/ea7e5bc78d9de658,
Ian Murphy,1985-06-14,185.4,,Orthodox,,,,,,,,ufcstats,http://ufcstats.com/fighter-details/de25520d54eab12d,
Ailiya Muratbek,,,,,,,,,,,,ufcstats,http://ufcstats.com/fighter-details/9b6dcc335ad03696,
Kasib Murdoch,2001-05-15,162.6,165.1,Orthodox,,,,,,,,ufcstats,http://ufcstats.com/fighter-details/3a51f8d30900b580,
Tom Murphy,1974-11-19,188.0,,Southpaw,,,,,,,,ufcstats,http://ufcstats.com/fighter-details/62918a2118de08b2,
Vince Murdock,1991-03-21,167.6,162.6,Orthodox,,,,,,,,ufcstats,http://ufcstats.com/fighter-details/4b90384d7c3519b8,
Samandar Murodov,1999-08-28,185.4,190.5,Orthodox,,,,,,,,ufcstats,http://ufcstats.com/fighter-details/6f4d199c0adc06f5,
Lee Murray,1977-09-12,190.5,,Orthodox,,,,,,,,ufcstats,http://ufcstats.com/fighter-details/32016899d0a222a3,
Jon Murphy,1977-08-09,190.5,,Orthodox,,,,,,,,ufcstats,http://ufcstats.com/fighter-details/1b5c146ee7b86e34,
Patrick Murphy,,182.9,,,,,,,,,,ufcstats,http://ufcstats.com/fighter-details/eca7e064746c161a,
Lerone Murphy,1991-07-22,175.3,185.4,Orthodox,,,,,,,,ufcstats,http://ufcstats.com/fighter-details/396fe87b84ac2e1c,
Lauren Murphy,1983-07-27,165.1,170.2,Orthodox,,,,,,,,ufcstats,http://ufcstats.com/fighter-details/729d4bd5a6cd0a97,
Max Mustaki,1987-11-07,182.9,,Orthodox,,,,,,,,ufcstats,http://ufcstats.com/fighter-details/f4c40f8a64d3151d,
Magomed Mustafaev,1988-08-02,172.7,180.3,Orthodox,,,,,,,,ufcstats,http://ufcstats.com/fighter-details/31d7446b184e3305,
Fiona Muxlow,1977-05-13,162.6,,,,,,,,,,ufcstats,http://ufcstats.com/fighter-details/062e57ca1a3c95a8,
Khalid Murtazaliev,1993-07-15,182.9,193.0,Orthodox,,,,,,,,ufcstats,http://ufcstats.com/fighter-details/231cae8b77fbbcc1,
Jesse Murray,1993-01-26,190.5,198.1,Orthodox,,,,,,,,ufcstats,http://ufcstats.com/fighter-details/d0147e906106cd2e,
Tofiq Musayev,1989-12-15,175.3,175.3,Orthodox,,,,,,,,ufcstats,http://ufcstats.com/fighter-details/ae81a3ac7b260411,
Josias Musasa,1998-10-10,172.7,188.0,Southpaw,,,,,,,,ufcstats,http://ufcstats.com/fighter-details/723b64c0e9a8f348,
Azamat Murzakanov,1989-04-12,177.8,180.3,Southpaw,,,,,,,,ufcstats,http://ufcstats.com/fighter-details/e90a2f22417af68e,
Ho Bae Myeon,1986-11-01,180.3,,Orthodox,,,,,,,,ufcstats,http://ufcstats.com/fighter-details/2719f300b0439039,
Elvis Mutapcic,1986-07-19,182.9,182.9,Orthodox,,,,,,,,ufcstats,http://ufcstats.com/fighter-details/28c55b4087a6f136,
Nicholas Musoke,1986-04-05,182.9,190.5,Orthodox,,,,,,,,ufcstats,http://ufcstats.com/fighter-details/8b5f9ea38184ded3,
Andre Mussi,,190.5,,Orthodox,,,,,,,,ufcstats,http://ufcstats.com/fighter-details/d0d43cb9b14f231c,
Maurice Eazel,,170.2,,,,,,,,,,ufcstats,http://ufcstats.com/fighter-details/4acb99524a9a81ab,
Ross Ebanez,1975-05-18,175.3,,Southpaw,,,,,,,,ufcstats,http://ufcstats.com/fighter-details/a5b0bd216d8ba84e,
Mike Easton,1984-01-25,167.6,177.8,Southpaw,,,,,,,,ufcstats,http://ufcstats.com/fighter-details/bc7230f231701d66,
Marvin Eastman,1971-06-08,175.3,185.4,Orthodox,,,,,,,,ufcstats,http://ufcstats.com/fighter-details/05866d8c3a321856,
Ben Earwood,,172.7,,Orthodox,,,,,,,,ufcstats,http://ufcstats.com/fighter-details/ee457ef1e1c326c1,
Cody East,1988-06-29,190.5,,Orthodox,,,,,,,,ufcstats,http://ufcstats.com/fighter-details/5713c1d2fac539ac,
Vincent Eazelle,1980-12-07,180.3,,,,,,,,,,ufcstats,http://ufcstats.com/fighter-details/ec421d5de0aea624,
Brian Ebersole,1980-11-27,182.9,185.4,Southpaw,,,,,,,,ufcstats,http://ufcstats.com/fighter-details/32ba186f4b0e3267,
Roybert Echeverria,1995-08-21,165.1,170.2,Switch,,,,,,,,ufcstats,http://ufcstats.com/fighter-details/20b13e96668caaa4,
Mark Eddiva,1986-02-16,172.7,172.7,Orthodox,,,,,,,,ufcstats,http://ufcstats.com/fighter-details/40ff198adda94b9f,
Frankie Edgar,1981-10-16,167.6,172.7,Orthodox,,,,,,,,ufcstats,http://ufcstats.com/fighter-details/f2688492b9a525a3,
Abdul-Kerim Edilov,1991-11-25,188.0,,Orthodox,,,,,,,,ufcstats,http://ufcstats.com/fighter-details/37e03538c960bac6,
Johnny Eduardo,1978-08-03,170.2,180.3,Orthodox,,,,,,,,ufcstats,http://ufcstats.com/fighter-details/528c24b99fbaab79,
Yves Edwards,1976-09-30,175.3,185.4,Southpaw,,,,,,,,ufcstats,http://ufcstats.com/fighter-details/5f04e3d58d9ce982,
Te Edwards,1990-09-11,172.7,182.9,Orthodox,,,,,,,,ufcstats,http://ufcstats.com/fighter-details/ef44e4ea9050f2ea,
Justin Edwards,1983-01-26,177.8,177.8,Orthodox,,,,,,,,ufcstats,http://ufcstats.com/fighter-details/e56daf7725a0b5ab,
Leon Edwards,1991-08-25,188.0,188.0,Southpaw,,,,,,,,ufcstats,http://ufcstats.com/fighter-details/f1fac969a1d70b08,
Christian Edwards,1998-11-05,195.6,198.1,Southpaw,,,,,,,,ufcstats,http://ufcstats.com/fighter-details/f5d82eccdea4e2dd,
Joselyne Edwards,1995-09-29,172.7,177.8,Orthodox,,,,,,,,ufcstats,http://ufcstats.com/fighter-details/f9ab66e67240db7b,
Adli Edwards,1989-08-28,,,,,,,,,,,ufcstats,http://ufcstats.com/fighter-details/e6904a03a66e711d,
Tom Egan,,180.3,,Orthodox,,,,,,,,ufcstats,http://ufcstats.com/fighter-details/eae4aec1a5a8ff01,
Stephanie Egger,1988-08-12,167.6,172.7,Orthodox,,,,,,,,ufcstats,http://ufcstats.com/fighter-details/5e6294b37bbef029,
Jon Olav Einemo,1975-12-10,198.1,,Orthodox,,,,,,,,ufcstats,http://ufcstats.com/fighter-details/0577808d22dfe79c,
Per Eklund,1980-11-12,177.8,182.9,Orthodox,,,,,,,,ufcstats,http://ufcstats.com/fighter-details/58bc81376286b3d3,
Justin Eilers,1978-06-28,185.4,,Orthodox,,,,,,,,ufcstats,http://ufcstats.com/fighter-details/27fc9218a3653e3c,
Billy Elekana,1995-05-28,190.5,195.6,Southpaw,,,,,,,,ufcstats,http://ufcstats.com/fighter-details/07a74004d964c7f4,
John Paul Elias,,193.0,,,,,,,,,,ufcstats,http://ufcstats.com/fighter-details/e873203fd50542f6,
John Elam,,,,,,,,,,,,ufcstats,http://ufcstats.com/fighter-details/22d80fb67e50ab0b,
Evan Elder,1997-04-11,177.8,182.9,Switch,,,,,,,,ufcstats,http://ufcstats.com/fighter-details/d9a56ecb6e94f02e,
Darren Elkins,1984-05-16,177.8,180.3,Orthodox,,,,,,,,ufcstats,http://ufcstats.com/fighter-details/92a9aa9c93192871,
Saul Elizondo,1985-07-17,170.2,,,,,,,,,,ufcstats,http://ufcstats.com/fighter-details/e295b96f135d758a,
Joao Elias,1995-01-08,160.0,162.6,Southpaw,,,,,,,,ufcstats,http://ufcstats.com/fighter-details/1a064688481f66e1,
Jake Ellenberger,1985-03-28,175.3,180.3,Orthodox,,,,,,,,ufcstats,http://ufcstats.com/fighter-details/d81ac739417d7f53,
Joe Ellenberger,1985-03-28,175.3,182.9,Orthodox,,,,,,,,ufcstats,http://ufcstats.com/fighter-details/8e8e4487c621aa1c,
Oban Elliott,1997-12-19,182.9,182.9,Orthodox,,,,,,,,ufcstats,http://ufcstats.com/fighter-details/6b56e94a59b7b134,
Tim Elliott,1986-12-24,170.2,167.6,Southpaw,,,,,,,,ufcstats,http://ufcstats.com/fighter-details/c96d9178c9ed9e62,
Elisha Ellison,1997-03-05,182.9,198.1,Orthodox,,,,,,,,ufcstats,http://ufcstats.com/fighter-details/87e4a3a5080ee7ce,
Eddy Ellis,1983-07-07,175.3,,Orthodox,,,,,,,,ufcstats,http://ufcstats.com/fighter-details/e60d773a0a42048a,
Lisa Ellis,1982-11-15,162.6,,,,,,,,,,ufcstats,http://ufcstats.com/fighter-details/77350fd0e6d1dba8,
Ezra Elliott,2000-05-18,175.3,182.9,Orthodox,,,,,,,,ufcstats,http://ufcstats.com/fighter-details/b852ad2b35354fcb,
Anna Elmose,1984-10-06,160.0,,Orthodox,,,,,,,,ufcstats,http://ufcstats.com/fighter-details/1536a25e16fc299b,
Cameron Else,1987-04-27,175.3,180.3,Switch,,,,,,,,ufcstats,http://ufcstats.com/fighter-details/5f3da9a9610d8969,
Sovannahry Em,1992-06-26,162.6,,,,,,,,,,ufcstats,http://ufcstats.com/fighter-details/45c8fed13a62fe92,
Aaron Ely,1989-03-18,172.7,,,,,,,,,,ufcstats,http://ufcstats.com/fighter-details/1741343f0ca34dd5,
Ramazan Emeev,1987-05-23,177.8,193.0,Southpaw,,,,,,,,ufcstats,http://ufcstats.com/fighter-details/abd5fb12437eda21,
Aleksander Emelianenko,1981-08-02,198.1,,Orthodox,,,,,,,,ufcstats,http://ufcstats.com/fighter-details/f54200f1dfb9b5d4,
Fedor Emelianenko,1976-09-28,182.9,188.0,Orthodox,,,,,,,,ufcstats,http://ufcstats.com/fighter-details/b8da6f5c80ae2d15,
Jamall Emmers,1989-07-24,177.8,188.0,Orthodox,,,,,,,,ufcstats,http://ufcstats.com/fighter-details/e00a3dee329a51f7,
Rob Emerson,1981-07-30,175.3,177.8,Orthodox,,,,,,,,ufcstats,http://ufcstats.com/fighter-details/dc0f07928009a127,
Josh Emmett,1985-03-04,167.6,177.8,Orthodox,,,,,,,,ufcstats,http://ufcstats.com/fighter-details/fba03cd6cc28dc41,
Kevin Engel,,188.0,,,,,,,,,,ufcstats,http://ufcstats.com/fighter-details/d2f310b5b072e986,
Marius Enache,1975-10-16,180.3,,,,,,,,,,ufcstats,http://ufcstats.com/fighter-details/e3f443e4cbc3da8f,
Alex Enlund,1987-05-27,177.8,,Orthodox,,,,,,,,ufcstats,http://ufcstats.com/fighter-details/d238217e0f8ea8e1,
Kolton Englund,1993-07-09,177.8,175.3,Orthodox,,,,,,,,ufcstats,http://ufcstats.com/fighter-details/4122da4f791b2f4f,
Oliver Enkamp,1991-08-10,182.9,195.6,Switch,,,,,,,,ufcstats,http://ufcstats.com/fighter-details/330bafba312face4,
Kenny Ento,,188.0,,,,,,,,,,ufcstats,http://ufcstats.com/fighter-details/daf9be103c1edbbd,
Abdellah Er-Ramy,1996-09-19,182.9,188.0,Orthodox,,,,,,,,ufcstats,http://ufcstats.com/fighter-details/b593cd58b0afffb0,
Ian Entwistle,1986-11-19,165.1,,Orthodox,,,,,,,,ufcstats,http://ufcstats.com/fighter-details/d7adfcfdf7c6c1f8,
Steve Erceg,1995-07-27,172.7,172.7,Orthodox,,,,,,,,ufcstats,http://ufcstats.com/fighter-details/32ab52e5de93092d,
Won Jin Eoh,,170.2,,Orthodox,,,,,,,,ufcstats,http://ufcstats.com/fighter-details/bc7cf284c1c2f16e,
Ivan Erslan,1991-11-15,188.0,182.9,Orthodox,,,,,,,,ufcstats,http://ufcstats.com/fighter-details/64ad3e3b0efa30bb,
Andy Enz,1991-08-15,190.5,198.1,Orthodox,,,,,,,,ufcstats,http://ufcstats.com/fighter-details/993d385f5a475375,
Josh Epps,1986-08-23,,,,,,,,,,,ufcstats,http://ufcstats.com/fighter-details/984b0c4c6e773a1c,
Yuji Ephoevi-Ga,1999-10-19,182.9,190.5,Switch,,,,,,,,ufcstats,http://ufcstats.com/fighter-details/919fc4bc3edf4de7,
Jarno Errens,1994-11-17,180.3,185.4,Orthodox,,,,,,,,ufcstats,http://ufcstats.com/fighter-details/082eba4cd80f736f,
Julian Erosa,1989-07-31,185.4,188.0,Southpaw,,,,,,,,ufcstats,http://ufcstats.com/fighter-details/902ec2cc48c8ae8a,
Konstantin Erokhin,1983-01-31,180.3,,Orthodox,,,,,,,,ufcstats,http://ufcstats.com/fighter-details/22061ff217907c78,
Tom Erikson,1964-07-06,190.5,,Orthodox,,,,,,,,ufcstats,http://ufcstats.com/fighter-details/7b9a85e5ff31ef47,
Fabrizio Escarrega,1998-02-18,175.3,188.0,Orthodox,,,,,,,,ufcstats,http://ufcstats.com/fighter-details/9ebd666f99ba686b,
Eric Esch,1968-08-03,180.3,,Orthodox,,,,,,,,ufcstats,http://ufcstats.com/fighter-details/0e4daed84a8f39a6,
Chel Erwin-Davis,,182.9,,,,,,,,,,ufcstats,http://ufcstats.com/fighter-details/c26ea30823f37316,
Bobby Escalante,,,,,,,,,,,,ufcstats,http://ufcstats.com/fighter-details/f7ede18b4ec4ec1f,
Nick Ertl,1968-10-29,175.3,,,,,,,,,,ufcstats,http://ufcstats.com/fighter-details/74061adb224be3cc,
Cole Escovedo,1981-08-30,170.2,182.9,Orthodox,,,,,,,,ufcstats,http://ufcstats.com/fighter-details/5df17b3620145578,
Efrain Escudero,1986-01-15,175.3,180.3,Orthodox,,,,,,,,ufcstats,http://ufcstats.com/fighter-details/83fd97284f4bb4a4,
Evan Esguerra,1978-07-13,,,,,,,,,,,ufcstats,http://ufcstats.com/fighter-details/ed220e87bef0cc64,
Pro Escobedo,,,,,,,,,,,,ufcstats,http://ufcstats.com/fighter-details/b36874652ed7715d,
Juan Espino,1980-10-09,190.5,203.2,Orthodox,,,,,,,,ufcstats,http://ufcstats.com/fighter-details/ccf5dc41417e9daf,
Jordan Espinosa,1989-11-08,167.6,175.3,Orthodox,,,,,,,,ufcstats,http://ufcstats.com/fighter-details/215a70f073a7b726,
Carla Esparza,1987-10-10,154.9,160.0,Orthodox,,,,,,,,ufcstats,http://ufcstats.com/fighter-details/d910665038efc639,
Achilles Estremadura,1992-03-11,177.8,172.7,Orthodox,,,,,,,,ufcstats,http://ufcstats.com/fighter-details/41f3cfdab0b22236,
Jodie Esquibel,1986-05-07,154.9,162.6,Orthodox,,,,,,,,ufcstats,http://ufcstats.com/fighter-details/411539901068522f,
Rafael Estevam,1996-08-10,172.7,175.3,Orthodox,,,,,,,,ufcstats,http://ufcstats.com/fighter-details/83455a9d17f57dae,
Shaun Etchell,1993-08-05,170.2,172.7,Switch,,,,,,,,ufcstats,http://ufcstats.com/fighter-details/ea9bfe9c25037bba,
Scott Ettling,,,,,,,,,,,,ufcstats,http://ufcstats.com/fighter-details/74b5736f1df40be3,
Salhahuddin Everett,,,,,,,,,,,,ufcstats,http://ufcstats.com/fighter-details/4c718f671bf0b525,
Fred Ettish,1955-10-12,182.9,,Southpaw,,,,,,,,ufcstats,http://ufcstats.com/fighter-details/8d5daf67983b65ba,
Sijara Eubanks,1985-04-27,162.6,170.2,Orthodox,,,,,,,,ufcstats,http://ufcstats.com/fighter-details/4234f0097c83fa62,
Terry Etim,1986-01-11,185.4,185.4,Orthodox,,,,,,,,ufcstats,http://ufcstats.com/fighter-details/33011768c3c4dc9a,
Ashlee Evans-Smith,1987-07-09,172.7,170.2,Orthodox,,,,,,,,ufcstats,http://ufcstats.com/fighter-details/fc6e681bf6658faf,
Billy Evangelista,1980-10-07,172.7,172.7,Orthodox,,,,,,,,ufcstats,http://ufcstats.com/fighter-details/9766ed20b68c7c33,
Doug Evans,1980-10-10,175.3,,Orthodox,,,,,,,,ufcstats,http://ufcstats.com/fighter-details/d3de4a24f7eefac8,
Rashad Evans,1979-09-25,182.9,190.5,Orthodox,,,,,,,,ufcstats,http://ufcstats.com/fighter-details/ee779c43a8926d52,
Neal Ewing,1985-09-30,,,,,,,,,,,ufcstats,http://ufcstats.com/fighter-details/0798f558681d0eb5,
Chris Ewert,1993-09-06,182.9,190.5,Orthodox,,,,,,,,ufcstats,http://ufcstats.com/fighter-details/54c2576b7f2f1f57,
Dan Evensen,1974-06-01,190.5,,Orthodox,,,,,,,,ufcstats,http://ufcstats.com/fighter-details/dd8aec6de7035943,
Tonya Evinger,1981-06-04,170.2,177.8,Orthodox,,,,,,,,ufcstats,http://ufcstats.com/fighter-details/b12a1d19ee383b7c,
Movsar Evloev,1994-02-11,170.2,182.9,Orthodox,,,,,,,,ufcstats,http://ufcstats.com/fighter-details/76e2870ffafbe38f,
Edward Faaloloto,1984-07-15,,177.8,Orthodox,,,,,,,,ufcstats,http://ufcstats.com/fighter-details/6224e8d0a34264eb,
Jessica Eye,1986-07-27,167.6,167.6,Orthodox,,,,,,,,ufcstats,http://ufcstats.com/fighter-details/f72465a784c1b084,
Melinda Fabian,1987-06-25,167.6,167.6,Orthodox,,,,,,,,ufcstats,http://ufcstats.com/fighter-details/8c020156779f7888,
Wagnney Fabiano,1975-07-14,167.6,175.3,Southpaw,,,,,,,,ufcstats,http://ufcstats.com/fighter-details/40389d39a92f5bfa,
Urijah Faber,1979-05-14,167.6,170.2,Orthodox,,,,,,,,ufcstats,http://ufcstats.com/fighter-details/78114b7199cef90c,
Ethyn Ewing,1996-02-19,167.6,175.3,Orthodox,,,,,,,,ufcstats,http://ufcstats.com/fighter-details/d776b5814f2400b4,
Manuel Exposito,2000-05-09,170.2,172.7,Orthodox,,,,,,,,ufcstats,http://ufcstats.com/fighter-details/a1cb266d7f44f35f,
Andre Ewell,1988-01-21,172.7,190.5,Southpaw,,,,,,,,ufcstats,http://ufcstats.com/fighter-details/5f6f049d54728e88,
Maiquel Falcao,1981-03-08,180.3,,Orthodox,,,,,,,,ufcstats,http://ufcstats.com/fighter-details/d58478ded5534695,
Jason Fairn,,185.4,,,,,,,,,,ufcstats,http://ufcstats.com/fighter-details/adea9f0090aa8e14,
Ron Faircloth,1979-08-16,175.3,,Orthodox,,,,,,,,ufcstats,http://ufcstats.com/fighter-details/453ee00c3e1ae9dd,
Bartosz Fabinski,1986-04-26,182.9,190.5,Orthodox,,,,,,,,ufcstats,http://ufcstats.com/fighter-details/e17ac6410c8377f4,
Joao Paulo Faria,,175.3,,,,,,,,,,ufcstats,http://ufcstats.com/fighter-details/04e9955f33e0c267,
Brodie Farber,1980-07-05,185.4,,Orthodox,,,,,,,,ufcstats,http://ufcstats.com/fighter-details/91d73ee59347ac16,
Zarah Fairn,1983-12-10,172.7,182.9,Orthodox,,,,,,,,ufcstats,http://ufcstats.com/fighter-details/862b0b3375aa4b6e,
Rinat Fakhretdinov,1991-09-28,182.9,188.0,Orthodox,,,,,,,,ufcstats,http://ufcstats.com/fighter-details/8f765fd5775a8873,
Pedro Falcao,1992-07-30,167.6,167.6,Orthodox,,,,,,,,ufcstats,http://ufcstats.com/fighter-details/f7be1db194e03d7e,
Jair Farias,1993-03-16,185.4,193.0,Orthodox,,,,,,,,ufcstats,http://ufcstats.com/fighter-details/431262bbc69215dc,
Chance Farrar,1975-09-11,175.3,,Southpaw,,,,,,,,ufcstats,http://ufcstats.com/fighter-details/49c7236c737d7e59,
Rico Farrington,1989-06-19,193.0,200.7,Southpaw,,,,,,,,ufcstats,http://ufcstats.com/fighter-details/f89e6e66b9b112de,
Kalindra Faria,1986-07-23,170.2,,Switch,,,,,,,,ufcstats,http://ufcstats.com/fighter-details/27b164b0d1833df0,
Kelly Faszholz,1985-04-09,172.7,,Orthodox,,,,,,,,ufcstats,http://ufcstats.com/fighter-details/9c42a0de8e012870,
Rodney Faverus,1975-01-03,182.9,,Southpaw,,,,,,,,ufcstats,http://ufcstats.com/fighter-details/5af26b3201690d29,
Namo Fazil,1996-10-29,,,,,,,,,,,ufcstats,http://ufcstats.com/fighter-details/f36af23639501cdf,
Paul Felder,1984-04-25,180.3,177.8,Orthodox,,,,,,,,ufcstats,http://ufcstats.com/fighter-details/e5010b1b94ca5755,
JP Felty,1979-04-28,,,,,,,,,,,ufcstats,http://ufcstats.com/fighter-details/954e3f4e2b0e6510,
Carlos Felipe,1995-01-12,182.9,190.5,Orthodox,,,,,,,,ufcstats,http://ufcstats.com/fighter-details/a2ea77e974c5889f,
Feng Pengchao,,,,,,,,,,,,ufcstats,http://ufcstats.com/fighter-details/86597694317e5e1b,
Rhadi Ferguson,,170.2,,,,,,,,,,ufcstats,http://ufcstats.com/fighter-details/15f4550e017f6c7d,
Feng Xiaocan,2001-10-27,167.6,170.2,Southpaw,,,,,,,,ufcstats,http://ufcstats.com/fighter-details/c940b42df95bbd28,
Kevin Ferguson,1974-02-08,188.0,195.6,Orthodox,,,,,,,,ufcstats,http://ufcstats.com/fighter-details/27541033b97c076d,
Kaue Fernandes,1995-03-17,175.3,185.4,Orthodox,,,,,,,,ufcstats,http://ufcstats.com/fighter-details/ec13c393d029297d,
Gabriella Fernandes,1993-08-13,167.6,167.6,Southpaw,,,,,,,,ufcstats,http://ufcstats.com/fighter-details/a6eb54ae17a551be,
Emily Fernandez,,,,,,,,,,,,ufcstats,http://ufcstats.com/fighter-details/7ee1babb99f30115,
Josh Ferguson,1988-05-13,165.1,,Orthodox,,,,,,,,ufcstats,http://ufcstats.com/fighter-details/b0f316c60f8d3b47,
CJ Fernandes,1977-11-13,188.0,,,,,,,,,,ufcstats,http://ufcstats.com/fighter-details/979f7edbb6980b0d,
Bibiano Fernandes,1980-03-30,170.2,,Orthodox,,,,,,,,ufcstats,http://ufcstats.com/fighter-details/cbc071cb20ea59c7,
Tony Ferguson,1984-02-12,180.3,193.0,Orthodox,,,,,,,,ufcstats,http://ufcstats.com/fighter-details/22a92d7f62195791,
Luke Fernandez,1995-06-29,185.4,193.0,Orthodox,,,,,,,,ufcstats,http://ufcstats.com/fighter-details/d62e280d0f7b6d6f,
Lucas Fernando,1997-01-10,190.5,203.2,Orthodox,,,,,,,,ufcstats,http://ufcstats.com/fighter-details/3df223aeaacecf3f,
Alexandre Ferreira,1979-04-25,170.2,,Orthodox,,,,,,,,ufcstats,http://ufcstats.com/fighter-details/28ba5f27e473420c,
Cezar Ferreira,1985-02-15,185.4,198.1,Southpaw,,,,,,,,ufcstats,http://ufcstats.com/fighter-details/dbc17725b887860a,
Timo Feucht,1996-01-18,190.5,200.7,Orthodox,,,,,,,,ufcstats,http://ufcstats.com/fighter-details/8c21eb9fd7c4c203,
Erisson Ferreira,1991-05-03,167.6,177.8,Orthodox,,,,,,,,ufcstats,http://ufcstats.com/fighter-details/1c2a8915f8431507,
Diego Ferreira,1985-01-18,175.3,188.0,Orthodox,,,,,,,,ufcstats,http://ufcstats.com/fighter-details/f53d4f21d1b5f2dc,
Brunno Ferreira,1992-11-04,177.8,182.9,Orthodox,,,,,,,,ufcstats,http://ufcstats.com/fighter-details/1e719d4b676dc19a,
Scott Ferrozzo,1965-04-26,180.3,,Orthodox,,,,,,,,ufcstats,http://ufcstats.com/fighter-details/977081bc01197656,
Ron Fields,1974-11-18,188.0,,Orthodox,,,,,,,,ufcstats,http://ufcstats.com/fighter-details/6e380a4d73ab4f0e,
Andre Fialho,1994-04-07,182.9,188.0,Orthodox,,,,,,,,ufcstats,http://ufcstats.com/fighter-details/33efaf2d0941cfcf,
Scott Fiedler,,193.0,,Orthodox,,,,,,,,ufcstats,http://ufcstats.com/fighter-details/0ec821423baa26bd,
Michal Figlak,1996-08-15,177.8,177.8,Orthodox,,,,,,,,ufcstats,http://ufcstats.com/fighter-details/b4c57a8c2b773e82,
Francisco Figueiredo,1989-10-23,167.6,172.7,Southpaw,,,,,,,,ufcstats,http://ufcstats.com/fighter-details/cdadae5363b66eef,
Anthony Figueroa,,162.6,,Orthodox,,,,,,,,ufcstats,http://ufcstats.com/fighter-details/daff32bc96d1eabf,
Drew Fickett,1979-12-14,177.8,177.8,Orthodox,,,,,,,,ufcstats,http://ufcstats.com/fighter-details/d814f5192e58fb2f,
Jonathan Figueroa,1995-02-05,,,,,,,,,,,ufcstats,http://ufcstats.com/fighter-details/2226445c4a196dc8,
Edwin Figueroa,1984-07-31,170.2,175.3,Orthodox,,,,,,,,ufcstats,http://ufcstats.com/fighter-details/bbfca6d5c27d9cd8,
Deiveson Figueiredo,1987-12-18,165.1,172.7,Orthodox,,,,,,,,ufcstats,http://ufcstats.com/fighter-details/aa72b0f831d0bfe5,
Anthony Figueroa,,,,,,,,,,,,ufcstats,http://ufcstats.com/fighter-details/35e3a24591f4e2cd,
Paulo Filho,1978-05-24,172.7,,Southpaw,,,,,,,,ufcstats,http://ufcstats.com/fighter-details/2abdead94ce73552,
Bryanna Fissori,,162.6,,,,,,,,,,ufcstats,http://ufcstats.com/fighter-details/5517bd590dbbe1f8,
Chris Fishgold,1992-06-06,172.7,172.7,Orthodox,,,,,,,,ufcstats,http://ufcstats.com/fighter-details/bebb4ae55ac2bf6f,
Jan Finney,1980-04-18,172.7,,Orthodox,,,,,,,,ufcstats,http://ufcstats.com/fighter-details/3317823959d32a05,
Jesse Finney,1974-07-11,182.9,,,,,,,,,,ufcstats,http://ufcstats.com/fighter-details/0496cdac0bc9edd8,
Torrez Finney,1998-10-24,172.7,190.5,Orthodox,,,,,,,,ufcstats,http://ufcstats.com/fighter-details/fbb60f24af5d5a02,
Luigi Fioravanti,1981-01-22,172.7,177.8,Orthodox,,,,,,,,ufcstats,http://ufcstats.com/fighter-details/9583662df31d943f,
Mirko Filipovic,1974-09-10,188.0,185.4,Southpaw,,,,,,,,ufcstats,http://ufcstats.com/fighter-details/c32fb8c0f6471a4d,
Nick Fiore,1997-12-10,177.8,182.9,Orthodox,,,,,,,,ufcstats,http://ufcstats.com/fighter-details/036e96c1c12b8a59,
Brady Fink,1981-05-23,182.9,,Orthodox,,,,,,,,ufcstats,http://ufcstats.com/fighter-details/997b4f52f76a0b53,
Manon Fiorot,1990-02-17,170.2,165.1,Orthodox,,,,,,,,ufcstats,http://ufcstats.com/fighter-details/34ff304266360297,
Jafel Filho,1993-05-05,170.2,172.7,Orthodox,,,,,,,,ufcstats,http://ufcstats.com/fighter-details/65adf3856c4d9256,
Luiz Firmino,1982-03-18,167.6,,Orthodox,,,,,,,,ufcstats,http://ufcstats.com/fighter-details/16d09e800ad7ec79,
Spencer Fisher,1976-05-09,170.2,172.7,Southpaw,,,,,,,,ufcstats,http://ufcstats.com/fighter-details/f34312c2ccfa0e00,
Andre Fili,1990-06-25,180.3,188.0,Orthodox,,,,,,,,ufcstats,http://ufcstats.com/fighter-details/8fd808923cffff82,
Isi Fitikefu,,177.8,,,,,,,,,,ufcstats,http://ufcstats.com/fighter-details/b8dc5fbf8338adc5,
Jon Fitch,1978-02-24,182.9,188.0,Orthodox,,,,,,,,ufcstats,http://ufcstats.com/fighter-details/6f018c039b4d5d80,
Colin Fletcher,1983-01-08,188.0,,Orthodox,,,,,,,,ufcstats,http://ufcstats.com/fighter-details/7d09200f6a77b20e,
Rafael Fiziev,1993-03-05,172.7,180.3,Switch,,,,,,,,ufcstats,http://ufcstats.com/fighter-details/c814b4c899793af6,
Nathan Fletcher,1998-01-03,170.2,177.8,Orthodox,,,,,,,,ufcstats,http://ufcstats.com/fighter-details/a2d342ffc83913ed,
AJ Fletcher,1997-02-18,177.8,170.2,Switch,,,,,,,,ufcstats,http://ufcstats.com/fighter-details/725b1abc9a39d873,
Alejandro Flores,1991-08-06,177.8,185.4,Orthodox,,,,,,,,ufcstats,http://ufcstats.com/fighter-details/d23d5960ac5e117c,
Ty Flores,1993-12-22,190.5,185.4,Switch,,,,,,,,ufcstats,http://ufcstats.com/fighter-details/4bb0f74d5e26f89a,
Luke Flores,1988-03-17,182.9,185.4,Southpaw,,,,,,,,ufcstats,http://ufcstats.com/fighter-details/b5f44dcb863f595b,
Darrius Flowers,1994-08-25,175.3,180.3,Orthodox,,,,,,,,ufcstats,http://ufcstats.com/fighter-details/65db4065e2bc107d,
Jimmy Flick,1990-09-07,170.2,172.7,Orthodox,,,,,,,,ufcstats,http://ufcstats.com/fighter-details/09e62c450e754913,
Kenny Florian,1976-05-26,177.8,188.0,Southpaw,,,,,,,,ufcstats,http://ufcstats.com/fighter-details/cb139171ed1b69fe,
Cody Floyd,1988-07-18,,,,,,,,,,,ufcstats,http://ufcstats.com/fighter-details/8164250600b7c91b,
Caros Fodor,1984-01-07,175.3,188.0,Orthodox,,,,,,,,ufcstats,http://ufcstats.com/fighter-details/01d2ed8c502e3828,
Mal Foki,1976-03-16,170.2,,Orthodox,,,,,,,,ufcstats,http://ufcstats.com/fighter-details/fa534853eb195270,
Matt Foki,1976-03-16,170.2,,Orthodox,,,,,,,,ufcstats,http://ufcstats.com/fighter-details/5de61b03868035ff,
Claudionor Fontinelle,,165.1,,Orthodox,,,,,,,,ufcstats,http://ufcstats.com/fighter-details/7a82635ffa9b59fe,
Bobby Flynn,,,,,,,,,,,,ufcstats,http://ufcstats.com/fighter-details/c97fc5fbf7d32b8a,
AJ Fonseca,,162.6,,,,,,,,,,ufcstats,http://ufcstats.com/fighter-details/0adf1aacda5e26ac,
Rob Font,1987-06-25,172.7,180.3,Orthodox,,,,,,,,ufcstats,http://ufcstats.com/fighter-details/05339613bf8e9808,
Codale Ford,1979-05-13,175.3,,,,,,,,,,ufcstats,http://ufcstats.com/fighter-details/5340123d826ceadb,
Raheam Forest,1997-07-11,180.3,185.4,Switch,,,,,,,,ufcstats,http://ufcstats.com/fighter-details/90390dd1b0791e7f,
Sterling Ford,1986-03-12,177.8,,,,,,,,,,ufcstats,http://ufcstats.com/fighter-details/a71ce6ff0b4a9dbb,
Jesse Forbes,1984-10-24,188.0,190.5,Southpaw,,,,,,,,ufcstats,http://ufcstats.com/fighter-details/947eccadb72f4f6f,
Carol Foro,1997-03-21,157.5,154.9,Orthodox,,,,,,,,ufcstats,http://ufcstats.com/fighter-details/77ba5b2939c4018b,
Jussier Formiga,1985-04-14,165.1,170.2,Orthodox,,,,,,,,ufcstats,http://ufcstats.com/fighter-details/b102c26727306ab6,
Renee Forte,1987-03-27,170.2,180.3,Orthodox,,,,,,,,ufcstats,http://ufcstats.com/fighter-details/44bc27bfa76dcd9e,
Marcel Fortuna,1985-10-22,185.4,188.0,Orthodox,,,,,,,,ufcstats,http://ufcstats.com/fighter-details/d761b3766e38c5db,
Brianna Fortino,1993-08-04,152.4,157.5,Southpaw,,,,,,,,ufcstats,http://ufcstats.com/fighter-details/b53c46f613f6f248,
Tyrell Fortune,1990-07-04,190.5,190.5,Orthodox,,,,,,,,ufcstats,http://ufcstats.com/fighter-details/bc7f4b2d4c2724a2,
Brian Foster,1984-04-03,175.3,180.3,Orthodox,,,,,,,,ufcstats,http://ufcstats.com/fighter-details/3dc3022232b79c7a,
Mason Fowler,,180.3,,,,,,,,,,ufcstats,http://ufcstats.com/fighter-details/d745d4146be48679,
Xavier Foupa-Pokam,1982-07-03,185.4,,Open Stance,,,,,,,,ufcstats,http://ufcstats.com/fighter-details/ec33146e43e58933,
Brandon Foxworth,1979-04-28,180.3,,Orthodox,,,,,,,,ufcstats,http://ufcstats.com/fighter-details/f65a0eb902f9476b,
Glaico Franca Moreira,1991-02-28,182.9,195.6,Orthodox,,,,,,,,ufcstats,http://ufcstats.com/fighter-details/00a3ff40c4b2cf21,
Francisco France,1983-01-21,182.9,,,,,,,,,,ufcstats,http://ufcstats.com/fighter-details/ecfdbf38681a59ba,
Hermes Franca,1974-08-26,167.6,180.3,Orthodox,,,,,,,,ufcstats,http://ufcstats.com/fighter-details/e0ec3c3b6b611f7e,
Stephanie Frausto,1990-09-20,157.5,154.9,Orthodox,,,,,,,,ufcstats,http://ufcstats.com/fighter-details/fee02819a271c050,
Zoila Frausto,1983-12-10,162.6,,Orthodox,,,,,,,,ufcstats,http://ufcstats.com/fighter-details/040d3b4c735541aa,
Xavier Franklin,1996-10-15,167.6,167.6,Southpaw,,,,,,,,ufcstats,http://ufcstats.com/fighter-details/90957a918e26bf9c,
John Franchi,1982-07-16,167.6,170.2,Orthodox,,,,,,,,ufcstats,http://ufcstats.com/fighter-details/b9532d815060de7f,
Felipe Franco,2001-01-22,185.4,193.0,Orthodox,,,,,,,,ufcstats,http://ufcstats.com/fighter-details/e564146b9cf6dbef,
Zane Frazier,,195.6,,Orthodox,,,,,,,,ufcstats,http://ufcstats.com/fighter-details/d3711d3784b76255,
Gary Frazier,1988-03-31,182.9,,Orthodox,,,,,,,,ufcstats,http://ufcstats.com/fighter-details/3beeeafcbc8b4cbc,
Rich Franklin,1974-10-05,185.4,193.0,Southpaw,,,,,,,,ufcstats,http://ufcstats.com/fighter-details/d897897060f10a3a,
Justin Frazier,1989-06-15,182.9,190.5,Southpaw,,,,,,,,ufcstats,http://ufcstats.com/fighter-details/78863e4a28204a6b,
Jason Freeman,1976-09-02,188.0,,,,,,,,,,ufcstats,http://ufcstats.com/fighter-details/5870bd1eadf4f322,
Kennedy Freeman,1996-11-26,,,,,,,,,,,ufcstats,http://ufcstats.com/fighter-details/63d071997c75e3fd,
Denzel Freeman,1991-11-10,185.4,195.6,Southpaw,,,,,,,,ufcstats,http://ufcstats.com/fighter-details/b5c19c34f12c917e,
Ian Freeman,1966-11-10,180.3,,Orthodox,,,,,,,,ufcstats,http://ufcstats.com/fighter-details/b4bc2e3353a770b5,
Willamy Freire,1987-07-28,172.7,,Orthodox,,,,,,,,ufcstats,http://ufcstats.com/fighter-details/f1f37d667bcd0d27,
Patricky Freire,1986-06-01,170.2,180.3,,,,,,,,,ufcstats,http://ufcstats.com/fighter-details/90e6dde9113830bd,
Rafael Freitas,,,,Orthodox,,,,,,,,ufcstats,http://ufcstats.com/fighter-details/14b9e0f2679a2205,
Jeremy  Freitag,,185.4,,,,,,,,,,ufcstats,http://ufcstats.com/fighter-details/a47e9ec288c91067,
Jinh Yu Frey,1985-05-20,160.0,165.1,Southpaw,,,,,,,,ufcstats,http://ufcstats.com/fighter-details/d05cb1e8d1b885d8,
Clay French,1980-10-07,170.2,,Southpaw,,,,,,,,ufcstats,http://ufcstats.com/fighter-details/73321668ff977f1b,
Donavon Frelow,1985-01-20,170.2,,Orthodox,,,,,,,,ufcstats,http://ufcstats.com/fighter-details/9aa56f004b2bca07,
Josh Fremd,1994-01-15,193.0,193.0,Orthodox,,,,,,,,ufcstats,http://ufcstats.com/fighter-details/ca43de99b07b6b40,
Mike French,1975-05-29,177.8,,,,,,,,,,ufcstats,http://ufcstats.com/fighter-details/756f45905fb20cb5,
Allen Frye Jr.,1998-04-15,195.6,203.2,Orthodox,,,,,,,,ufcstats,http://ufcstats.com/fighter-details/73a78713bd899f4c,
Don Frye,1965-11-23,185.4,,Orthodox,,,,,,,,ufcstats,http://ufcstats.com/fighter-details/271fe91f4ba9d2c5,
Adam Fugitt,1989-01-12,185.4,195.6,Southpaw,,,,,,,,ufcstats,http://ufcstats.com/fighter-details/a01a62132460a98d,
Tony Fryklund,1971-03-26,182.9,,Orthodox,,,,,,,,ufcstats,http://ufcstats.com/fighter-details/253de74457bd6374,
Artem Frolov,1991-09-07,177.8,,,,,,,,,,ufcstats,http://ufcstats.com/fighter-details/ee704df0afd74558,
Matt Frevola,1990-06-11,175.3,180.3,Orthodox,,,,,,,,ufcstats,http://ufcstats.com/fighter-details/dccb63727f2f5f74,
Sarah Frota,1987-04-14,167.6,175.3,Southpaw,,,,,,,,ufcstats,http://ufcstats.com/fighter-details/1641ef250e9de19b,
Daniel Frunza,1994-04-13,185.4,185.4,Orthodox,,,,,,,,ufcstats,http://ufcstats.com/fighter-details/7cec3c4a5e7b6d68,
Megumi Fujii,1974-04-26,160.0,,,,,,,,,,ufcstats,http://ufcstats.com/fighter-details/fb6c531726447ff3,
Keisuke Fujiwara,1982-09-17,167.6,,Switch,,,,,,,,ufcstats,http://ufcstats.com/fighter-details/ccd58ff71e260ed5,
Kazuyuki Fujita,1970-10-16,182.9,,Orthodox,,,,,,,,ufcstats,http://ufcstats.com/fighter-details/b1605ea39fba6af6,
Katsuhisa Fujii,1972-08-15,182.9,,Orthodox,,,,,,,,ufcstats,http://ufcstats.com/fighter-details/d71d968dc6ecfdaf,
Jesse Fujarczyk,1983-01-28,193.0,,Southpaw,,,,,,,,ufcstats,http://ufcstats.com/fighter-details/c3c38c86f5ab9b5c,
Machi Fukuda,2003-06-03,152.4,154.9,Southpaw,,,,,,,,ufcstats,http://ufcstats.com/fighter-details/42189c98d434a413,
Riki Fukuda,1981-01-06,182.9,185.4,Southpaw,,,,,,,,ufcstats,http://ufcstats.com/fighter-details/7c35f869033901ae,
Masio Fullen,1986-10-06,177.8,177.8,Orthodox,,,,,,,,ufcstats,http://ufcstats.com/fighter-details/4638cc6479cc0afe,
Travis Fulton,1977-05-29,182.9,,Orthodox,,,,,,,,ufcstats,http://ufcstats.com/fighter-details/911fb265462f0d94,
Katsuaki Furuki,1980-11-10,182.9,,,,,,,,,,ufcstats,http://ufcstats.com/fighter-details/c3e2eca94b2320bc,
Sam Fulton,,,,,,,,,,,,ufcstats,http://ufcstats.com/fighter-details/1f5f75658551f2d3,
Masakatsu Funaki,1969-03-13,182.9,,Southpaw,,,,,,,,ufcstats,http://ufcstats.com/fighter-details/aa3153a9941b4d44,
Ricardo Funch,1980-08-14,177.8,188.0,Southpaw,,,,,,,,ufcstats,http://ufcstats.com/fighter-details/e9e1acc96536bb4f,
Gustavo Gabriel,1994-04-01,167.6,,Orthodox,,,,,,,,ufcstats,http://ufcstats.com/fighter-details/fe98f86284a6eeb3,
James Gabert,,,,,,,,,,,,ufcstats,http://ufcstats.com/fighter-details/fcd8b623892b9a10,
Claudia Gadelha,1988-12-07,162.6,160.0,Orthodox,,,,,,,,ufcstats,http://ufcstats.com/fighter-details/ec34349e7dffcde7,
Alavutdin Gadjiev,1982-06-23,188.0,,Orthodox,,,,,,,,ufcstats,http://ufcstats.com/fighter-details/a7a79b8efbceaaac,
Magomed Gadzhiyasulov,1993-11-04,188.0,190.5,Orthodox,,,,,,,,ufcstats,http://ufcstats.com/fighter-details/6e344b71421103da,
Justin Gaethje,1988-11-14,180.3,177.8,Orthodox,,,,,,,,ufcstats,http://ufcstats.com/fighter-details/9e8f6c728eb01124,
Sheila Gaff,1989-12-29,165.1,,Orthodox,,,,,,,,ufcstats,http://ufcstats.com/fighter-details/837d30395faca41e,
Muin Gafurov,1996-05-17,170.2,172.7,Orthodox,,,,,,,,ufcstats,http://ufcstats.com/fighter-details/a54660deb6a8489c,
Travis Galbraith,1981-05-18,182.9,,Orthodox,,,,,,,,ufcstats,http://ufcstats.com/fighter-details/06dc1a58663579d2,
Mitch Gagnon,1984-10-10,165.1,165.1,Southpaw,,,,,,,,ufcstats,http://ufcstats.com/fighter-details/b8592b4a383696cd,
Daniel Gallemore,,195.6,,,,,,,,,,ufcstats,http://ufcstats.com/fighter-details/96706c75a2b14164,
Tom Gallicchio,1986-09-23,177.8,,Southpaw,,,,,,,,ufcstats,http://ufcstats.com/fighter-details/cc81c92fe2254935,
Nicholas Galanti,1998-06-18,,,,,,,,,,,ufcstats,http://ufcstats.com/fighter-details/8988705468d04ef7,
Dave Galera,1978-01-12,180.3,,Orthodox,,,,,,,,ufcstats,http://ufcstats.com/fighter-details/0876d21328cf4a45,
Brandon Gaines,1982-02-24,190.5,,,,,,,,,,ufcstats,http://ufcstats.com/fighter-details/8e6cfbd455f0f9c2,
Zelg Galesic,1979-02-16,188.0,,Orthodox,,,,,,,,ufcstats,http://ufcstats.com/fighter-details/8a1b4330c7957961,
Mickey Gall,1992-01-22,188.0,188.0,Switch,,,,,,,,ufcstats,http://ufcstats.com/fighter-details/9e50097a89442158,
Manvel Gamburyan,1981-05-08,165.1,170.2,Orthodox,,,,,,,,ufcstats,http://ufcstats.com/fighter-details/cc6f9d1e89f3449a,
Turrell Galloway,1976-08-11,160.0,,,,,,,,,,ufcstats,http://ufcstats.com/fighter-details/7e654edcddd71550,
Eric Galvan,,,,,,,,,,,,ufcstats,http://ufcstats.com/fighter-details/ad3fdba28a7540cf,
Marcos Galvao,1981-06-23,170.2,,Orthodox,,,,,,,,ufcstats,http://ufcstats.com/fighter-details/e15d0a2519d6a0b5,
Andre Galvao,1982-09-29,170.2,,Orthodox,,,,,,,,ufcstats,http://ufcstats.com/fighter-details/45fe6765c56d8018,
Joey Gambino,1988-10-26,170.2,,Orthodox,,,,,,,,ufcstats,http://ufcstats.com/fighter-details/10559c53de0b950e,
Lucas Gamaza,,,,,,,,,,,,ufcstats,http://ufcstats.com/fighter-details/289a3b69b85da7cd,
Mateusz Gamrot,1990-12-11,177.8,177.8,Southpaw,,,,,,,,ufcstats,http://ufcstats.com/fighter-details/72db2a14ffa73ece,
Shamil Gamzatov,1990-08-09,188.0,193.0,Orthodox,,,,,,,,ufcstats,http://ufcstats.com/fighter-details/0d980975001ae3d8,
Ryan Gandra,1995-05-08,185.4,188.0,Orthodox,,,,,,,,ufcstats,http://ufcstats.com/fighter-details/e463ce0a2ca474f4,
Ariel Gandulla,1968-05-07,180.3,,Orthodox,,,,,,,,ufcstats,http://ufcstats.com/fighter-details/41904fc4d3f5bffc,
Sean Gannon,,190.5,,Southpaw,,,,,,,,ufcstats,http://ufcstats.com/fighter-details/6d7886b094b471ac,
Junye Gao,,,,,,,,,,,,ufcstats,http://ufcstats.com/fighter-details/8b27d25ce0221d60,
Tommy Gantt,1993-01-09,180.3,193.0,Orthodox,,,,,,,,ufcstats,http://ufcstats.com/fighter-details/de83f920fd302871,
Ciryl Gane,1990-04-12,193.0,205.7,Orthodox,,,,,,,,ufcstats,http://ufcstats.com/fighter-details/787bb1f087ccff8a,
Eduardo Garagorri,1989-05-28,175.3,177.8,Orthodox,,,,,,,,ufcstats,http://ufcstats.com/fighter-details/7bde387d50829adf,
Cody Garbrandt,1991-07-07,172.7,165.1,Orthodox,,,,,,,,ufcstats,http://ufcstats.com/fighter-details/d8c7c61b176e3994,
Alejandro Garcia,1980-10-20,170.2,,,,,,,,,,ufcstats,http://ufcstats.com/fighter-details/e5dc36e0aba7e9da,
Edgar Garcia,1984-02-22,177.8,180.3,Orthodox,,,,,,,,ufcstats,http://ufcstats.com/fighter-details/8d49545dadf9b919,
Leonard Garcia,1979-07-14,177.8,172.7,Orthodox,,,,,,,,ufcstats,http://ufcstats.com/fighter-details/917e53fa0adea0d3,
Alex Garcia,1987-07-14,175.3,182.9,Orthodox,,,,,,,,ufcstats,http://ufcstats.com/fighter-details/a2b12c3f3d60ff69,
Nick Garcia,,162.6,,,,,,,,,,ufcstats,http://ufcstats.com/fighter-details/8a04d94dfcfab159,
Elias Garcia,1992-09-13,165.1,170.2,Southpaw,,,,,,,,ufcstats,http://ufcstats.com/fighter-details/ac5a7400da3a9a41,
Steve Garcia,1992-05-22,182.9,190.5,Southpaw,,,,,,,,ufcstats,http://ufcstats.com/fighter-details/97cf1a2c7c5e7889,
Rafa Garcia,1994-08-05,170.2,177.8,Orthodox,,,,,,,,ufcstats,http://ufcstats.com/fighter-details/e132d47bd9efbbe0,
Rulon Gardner,1971-08-16,190.5,,Orthodox,,,,,,,,ufcstats,http://ufcstats.com/fighter-details/4f7e290e71d60f87,
John Garza,2002-10-30,170.2,172.7,Orthodox,,,,,,,,ufcstats,http://ufcstats.com/fighter-details/a54b961a1f8be1d5,
David Gardner,1977-05-17,180.3,,Orthodox,,,,,,,,ufcstats,http://ufcstats.com/fighter-details/70167689d6a01793,
Fernie Garcia,1992-04-12,170.2,170.2,Orthodox,,,,,,,,ufcstats,http://ufcstats.com/fighter-details/9e92e1ca498d7244,
Pablo Garza,1983-09-16,185.4,185.4,Orthodox,,,,,,,,ufcstats,http://ufcstats.com/fighter-details/8e5bfd4e82352340,
Magomedrasul Gasanov,1994-10-23,,,,,,,,,,,ufcstats,http://ufcstats.com/fighter-details/30ba4c2779e68a1e,
Brian Gassaway,1972-08-07,185.4,,Orthodox,,,,,,,,ufcstats,http://ufcstats.com/fighter-details/e4770d5ed44a3970,
Azamat Gashimov,1990-04-07,167.6,,Orthodox,,,,,,,,ufcstats,http://ufcstats.com/fighter-details/a1b0715c4fd2dbd3,
Willie Gates,1987-01-21,172.7,182.9,Orthodox,,,,,,,,ufcstats,http://ufcstats.com/fighter-details/6ded9184b2284645,
Kelvin Gastelum,1991-10-24,175.3,180.3,Southpaw,,,,,,,,ufcstats,http://ufcstats.com/fighter-details/8c0580d4fff106c1,
Sean Gauci,1996-10-07,165.1,162.6,Switch,,,,,,,,ufcstats,http://ufcstats.com/fighter-details/d758f272d94f5866,
Melissa Gatto,1996-05-02,165.1,175.3,Orthodox,,,,,,,,ufcstats,http://ufcstats.com/fighter-details/a4a80dd7336ffd59,
Louis Gaudinot,1984-08-28,160.0,160.0,Orthodox,,,,,,,,ufcstats,http://ufcstats.com/fighter-details/b72a60a0cadff408,
Ateba Gautier,2002-04-10,193.0,205.7,Switch,,,,,,,,ufcstats,http://ufcstats.com/fighter-details/2f815ed5f8278ba6,
Manuel Gaxhja,1997-07-23,172.7,,Switch,,,,,,,,ufcstats,http://ufcstats.com/fighter-details/618643d0d5c0631d,
Paul Georgieff,1982-09-22,188.0,,Orthodox,,,,,,,,ufcstats,http://ufcstats.com/fighter-details/2f1700b3a4a09bc7,
Charlene Gellner,,157.5,,,,,,,,,,ufcstats,http://ufcstats.com/fighter-details/effd0b70e6749ab2,
Brian Geraghty,1980-11-04,170.2,,Orthodox,,,,,,,,ufcstats,http://ufcstats.com/fighter-details/15edcf67ccf5be84,
Derek Getzel,,182.9,,,,,,,,,,ufcstats,http://ufcstats.com/fighter-details/42883268854b78be,
Shamil Gaziev,1990-02-10,193.0,198.1,Orthodox,,,,,,,,ufcstats,http://ufcstats.com/fighter-details/6747ccd6d1acd266,
Chad George,1982-04-30,167.6,172.7,Southpaw,,,,,,,,ufcstats,http://ufcstats.com/fighter-details/14e797332ea32cdb,
Karine Gevorgyan,1989-03-09,162.6,160.0,,,,,,,,,ufcstats,http://ufcstats.com/fighter-details/2db0c114414d4f06,
Yanis Ghemmouri,1995-01-24,175.3,175.3,Orthodox,,,,,,,,ufcstats,http://ufcstats.com/fighter-details/eb70e786bbdf1d16,
Darrel Gholar,1962-11-07,172.7,,Orthodox,,,,,,,,ufcstats,http://ufcstats.com/fighter-details/a24e080000fa7a35,
Tiki Ghosn,1977-02-09,177.8,,Orthodox,,,,,,,,ufcstats,http://ufcstats.com/fighter-details/cb6783c39c01d896,
Christos Giagos,1990-01-23,177.8,180.3,Orthodox,,,,,,,,ufcstats,http://ufcstats.com/fighter-details/de45aaae23dfa392,
James Giboo,1978-01-06,180.3,,Orthodox,,,,,,,,ufcstats,http://ufcstats.com/fighter-details/f74e037b97917027,
Joe Giannetti,1995-07-05,182.9,188.0,Southpaw,,,,,,,,ufcstats,http://ufcstats.com/fighter-details/946db8a378903cc3,
Lee Gibson,1976-06-20,170.2,,,,,,,,,,ufcstats,http://ufcstats.com/fighter-details/69db199087a1a792,
Lance Gibson,1970-11-20,175.3,,Orthodox,,,,,,,,ufcstats,http://ufcstats.com/fighter-details/63eedfcc73071d41,
Cody Gibson,1987-09-11,177.8,180.3,Orthodox,,,,,,,,ufcstats,http://ufcstats.com/fighter-details/700a674c042b7a96,
Kenny Giddens,1985-01-24,180.3,,,,,,,,,,ufcstats,http://ufcstats.com/fighter-details/db8b800176d26f6e,
Thomas Gifford,1992-07-26,185.4,190.5,Orthodox,,,,,,,,ufcstats,http://ufcstats.com/fighter-details/e7f51d9f9e9259e7,
Joey Gilbert,1976-06-05,180.3,,Orthodox,,,,,,,,ufcstats,http://ufcstats.com/fighter-details/6bb1d2b714d4b3bc,
Joseph Gigliotti,1993-08-13,180.3,,Orthodox,,,,,,,,ufcstats,http://ufcstats.com/fighter-details/83825fad27ab3581,
Trevin Giles,1992-08-06,182.9,188.0,Orthodox,,,,,,,,ufcstats,http://ufcstats.com/fighter-details/b27a1fcb56a3035a,
Nick Gibbons,,177.8,,,,,,,,,,ufcstats,http://ufcstats.com/fighter-details/96a221341035b701,
Kultar Gill,1979-03-24,182.9,,Orthodox,,,,,,,,ufcstats,http://ufcstats.com/fighter-details/42c96a9c4802e2e1,
Lance Gibson Jr.,1995-02-02,175.3,182.9,Switch,,,,,,,,ufcstats,http://ufcstats.com/fighter-details/07bc580bdf3eb9c8,
Jason Gilliam,1972-10-31,182.9,,Orthodox,,,,,,,,ufcstats,http://ufcstats.com/fighter-details/91720876db0ee468,
Gregor Gillespie,1986-11-13,170.2,180.3,Orthodox,,,,,,,,ufcstats,http://ufcstats.com/fighter-details/84ff027394f7e470,
Micheal Gillmore,1987-03-28,180.3,182.9,Orthodox,,,,,,,,ufcstats,http://ufcstats.com/fighter-details/ce175eaafe867d1f,
Chase Gibson,1990-02-07,177.8,182.9,Orthodox,,,,,,,,ufcstats,http://ufcstats.com/fighter-details/09439946214993bc,
Krishaun Gilmore,,,,,,,,,,,,ufcstats,http://ufcstats.com/fighter-details/10ccdcd14c3dfcf1,
Alex Gilpin,1992-03-26,170.2,,Orthodox,,,,,,,,ufcstats,http://ufcstats.com/fighter-details/762c69860eef65d8,
Jesse Gillespie,,,,,,,,,,,,ufcstats,http://ufcstats.com/fighter-details/160b931119c1bf91,
Bob Gilstrap,,190.5,,Orthodox,,,,,,,,ufcstats,http://ufcstats.com/fighter-details/c96518b7f6881004,
Max Gimenis,1993-04-14,188.0,190.5,Orthodox,,,,,,,,ufcstats,http://ufcstats.com/fighter-details/6a311920edd73c85,
Eperaim Ginting,1995-11-30,162.6,162.6,Orthodox,,,,,,,,ufcstats,http://ufcstats.com/fighter-details/bad8ed7d714f1493,
Demetrius Gioulacos,,180.3,,,,,,,,,,ufcstats,http://ufcstats.com/fighter-details/a58114c6dd0add64,
Billy Giovanella,1985-08-20,172.7,,,,,,,,,,ufcstats,http://ufcstats.com/fighter-details/c1ea31a904fe08a9,
Israel Giron,1974-01-16,172.7,,,,,,,,,,ufcstats,http://ufcstats.com/fighter-details/4b4f6abdce986be6,
He-Man Gipson,,,,,,,,,,,,ufcstats,http://ufcstats.com/fighter-details/3e03cec9767d37e6,
Brandon Girtz,1985-03-06,170.2,,,,,,,,,,ufcstats,http://ufcstats.com/fighter-details/81f1810f72df8f25,
Jason Glaza,,182.9,,,,,,,,,,ufcstats,http://ufcstats.com/fighter-details/fda067e842b07466,
Mike Glenn,1977-10-09,,,,,,,,,,,ufcstats,http://ufcstats.com/fighter-details/ed133185689088b3,
Ivan Gnizditskiy,1996-05-10,,,,,,,,,,,ufcstats,http://ufcstats.com/fighter-details/057a241e4ba90c4d,
Ricky Glenn,1989-04-12,182.9,177.8,Southpaw,,,,,,,,ufcstats,http://ufcstats.com/fighter-details/814ff3018127e8fc,
Mark Godbeer,1983-11-22,193.0,195.6,Orthodox,,,,,,,,ufcstats,http://ufcstats.com/fighter-details/ad56b3f00ca38dfd,
Clint Godfrey,1982-10-21,167.6,,Southpaw,,,,,,,,ufcstats,http://ufcstats.com/fighter-details/bd85ca0bb4f26cfc,
Loopy Godinez,1993-09-06,157.5,154.9,Orthodox,,,,,,,,ufcstats,http://ufcstats.com/fighter-details/8e5d953bdb9ae5e7,
Jason Godsey,1964-01-01,188.0,,Orthodox,,,,,,,,ufcstats,http://ufcstats.com/fighter-details/5ca158b1cc9cb242,
Allan Goes,1971-04-20,182.9,,Orthodox,,,,,,,,ufcstats,http://ufcstats.com/fighter-details/e62b36885ecdac27,
Amiran Gogoladze,1997-12-09,185.4,188.0,Switch,,,,,,,,ufcstats,http://ufcstats.com/fighter-details/5d1636b6c1688502,
Jonny Goh,,180.3,,,,,,,,,,ufcstats,http://ufcstats.com/fighter-details/e86af30738a5452a,
Billy Ray Goff,1998-06-18,177.8,182.9,Switch,,,,,,,,ufcstats,http://ufcstats.com/fighter-details/fa07345cc9db5cc9,
Marcelo Golm,1992-09-15,190.5,190.5,Orthodox,,,,,,,,ufcstats,http://ufcstats.com/fighter-details/ac29d508d78384c9,
Hannah Goldy,1992-05-18,162.6,154.9,Orthodox,,,,,,,,ufcstats,http://ufcstats.com/fighter-details/26e3f3928b1891d9,
Denise Gomes,1999-12-30,157.5,160.0,Orthodox,,,,,,,,ufcstats,http://ufcstats.com/fighter-details/cffb87059e645bd1,
Severino Apollo Gomes,2000-07-10,,,,,,,,,,,ufcstats,http://ufcstats.com/fighter-details/b3db81defb03d7af,
Sergio Gomez,1982-04-29,167.6,,Orthodox,,,,,,,,ufcstats,http://ufcstats.com/fighter-details/af1e5c64b8663aa0,
Frank Gomez,1986-03-31,177.8,170.2,Orthodox,,,,,,,,ufcstats,http://ufcstats.com/fighter-details/a0a680fe2f6cc8e6,
Alan Gomez,,,,,,,,,,,,ufcstats,http://ufcstats.com/fighter-details/0a66de3a797cf73a,
David Gomez,1983-08-08,,,,,,,,,,,ufcstats,http://ufcstats.com/fighter-details/489413d3be819647,
Joey Gomez,1986-07-21,177.8,185.4,Orthodox,,,,,,,,ufcstats,http://ufcstats.com/fighter-details/0778f94eb5d588a5,
Luis Gomez,1995-01-28,170.2,172.7,Orthodox,,,,,,,,ufcstats,http://ufcstats.com/fighter-details/513e84bfe65ff509,
Ulysses Gomez,1983-05-25,167.6,,Orthodox,,,,,,,,ufcstats,http://ufcstats.com/fighter-details/1e35aa8955794580,
William Gomis,1997-06-13,182.9,185.4,Southpaw,,,,,,,,ufcstats,http://ufcstats.com/fighter-details/e1d40e8782d80bc2,
Takanori Gomi,1978-09-22,170.2,177.8,Southpaw,,,,,,,,ufcstats,http://ufcstats.com/fighter-details/3be081c29bf734d9,
Gabriel Gonzaga,1979-05-18,188.0,193.0,Orthodox,,,,,,,,ufcstats,http://ufcstats.com/fighter-details/270b89c00ef0c55c,
Edson Gomez,1991-02-23,172.7,175.3,Switch,,,,,,,,ufcstats,http://ufcstats.com/fighter-details/e90f4291f93708e6,
Joey Gomez,1989-08-29,177.8,180.3,Orthodox,,,,,,,,ufcstats,http://ufcstats.com/fighter-details/3a28e1e641366308,
Silvana Gomez Juarez,1984-12-06,160.0,165.1,Orthodox,,,,,,,,ufcstats,http://ufcstats.com/fighter-details/b4880ef2f838d4e1,
Akihiro Gono,1974-10-07,170.2,172.7,Switch,,,,,,,,ufcstats,http://ufcstats.com/fighter-details/b2acebbef8da14ea,
Justin Gonzales,1991-04-28,175.3,182.9,Orthodox,,,,,,,,ufcstats,http://ufcstats.com/fighter-details/94535f76f43b466a,
Fernando Gonzalez,1983-09-15,175.3,172.7,Southpaw,,,,,,,,ufcstats,http://ufcstats.com/fighter-details/be5aab761c40ef35,
Nick Gonzalez,1981-03-03,167.6,,Orthodox,,,,,,,,ufcstats,http://ufcstats.com/fighter-details/28d8638ea0a71908,
Fabian Gonzalez,,177.8,,,,,,,,,,ufcstats,http://ufcstats.com/fighter-details/69c071bc2621e8b0,
Jason Gonzalez,1990-02-28,188.0,188.0,Southpaw,,,,,,,,ufcstats,http://ufcstats.com/fighter-details/e45cfa47f504033a,
Kier Gooch,1986-04-21,,,,,,,,,,,ufcstats,http://ufcstats.com/fighter-details/1bda4867f1baceac,
Jennifer Gonzalez,1986-03-22,157.5,,,,,,,,,,ufcstats,http://ufcstats.com/fighter-details/4f1a48f4e6ffb007,
Erick Gonzalez,1992-01-20,180.3,190.5,Orthodox,,,,,,,,ufcstats,http://ufcstats.com/fighter-details/a2ccf35a88346a91,
Lyman Good,1985-05-26,182.9,188.0,Orthodox,,,,,,,,ufcstats,http://ufcstats.com/fighter-details/4e0692ad070976e4,
Jorge Gonzalez,1984-02-29,188.0,193.0,Orthodox,,,,,,,,ufcstats,http://ufcstats.com/fighter-details/ff175a137b395e2b,
Pearl Gonzalez,1986-08-12,162.6,,Orthodox,,,,,,,,ufcstats,http://ufcstats.com/fighter-details/1ebdcb7488d0ebee,
Lewis Gonzalez,1987-09-19,177.8,,Orthodox,,,,,,,,ufcstats,http://ufcstats.com/fighter-details/2ff2e6e5abea3e53,
Mikey Gonzalez,1985-08-13,180.3,188.0,Orthodox,,,,,,,,ufcstats,http://ufcstats.com/fighter-details/de47c33e48b0ce38,
Malcolm Gordon,1990-05-19,170.2,180.3,Switch,,,,,,,,ufcstats,http://ufcstats.com/fighter-details/dee294e9717012c2,
Jared Gooden,1993-12-05,182.9,195.6,Orthodox,,,,,,,,ufcstats,http://ufcstats.com/fighter-details/c730a0be691dc081,
Gary Goodridge,1966-01-17,190.5,,Orthodox,,,,,,,,ufcstats,http://ufcstats.com/fighter-details/fbbde91f7bc2d3c5,
Jordan Goodwin,,,,,,,,,,,,ufcstats,http://ufcstats.com/fighter-details/7f98d9d5a10fa25c,
Eddie Gordon,1983-07-22,182.9,193.0,Orthodox,,,,,,,,ufcstats,http://ufcstats.com/fighter-details/8cad40a75e5c97f5,
Tebaris Gordon,1988-07-19,185.4,,Orthodox,,,,,,,,ufcstats,http://ufcstats.com/fighter-details/68c4ca70067bf282,
Gerard Gordeau,1959-03-30,195.6,,Orthodox,,,,,,,,ufcstats,http://ufcstats.com/fighter-details/279093302a6f44b3,
Alex Gorgees,1995-08-11,188.0,188.0,Switch,,,,,,,,ufcstats,http://ufcstats.com/fighter-details/803bebcfb6d6f506,
Tresean Gore,1994-06-21,182.9,190.5,Switch,,,,,,,,ufcstats,http://ufcstats.com/fighter-details/147e70aa6cc48cfc,
Jared Gordon,1988-09-06,175.3,172.7,Orthodox,,,,,,,,ufcstats,http://ufcstats.com/fighter-details/7026eca45f65377b,
Themba Gorimbo,1991-01-23,185.4,195.6,Orthodox,,,,,,,,ufcstats,http://ufcstats.com/fighter-details/40f3cb27fc7305a1,
Chase Gormley,1983-08-11,190.5,,Orthodox,,,,,,,,ufcstats,http://ufcstats.com/fighter-details/052ceb8976695342,
Tim Gorman,1983-04-29,165.1,,Southpaw,,,,,,,,ufcstats,http://ufcstats.com/fighter-details/c10eb2f12c489f6d,
Thibault Gouti,1987-02-27,177.8,182.9,Orthodox,,,,,,,,ufcstats,http://ufcstats.com/fighter-details/51e86de150ee8be6,
Jonathan Goulet,1979-07-13,182.9,185.4,Orthodox,,,,,,,,ufcstats,http://ufcstats.com/fighter-details/fb1538b46877a695,
Wilson Gouveia,1978-10-03,185.4,193.0,Orthodox,,,,,,,,ufcstats,http://ufcstats.com/fighter-details/af5b208e97f5d382,
Hugo Govea,,,,,,,,,,,,ufcstats,http://ufcstats.com/fighter-details/2391a73686200c5d,
Todd Gouwenberg,1974-09-25,185.4,,Orthodox,,,,,,,,ufcstats,http://ufcstats.com/fighter-details/c44acf87e376c62b,
Patryk Grabowski,1995-11-12,,,,,,,,,,,ufcstats,http://ufcstats.com/fighter-details/4e163b53d1de1fbc,
Damian Grabowski,1980-05-12,185.4,190.5,Orthodox,,,,,,,,ufcstats,http://ufcstats.com/fighter-details/3f11b5d4bd76a6d9,
Crosley Gracie,1979-07-18,175.3,,Orthodox,,,,,,,,ufcstats,http://ufcstats.com/fighter-details/52d92050a046bc17,
Justin Governale,,,,,,,,,,,,ufcstats,http://ufcstats.com/fighter-details/ae954fd497025462,
Royce Gracie,1966-12-12,185.4,,Southpaw,,,,,,,,ufcstats,http://ufcstats.com/fighter-details/429e7d3725852ce9,
Ralph Gracie,1971-05-25,175.3,,Orthodox,,,,,,,,ufcstats,http://ufcstats.com/fighter-details/a9c45a8b21eabadc,
Daniel Gracie,1972-06-28,188.0,,Orthodox,,,,,,,,ufcstats,http://ufcstats.com/fighter-details/82d6a9ae41aac3f7,
Rickson Gracie,1958-11-20,177.8,,Switch,,,,,,,,ufcstats,http://ufcstats.com/fighter-details/194fc025f9355db6,
Rodrigo Gracie,1975-04-11,182.9,,Orthodox,,,,,,,,ufcstats,http://ufcstats.com/fighter-details/36877f0e62b25b96,
Renzo Gracie,1967-03-11,177.8,,Orthodox,,,,,,,,ufcstats,http://ufcstats.com/fighter-details/aae0897825336b1a,
Ryan Gracie,1974-08-14,175.3,,Orthodox,,,,,,,,ufcstats,http://ufcstats.com/fighter-details/0c3838c8f7c620c2,
Royler Gracie,1965-12-06,172.7,,Southpaw,,,,,,,,ufcstats,http://ufcstats.com/fighter-details/b807814d977682eb,
Ralek Gracie,1985-10-04,188.0,,Orthodox,,,,,,,,ufcstats,http://ufcstats.com/fighter-details/84283233ec42be5f,
Rolles Gracie,1978-07-14,193.0,,Orthodox,,,,,,,,ufcstats,http://ufcstats.com/fighter-details/e4a9dbade7c7e1a7,
Igor Gracie,1980-02-04,180.3,,,,,,,,,,ufcstats,http://ufcstats.com/fighter-details/722b870449243083,
Cesar Gracie,,177.8,,Orthodox,,,,,,,,ufcstats,http://ufcstats.com/fighter-details/079488710f012779,
Roger Gracie,1981-09-26,193.0,200.7,Orthodox,,,,,,,,ufcstats,http://ufcstats.com/fighter-details/a6bbd3df469c6bea,
Neiman Gracie,,182.9,,,,,,,,,,ufcstats,http://ufcstats.com/fighter-details/12d855d12a624da2,
Kron Gracie,1988-07-11,175.3,177.8,Southpaw,,,,,,,,ufcstats,http://ufcstats.com/fighter-details/242d36d241b43c12,
Scott Graham,,193.0,,Orthodox,,,,,,,,ufcstats,http://ufcstats.com/fighter-details/6e4acc2c115215b5,
Steven Graham,,185.4,,Orthodox,,,,,,,,ufcstats,http://ufcstats.com/fighter-details/3e514f437c51ce0a,
Bogdan Grad,1995-09-28,172.7,177.8,Orthodox,,,,,,,,ufcstats,http://ufcstats.com/fighter-details/fb37795db81f93f3,
Miranda Granger,1992-04-13,170.2,172.7,Orthodox,,,,,,,,ufcstats,http://ufcstats.com/fighter-details/7559395ad833c074,
TJ Grant,1984-02-26,177.8,182.9,Orthodox,,,,,,,,ufcstats,http://ufcstats.com/fighter-details/a26198ba5093147e,
Davey Grant,1985-12-18,172.7,175.3,Orthodox,,,,,,,,ufcstats,http://ufcstats.com/fighter-details/113df4fde64735c6,
Dwight Grant,1984-09-14,185.4,193.0,Switch,,,,,,,,ufcstats,http://ufcstats.com/fighter-details/8be158ca1e5ea6a0,
Alexa Grasso,1993-08-09,165.1,167.6,Orthodox,,,,,,,,ufcstats,http://ufcstats.com/fighter-details/e8b731feff72294b,
Michael Graves,1991-01-08,177.8,180.3,Orthodox,,,,,,,,ufcstats,http://ufcstats.com/fighter-details/3f1d23b01c552a13,
Tony Gravely,1991-09-28,165.1,175.3,Orthodox,,,,,,,,ufcstats,http://ufcstats.com/fighter-details/601964f9654f911a,
Shelton Graves,1985-10-23,188.0,193.0,Southpaw,,,,,,,,ufcstats,http://ufcstats.com/fighter-details/642862d6d63605cd,
Sam Greco,1967-05-03,188.0,,Orthodox,,,,,,,,ufcstats,http://ufcstats.com/fighter-details/6d12031661db8ac8,
Kevin Gray,1985-05-03,162.6,170.2,Orthodox,,,,,,,,ufcstats,http://ufcstats.com/fighter-details/bb0d290026d7681d,
Matt Grice,1981-07-29,172.7,177.8,Orthodox,,,,,,,,ufcstats,http://ufcstats.com/fighter-details/bfc2fc38a0e20211,
James Gray,1987-10-25,175.3,,Orthodox,,,,,,,,ufcstats,http://ufcstats.com/fighter-details/2db65fc038c0018e,
Gabe Green,1993-05-02,177.8,185.4,Switch,,,,,,,,ufcstats,http://ufcstats.com/fighter-details/5eb50529a8418b77,
Desmond Green,1989-10-11,177.8,185.4,Southpaw,,,,,,,,ufcstats,http://ufcstats.com/fighter-details/f046d724d2a84ac5,
King Green,1986-09-09,177.8,180.3,Orthodox,,,,,,,,ufcstats,http://ufcstats.com/fighter-details/887961364be5ceb3,
Chuck Grigsby,1972-08-15,198.1,,Orthodox,,,,,,,,ufcstats,http://ufcstats.com/fighter-details/7fb4234670271505,
Charalampos Grigoriou,1992-03-31,170.2,170.2,Orthodox,,,,,,,,ufcstats,http://ufcstats.com/fighter-details/68b8ebdfce9dbb61,
Maurice Greene,1986-07-05,200.7,203.2,Orthodox,,,,,,,,ufcstats,http://ufcstats.com/fighter-details/068f8a189a47fea6,
Vik Grujic,1977-02-06,180.3,185.4,Orthodox,,,,,,,,ufcstats,http://ufcstats.com/fighter-details/1e7483dbff40b84b,
Chad Griggs,1978-05-15,185.4,185.4,Orthodox,,,,,,,,ufcstats,http://ufcstats.com/fighter-details/fdf18227faa596dd,
Mike Grundy,1987-01-03,170.2,182.9,Orthodox,,,,,,,,ufcstats,http://ufcstats.com/fighter-details/56fcb2c4d99f9d1b,
Jordan Griffin,1990-02-28,177.8,185.4,Southpaw,,,,,,,,ufcstats,http://ufcstats.com/fighter-details/ebef46976554f975,
Tyson Griffin,1984-04-20,167.6,172.7,Orthodox,,,,,,,,ufcstats,http://ufcstats.com/fighter-details/20205040232ed0f3,
Max Griffin,1985-11-29,180.3,193.0,Orthodox,,,,,,,,ufcstats,http://ufcstats.com/fighter-details/b0d6a1d8ac3d563d,
Forrest Griffin,1979-03-16,190.5,195.6,Orthodox,,,,,,,,ufcstats,http://ufcstats.com/fighter-details/fcffee71cff5530e,
Garrett Gross,1988-08-08,175.3,,Orthodox,,,,,,,,ufcstats,http://ufcstats.com/fighter-details/6741218640534d8b,
Neil Grove,1971-01-18,198.1,,Orthodox,,,,,,,,ufcstats,http://ufcstats.com/fighter-details/36a432f22144843e,
Josh Grispi,1988-10-14,180.3,188.0,Orthodox,,,,,,,,ufcstats,http://ufcstats.com/fighter-details/60ba33c3f555a7a3,
Chris Gruetzemacher,1986-06-16,172.7,172.7,Orthodox,,,,,,,,ufcstats,http://ufcstats.com/fighter-details/feaf00f3373435d6,
Kendall Grove,1982-11-12,198.1,200.7,Orthodox,,,,,,,,ufcstats,http://ufcstats.com/fighter-details/234f3767ff0e5701,
Rodrigo Gripp de Sousa,,180.3,,Orthodox,,,,,,,,ufcstats,http://ufcstats.com/fighter-details/dde70a112e053a6c,
Maxim Grishin,1984-05-02,190.5,198.1,Orthodox,,,,,,,,ufcstats,http://ufcstats.com/fighter-details/950d0ef5c17157c5,
Piero Guaylupo,2004-10-29,,,,,,,,,,,ufcstats,http://ufcstats.com/fighter-details/b4e8867d60ef0e69,
Nandor Guelmino,1975-12-20,190.5,,,,,,,,,,ufcstats,http://ufcstats.com/fighter-details/1abfb658cd4f8533,
Wang Guan,1986-03-14,175.3,180.3,Orthodox,,,,,,,,ufcstats,http://ufcstats.com/fighter-details/dd12382f28296f7b,
Anthony Guarascio,1994-02-26,188.0,182.9,Orthodox,,,,,,,,ufcstats,http://ufcstats.com/fighter-details/dc052ab64be66e1d,
Fabricio Guerreiro,1990-07-24,177.8,,,,,,,,,,ufcstats,http://ufcstats.com/fighter-details/2963369e327e1979,
Noah Gugnon,2000-10-18,180.3,180.3,Orthodox,,,,,,,,ufcstats,http://ufcstats.com/fighter-details/6266abf6e4245c72,
Rainn Guerrero,1992-05-13,167.6,165.1,Orthodox,,,,,,,,ufcstats,http://ufcstats.com/fighter-details/8300a47f6fd6fe4f,
Jason Guida,1977-08-04,177.8,,,,,,,,,,ufcstats,http://ufcstats.com/fighter-details/ce25b4ed82b1811b,
Hugo Guillon,1997-04-12,,,,,,,,,,,ufcstats,http://ufcstats.com/fighter-details/aabf33d691f64d61,
Chris Guillen,1972-12-09,182.9,,Orthodox,,,,,,,,ufcstats,http://ufcstats.com/fighter-details/da0f33e4255f99eb,
Shannon Gugerty,1981-12-30,177.8,180.3,Orthodox,,,,,,,,ufcstats,http://ufcstats.com/fighter-details/9f1641c08cf8fbe2,
Melvin Guillard,1983-03-30,175.3,180.3,Orthodox,,,,,,,,ufcstats,http://ufcstats.com/fighter-details/ccd1299e0345e0ce,
Clay Guida,1981-12-08,170.2,177.8,Orthodox,,,,,,,,ufcstats,http://ufcstats.com/fighter-details/c47df9303d318c67,
Jorge Gurgel,1977-01-25,170.2,175.3,Orthodox,,,,,,,,ufcstats,http://ufcstats.com/fighter-details/04d5718ed2661e8c,
Luis Gurule,1993-11-16,165.1,162.6,Orthodox,,,,,,,,ufcstats,http://ufcstats.com/fighter-details/29162be25ebef5f0,
Gugun Gusman,1990-03-03,170.2,172.7,Orthodox,,,,,,,,ufcstats,http://ufcstats.com/fighter-details/e34e3b1fffa13a6a,
Fabio Gurgel,1970-01-18,182.9,,Orthodox,,,,,,,,ufcstats,http://ufcstats.com/fighter-details/8377c5572cb356f3,
Brad Gumm,,180.3,,Orthodox,,,,,,,,ufcstats,http://ufcstats.com/fighter-details/4d74641fac830182,
Bogdan Guskov,1992-09-12,190.5,193.0,Orthodox,,,,,,,,ufcstats,http://ufcstats.com/fighter-details/ef5dcb10d2bd4b0f,
Leonardo Guimaraes,1982-04-15,182.9,,Orthodox,,,,,,,,ufcstats,http://ufcstats.com/fighter-details/cc98d857b148e33a,
Marcelo Guimaraes,1983-06-25,182.9,185.4,Orthodox,,,,,,,,ufcstats,http://ufcstats.com/fighter-details/0c9c0a43d3f3f49d,
Andre Gusmao,1977-05-19,182.9,,Orthodox,,,,,,,,ufcstats,http://ufcstats.com/fighter-details/cc300e9aa3063431,
John Gunderson,1979-01-05,175.3,175.3,Orthodox,,,,,,,,ufcstats,http://ufcstats.com/fighter-details/a0c139b34f11421a,
John Gunther,1985-11-24,175.3,182.9,Orthodox,,,,,,,,ufcstats,http://ufcstats.com/fighter-details/3956bdc8ab2e54b3,
Andreas Gustafsson,1991-02-20,185.4,185.4,Orthodox,,,,,,,,ufcstats,http://ufcstats.com/fighter-details/2caf993f53541fa1,
Justin Guthrie,1981-01-19,185.4,,,,,,,,,,ufcstats,http://ufcstats.com/fighter-details/a789defa9086da46,
Horacio Gutierrez,1990-09-15,177.8,,,,,,,,,,ufcstats,http://ufcstats.com/fighter-details/cd85b48dc880fabd,
Mando Gutierrez,1997-02-24,167.6,177.8,Southpaw,,,,,,,,ufcstats,http://ufcstats.com/fighter-details/5f33ae0620e050c5,
Chris Gutierrez,1991-04-22,175.3,170.2,Orthodox,,,,,,,,ufcstats,http://ufcstats.com/fighter-details/45f0cc9d18f35137,
Alexander Gustafsson,1987-01-15,195.6,200.7,Orthodox,,,,,,,,ufcstats,http://ufcstats.com/fighter-details/3c6976f8182d9527,
Mike Guymon,1974-09-17,182.9,188.0,Orthodox,,,,,,,,ufcstats,http://ufcstats.com/fighter-details/eaea0fc7b76525a8,
Keith Hackney,1958-04-15,180.3,,Sideways,,,,,,,,ufcstats,http://ufcstats.com/fighter-details/bf12aca029bfcc47,
Cody Haddon,1998-09-08,170.2,175.3,Orthodox,,,,,,,,ufcstats,http://ufcstats.com/fighter-details/8e6654e9f0461b8f,
Jake Hadley,1996-08-03,170.2,177.8,Southpaw,,,,,,,,ufcstats,http://ufcstats.com/fighter-details/60a42bf82447c919,
Theo Haig,1996-08-23,188.0,195.6,Orthodox,,,,,,,,ufcstats,http://ufcstats.com/fighter-details/8a213af406eb2dd4,
Tim Hague,1983-05-09,193.0,193.0,Orthodox,,,,,,,,ufcstats,http://ufcstats.com/fighter-details/219a254e15d60135,
Yazan Hajeh,1992-09-04,175.3,,Orthodox,,,,,,,,ufcstats,http://ufcstats.com/fighter-details/4955c524c2a71469,
Steve Hadsel,,172.7,,,,,,,,,,ufcstats,http://ufcstats.com/fighter-details/99793cf88c5adeee,
Chelsea Hackett,1998-08-16,162.6,167.6,Switch,,,,,,,,ufcstats,http://ufcstats.com/fighter-details/184b7a36d50dcc5e,
Bassil Hafez,1992-01-31,180.3,182.9,Orthodox,,,,,,,,ufcstats,http://ufcstats.com/fighter-details/f4d92416da98804b,
Damir Hadzovic,1986-08-08,175.3,177.8,Orthodox,,,,,,,,ufcstats,http://ufcstats.com/fighter-details/38c626ca912c7bac,
Stoney Hale,1979-10-18,182.9,,,,,,,,,,ufcstats,http://ufcstats.com/fighter-details/206a7d47eb62170e,
Kevin Haley,,188.0,,,,,,,,,,ufcstats,http://ufcstats.com/fighter-details/439d4bbefd4e6940,
Mark Hall,1961-01-26,182.9,,Orthodox,,,,,,,,ufcstats,http://ufcstats.com/fighter-details/18524b46c570730b,
Ryan Hall,1985-02-22,177.8,177.8,Southpaw,,,,,,,,ufcstats,http://ufcstats.com/fighter-details/8866c6f509c19089,
Uriah Hall,1984-07-31,182.9,200.7,Orthodox,,,,,,,,ufcstats,http://ufcstats.com/fighter-details/65578a75fa7900e3,
Dennis Hallman,1975-12-02,175.3,182.9,Orthodox,,,,,,,,ufcstats,http://ufcstats.com/fighter-details/8a8a84b743ae7699,
Piotr Hallmann,1987-08-25,175.3,180.3,Orthodox,,,,,,,,ufcstats,http://ufcstats.com/fighter-details/a3be148af5c7b088,
Brandon Halsey,1986-09-16,182.9,,,,,,,,,,ufcstats,http://ufcstats.com/fighter-details/e763679f15326ae1,
John Halverson,1972-09-08,175.3,,Southpaw,,,,,,,,ufcstats,http://ufcstats.com/fighter-details/88c8f47241d90040,
Tony Halme,1963-01-06,190.5,,Orthodox,,,,,,,,ufcstats,http://ufcstats.com/fighter-details/bad28b7b34f334de,
Seo Hee Ham,1987-03-08,157.5,157.5,Southpaw,,,,,,,,ufcstats,http://ufcstats.com/fighter-details/165c244bcca3ed26,
Frank Hamaker,,,,,,,,,,,,ufcstats,http://ufcstats.com/fighter-details/c3c23c99477c041b,
Kazuhiro Hamanaka,1978-10-24,182.9,,Southpaw,,,,,,,,ufcstats,http://ufcstats.com/fighter-details/1b4d6971bb18b82c,
Jeremy Hamilton,1984-11-14,,,,,,,,,,,ufcstats,http://ufcstats.com/fighter-details/7ada6ea792a34424,
Matt Hamill,1976-10-05,185.4,193.0,Orthodox,,,,,,,,ufcstats,http://ufcstats.com/fighter-details/98b80a717b9bda17,
Rami Hamed,1991-04-25,185.4,180.3,Orthodox,,,,,,,,ufcstats,http://ufcstats.com/fighter-details/a59017211b775b5d,
CJ Hamilton,1986-10-07,170.2,172.7,Switch,,,,,,,,ufcstats,http://ufcstats.com/fighter-details/7da5839b223f3728,
Anthony Hamilton,1980-04-14,195.6,193.0,Orthodox,,,,,,,,ufcstats,http://ufcstats.com/fighter-details/c727c7d31c50c4cf,
Kay Hansen,1999-08-14,157.5,160.0,Orthodox,,,,,,,,ufcstats,http://ufcstats.com/fighter-details/4100c7a09497ad41,
Shin Haraguchi,1998-11-27,165.1,172.7,Switch,,,,,,,,ufcstats,http://ufcstats.com/fighter-details/05b17ae24e6bba81,
Joachim Hansen,1979-05-26,170.2,,Southpaw,,,,,,,,ufcstats,http://ufcstats.com/fighter-details/86e388ed20761ad9,
Nasrat Haqparast,1995-08-22,177.8,182.9,Southpaw,,,,,,,,ufcstats,http://ufcstats.com/fighter-details/b7b84ccd221be298,
Dean Hancock,,,,,,,,,,,,ufcstats,http://ufcstats.com/fighter-details/24e9d6b0a24cff9d,
Chad Hanekom,1990-04-20,193.0,188.0,Orthodox,,,,,,,,ufcstats,http://ufcstats.com/fighter-details/98533a2738124a0d,
James Hammortree,1983-11-29,190.5,,Orthodox,,,,,,,,ufcstats,http://ufcstats.com/fighter-details/1f77fce698e80488,
Jared Hamman,1982-03-07,190.5,190.5,Orthodox,,,,,,,,ufcstats,http://ufcstats.com/fighter-details/23459ee7e373b98f,
George Hardwick,1996-12-06,177.8,182.9,Orthodox,,,,,,,,ufcstats,http://ufcstats.com/fighter-details/f55a6807b6bb853d,
Janay Harding,,,,,,,,,,,,ufcstats,http://ufcstats.com/fighter-details/b9c3ee342eb72100,
Scott Harper,1972-04-14,182.9,,Orthodox,,,,,,,,ufcstats,http://ufcstats.com/fighter-details/14a433bccba87016,
Greg Hardy,1988-07-28,195.6,203.2,Orthodox,,,,,,,,ufcstats,http://ufcstats.com/fighter-details/85073dbd1be65ed9,
Tobias Harila,1994-01-13,,,,,,,,,,,ufcstats,http://ufcstats.com/fighter-details/4d1e92b61bcef308,
Harry Hardwick,1994-09-29,172.7,180.3,Switch,,,,,,,,ufcstats,http://ufcstats.com/fighter-details/2dbc60c52de126d8,
Antoni Hardonk,1976-02-05,193.0,198.1,Orthodox,,,,,,,,ufcstats,http://ufcstats.com/fighter-details/69b69c0178c4004d,
Veronica Hardy,1995-10-30,162.6,162.6,Southpaw,,,,,,,,ufcstats,http://ufcstats.com/fighter-details/4798e823ada58fe9,
Dan Hardy,1982-05-17,182.9,188.0,Orthodox,,,,,,,,ufcstats,http://ufcstats.com/fighter-details/473ce3aa581251a2,
Baru Harn,1977-10-24,,,,,,,,,,,ufcstats,http://ufcstats.com/fighter-details/848809f3986b4977,
Josiah Harrell,1998-11-13,170.2,172.7,Southpaw,,,,,,,,ufcstats,http://ufcstats.com/fighter-details/e5864a42c80294f6,
Gerry Harris,,203.2,,Orthodox,,,,,,,,ufcstats,http://ufcstats.com/fighter-details/30cd319d39ee689b,
Phil Harris,1983-09-04,162.6,165.1,Orthodox,,,,,,,,ufcstats,http://ufcstats.com/fighter-details/ba043b03eb799063,
Gerald Harris,1979-11-19,180.3,195.6,Southpaw,,,,,,,,ufcstats,http://ufcstats.com/fighter-details/c4b81cdecd5d6abe,
Walt Harris,1983-06-10,195.6,195.6,Southpaw,,,,,,,,ufcstats,http://ufcstats.com/fighter-details/03f982ca3735070c,
Dhafir Harris,1977-08-04,,,,,,,,,,,ufcstats,http://ufcstats.com/fighter-details/0e96af5220d27ed4,
Trevor Harris,,167.6,,,,,,,,,,ufcstats,http://ufcstats.com/fighter-details/0e98b05d3cf6d271,
RJ Harris,1998-10-01,190.5,198.1,Orthodox,,,,,,,,ufcstats,http://ufcstats.com/fighter-details/e03187ec8b5b6abc,
Bilal Hasan,2001-07-16,170.2,177.8,Switch,,,,,,,,ufcstats,http://ufcstats.com/fighter-details/5182316da3c1d891,
Carlston Harris,1987-07-09,182.9,193.0,Orthodox,,,,,,,,ufcstats,http://ufcstats.com/fighter-details/a53d30163304aa6e,
Joey Hart,1997-06-24,190.5,200.7,Orthodox,,,,,,,,ufcstats,http://ufcstats.com/fighter-details/6412da484125716b,
Collin Hart,1989-10-12,185.4,,Orthodox,,,,,,,,ufcstats,http://ufcstats.com/fighter-details/16bf6a73bdd302cd,
Kayla Harrison,1990-07-02,172.7,167.6,Southpaw,,,,,,,,ufcstats,http://ufcstats.com/fighter-details/1af1170ed937cba7,
Luke Hartwig,,,,,,,,,,,,ufcstats,http://ufcstats.com/fighter-details/34f3869747bf8fa9,
Clay Harvison,1980-09-25,185.4,188.0,Orthodox,,,,,,,,ufcstats,http://ufcstats.com/fighter-details/83a477a7dba1ca58,
Takayo Hashi,1977-10-02,162.6,,Orthodox,,,,,,,,ufcstats,http://ufcstats.com/fighter-details/ae4343d29c68e9d0,
Dale Hartt,1979-04-04,177.8,175.3,Orthodox,,,,,,,,ufcstats,http://ufcstats.com/fighter-details/058e4e08a1ad8aba,
Justin Haskins,1979-08-30,177.8,,Orthodox,,,,,,,,ufcstats,http://ufcstats.com/fighter-details/77940e45bc86208e,
Farman Hasanov,1995-08-01,180.3,188.0,Orthodox,,,,,,,,ufcstats,http://ufcstats.com/fighter-details/c88f8a9c1ea7165d,
Hidehiko Hasegawa,1978-07-13,175.3,,,,,,,,,,ufcstats,http://ufcstats.com/fighter-details/2a2eeee20ef049cf,
Chris Haseman,1969-06-02,180.3,,Orthodox,,,,,,,,ufcstats,http://ufcstats.com/fighter-details/5bd533d50c8e7b8a,
Tomohiko Hashimoto,1977-08-16,182.9,,Orthodox,,,,,,,,ufcstats,http://ufcstats.com/fighter-details/a890f9a791ed615d,
Hayder Hassan,1982-10-20,177.8,,,,,,,,,,ufcstats,http://ufcstats.com/fighter-details/cf615eb4b7862c76,
Daiki Hata,1982-08-24,167.6,,Orthodox,,,,,,,,ufcstats,http://ufcstats.com/fighter-details/c76ceda100ac0fad,
Ahmad Hassanzada,1996-11-20,185.4,190.5,Orthodox,,,,,,,,ufcstats,http://ufcstats.com/fighter-details/bf7a64d9ae343e86,
Phil Hawes,1989-01-08,182.9,195.6,Orthodox,,,,,,,,ufcstats,http://ufcstats.com/fighter-details/547afe1017e72dbe,
Justin Hawes,1979-01-13,180.3,,,,,,,,,,ufcstats,http://ufcstats.com/fighter-details/5c7fc58e782b6842,
Chris Hawk,1985-12-20,185.4,,,,,,,,,,ufcstats,http://ufcstats.com/fighter-details/9460c867aae1987e,
Del Hawkins,,165.1,,Orthodox,,,,,,,,ufcstats,http://ufcstats.com/fighter-details/885e7f70dcac0007,
Tommy Hayden,1986-03-11,175.3,,Southpaw,,,,,,,,ufcstats,http://ufcstats.com/fighter-details/0871254cd790c250,
Ryan Hayes,,,,,,,,,,,,ufcstats,http://ufcstats.com/fighter-details/a620638435de0628,
Mike Hayes,1980-10-16,193.0,,Orthodox,,,,,,,,ufcstats,http://ufcstats.com/fighter-details/0cfbbfa0ba6d9855,
John Hathaway,1987-07-23,185.4,190.5,Orthodox,,,,,,,,ufcstats,http://ufcstats.com/fighter-details/28f3c2258a1d8874,
Gerric Hayes,1980-10-29,177.8,,,,,,,,,,ufcstats,http://ufcstats.com/fighter-details/7d6a3546c988cdc0,
Josh Haynes,1977-07-30,175.3,,Orthodox,,,,,,,,ufcstats,http://ufcstats.com/fighter-details/6ef58dabef8beb15,
Dustin Hazelett,1986-04-29,185.4,193.0,Orthodox,,,,,,,,ufcstats,http://ufcstats.com/fighter-details/a149d6bc670cdb60,
Spencer Hearns,,180.3,,,,,,,,,,ufcstats,http://ufcstats.com/fighter-details/d85cf12439945941,
James Head,1984-02-09,185.4,185.4,Orthodox,,,,,,,,ufcstats,http://ufcstats.com/fighter-details/19a8cce18a1cef9e,
Pat Healy,1983-07-20,182.9,182.9,Orthodox,,,,,,,,ufcstats,http://ufcstats.com/fighter-details/50d2f0018bcf9eef,
Ryan Healy,1983-07-20,185.4,,Orthodox,,,,,,,,ufcstats,http://ufcstats.com/fighter-details/f3eb664db7fb1df3,
David Heath,1976-02-10,180.3,182.9,Orthodox,,,,,,,,ufcstats,http://ufcstats.com/fighter-details/4f95f74620a6b7a4,
Chris Heatherly,1987-11-24,175.3,,Orthodox,,,,,,,,ufcstats,http://ufcstats.com/fighter-details/bad8be5827ea1bf1,
Jake Hecht,1984-02-09,182.9,185.4,Orthodox,,,,,,,,ufcstats,http://ufcstats.com/fighter-details/e57fdbea1b828202,
Nick Hein,1984-04-24,167.6,167.6,Southpaw,,,,,,,,ufcstats,http://ufcstats.com/fighter-details/2816ced060a21be3,
Donavon Hedrick,1997-03-21,180.3,193.0,Orthodox,,,,,,,,ufcstats,http://ufcstats.com/fighter-details/1004099ab87faa8d,
Ian Heinisch,1988-08-05,180.3,182.9,Orthodox,,,,,,,,ufcstats,http://ufcstats.com/fighter-details/2e585c701f72fe55,
Delson Heleno,1977-11-16,180.3,,Orthodox,,,,,,,,ufcstats,http://ufcstats.com/fighter-details/970beed85bc46b63,
Marcin Held,1992-01-18,175.3,180.3,Orthodox,,,,,,,,ufcstats,http://ufcstats.com/fighter-details/bf43fed8f29e1671,
Matt Helm,,,,,,,,,,,,ufcstats,http://ufcstats.com/fighter-details/cacfd51b8e97ace0,
Elisha Helsper,1983-02-06,167.6,,Orthodox,,,,,,,,ufcstats,http://ufcstats.com/fighter-details/0971be7d94e109e1,
Ron Henderson,,177.8,,,,,,,,,,ufcstats,http://ufcstats.com/fighter-details/498f0d066396ec59,
Josh Hendricks,1976-08-28,188.0,,Southpaw,,,,,,,,ufcstats,http://ufcstats.com/fighter-details/7649c4c95b824488,
Dan Henderson,1970-08-24,180.3,188.0,Orthodox,,,,,,,,ufcstats,http://ufcstats.com/fighter-details/1ccf4e7caff270df,
Benson Henderson,1983-11-16,175.3,177.8,Southpaw,,,,,,,,ufcstats,http://ufcstats.com/fighter-details/2676b28836a5a836,
Cory Hendricks,1988-05-10,190.5,,Switch,,,,,,,,ufcstats,http://ufcstats.com/fighter-details/9ab9912e0f8fa6d6,
Paulo Henrique,2002-07-03,170.2,175.3,,,,,,,,,ufcstats,http://ufcstats.com/fighter-details/3fe8ad7e1594537a,
Luis Henrique,1993-08-21,188.0,188.0,Orthodox,,,,,,,,ufcstats,http://ufcstats.com/fighter-details/e5bda12faabfc850,
Johny Hendricks,1983-09-12,175.3,175.3,Southpaw,,,,,,,,ufcstats,http://ufcstats.com/fighter-details/0941df56f6ac954b,
Diego Henrique da Silva,1986-08-22,188.0,,Orthodox,,,,,,,,ufcstats,http://ufcstats.com/fighter-details/1649770c649db6a5,
Danny Henry,1988-07-17,182.9,185.4,Orthodox,,,,,,,,ufcstats,http://ufcstats.com/fighter-details/f7d73e452b064bf2,
Victor Henry,1987-05-04,170.2,172.7,Switch,,,,,,,,ufcstats,http://ufcstats.com/fighter-details/eb8d8c2a95cfccb8,
TJ Hepburn,,170.2,,,,,,,,,,ufcstats,http://ufcstats.com/fighter-details/e1acbb6352ca3551,
Anthony Hernandez,1993-10-18,182.9,190.5,Orthodox,,,,,,,,ufcstats,http://ufcstats.com/fighter-details/093e1f5bb73850be,
Jai Herbert,1988-05-13,185.4,195.6,Orthodox,,,,,,,,ufcstats,http://ufcstats.com/fighter-details/4c88a1db5a46c6a4,
Alexander Hernandez,1992-10-01,175.3,182.9,Orthodox,,,,,,,,ufcstats,http://ufcstats.com/fighter-details/262a7d06203657e6,
Dave Herman,1984-10-03,193.0,195.6,Orthodox,,,,,,,,ufcstats,http://ufcstats.com/fighter-details/cbd6f1abf955e628,
Ed Herman,1980-10-02,185.4,195.6,Orthodox,,,,,,,,ufcstats,http://ufcstats.com/fighter-details/06f36cf4bd97ec77,
Jack Hermansson,1988-06-10,185.4,195.6,Orthodox,,,,,,,,ufcstats,http://ufcstats.com/fighter-details/0a1942069c9ad6b6,
Noe Hernandez,,,,Orthodox,,,,,,,,ufcstats,http://ufcstats.com/fighter-details/df2cf66d8c0123db,
Nohelin Hernandez,1994-03-01,177.8,180.3,Orthodox,,,,,,,,ufcstats,http://ufcstats.com/fighter-details/f97c5433c77522d3,
Carlos Hernandez,1993-10-25,172.7,170.2,Orthodox,,,,,,,,ufcstats,http://ufcstats.com/fighter-details/798e48f9e7f6ba22,
Luis Hernandez,1996-08-22,,,,,,,,,,,ufcstats,http://ufcstats.com/fighter-details/5dad1e8a516e6477,
Paul Herrera,1964-02-21,177.8,,Orthodox,,,,,,,,ufcstats,http://ufcstats.com/fighter-details/440c9dbab63528fb,
Leslie Hernandez,1997-12-29,160.0,162.6,Orthodox,,,,,,,,ufcstats,http://ufcstats.com/fighter-details/fc8610cc15674ae2,
Joe Hernandez,,,,,,,,,,,,ufcstats,http://ufcstats.com/fighter-details/4a76daef28549957,
Ramiro Hernandez,1986-07-22,175.3,,Orthodox,,,,,,,,ufcstats,http://ufcstats.com/fighter-details/915c8d39d4a0e7d1,
Chris Herrera,,177.8,,,,,,,,,,ufcstats,http://ufcstats.com/fighter-details/f71028a6e5128856,
Geane Herrera,1990-05-27,165.1,167.6,Orthodox,,,,,,,,ufcstats,http://ufcstats.com/fighter-details/c169545ab0825f44,
Brandon Hester,,185.4,,,,,,,,,,ufcstats,http://ufcstats.com/fighter-details/13150cf89a5b81e0,
Jon Hess,,200.7,,,,,,,,,,ufcstats,http://ufcstats.com/fighter-details/32a3025d5db456ae,
Alvaro Herrera Mendoza,1990-05-14,182.9,188.0,Orthodox,,,,,,,,ufcstats,http://ufcstats.com/fighter-details/74d35fbc9c6a61bd,
Conor Heun,1979-02-11,177.8,,Orthodox,,,,,,,,ufcstats,http://ufcstats.com/fighter-details/fdb02029556ff4ed,
Clint Hester,1986-11-21,188.0,195.6,Orthodox,,,,,,,,ufcstats,http://ufcstats.com/fighter-details/92b62174c175ce19,
Felice Herrig,1984-09-18,162.6,165.1,Orthodox,,,,,,,,ufcstats,http://ufcstats.com/fighter-details/b6850671a008bf9a,
Jimy Hettes,1987-06-09,175.3,180.3,Southpaw,,,,,,,,ufcstats,http://ufcstats.com/fighter-details/893d51aaf024eddd,
Heath Herring,1978-03-02,193.0,198.1,Orthodox,,,,,,,,ufcstats,http://ufcstats.com/fighter-details/7450525c7ba032a0,
Marcus Hicks,1975-11-25,167.6,162.6,Southpaw,,,,,,,,ufcstats,http://ufcstats.com/fighter-details/e69c5ce12f4e762b,
Isaiah Hill,,177.8,,,,,,,,,,ufcstats,http://ufcstats.com/fighter-details/86b30a86664cb6e4,
Richie Hightower,1974-11-26,172.7,,Orthodox,,,,,,,,ufcstats,http://ufcstats.com/fighter-details/318e629d1eb7aa49,
Alex Higley,,177.8,,,,,,,,,,ufcstats,http://ufcstats.com/fighter-details/2af2d675f7d847e3,
Lee Higgins,1980-07-14,,,,,,,,,,,ufcstats,http://ufcstats.com/fighter-details/88432fe79d5091d9,
Jay Hieron,1976-07-29,182.9,190.5,Orthodox,,,,,,,,ufcstats,http://ufcstats.com/fighter-details/5bb0a618ad03ac64,
Brady Hiestand,1999-04-30,172.7,180.3,Orthodox,,,,,,,,ufcstats,http://ufcstats.com/fighter-details/7af33fc4435017f1,
Jason High,1981-10-12,172.7,185.4,Southpaw,,,,,,,,ufcstats,http://ufcstats.com/fighter-details/e5d03e4d966126bd,
Tyler Hill,1991-08-10,190.5,,Switch,,,,,,,,ufcstats,http://ufcstats.com/fighter-details/006efbb0c1621fd7,
Corey Hill,1978-10-03,193.0,203.2,Orthodox,,,,,,,,ufcstats,http://ufcstats.com/fighter-details/abbc737317f66b81,
Kailan Hill,1994-12-01,185.4,195.6,Southpaw,,,,,,,,ufcstats,http://ufcstats.com/fighter-details/bc7efc037c5f6550,
Jamahal Hill,1991-05-19,193.0,200.7,Southpaw,,,,,,,,ufcstats,http://ufcstats.com/fighter-details/5444c5a201d3ee5a,
Angela Hill,1985-01-12,160.0,162.6,Orthodox,,,,,,,,ufcstats,http://ufcstats.com/fighter-details/f0feeb2192937424,
Alvin Hines,1991-10-20,188.0,188.0,Orthodox,,,,,,,,ufcstats,http://ufcstats.com/fighter-details/ab2a4b5e04dc5fe9,
Hatsu Hioki,1983-07-18,180.3,185.4,Orthodox,,,,,,,,ufcstats,http://ufcstats.com/fighter-details/ef7fa30364cbe7f2,
Branden Lee Hinkle,1973-07-29,190.5,,Orthodox,,,,,,,,ufcstats,http://ufcstats.com/fighter-details/06f0ffa6446c5b6d,
Alan Hiro,1986-04-04,165.1,,Orthodox,,,,,,,,ufcstats,http://ufcstats.com/fighter-details/483b3170b3c05cf0,
Kuniyoshi Hironaka,1976-06-17,177.8,177.8,Orthodox,,,,,,,,ufcstats,http://ufcstats.com/fighter-details/9d4522df6fc49a47,
Kwan Ho Kwak,1989-06-18,165.1,,Switch,,,,,,,,ufcstats,http://ufcstats.com/fighter-details/c13042265355a290,
Bobby Hoffman,1968-10-28,188.0,,Orthodox,,,,,,,,ufcstats,http://ufcstats.com/fighter-details/afaad7d6a581e307,
Yuji Hisamatsu,1971-09-18,177.8,,,,,,,,,,ufcstats,http://ufcstats.com/fighter-details/8332a607df696345,
An Tuan Ho,2000-09-27,167.6,167.6,Switch,,,,,,,,ufcstats,http://ufcstats.com/fighter-details/6c9384138c82962f,
Matt Hobar,1987-01-07,177.8,177.8,Southpaw,,,,,,,,ufcstats,http://ufcstats.com/fighter-details/b57edace7b647f07,
Mizuto Hirota,1981-05-05,170.2,170.2,Orthodox,,,,,,,,ufcstats,http://ufcstats.com/fighter-details/35faad160d346839,
Sean Holden,1984-09-17,177.8,,,,,,,,,,ufcstats,http://ufcstats.com/fighter-details/acbb9c76f5894e36,
Chris Hofmann,1989-11-18,182.9,182.9,Orthodox,,,,,,,,ufcstats,http://ufcstats.com/fighter-details/33fb306278dbb3e5,
Andrew Holbrook,1986-02-06,180.3,177.8,Southpaw,,,,,,,,ufcstats,http://ufcstats.com/fighter-details/66ab58d0b3783607,
Sam Hoger,1980-06-28,188.0,,Orthodox,,,,,,,,ufcstats,http://ufcstats.com/fighter-details/84a067c46306a737,
Josh Hokit,1997-11-12,185.4,185.4,Orthodox,,,,,,,,ufcstats,http://ufcstats.com/fighter-details/955da1675ad58a50,
Chris Holdsworth,1987-10-24,180.3,,,,,,,,,,ufcstats,http://ufcstats.com/fighter-details/fc60ecf0671b9489,
Roger Hollett,1978-10-08,180.3,,Orthodox,,,,,,,,ufcstats,http://ufcstats.com/fighter-details/27d65e9d0fba61ea,
Max Holloway,1991-12-04,180.3,175.3,Orthodox,,,,,,,,ufcstats,http://ufcstats.com/fighter-details/150ff4cc642270b9,
Kevin Holland,1992-11-05,190.5,205.7,Orthodox,,,,,,,,ufcstats,http://ufcstats.com/fighter-details/3a46b268013afede,
Jeremie Holloway,1984-09-29,182.9,,,,,,,,,,ufcstats,http://ufcstats.com/fighter-details/ee28aa7f1043756c,
Gabrielle Holloway,1990-04-15,160.0,,,,,,,,,,ufcstats,http://ufcstats.com/fighter-details/e30715382f42b772,
Rex Holman,,190.5,,Southpaw,,,,,,,,ufcstats,http://ufcstats.com/fighter-details/b5ea750025697880,
Joseph Holmes,1995-07-04,193.0,203.2,Orthodox,,,,,,,,ufcstats,http://ufcstats.com/fighter-details/8d20d76af3f213ce,
Holly Holm,1981-10-17,172.7,175.3,Southpaw,,,,,,,,ufcstats,http://ufcstats.com/fighter-details/634e2fb70bde3fd5,
Brandon Holmes,1997-02-05,188.0,188.0,Orthodox,,,,,,,,ufcstats,http://ufcstats.com/fighter-details/f295d50c56339ab6,
Paddy Holohan,1988-05-03,177.8,175.3,Orthodox,,,,,,,,ufcstats,http://ufcstats.com/fighter-details/6e7c758f5cdec01a,
Kurt Holobaugh,1986-09-08,180.3,177.8,Orthodox,,,,,,,,ufcstats,http://ufcstats.com/fighter-details/a7151778b3381036,
Ben Holscher,,180.3,,,,,,,,,,ufcstats,http://ufcstats.com/fighter-details/6070f16bcfd89fcf,
Lorenzo Hood,1989-03-02,190.5,203.2,Southpaw,,,,,,,,ufcstats,http://ufcstats.com/fighter-details/7f9abc4db2d05764,
Mark Holst,1985-08-14,182.9,,Orthodox,,,,,,,,ufcstats,http://ufcstats.com/fighter-details/c11f50e9c1513ce9,
Barb Honchak,1979-08-30,162.6,165.1,Orthodox,,,,,,,,ufcstats,http://ufcstats.com/fighter-details/472f6f6e6d962f40,
SeongChan Hong,1989-11-28,170.2,175.3,Orthodox,,,,,,,,ufcstats,http://ufcstats.com/fighter-details/10d4575f497face4,
JunYoung Hong,1990-12-18,175.3,175.3,Orthodox,,,,,,,,ufcstats,http://ufcstats.com/fighter-details/b24666e26bd750a3,
Sabah Homasi,1988-10-19,182.9,182.9,Orthodox,,,,,,,,ufcstats,http://ufcstats.com/fighter-details/71f048adbfed5b49,
Mark Hominick,1982-07-22,172.7,172.7,Orthodox,,,,,,,,ufcstats,http://ufcstats.com/fighter-details/0a97691039c4bbfb,
Scott Holtzman,1983-09-30,175.3,175.3,Orthodox,,,,,,,,ufcstats,http://ufcstats.com/fighter-details/df1eb4354d18a906,
Chris Honeycutt,1988-07-25,177.8,185.4,,,,,,,,,ufcstats,http://ufcstats.com/fighter-details/4d2e3320d815f687,
David Hood,,182.9,,,,,,,,,,ufcstats,http://ufcstats.com/fighter-details/5af480a3b2e1726b,
Dakota Hope,1997-01-29,167.6,172.7,,,,,,,,,ufcstats,http://ufcstats.com/fighter-details/6142edbd477d20c9,
Satoshi Honma,1968-05-19,185.4,,Orthodox,,,,,,,,ufcstats,http://ufcstats.com/fighter-details/d2b1c1317a39f6c6,
Chase Hooper,1999-09-13,185.4,188.0,Southpaw,,,,,,,,ufcstats,http://ufcstats.com/fighter-details/971246648e162f0d,
Dan Hooker,1990-02-13,182.9,190.5,Switch,,,,,,,,ufcstats,http://ufcstats.com/fighter-details/193b9d1858bc4df3,
Chris Horodecki,1987-09-24,175.3,175.3,Orthodox,,,,,,,,ufcstats,http://ufcstats.com/fighter-details/e29cf523ebd155c5,
Jeremy Horn,1975-08-25,185.4,188.0,Orthodox,,,,,,,,ufcstats,http://ufcstats.com/fighter-details/8d26912cd2aeb366,
Moti Horenstein,1964-03-23,193.0,,Orthodox,,,,,,,,ufcstats,http://ufcstats.com/fighter-details/baf942f4bcb09894,
Yoshinori Horie,1995-05-10,172.7,177.8,Orthodox,,,,,,,,ufcstats,http://ufcstats.com/fighter-details/3fa7688bfe48a493,
Darrell Horcher,1987-07-28,177.8,177.8,Southpaw,,,,,,,,ufcstats,http://ufcstats.com/fighter-details/18e8b7070228e728,
Kyoji Horiguchi,1990-10-12,162.6,160.0,Orthodox,,,,,,,,ufcstats,http://ufcstats.com/fighter-details/98aa60cf58071fd6,
John Hosman,1980-11-13,177.8,,Southpaw,,,,,,,,ufcstats,http://ufcstats.com/fighter-details/57591bbf1623574e,
Jamey-Lyn Horth,1990-03-30,170.2,167.6,Orthodox,,,,,,,,ufcstats,http://ufcstats.com/fighter-details/5c637af9472ae7cc,
Jeff Hougland,1978-08-02,170.2,172.7,Orthodox,,,,,,,,ufcstats,http://ufcstats.com/fighter-details/97a8f39186f489db,
Saeed Hosseini,,,,,,,,,,,,ufcstats,http://ufcstats.com/fighter-details/21f2974fd08085e3,
Yuma Horiuchi,1997-09-22,167.6,170.2,Switch,,,,,,,,ufcstats,http://ufcstats.com/fighter-details/f6c1ce7cfd600662,
Matt Horning,1976-08-18,162.6,,,,,,,,,,ufcstats,http://ufcstats.com/fighter-details/21632ba272c0785a,
Matt Horwich,1978-10-02,185.4,,Orthodox,,,,,,,,ufcstats,http://ufcstats.com/fighter-details/049d698d773eb3e1,
Trey Houston,1988-06-08,180.3,,,,,,,,,,ufcstats,http://ufcstats.com/fighter-details/c6668eeb261588d3,
Jamie Houston,,,,,,,,,,,,ufcstats,http://ufcstats.com/fighter-details/4b1896310a907656,
Harold Howard,,188.0,,Orthodox,,,,,,,,ufcstats,http://ufcstats.com/fighter-details/a2b06ca02bca14c0,
Brian Houston,1981-04-26,188.0,,Orthodox,,,,,,,,ufcstats,http://ufcstats.com/fighter-details/36fbaa49a09ff997,
Shane Howell,1983-11-28,172.7,,Orthodox,,,,,,,,ufcstats,http://ufcstats.com/fighter-details/a7de976620f2ed13,
John Howard,1983-03-01,170.2,182.9,Orthodox,,,,,,,,ufcstats,http://ufcstats.com/fighter-details/fc31f896cde2bc2e,
Yuele Huang,2000-07-04,,,,,,,,,,,ufcstats,http://ufcstats.com/fighter-details/1c8b9f4d89b92e1b,
Carlos Huachin,1996-06-04,162.6,170.2,Southpaw,,,,,,,,ufcstats,http://ufcstats.com/fighter-details/225def29ecfe0fc1,
Hu Yaozong,1995-04-07,190.5,182.9,Orthodox,,,,,,,,ufcstats,http://ufcstats.com/fighter-details/f1175ea3aafbf351,
Huang Feier,1994-03-12,165.1,165.1,Orthodox,,,,,,,,ufcstats,http://ufcstats.com/fighter-details/e71c75f533a30daa,
Brady Huang,1992-12-16,175.3,175.3,Orthodox,,,,,,,,ufcstats,http://ufcstats.com/fighter-details/1ec1b6a7a29ffc71,
Austin Hubbard,1991-12-22,177.8,180.3,Orthodox,,,,,,,,ufcstats,http://ufcstats.com/fighter-details/d2cd7a69cc55e7ed,
Collin Huckbody,1994-09-29,190.5,193.0,Orthodox,,,,,,,,ufcstats,http://ufcstats.com/fighter-details/f372a848d250e006,
Alex Huddleston,1986-08-11,200.7,,,,,,,,,,ufcstats,http://ufcstats.com/fighter-details/8b9197746bd3e005,
Casey Huffman,,190.5,,,,,,,,,,ufcstats,http://ufcstats.com/fighter-details/737d93a42b8c2e94,
Roger Huerta,1983-05-20,175.3,177.8,Orthodox,,,,,,,,ufcstats,http://ufcstats.com/fighter-details/daf1b84aebd6602b,
Matt Hughes,1973-10-13,175.3,185.4,Switch,,,,,,,,ufcstats,http://ufcstats.com/fighter-details/621a6c59f88a44fe,
Jeff Hughes,1988-05-17,188.0,195.6,Orthodox,,,,,,,,ufcstats,http://ufcstats.com/fighter-details/6a11e325aa60ad02,
Sam Hughes,1992-06-28,165.1,162.6,Orthodox,,,,,,,,ufcstats,http://ufcstats.com/fighter-details/e94085e821bd81de,
Mark Hughes,1973-10-13,175.3,,Southpaw,,,,,,,,ufcstats,http://ufcstats.com/fighter-details/d62bb4d84a7267ba,
David Hulett,1980-09-07,177.8,,,,,,,,,,ufcstats,http://ufcstats.com/fighter-details/b0718335e9868cfd,
Victor Hugo,1992-11-22,170.2,180.3,Orthodox,,,,,,,,ufcstats,http://ufcstats.com/fighter-details/f264ba50b007f39e,
Dominik Humburger,1996-01-03,,,,,,,,,,,ufcstats,http://ufcstats.com/fighter-details/e4cbc82c36e47299,
Ronald Humphrey,2000-09-20,,,,,,,,,,,ufcstats,http://ufcstats.com/fighter-details/15e0d2df09025bda,
Bryan Humes,,,,,,,,,,,,ufcstats,http://ufcstats.com/fighter-details/b9c75e7fc910f587,
Abongo Humphrey,1977-05-27,180.3,,Orthodox,,,,,,,,ufcstats,http://ufcstats.com/fighter-details/cb1b4d237b0079e6,
Zevan Hunt,1998-12-08,,,,,,,,,,,ufcstats,http://ufcstats.com/fighter-details/da27d061bad0f341,
Harry Hunsucker,1989-01-03,188.0,190.5,Orthodox,,,,,,,,ufcstats,http://ufcstats.com/fighter-details/f703250471acaf96,
Alex Hunter,,175.3,,Orthodox,,,,,,,,ufcstats,http://ufcstats.com/fighter-details/baa5358456803df8,
Mark Hunt,1974-03-23,177.8,182.9,Orthodox,,,,,,,,ufcstats,http://ufcstats.com/fighter-details/eef9b891edbd4604,
Adam Hunter,1983-10-16,185.4,,Orthodox,,,,,,,,ufcstats,http://ufcstats.com/fighter-details/edc9eb3051f444fa,
Joe Hurley,1978-06-24,172.7,,,,,,,,,,ufcstats,http://ufcstats.com/fighter-details/21b54430c8eeb9cc,
Abdul Hussein,1997-08-02,170.2,170.2,Orthodox,,,,,,,,ufcstats,http://ufcstats.com/fighter-details/0e6bc8d1d6c0ad90,
Solomon Hutcherson,1972-08-31,180.3,,Southpaw,,,,,,,,ufcstats,http://ufcstats.com/fighter-details/155bfc7ed36622df,
Young Hwang,1988-09-02,175.3,,,,,,,,,,ufcstats,http://ufcstats.com/fighter-details/8588d14c4952b9fa,
Abdul Azeem Badakhshi,,,,,,,,,,,,ufcstats,http://ufcstats.com/fighter-details/968764372c49eab6,
In Su Hwang,1994-01-18,180.3,188.0,Orthodox,,,,,,,,ufcstats,http://ufcstats.com/fighter-details/1c01d986283e6acb,
Niklas Backstrom,1989-08-22,185.4,,Orthodox,,,,,,,,ufcstats,http://ufcstats.com/fighter-details/39cc64bf0a269db9,
Seth Baczynski,1981-10-26,190.5,190.5,Orthodox,,,,,,,,ufcstats,http://ufcstats.com/fighter-details/fd5b6598a3b70c0a,
Melsik Baghdasaryan,1992-01-28,175.3,177.8,Southpaw,,,,,,,,ufcstats,http://ufcstats.com/fighter-details/a52bc1e62cf0b7c6,
Ryan Bader,1983-06-07,188.0,188.0,Orthodox,,,,,,,,ufcstats,http://ufcstats.com/fighter-details/c0ab242c40decc55,
Bahatebole Batebolati,1997-09-12,172.7,180.3,Southpaw,,,,,,,,ufcstats,http://ufcstats.com/fighter-details/8f313e9c3a39c06e,
Siyar Bahadurzada,1984-04-17,180.3,185.4,Orthodox,,,,,,,,ufcstats,http://ufcstats.com/fighter-details/aec185309b4843d0,
Ignacio Bahamondes,1997-08-27,190.5,190.5,Orthodox,,,,,,,,ufcstats,http://ufcstats.com/fighter-details/e4a47b07044ddd72,
Izabela Badurek,1991-07-11,165.1,,Orthodox,,,,,,,,ufcstats,http://ufcstats.com/fighter-details/4fcf6e0c4e0e6664,
Ali Bagautinov,1985-06-10,162.6,165.1,Orthodox,,,,,,,,ufcstats,http://ufcstats.com/fighter-details/3dd92ff9fb0412b3,
Miguel Baeza,1992-08-23,188.0,188.0,Orthodox,,,,,,,,ufcstats,http://ufcstats.com/fighter-details/82d4c957649faf9b,
Mehdi Baghdad,1985-04-13,185.4,,Orthodox,,,,,,,,ufcstats,http://ufcstats.com/fighter-details/e4d2564ea0e34e2b,
Jordan Bailey,,175.3,,,,,,,,,,ufcstats,http://ufcstats.com/fighter-details/34dbcd4dbaf21a36,
Shamar Bailey,1982-09-22,175.3,190.5,Southpaw,,,,,,,,ufcstats,http://ufcstats.com/fighter-details/e2b8186b618b00c4,
Scott Baker,,182.9,,,,,,,,,,ufcstats,http://ufcstats.com/fighter-details/7d5b12de1625984e,
Eros Baluyot,1992-10-23,162.6,165.1,Orthodox,,,,,,,,ufcstats,http://ufcstats.com/fighter-details/3497f4c29654862c,
Oluwale Bamgbose,1987-08-04,180.3,198.1,Switch,,,,,,,,ufcstats,http://ufcstats.com/fighter-details/04b39f4e8eb59d7c,
Gary Balletto,1995-01-20,,,,,,,,,,,ufcstats,http://ufcstats.com/fighter-details/623f2eed9e1495af,
Jin Bala,,175.3,,,,,,,,,,ufcstats,http://ufcstats.com/fighter-details/371efa53bd0cf669,
Balajin,1992-03-31,175.3,182.9,Orthodox,,,,,,,,ufcstats,http://ufcstats.com/fighter-details/e626e92a8f2a9737,
Bryan Baker,1985-10-13,190.5,,Orthodox,,,,,,,,ufcstats,http://ufcstats.com/fighter-details/898337ef520fe4d3,
Yohan Banks,,,,,,,,,,,,ufcstats,http://ufcstats.com/fighter-details/c50ea21fe9ef478d,
Stephen Banaszak,1990-12-07,182.9,,,,,,,,,,ufcstats,http://ufcstats.com/fighter-details/4c4b44e3cf5815b3,
Humberto Bandenay,1994-09-04,180.3,180.3,Southpaw,,,,,,,,ufcstats,http://ufcstats.com/fighter-details/2c2caf2f2bab9df5,
Marcin Bandel,1989-10-10,177.8,,Orthodox,,,,,,,,ufcstats,http://ufcstats.com/fighter-details/5c2ce761399dc9c5,
Tae Hyun Bang,1983-04-15,175.3,180.3,Switch,,,,,,,,ufcstats,http://ufcstats.com/fighter-details/9a2d3567abc02e34,
Shauna Bannon,1993-10-23,165.1,165.1,Switch,,,,,,,,ufcstats,http://ufcstats.com/fighter-details/9c442aaf149ea982,
Antonio Banuelos,1979-09-23,165.1,160.0,Orthodox,,,,,,,,ufcstats,http://ufcstats.com/fighter-details/9ddfb3369a3b0394,
Iwo Baraniewski,1998-11-20,182.9,185.4,Orthodox,,,,,,,,ufcstats,http://ufcstats.com/fighter-details/1c23ec2f1b71be40,
Junior Barata,1982-01-25,177.8,,Orthodox,,,,,,,,ufcstats,http://ufcstats.com/fighter-details/06dced58ca24a6bd,
Renan Barao,1987-01-31,167.6,177.8,Orthodox,,,,,,,,ufcstats,http://ufcstats.com/fighter-details/2c99576fefe53c7c,
Bryan Barberena,1989-05-03,182.9,182.9,Southpaw,,,,,,,,ufcstats,http://ufcstats.com/fighter-details/a331233f597090a5,
Djani Barbir,1997-08-09,190.5,200.7,Orthodox,,,,,,,,ufcstats,http://ufcstats.com/fighter-details/d4baaa0630bf5798,
Dione Barbosa,1992-05-08,167.6,167.6,Orthodox,,,,,,,,ufcstats,http://ufcstats.com/fighter-details/27b388f0aab49780,
Raoni Barcelos,1987-05-01,170.2,170.2,Orthodox,,,,,,,,ufcstats,http://ufcstats.com/fighter-details/b9f28e7045fdfce7,
James Barnes,1982-05-28,172.7,180.3,Orthodox,,,,,,,,ufcstats,http://ufcstats.com/fighter-details/c06a5c95f1169c0b,
Luke Barnatt,1988-04-13,198.1,195.6,Orthodox,,,,,,,,ufcstats,http://ufcstats.com/fighter-details/172c2135e70f87b7,
Marcio Barbosa,1998-05-22,167.6,177.8,Orthodox,,,,,,,,ufcstats,http://ufcstats.com/fighter-details/c85bad793cd14e28,
Daniel Barez,1988-12-10,167.6,167.6,Orthodox,,,,,,,,ufcstats,http://ufcstats.com/fighter-details/e8fe9c15d348e778,
Maycee Barber,1998-05-18,165.1,165.1,Switch,,,,,,,,ufcstats,http://ufcstats.com/fighter-details/6a740daf1b279661,
Danny Barlow,1995-08-02,188.0,200.7,Southpaw,,,,,,,,ufcstats,http://ufcstats.com/fighter-details/b7c5eb7cdbac6a63,
Chris Barnett,1986-06-14,175.3,190.5,Orthodox,,,,,,,,ufcstats,http://ufcstats.com/fighter-details/7a5e8c94a86f9895,
Edson Barboza,1986-01-21,180.3,190.5,Orthodox,,,,,,,,ufcstats,http://ufcstats.com/fighter-details/64a50dad704d1d49,
Josh Barnett,1977-11-10,190.5,198.1,Orthodox,,,,,,,,ufcstats,http://ufcstats.com/fighter-details/ad3f53c454cbbead,
Nick Barnes,,180.3,,,,,,,,,,ufcstats,http://ufcstats.com/fighter-details/78a5eea49638685d,
Carlos Barreto,1968-07-22,193.0,,Orthodox,,,,,,,,ufcstats,http://ufcstats.com/fighter-details/a220be6d41d6f97d,
Shonte Barnes,1987-02-09,180.3,193.0,Southpaw,,,,,,,,ufcstats,http://ufcstats.com/fighter-details/e575b6ff678c1aca,
Chris Barnhizer,1987-10-25,,,,,,,,,,,ufcstats,http://ufcstats.com/fighter-details/91e69a1c3c87325b,
David Baron,1973-02-15,167.6,,Switch,,,,,,,,ufcstats,http://ufcstats.com/fighter-details/80c0bed43da0e27b,
Dan Barrera,1980-12-23,175.3,,Orthodox,,,,,,,,ufcstats,http://ufcstats.com/fighter-details/f12f979b657ab876,
Peter Barrett,1986-08-10,177.8,185.4,Southpaw,,,,,,,,ufcstats,http://ufcstats.com/fighter-details/d21113c9ff3788ae,
Phil Baroni,1976-04-16,175.3,182.9,Orthodox,,,,,,,,ufcstats,http://ufcstats.com/fighter-details/1652f3213655b935,
Jose Barreto,,,,Southpaw,,,,,,,,ufcstats,http://ufcstats.com/fighter-details/c32eab6c2119e989,
Marc-Andre Barriault,1990-02-18,185.4,188.0,Orthodox,,,,,,,,ufcstats,http://ufcstats.com/fighter-details/8e9eb3fc86db0f7d,
David Barrios,,167.6,,,,,,,,,,ufcstats,http://ufcstats.com/fighter-details/e6015889f50075d2,
Ricardo Barros,1976-03-22,185.4,,,,,,,,,,ufcstats,http://ufcstats.com/fighter-details/d26394fc0e8e880a,
Alexandre Barros,1976-11-19,175.3,,Southpaw,,,,,,,,ufcstats,http://ufcstats.com/fighter-details/8fd1f27e86661ede,
Pat Barry,1979-07-07,180.3,188.0,Orthodox,,,,,,,,ufcstats,http://ufcstats.com/fighter-details/658c3465581ae46b,
Dean Barry,1992-07-03,177.8,182.9,Orthodox,,,,,,,,ufcstats,http://ufcstats.com/fighter-details/a6f3d15cb84334bb,
Enrique Barzola,1989-04-28,170.2,177.8,Orthodox,,,,,,,,ufcstats,http://ufcstats.com/fighter-details/be0b310a12eb80b4,
Javid Basharat,1995-09-07,175.3,175.3,Orthodox,,,,,,,,ufcstats,http://ufcstats.com/fighter-details/bbab3baf66128ae2,
Austin Bashi,2001-09-29,167.6,177.8,Orthodox,,,,,,,,ufcstats,http://ufcstats.com/fighter-details/d3f89fa685bd8420,
Francimar Barroso,1980-02-28,185.4,190.5,Orthodox,,,,,,,,ufcstats,http://ufcstats.com/fighter-details/b69f24c500d783e7,
Namsrai Batbayar,2000-12-29,162.6,172.7,Orthodox,,,,,,,,ufcstats,http://ufcstats.com/fighter-details/e1f8beeb6d2d871a,
Farid Basharat,1997-08-02,172.7,180.3,Orthodox,,,,,,,,ufcstats,http://ufcstats.com/fighter-details/a09ed60aa67a3f67,
Ryan Bastianelli,1979-09-07,165.1,,,,,,,,,,ufcstats,http://ufcstats.com/fighter-details/29508aff4d93cbbe,
Stephen Bass,1982-11-14,175.3,,Orthodox,,,,,,,,ufcstats,http://ufcstats.com/fighter-details/1cecc8fe6748a532,
Sean Bassett,,,,,,,,,,,,ufcstats,http://ufcstats.com/fighter-details/2c733e059462c1dc,
Chris Beal,1985-08-06,170.2,175.3,Orthodox,,,,,,,,ufcstats,http://ufcstats.com/fighter-details/55f446032177b119,
Rudy Bears,1979-01-19,180.3,,Southpaw,,,,,,,,ufcstats,http://ufcstats.com/fighter-details/74f13066b1417ef3,
Shayna Baszler,1980-08-08,170.2,,Orthodox,,,,,,,,ufcstats,http://ufcstats.com/fighter-details/8ef4a91ac694b7ce,
Mario Bautista,1993-07-01,175.3,175.3,Switch,,,,,,,,ufcstats,http://ufcstats.com/fighter-details/bc711b6dd95c1af6,
Donovan Beard,1989-11-05,188.0,198.1,Orthodox,,,,,,,,ufcstats,http://ufcstats.com/fighter-details/3a6ac598320ca7f2,
Michel Batista,1984-04-20,190.5,,Orthodox,,,,,,,,ufcstats,http://ufcstats.com/fighter-details/34218661c44ed55d,
Salvador Becerra,,175.3,,,,,,,,,,ufcstats,http://ufcstats.com/fighter-details/4fd76e7ba8313457,
Alan Baudot,1988-02-01,190.5,200.7,Orthodox,,,,,,,,ufcstats,http://ufcstats.com/fighter-details/c9a94278df042f46,
Bryan Battle,1994-09-21,185.4,195.6,Orthodox,,,,,,,,ufcstats,http://ufcstats.com/fighter-details/f626118b6da0e020,
Ariel Beck,1990-09-16,167.6,167.6,Southpaw,,,,,,,,ufcstats,http://ufcstats.com/fighter-details/b96939f2b8d88e82,
Jeff Bedard,1970-02-06,167.6,,Orthodox,,,,,,,,ufcstats,http://ufcstats.com/fighter-details/93bf96be327fcd98,
Jack Becker,1992-12-20,177.8,180.3,Orthodox,,,,,,,,ufcstats,http://ufcstats.com/fighter-details/b5a379583673510a,
Eric Bedard,1984-09-11,188.0,,,,,,,,,,ufcstats,http://ufcstats.com/fighter-details/ce05955c26c3c090,
Johnny Bedford,1983-01-06,177.8,180.3,Orthodox,,,,,,,,ufcstats,http://ufcstats.com/fighter-details/ffc3e6daaa6da0b7,
Allan Begosso,1995-11-23,165.1,167.6,Orthodox,,,,,,,,ufcstats,http://ufcstats.com/fighter-details/d6ed764f8b78d32a,
Chase Beebe,1985-03-29,170.2,170.2,Orthodox,,,,,,,,ufcstats,http://ufcstats.com/fighter-details/b16a7e6a627e9789,
Rolando Bedoya,1997-01-13,180.3,188.0,Orthodox,,,,,,,,ufcstats,http://ufcstats.com/fighter-details/40a456a25d52ee65,
Lyle Beerbohm,1979-02-05,177.8,,Southpaw,,,,,,,,ufcstats,http://ufcstats.com/fighter-details/babc6b5745335f18,
Azamat Bekoev,1995-12-30,182.9,182.9,Orthodox,,,,,,,,ufcstats,http://ufcstats.com/fighter-details/3bc3f60b21cddc6a,
Diana Belbita,1996-06-26,170.2,172.7,Orthodox,,,,,,,,ufcstats,http://ufcstats.com/fighter-details/d7e40dca3ae125be,
Mirsad Bektic,1991-02-16,172.7,177.8,Orthodox,,,,,,,,ufcstats,http://ufcstats.com/fighter-details/cbd3e590a85b18c5,
Yousri Belgaroui,1992-06-02,198.1,200.7,Orthodox,,,,,,,,ufcstats,http://ufcstats.com/fighter-details/7674b836ce0698a0,
Vitor Belfort,1977-04-01,182.9,188.0,Southpaw,,,,,,,,ufcstats,http://ufcstats.com/fighter-details/0ee783aa00e468f0,
Rodolfo Bellato,1996-02-05,190.5,190.5,Orthodox,,,,,,,,ufcstats,http://ufcstats.com/fighter-details/69898645d600abdb,
Danilo Belluardo,1994-07-21,182.9,188.0,Southpaw,,,,,,,,ufcstats,http://ufcstats.com/fighter-details/c3f6db17cea09ca7,
Alan Belcher,1984-04-24,188.0,190.5,Orthodox,,,,,,,,ufcstats,http://ufcstats.com/fighter-details/4130a743d9d22163,
Mike Bencic,1966-07-03,182.9,,Orthodox,,,,,,,,ufcstats,http://ufcstats.com/fighter-details/a71feb7ea7592a71,
Gabriel Benitez,1988-06-15,172.7,180.3,Southpaw,,,,,,,,ufcstats,http://ufcstats.com/fighter-details/436f970c9ea9169c,
Karla Benitez,1979-02-15,160.0,,,,,,,,,,ufcstats,http://ufcstats.com/fighter-details/6104730621ff318d,
Dave Beneteau,,188.0,,Orthodox,,,,,,,,ufcstats,http://ufcstats.com/fighter-details/9fd1f08dd4aec14a,
Joey Beltran,1981-12-08,185.4,190.5,Orthodox,,,,,,,,ufcstats,http://ufcstats.com/fighter-details/46baf0f57edfa4df,
Charles Bennett,1979-11-23,172.7,,Orthodox,,,,,,,,ufcstats,http://ufcstats.com/fighter-details/8dc4f34c1f50d00d,
Joseph Benavidez,1984-07-31,162.6,165.1,Southpaw,,,,,,,,ufcstats,http://ufcstats.com/fighter-details/80eacd4da0617c57,
Marco Beltran,1986-05-18,172.7,175.3,Orthodox,,,,,,,,ufcstats,http://ufcstats.com/fighter-details/ec71a892fada28c7,
DeAnna Bennett,1984-11-18,162.6,172.7,Orthodox,,,,,,,,ufcstats,http://ufcstats.com/fighter-details/404ecb2700844072,
Josh Bennett,,193.0,,Orthodox,,,,,,,,ufcstats,http://ufcstats.com/fighter-details/c3ac8d0da7b05772,
Joe Benoit,1982-03-12,175.3,,Orthodox,,,,,,,,ufcstats,http://ufcstats.com/fighter-details/a30f6d375dea5f9b,
Benjamin Bennett,1994-05-08,182.9,185.4,Switch,,,,,,,,ufcstats,http://ufcstats.com/fighter-details/7030c27fc9778964,
Lance Benoist,1988-08-26,180.3,182.9,Southpaw,,,,,,,,ufcstats,http://ufcstats.com/fighter-details/5431dccc09118234,
Pat Benson,1974-07-14,175.3,,,,,,,,,,ufcstats,http://ufcstats.com/fighter-details/a25f3dc0df974597,
Ryan Benoit,1989-08-25,165.1,172.7,Orthodox,,,,,,,,ufcstats,http://ufcstats.com/fighter-details/20999e27ddd94bda,
Delphine Benouaich,1995-03-21,,,,,,,,,,,ufcstats,http://ufcstats.com/fighter-details/3138df4d117ebc12,
Steve Berger,1973-05-20,180.3,,Orthodox,,,,,,,,ufcstats,http://ufcstats.com/fighter-details/21b1132949f2a9b0,
Theodor Berggren,2000-04-09,180.3,190.5,Switch,,,,,,,,ufcstats,http://ufcstats.com/fighter-details/feef5f8f5629e5e7,
Len Bentley,1982-11-30,175.3,,,,,,,,,,ufcstats,http://ufcstats.com/fighter-details/592d23aed850e652,
Kenneth Bergh,1989-06-26,188.0,188.0,Orthodox,,,,,,,,ufcstats,http://ufcstats.com/fighter-details/aa8189053b3a8994,
Arlind Berisha,2000-11-05,,,,,,,,,,,ufcstats,http://ufcstats.com/fighter-details/364e7a7a1ea5e200,
Bret Bergmark,1973-11-24,175.3,,,,,,,,,,ufcstats,http://ufcstats.com/fighter-details/2891c9f7b26b26fc,
Keith Berish,1985-11-14,182.9,,Orthodox,,,,,,,,ufcstats,http://ufcstats.com/fighter-details/e3779ef06e98f185,
Manny Bermudez,1994-07-16,177.8,180.3,Orthodox,,,,,,,,ufcstats,http://ufcstats.com/fighter-details/2dc1bc1a02961656,
Dennis Bermudez,1986-12-13,167.6,167.6,Orthodox,,,,,,,,ufcstats,http://ufcstats.com/fighter-details/6f242453c91a5af0,
Talita Bernardo,1987-03-04,162.6,172.7,Orthodox,,,,,,,,ufcstats,http://ufcstats.com/fighter-details/5b2325cd70dbe2ea,
Keith Berry,1987-10-25,185.4,,,,,,,,,,ufcstats,http://ufcstats.com/fighter-details/0b935b9bbbe5fc07,
Dave Berry,,,,,,,,,,,,ufcstats,http://ufcstats.com/fighter-details/b3bbe88fecd6a0d2,
Allen Berube,1974-08-25,172.7,,Orthodox,,,,,,,,ufcstats,http://ufcstats.com/fighter-details/aebfb84d1f6d2d8c,
Edson Berto,1983-07-05,167.6,,Orthodox,,,,,,,,ufcstats,http://ufcstats.com/fighter-details/66766984842c13dc,
Anton Berzin,1989-09-29,188.0,,Orthodox,,,,,,,,ufcstats,http://ufcstats.com/fighter-details/8ba8e8d7eafa7267,
Scott Bessac,1965-10-05,193.0,,,,,,,,,,ufcstats,http://ufcstats.com/fighter-details/3f24c96753dbd9f9,
Dieusel Berto,,175.3,,,,,,,,,,ufcstats,http://ufcstats.com/fighter-details/0db70ca89e1c7374,
Chris Birchler,1987-06-05,190.5,,Switch,,,,,,,,ufcstats,http://ufcstats.com/fighter-details/8a22c6b4d29880a3,
Magomed Bibulatov,1988-08-22,165.1,165.1,Orthodox,,,,,,,,ufcstats,http://ufcstats.com/fighter-details/87f19d19f4cb73f8,
Khadzhi Bestaev,1988-07-16,198.1,193.0,,,,,,,,,ufcstats,http://ufcstats.com/fighter-details/e05f4ce199baca91,
Matt Bessette,1984-12-28,177.8,177.8,Orthodox,,,,,,,,ufcstats,http://ufcstats.com/fighter-details/0b8d512c79b4baf3,
Jonas Bilharinho,1990-05-22,180.3,190.5,Switch,,,,,,,,ufcstats,http://ufcstats.com/fighter-details/ebbf571f349e79d9,
Arjan Bhullar,1986-05-13,185.4,190.5,Orthodox,,,,,,,,ufcstats,http://ufcstats.com/fighter-details/7e511f8d842a109d,
KB Bhullar,1991-10-12,193.0,198.1,Switch,,,,,,,,ufcstats,http://ufcstats.com/fighter-details/9cd047a828dd7515,
Fernando Bettega,1980-03-10,,,,,,,,,,,ufcstats,http://ufcstats.com/fighter-details/a524710c3ef918fa,
Angad Bisht,1995-06-05,170.2,170.2,Orthodox,,,,,,,,ufcstats,http://ufcstats.com/fighter-details/7b4ae3fd439a05b6,
David Bielkheden,1979-06-06,177.8,180.3,Orthodox,,,,,,,,ufcstats,http://ufcstats.com/fighter-details/1efa064872f089d0,
Alivia Bierley,1996-09-20,,,,,,,,,,,ufcstats,http://ufcstats.com/fighter-details/f2da98858f61ca78,
Jeremiah Billington,1977-11-14,175.3,,Orthodox,,,,,,,,ufcstats,http://ufcstats.com/fighter-details/b3b6e80b7d5f8f0d,
Blake Bilder,1990-07-12,172.7,172.7,Switch,,,,,,,,ufcstats,http://ufcstats.com/fighter-details/5095b0920a3602aa,
Scott Bills,,177.8,,,,,,,,,,ufcstats,http://ufcstats.com/fighter-details/53f02bbc41d99432,
Michael Bisping,1979-02-28,185.4,190.5,Orthodox,,,,,,,,ufcstats,http://ufcstats.com/fighter-details/2b93ebd9f5417ad2,
Simon Biyong,1991-04-05,,,,,,,,,,,ufcstats,http://ufcstats.com/fighter-details/27ab7257bf6a3b65,
Caio Bittencourt,1991-05-22,182.9,190.5,Orthodox,,,,,,,,ufcstats,http://ufcstats.com/fighter-details/a653cb5eb4b39339,
Davi Bittencourt,1994-10-12,165.1,165.1,Orthodox,,,,,,,,ufcstats,http://ufcstats.com/fighter-details/dd6ec6f941c3a414,
Amaury Bitetti,1969-04-14,175.3,,Orthodox,,,,,,,,ufcstats,http://ufcstats.com/fighter-details/7a359ef685a304a7,
Anthony Birchak,1986-05-16,172.7,175.3,Orthodox,,,,,,,,ufcstats,http://ufcstats.com/fighter-details/c5a126ace82a6025,
Jan Blachowicz,1983-02-24,188.0,198.1,Orthodox,,,,,,,,ufcstats,http://ufcstats.com/fighter-details/99df7d0a2a08a8a8,
Jason Black,1972-07-15,172.7,,Orthodox,,,,,,,,ufcstats,http://ufcstats.com/fighter-details/b2f743746e8dcfa2,
Brad Blackburn,1977-05-25,177.8,185.4,Orthodox,,,,,,,,ufcstats,http://ufcstats.com/fighter-details/7e69a4b0961aa555,
Jason Blackford,,,,,,,,,,,,ufcstats,http://ufcstats.com/fighter-details/619d807fa54ae8f7,
Tom Blackledge,,,,Orthodox,,,,,,,,ufcstats,http://ufcstats.com/fighter-details/2adb11835acd815b,
Sherrard Blackledge,1993-08-16,180.3,190.5,Orthodox,,,,,,,,ufcstats,http://ufcstats.com/fighter-details/0e5c79b3594ff0ad,
Chasen Blair,1998-10-14,177.8,180.3,Orthodox,,,,,,,,ufcstats,http://ufcstats.com/fighter-details/0f4a536507f33576,
Da'Mon Blackshear,1994-08-12,177.8,182.9,Switch,,,,,,,,ufcstats,http://ufcstats.com/fighter-details/da22387a0407a2dc,
Erin Blanchfield,1999-05-04,162.6,167.6,Orthodox,,,,,,,,ufcstats,http://ufcstats.com/fighter-details/669970f7feba8ecd,
Maximo Blanco,1983-10-16,172.7,180.3,Orthodox,,,,,,,,ufcstats,http://ufcstats.com/fighter-details/4a1329cc8eb0928a,
David Blanco,,170.2,,,,,,,,,,ufcstats,http://ufcstats.com/fighter-details/ebf298f8ac7e232b,
Tereza Bleda,2001-11-30,175.3,180.3,Orthodox,,,,,,,,ufcstats,http://ufcstats.com/fighter-details/59c438c81fbf3ece,
Arlene Blencowe,1983-04-11,165.1,,,,,,,,,,ufcstats,http://ufcstats.com/fighter-details/35d6337320a4ae48,
Byron Bloodworth,1983-08-16,172.7,,Orthodox,,,,,,,,ufcstats,http://ufcstats.com/fighter-details/ecdf14f4f8643d39,
Curtis Blaydes,1991-02-18,193.0,203.2,Orthodox,,,,,,,,ufcstats,http://ufcstats.com/fighter-details/fa6796c55d6c5440,
Dashawn Boatwright,1988-02-29,182.9,,Orthodox,,,,,,,,ufcstats,http://ufcstats.com/fighter-details/046a85108610c0d2,
Dan Bobish,1970-01-26,188.0,,Southpaw,,,,,,,,ufcstats,http://ufcstats.com/fighter-details/f348d05403fad037,
Mark Bocek,1981-10-24,172.7,190.5,Orthodox,,,,,,,,ufcstats,http://ufcstats.com/fighter-details/cf9d24e4bd0cf2ce,
Jeremy Boczulak,,,,,,,,,,,,ufcstats,http://ufcstats.com/fighter-details/1afd74f8cb0719f3,
James Bochnovic,1989-02-13,193.0,205.7,Orthodox,,,,,,,,ufcstats,http://ufcstats.com/fighter-details/984d15d5dc7bfcf9,
Kyle Bochniak,1987-02-05,170.2,177.8,Orthodox,,,,,,,,ufcstats,http://ufcstats.com/fighter-details/c5af5750e8bae4f0,
Jay Bogan,,,,,,,,,,,,ufcstats,http://ufcstats.com/fighter-details/53c21779d84ceb75,
Derek Bohi,,193.0,,,,,,,,,,ufcstats,http://ufcstats.com/fighter-details/70a1c7626b5e0599,
Galore Bofando,1982-05-22,180.3,182.9,Switch,,,,,,,,ufcstats,http://ufcstats.com/fighter-details/8a56ea383fd26e52,
Tim Boetsch,1981-01-28,182.9,188.0,Orthodox,,,,,,,,ufcstats,http://ufcstats.com/fighter-details/c80095f6092271a7,
Roman Bogatov,1990-12-15,172.7,185.4,Orthodox,,,,,,,,ufcstats,http://ufcstats.com/fighter-details/d61316139d68dbe3,
Jerry Bohlander,1974-02-12,180.3,,Orthodox,,,,,,,,ufcstats,http://ufcstats.com/fighter-details/93892752c5fc23ca,
Kotetsu Boku,1977-05-27,175.3,,Orthodox,,,,,,,,ufcstats,http://ufcstats.com/fighter-details/d227958e8a0c1466,
Otgonbaatar Boldbaatar,2002-12-25,165.1,170.2,Orthodox,,,,,,,,ufcstats,http://ufcstats.com/fighter-details/3f773caad71c4131,
Mandy Bohm,1989-07-30,170.2,180.3,Orthodox,,,,,,,,ufcstats,http://ufcstats.com/fighter-details/297a2b35444c245b,
Gaston Bolanos,1992-09-14,170.2,175.3,Orthodox,,,,,,,,ufcstats,http://ufcstats.com/fighter-details/96924b0019b3aff1,
Denys Bondar,1992-06-27,167.6,175.3,Orthodox,,,,,,,,ufcstats,http://ufcstats.com/fighter-details/2526be54e6a0e62a,
Kyle Bolt,,188.0,,,,,,,,,,ufcstats,http://ufcstats.com/fighter-details/9d455d5cfe6a0e35,
Gabriel Bonfim,1997-08-20,185.4,182.9,Orthodox,,,,,,,,ufcstats,http://ufcstats.com/fighter-details/01641ba5df0c69b0,
Luc Bondole,,188.0,,,,,,,,,,ufcstats,http://ufcstats.com/fighter-details/8691881b31c16b88,
Tony Bonello,1972-10-20,188.0,,,,,,,,,,ufcstats,http://ufcstats.com/fighter-details/702a72aa7a266d86,
Ismael Bonfim,1995-12-28,172.7,180.3,Orthodox,,,,,,,,ufcstats,http://ufcstats.com/fighter-details/eb393afdbe3293d5,
Igor Borisov,1964-05-18,182.9,,Orthodox,,,,,,,,ufcstats,http://ufcstats.com/fighter-details/0313bf497de9c470,
Jesse Bongfeldt,1980-08-28,182.9,,Orthodox,,,,,,,,ufcstats,http://ufcstats.com/fighter-details/934de214814b8ff4,
Ray Borg,1993-08-04,162.6,160.0,Orthodox,,,,,,,,ufcstats,http://ufcstats.com/fighter-details/a4de54ea806fb525,
Marcos Bonilla,,177.8,,,,,,,,,,ufcstats,http://ufcstats.com/fighter-details/d311fbefff44a39b,
Stephan Bonnar,1977-04-04,193.0,200.7,Orthodox,,,,,,,,ufcstats,http://ufcstats.com/fighter-details/c6a33ff198aaaeeb,
Rogerio Bontorin,1992-04-25,165.1,170.2,Orthodox,,,,,,,,ufcstats,http://ufcstats.com/fighter-details/07a2bdaa0afdd831,
Kevin Borjas,1997-12-06,165.1,172.7,Orthodox,,,,,,,,ufcstats,http://ufcstats.com/fighter-details/34b96d52db1d26e6,
Calen Born,1988-05-24,172.7,182.9,Switch,,,,,,,,ufcstats,http://ufcstats.com/fighter-details/3c85e04b08a05751,
Viacheslav Borshchev,1992-01-08,180.3,175.3,Orthodox,,,,,,,,ufcstats,http://ufcstats.com/fighter-details/19c591115a58982c,
Caio Borralho,1993-01-16,185.4,190.5,Southpaw,,,,,,,,ufcstats,http://ufcstats.com/fighter-details/4126a78111c0855a,
Poliana Botelho,1988-12-15,172.7,170.2,Orthodox,,,,,,,,ufcstats,http://ufcstats.com/fighter-details/5c126c6aac3ef364,
Gregory Bouchelaghem,1978-03-23,188.0,,Switch,,,,,,,,ufcstats,http://ufcstats.com/fighter-details/59851163aaf1aed8,
Roy Boughton,,182.9,,,,,,,,,,ufcstats,http://ufcstats.com/fighter-details/2aaf0181432adf0b,
Francois Botha,1968-09-28,188.0,,Orthodox,,,,,,,,ufcstats,http://ufcstats.com/fighter-details/545d549d6bf87187,
Ilian Bouafia,1996-11-13,195.6,198.1,Southpaw,,,,,,,,ufcstats,http://ufcstats.com/fighter-details/d5e929c26f25f0d3,
Zachary Borrego,1996-07-18,188.0,198.1,Switch,,,,,,,,ufcstats,http://ufcstats.com/fighter-details/b8fdb2903a2582a8,
Steve Bosse,1981-07-29,180.3,182.9,Orthodox,,,,,,,,ufcstats,http://ufcstats.com/fighter-details/e023fa2e648ea0f1,
Tanner Boser,1991-08-02,188.0,190.5,Orthodox,,,,,,,,ufcstats,http://ufcstats.com/fighter-details/04c8b08b16a5b99e,
Marcus Bossett,,185.4,,Orthodox,,,,,,,,ufcstats,http://ufcstats.com/fighter-details/e8fb8e53bc2e29d6,
Chris Bostick,,,,,,,,,,,,ufcstats,http://ufcstats.com/fighter-details/239224bedeb2c7a4,
Mike Bourke,1968-11-25,182.9,,Orthodox,,,,,,,,ufcstats,http://ufcstats.com/fighter-details/dfdd0c5dd0d4bc23,
Rich Bouphanouvong,,170.2,,,,,,,,,,ufcstats,http://ufcstats.com/fighter-details/611b9c068c9e2c44,
Jess Bouscal,,,,,,,,,,,,ufcstats,http://ufcstats.com/fighter-details/38b1417ec17072da,
Tai Bowden,,180.3,,,,,,,,,,ufcstats,http://ufcstats.com/fighter-details/2efbc83a6b9b7f86,
Melton Bowen,1969-07-16,182.9,,Orthodox,,,,,,,,ufcstats,http://ufcstats.com/fighter-details/81ca2c245b19b3c5,
Kyron Bowen,1993-12-22,190.5,185.4,Orthodox,,,,,,,,ufcstats,http://ufcstats.com/fighter-details/5488b3c67600333a,
Blake Bowman,,188.0,,,,,,,,,,ufcstats,http://ufcstats.com/fighter-details/a95a0504fd73bd3e,
Roger Bowling,1982-12-05,175.3,172.7,Orthodox,,,,,,,,ufcstats,http://ufcstats.com/fighter-details/3b9f723e2720a238,
Brian Bowles,1980-06-22,170.2,177.8,Orthodox,,,,,,,,ufcstats,http://ufcstats.com/fighter-details/b26d3e3746fb4024,
Ashe Bowman,1976-11-17,175.3,,,,,,,,,,ufcstats,http://ufcstats.com/fighter-details/8a0a35e7c74bebcc,
Colley  Bradford,,170.2,,,,,,,,,,ufcstats,http://ufcstats.com/fighter-details/1433786ac76cf777,
Sean Brady,1992-11-23,177.8,182.9,Orthodox,,,,,,,,ufcstats,http://ufcstats.com/fighter-details/45f7cb591c3ab00b,
Ebenezer Fontes Braga,1969-04-14,182.9,,Orthodox,,,,,,,,ufcstats,http://ufcstats.com/fighter-details/dc950d59dc590aca,
Ramiz Brahimaj,1992-11-17,177.8,182.9,Orthodox,,,,,,,,ufcstats,http://ufcstats.com/fighter-details/3d074044a33825e7,
Anvar Boynazarov,1989-01-10,175.3,,Orthodox,,,,,,,,ufcstats,http://ufcstats.com/fighter-details/4a191f4ea2fce7fc,
Joe Brammer,1983-08-23,172.7,,Orthodox,,,,,,,,ufcstats,http://ufcstats.com/fighter-details/013da757877044a2,
Paul Bradley,1983-06-13,175.3,,Orthodox,,,,,,,,ufcstats,http://ufcstats.com/fighter-details/c7011de4765d2497,
Adam Bramhald,1994-03-24,177.8,177.8,Orthodox,,,,,,,,ufcstats,http://ufcstats.com/fighter-details/3c99bd6cb5d835ef,
David Branch,1981-09-26,185.4,198.1,Orthodox,,,,,,,,ufcstats,http://ufcstats.com/fighter-details/d2c55d1d2e67773b,
Kyle Bradley,1982-08-19,175.3,180.3,Orthodox,,,,,,,,ufcstats,http://ufcstats.com/fighter-details/a6959da32f0e6b5d,
Billy Brand,1996-07-03,167.6,165.1,Orthodox,,,,,,,,ufcstats,http://ufcstats.com/fighter-details/edae6db2b3453632,
Diego Brandao,1987-05-27,170.2,162.6,Orthodox,,,,,,,,ufcstats,http://ufcstats.com/fighter-details/c2e3e67b5911bfb7,
Michael Bravo,,,,,,,,,,,,ufcstats,http://ufcstats.com/fighter-details/dc63542668295c23,
Martin Bravo,1993-09-21,172.7,180.3,Southpaw,,,,,,,,ufcstats,http://ufcstats.com/fighter-details/9c44f290f5726d95,
Bruna Brasil,1993-09-07,167.6,165.1,Orthodox,,,,,,,,ufcstats,http://ufcstats.com/fighter-details/7138a15258dabf20,
Roman Bravo-Young,,,,,,,,,,,,ufcstats,http://ufcstats.com/fighter-details/37ce890a4670b287,
Mike Breeden,1989-04-21,177.8,177.8,Orthodox,,,,,,,,ufcstats,http://ufcstats.com/fighter-details/d80ee110748171ac,
Elves Brener,1997-09-27,177.8,182.9,Orthodox,,,,,,,,ufcstats,http://ufcstats.com/fighter-details/48a9a128784d53d1,
Tom Breese,1991-09-26,190.5,185.4,Southpaw,,,,,,,,ufcstats,http://ufcstats.com/fighter-details/1588b787bda7b540,
Charlie Brenneman,1981-02-09,177.8,177.8,Orthodox,,,,,,,,ufcstats,http://ufcstats.com/fighter-details/98f6da59d765ec94,
Marcos Brigagao,1996-04-01,190.5,193.0,Southpaw,,,,,,,,ufcstats,http://ufcstats.com/fighter-details/11547e29f253fb89,
Lucas Brennan,2000-06-03,177.8,182.9,Southpaw,,,,,,,,ufcstats,http://ufcstats.com/fighter-details/33a8708747b7f943,
Robert Breslin,,180.3,,,,,,,,,,ufcstats,http://ufcstats.com/fighter-details/e319d6697d41f3cf,
Chris Brennan,1971-10-12,172.7,,Orthodox,,,,,,,,ufcstats,http://ufcstats.com/fighter-details/b19fc66613dc75b9,
Jason Brilz,1975-07-07,180.3,180.3,Orthodox,,,,,,,,ufcstats,http://ufcstats.com/fighter-details/497ba5b12a4bfc47,
Mack Brewer,,,,,,,,,,,,ufcstats,http://ufcstats.com/fighter-details/106a925d947a0de9,
Henry Briones,1980-10-22,172.7,175.3,Orthodox,,,,,,,,ufcstats,http://ufcstats.com/fighter-details/01fcef7e3d051722,
Marcus Brimage,1985-04-06,162.6,180.3,Southpaw,,,,,,,,ufcstats,http://ufcstats.com/fighter-details/81801f57bd0a7c41,
Aaron Brink,1974-11-12,190.5,,Orthodox,,,,,,,,ufcstats,http://ufcstats.com/fighter-details/cf1a88371c8cb690,
Joanderson Brito,1995-02-11,172.7,182.9,Orthodox,,,,,,,,ufcstats,http://ufcstats.com/fighter-details/791c8437b341fba5,
Icaro Brito,1999-03-09,,,,,,,,,,,ufcstats,http://ufcstats.com/fighter-details/06dd61c8d545c63f,
Marcelo Brito,1977-11-27,185.4,,Orthodox,,,,,,,,ufcstats,http://ufcstats.com/fighter-details/3a97fda0de6f1fa4,
Kaik Brito,1997-03-26,180.3,182.9,Orthodox,,,,,,,,ufcstats,http://ufcstats.com/fighter-details/b07f14fc0e53f8bd,
Antwain Britt,1978-05-09,185.4,195.6,,,,,,,,,ufcstats,http://ufcstats.com/fighter-details/2833f50b20e96e52,
Drew Brokenshire,,,,,,,,,,,,ufcstats,http://ufcstats.com/fighter-details/aa571d75f80fde7d,
Mike Bronzoulis,1979-01-05,182.9,,,,,,,,,,ufcstats,http://ufcstats.com/fighter-details/df3c39573d01f55b,
Jonathan Brookins,1985-08-13,182.9,188.0,Southpaw,,,,,,,,ufcstats,http://ufcstats.com/fighter-details/b0a6124751a56bc4,
Will Brooks,1986-10-08,177.8,182.9,Orthodox,,,,,,,,ufcstats,http://ufcstats.com/fighter-details/b6e6c3b1dcaae0a1,
Lee Brousseau,1974-10-04,185.4,,,,,,,,,,ufcstats,http://ufcstats.com/fighter-details/0974d8d4053a7237,
Jarred Brooks,1993-05-02,160.0,157.5,Switch,,,,,,,,ufcstats,http://ufcstats.com/fighter-details/81d9df19e255b8b6,
Rob Broughton,1983-03-03,188.0,188.0,Orthodox,,,,,,,,ufcstats,http://ufcstats.com/fighter-details/a7d687e6ecb30981,
Matt Brown,1981-01-10,182.9,190.5,Orthodox,,,,,,,,ufcstats,http://ufcstats.com/fighter-details/31123249b0bbf52e,
Dominic Brown,1982-06-04,180.3,,,,,,,,,,ufcstats,http://ufcstats.com/fighter-details/52b3ec072ad497a4,
Mike Brown,1975-09-08,167.6,177.8,Orthodox,,,,,,,,ufcstats,http://ufcstats.com/fighter-details/e0b74df14f52cd15,
Todd Brown,1976-12-13,180.3,,Orthodox,,,,,,,,ufcstats,http://ufcstats.com/fighter-details/9b68bf67c5695185,
Frederick Brown,,182.9,,,,,,,,,,ufcstats,http://ufcstats.com/fighter-details/880c6b788266a3ef,
Terrell Brown,1983-04-13,,,,,,,,,,,ufcstats,http://ufcstats.com/fighter-details/85df85a4e276c90e,
Chris Brown,,,,,,,,,,,,ufcstats,http://ufcstats.com/fighter-details/9e2624ac992660c6,
TJ Brown,1990-05-22,175.3,182.9,Switch,,,,,,,,ufcstats,http://ufcstats.com/fighter-details/d31cbcdd7d69536d,
Damien Brown,1984-12-25,177.8,172.7,Orthodox,,,,,,,,ufcstats,http://ufcstats.com/fighter-details/d024ed963e8bf7ea,
Randy Brown,1990-07-08,190.5,198.1,Orthodox,,,,,,,,ufcstats,http://ufcstats.com/fighter-details/c6aee362c7a7d482,
Humberto Brown Morrison,1984-11-03,177.8,,,,,,,,,,ufcstats,http://ufcstats.com/fighter-details/e9e7e1c8ff289e1b,
Junie Browning,1984-05-12,175.3,,Orthodox,,,,,,,,ufcstats,http://ufcstats.com/fighter-details/d74cba8566291bfa,
Travis Browne,1982-07-17,198.1,200.7,Orthodox,,,,,,,,ufcstats,http://ufcstats.com/fighter-details/3236bf606fe9fa5b,
Jules Bruchez,1977-08-16,182.9,,Southpaw,,,,,,,,ufcstats,http://ufcstats.com/fighter-details/d1dcd4e96464a53d,
Justin Bruckmann,1974-07-23,175.3,,Orthodox,,,,,,,,ufcstats,http://ufcstats.com/fighter-details/5f8e00c27b7e7410,
Justin Buchholz,1983-08-22,182.9,185.4,Orthodox,,,,,,,,ufcstats,http://ufcstats.com/fighter-details/231926533134ec1f,
Steve Bruno,1981-11-03,177.8,,Orthodox,,,,,,,,ufcstats,http://ufcstats.com/fighter-details/2f3f12002564bb55,
Marcus Buchecha,1990-01-08,188.0,195.6,Orthodox,,,,,,,,ufcstats,http://ufcstats.com/fighter-details/095854a135e6db55,
Cody Brundage,1994-05-16,182.9,182.9,Orthodox,,,,,,,,ufcstats,http://ufcstats.com/fighter-details/f14f644d41ade29f,
Fernando Bruno,1982-02-24,167.6,,,,,,,,,,ufcstats,http://ufcstats.com/fighter-details/b8c0f30ee9a98b69,
Josh Bryant,1980-04-23,177.8,,Orthodox,,,,,,,,ufcstats,http://ufcstats.com/fighter-details/01f022fa494188e2,
Zak Bucia,1984-09-27,177.8,,,,,,,,,,ufcstats,http://ufcstats.com/fighter-details/6bbb8dc6e128779e,
Derek Brunson,1984-01-04,185.4,195.6,Southpaw,,,,,,,,ufcstats,http://ufcstats.com/fighter-details/b1a3e0aca758b322,
Dennis Bryant,1985-10-18,182.9,,Orthodox,,,,,,,,ufcstats,http://ufcstats.com/fighter-details/3b17353b8002c7d0,
Robert Bryczek,1990-07-04,182.9,190.5,Orthodox,,,,,,,,ufcstats,http://ufcstats.com/fighter-details/f96856f9d69fd7e4,
Lukasz Brzeski,1992-05-17,190.5,198.1,Orthodox,,,,,,,,ufcstats,http://ufcstats.com/fighter-details/0c25d0a5e8cdbf19,
Courtney Buck,1982-03-19,177.8,,Orthodox,,,,,,,,ufcstats,http://ufcstats.com/fighter-details/3feed7d02711d8b7,
Joaquin Buckley,1994-04-27,177.8,193.0,Southpaw,,,,,,,,ufcstats,http://ufcstats.com/fighter-details/b9437600497350f3,
Martin Buday,1991-11-11,193.0,195.6,Orthodox,,,,,,,,ufcstats,http://ufcstats.com/fighter-details/8eb046f83e82bf26,
Francisco Bueno,1972-12-23,175.3,,Orthodox,,,,,,,,ufcstats,http://ufcstats.com/fighter-details/a72d260b436924c4,
Julia Budd,1983-07-04,170.2,170.2,,,,,,,,,ufcstats,http://ufcstats.com/fighter-details/dcdc4503b9d49977,
Dylan Budka,2000-01-14,182.9,190.5,Switch,,,,,,,,ufcstats,http://ufcstats.com/fighter-details/a817e238b2747404,
Mike Budnik,1974-08-08,175.3,172.7,Orthodox,,,,,,,,ufcstats,http://ufcstats.com/fighter-details/b98209144b63ae26,
Mayra Bueno Silva,1991-08-22,167.6,167.6,Orthodox,,,,,,,,ufcstats,http://ufcstats.com/fighter-details/cc8c623cca88f54f,
Marek Bujlo,1992-10-10,193.0,195.6,Orthodox,,,,,,,,ufcstats,http://ufcstats.com/fighter-details/ac0874309da489b9,
Paul Buentello,1974-01-16,188.0,195.6,Orthodox,,,,,,,,ufcstats,http://ufcstats.com/fighter-details/f0abbb6f3444dae7,
Lee Kwan Bum,1986-10-12,188.0,,Orthodox,,,,,,,,ufcstats,http://ufcstats.com/fighter-details/c0342805a1948cbb,
Modestas Bukauskas,1994-02-10,190.5,193.0,Switch,,,,,,,,ufcstats,http://ufcstats.com/fighter-details/476fe566d2df676e,
Shawn Bunch,1983-03-19,165.1,,,,,,,,,,ufcstats,http://ufcstats.com/fighter-details/6e9af164ab91a229,
Josh Bumgarner,1981-05-21,185.4,,,,,,,,,,ufcstats,http://ufcstats.com/fighter-details/9900ab86a4c458bd,
Felipe Bunes,1989-10-29,170.2,175.3,Orthodox,,,,,,,,ufcstats,http://ufcstats.com/fighter-details/53c10176e3bc7416,
Shane Burgos,1991-03-19,180.3,190.5,Orthodox,,,,,,,,ufcstats,http://ufcstats.com/fighter-details/98d961097baaf308,
Josh Burns,1978-05-15,185.4,,,,,,,,,,ufcstats,http://ufcstats.com/fighter-details/1e092415a7eeaf65,
Derrick Burnsed,1980-06-09,,,,,,,,,,,ufcstats,http://ufcstats.com/fighter-details/2213330f082f82d5,
Herbert Burns,1988-02-02,175.3,185.4,Orthodox,,,,,,,,ufcstats,http://ufcstats.com/fighter-details/4f140403000158b5,
Mikey Burnett,1974-04-12,167.6,,Orthodox,,,,,,,,ufcstats,http://ufcstats.com/fighter-details/4c805f5f58a75df0,
Justin Burlinson,1997-05-19,185.4,188.0,Switch,,,,,,,,ufcstats,http://ufcstats.com/fighter-details/dadd80ef954e54ed,
Kevin Burns,1980-03-03,177.8,188.0,Orthodox,,,,,,,,ufcstats,http://ufcstats.com/fighter-details/a6d8bfe9e0c8153b,
Mads Burnell,1994-03-06,172.7,175.3,Orthodox,,,,,,,,ufcstats,http://ufcstats.com/fighter-details/69f01b25dfabaf6b,
Joshua Burkman,1980-04-10,177.8,182.9,Orthodox,,,,,,,,ufcstats,http://ufcstats.com/fighter-details/6da99156486ed6c2,
Martin Buschkamp,1991-01-06,175.3,,Orthodox,,,,,,,,ufcstats,http://ufcstats.com/fighter-details/8fc30d8cebb17116,
Gilbert Burns,1986-07-20,177.8,180.3,Orthodox,,,,,,,,ufcstats,http://ufcstats.com/fighter-details/23024fdfc966410a,
Nah-Shon Burrell,1990-02-05,180.3,,Orthodox,,,,,,,,ufcstats,http://ufcstats.com/fighter-details/2c64c035485906aa,
Nick Bustamante,,175.3,,,,,,,,,,ufcstats,http://ufcstats.com/fighter-details/51b1ca2a4b064101,
Eduardo Bustillos,1987-06-02,172.7,,,,,,,,,,ufcstats,http://ufcstats.com/fighter-details/f273f1b8df04c8a1,
Bubba Bush,1985-07-24,182.9,,Orthodox,,,,,,,,ufcstats,http://ufcstats.com/fighter-details/132505067f08c54d,
George Bush,,185.4,,,,,,,,,,ufcstats,http://ufcstats.com/fighter-details/f0c779dc2ca3816c,
Dakota Bush,1994-06-09,177.8,185.4,Orthodox,,,,,,,,ufcstats,http://ufcstats.com/fighter-details/3033c1c080672475,
Murilo Bustamante,1966-07-30,188.0,,Orthodox,,,,,,,,ufcstats,http://ufcstats.com/fighter-details/85d905f7c4f5a1af,
Jason Butcher,1984-10-23,190.5,,,,,,,,,,ufcstats,http://ufcstats.com/fighter-details/30e39145fec48d25,
Ian Butler,,172.7,,,,,,,,,,ufcstats,http://ufcstats.com/fighter-details/6b8fd98eb52363d1,
Goldman Butler,,,,,,,,,,,,ufcstats,http://ufcstats.com/fighter-details/e2d5072048b825b1,
Todd Butler,,185.4,,Southpaw,,,,,,,,ufcstats,http://ufcstats.com/fighter-details/3fed746acfd026dd,
Raphael Butler,1984-01-04,190.5,,,,,,,,,,ufcstats,http://ufcstats.com/fighter-details/f941505e35fb1eae,
Jesse Butler,1992-05-24,177.8,185.4,Orthodox,,,,,,,,ufcstats,http://ufcstats.com/fighter-details/a75a48bfe776b2c2,
JP Buys,1996-04-30,165.1,170.2,Orthodox,,,,,,,,ufcstats,http://ufcstats.com/fighter-details/0b362247806341e5,
Dennis Buzukja,1997-10-01,175.3,177.8,Switch,,,,,,,,ufcstats,http://ufcstats.com/fighter-details/c4d039123e62f6a9,
Charles Byrd,1983-10-11,177.8,185.4,Orthodox,,,,,,,,ufcstats,http://ufcstats.com/fighter-details/76ee3d666c648f6b,
Priscila Cachoeira,1988-08-19,170.2,165.1,Orthodox,,,,,,,,ufcstats,http://ufcstats.com/fighter-details/b1e5bcaad32a3cac,
Steve Byrnes,1979-08-26,182.9,,Orthodox,,,,,,,,ufcstats,http://ufcstats.com/fighter-details/43612456979e5d5e,
Michael Byrnes,1990-07-17,180.3,,,,,,,,,,ufcstats,http://ufcstats.com/fighter-details/87f0b37f153cf497,
Yan Cabral,1983-05-13,180.3,185.4,Orthodox,,,,,,,,ufcstats,http://ufcstats.com/fighter-details/7cdd3e5d3aa9cb39,
Juan Cabrera,2004-02-19,,,,,,,,,,,ufcstats,http://ufcstats.com/fighter-details/601f8439a0277670,
Vince Cachero,1989-11-07,167.6,172.7,Orthodox,,,,,,,,ufcstats,http://ufcstats.com/fighter-details/ed2a8cc402173781,
Alex Caceres,1988-06-20,177.8,185.4,Southpaw,,,,,,,,ufcstats,http://ufcstats.com/fighter-details/7aa3d6964eff4877,
Yudi Cahyadi,1992-04-01,167.6,172.7,Orthodox,,,,,,,,ufcstats,http://ufcstats.com/fighter-details/8c457cf7da551d4b,
Alvin Cacdac,,167.6,,Orthodox,,,,,,,,ufcstats,http://ufcstats.com/fighter-details/ce7871949b0ed2bf,
Travis Calanoc,,172.7,,Orthodox,,,,,,,,ufcstats,http://ufcstats.com/fighter-details/90d28fee0af74f2d,
Ricky Calatayud,1982-10-10,175.3,,,,,,,,,,ufcstats,http://ufcstats.com/fighter-details/800feaa25700a85f,
Carlos Calderon,1996-02-10,180.3,180.3,Southpaw,,,,,,,,ufcstats,http://ufcstats.com/fighter-details/7d4d7583df7eebf9,
Darrion Caldwell,1987-12-19,177.8,,,,,,,,,,ufcstats,http://ufcstats.com/fighter-details/b7dc25ee40ee8334,
Lucas Caldas,1996-05-22,172.7,177.8,Orthodox,,,,,,,,ufcstats,http://ufcstats.com/fighter-details/8661578c8bb80f51,
Taylor Callens,1991-05-21,177.8,,,,,,,,,,ufcstats,http://ufcstats.com/fighter-details/53d471e9bf5f2fc8,
Nicolle Caliari,1996-11-04,160.0,157.5,Orthodox,,,,,,,,ufcstats,http://ufcstats.com/fighter-details/fc0a4053eb8a3a59,
Lucas Camacho,1992-12-15,193.0,203.2,Orthodox,,,,,,,,ufcstats,http://ufcstats.com/fighter-details/71d25689f70e4036,
Joe Camacho,1972-03-10,175.3,,Orthodox,,,,,,,,ufcstats,http://ufcstats.com/fighter-details/dfb965c9824425db,
Frank Camacho,1989-05-18,177.8,185.4,Orthodox,,,,,,,,ufcstats,http://ufcstats.com/fighter-details/764342d39cdaa54a,
Cynthia Calvillo,1987-07-13,162.6,162.6,Orthodox,,,,,,,,ufcstats,http://ufcstats.com/fighter-details/98215d037be5bcb7,
Matheus Camilo,2001-01-02,177.8,175.3,Orthodox,,,,,,,,ufcstats,http://ufcstats.com/fighter-details/72f890c5d421e705,
Brian Camozzi,1991-06-24,188.0,198.1,Orthodox,,,,,,,,ufcstats,http://ufcstats.com/fighter-details/1999ffb5cebc314f,
Mike Campbell,1982-11-15,175.3,,Southpaw,,,,,,,,ufcstats,http://ufcstats.com/fighter-details/f5585e675af7afd4,
Ricky Camp,,170.2,,,,,,,,,,ufcstats,http://ufcstats.com/fighter-details/4a99978a0366bb29,
Fabricio Camoes,1978-12-23,177.8,180.3,Orthodox,,,,,,,,ufcstats,http://ufcstats.com/fighter-details/7abe471b61725980,
Chris Camozzi,1986-11-20,188.0,190.5,Orthodox,,,,,,,,ufcstats,http://ufcstats.com/fighter-details/6c2030e0a143a94b,
Thomas Campbell,,,,,,,,,,,,ufcstats,http://ufcstats.com/fighter-details/d060014a5a039829,
Charlie Campbell,1995-07-03,182.9,182.9,Orthodox,,,,,,,,ufcstats,http://ufcstats.com/fighter-details/b39f7a6c2be17ee8,
Shane Campbell,1987-01-21,182.9,180.3,Orthodox,,,,,,,,ufcstats,http://ufcstats.com/fighter-details/784285b7ae7dd85f,
Kitt Campbell,1994-06-26,185.4,185.4,Orthodox,,,,,,,,ufcstats,http://ufcstats.com/fighter-details/903ef36a6adc09a3,
Kurtis Campbell,2002-07-29,175.3,182.9,Switch,,,,,,,,ufcstats,http://ufcstats.com/fighter-details/9d51798e61f2e0c7,
John Campetella,,175.3,,Orthodox,,,,,,,,ufcstats,http://ufcstats.com/fighter-details/31bbd46d57dfbcb7,
Wagner Campos,1981-07-31,167.6,,Southpaw,,,,,,,,ufcstats,http://ufcstats.com/fighter-details/db6d5f691aea3fd3,
Derek Campos,1988-04-01,175.3,,,,,,,,,,ufcstats,http://ufcstats.com/fighter-details/aa8dc72b3a1f761c,
Will Campuzano,1986-05-27,175.3,177.8,Orthodox,,,,,,,,ufcstats,http://ufcstats.com/fighter-details/901cddcbfa079097,
Asbel Cancio,,177.8,,,,,,,,,,ufcstats,http://ufcstats.com/fighter-details/2a7afe14b3a0a058,
Aleksa Camur,1995-09-25,185.4,188.0,Orthodox,,,,,,,,ufcstats,http://ufcstats.com/fighter-details/c2a670b22d2e196f,
Ronaldo Candido,1989-04-24,167.6,,Southpaw,,,,,,,,ufcstats,http://ufcstats.com/fighter-details/23fbe02caabcd214,
Carlos Candelario,1991-06-04,172.7,172.7,Southpaw,,,,,,,,ufcstats,http://ufcstats.com/fighter-details/760a55d5b6098cbe,
Chico Camus,1985-01-26,167.6,167.6,Orthodox,,,,,,,,ufcstats,http://ufcstats.com/fighter-details/32be4b7f7de1c905,
Luiz Cane,1981-04-24,188.0,195.6,Southpaw,,,,,,,,ufcstats,http://ufcstats.com/fighter-details/24b033b3daf1c9df,
Guido Cannetti,1979-12-19,167.6,172.7,Southpaw,,,,,,,,ufcstats,http://ufcstats.com/fighter-details/d05412b513b19621,
Jose Canseco,1964-07-02,193.0,,Orthodox,,,,,,,,ufcstats,http://ufcstats.com/fighter-details/03da33a102d9a45f,
Cody Canterbury,,172.7,,,,,,,,,,ufcstats,http://ufcstats.com/fighter-details/23100e8f71f25a4a,
Jared Cannonier,1984-03-16,180.3,195.6,Switch,,,,,,,,ufcstats,http://ufcstats.com/fighter-details/13a0275fa13c4d26,
Bo Cantrell,1969-02-08,188.0,,Orthodox,,,,,,,,ufcstats,http://ufcstats.com/fighter-details/6750e338922a099d,
Gigi Canuto,2002-11-16,157.5,162.6,Orthodox,,,,,,,,ufcstats,http://ufcstats.com/fighter-details/651d209fa8c8cd83,
Frank Caracci,1970-02-16,,,,,,,,,,,ufcstats,http://ufcstats.com/fighter-details/44f9c777fed7ca03,
Phil Caracappa,1992-06-05,172.7,177.8,Orthodox,,,,,,,,ufcstats,http://ufcstats.com/fighter-details/bd81a97864acf098,
Steve Cantwell,1986-12-08,188.0,190.5,Orthodox,,,,,,,,ufcstats,http://ufcstats.com/fighter-details/f1f9e48a0d150757,
Paul Capaldo,1996-12-27,170.2,,,,,,,,,,ufcstats,http://ufcstats.com/fighter-details/83b8fe74224dd642,
Gina Carano,1982-04-16,172.7,,Orthodox,,,,,,,,ufcstats,http://ufcstats.com/fighter-details/899eaba48fa864a6,
Dos Caras Jr.,1977-05-25,193.0,,Orthodox,,,,,,,,ufcstats,http://ufcstats.com/fighter-details/155a02a8b4311057,
Remo Cardarelli,,,,,,,,,,,,ufcstats,http://ufcstats.com/fighter-details/e5512a6aed150d8f,
Edgar Cardenas,,,,,,,,,,,,ufcstats,http://ufcstats.com/fighter-details/99a86b134dccc166,
Bryan Caraway,1984-08-04,172.7,172.7,Orthodox,,,,,,,,ufcstats,http://ufcstats.com/fighter-details/5ef0088c1b19beeb,
Phil Cardella,1976-07-09,180.3,,,,,,,,,,ufcstats,http://ufcstats.com/fighter-details/f6a7b02c42e9fc5b,
Ronald Carillo,,,,,,,,,,,,ufcstats,http://ufcstats.com/fighter-details/cbd022eaf2ac546a,
Chris Cariaso,1981-05-27,160.0,162.6,Southpaw,,,,,,,,ufcstats,http://ufcstats.com/fighter-details/b2e3aca4cd363477,
Rafael Carino,,203.2,,Orthodox,,,,,,,,ufcstats,http://ufcstats.com/fighter-details/08a7080ff5904661,
Don Carlo-Clauss,,,,,,,,,,,,ufcstats,http://ufcstats.com/fighter-details/f59a6de8a5dfe297,
Spike Carlyle,1993-05-06,172.7,180.3,Switch,,,,,,,,ufcstats,http://ufcstats.com/fighter-details/be68b375707dcb85,
Antonio Carlos Junior,1990-03-16,188.0,200.7,Orthodox,,,,,,,,ufcstats,http://ufcstats.com/fighter-details/52e76bb4b3e852f3,
Liz Carmouche,1984-02-19,167.6,167.6,Orthodox,,,,,,,,ufcstats,http://ufcstats.com/fighter-details/51a0c09cbe9b8472,
Francis Carmont,1981-10-11,190.5,198.1,Orthodox,,,,,,,,ufcstats,http://ufcstats.com/fighter-details/3591d0d5d382a381,
Roan Carneiro,1978-06-02,180.3,193.0,Orthodox,,,,,,,,ufcstats,http://ufcstats.com/fighter-details/1c86754617d9813a,
Tim Caron,1987-07-24,185.4,,Orthodox,,,,,,,,ufcstats,http://ufcstats.com/fighter-details/b80ea4880f25c187,
Ariane Carnelossi,1992-11-17,157.5,154.9,Orthodox,,,,,,,,ufcstats,http://ufcstats.com/fighter-details/c0d5c0c95c59050b,
Luana Carolina,1993-06-11,167.6,175.3,Orthodox,,,,,,,,ufcstats,http://ufcstats.com/fighter-details/528b071cf3da7c56,
Clayton Carpenter,1996-06-09,167.6,167.6,Orthodox,,,,,,,,ufcstats,http://ufcstats.com/fighter-details/b62d5280966b2460,
Gabriel Carrasco,,167.6,,,,,,,,,,ufcstats,http://ufcstats.com/fighter-details/89ed44801968b8e3,
Cody Carrillo,,177.8,,,,,,,,,,ufcstats,http://ufcstats.com/fighter-details/9346efb4bbaedd08,
Cain Carrizosa,1986-07-22,172.7,,Orthodox,,,,,,,,ufcstats,http://ufcstats.com/fighter-details/064b7dc68d786254,
Roger Carroll,,177.8,,,,,,,,,,ufcstats,http://ufcstats.com/fighter-details/572a89dbe1f76761,
Scott Carson,,188.0,,,,,,,,,,ufcstats,http://ufcstats.com/fighter-details/1e3302f9ab6f549a,
Jonny Carson,,177.8,,,,,,,,,,ufcstats,http://ufcstats.com/fighter-details/0d49ddc07bd8c747,
Shonie Carter,1972-05-03,177.8,,Southpaw,,,,,,,,ufcstats,http://ufcstats.com/fighter-details/7b6e40a73b567072,
Bruno Carvalho,1982-06-07,172.7,,,,,,,,,,ufcstats,http://ufcstats.com/fighter-details/456c02115efc4a01,
Rafael Carvalho,1986-07-27,190.5,,,,,,,,,,ufcstats,http://ufcstats.com/fighter-details/620d8710e89cfeae,
Antonio Carvalho,1979-05-30,175.3,177.8,Orthodox,,,,,,,,ufcstats,http://ufcstats.com/fighter-details/fef3d17e27e916e7,
Jack Cartwright,1994-05-26,175.3,172.7,Orthodox,,,,,,,,ufcstats,http://ufcstats.com/fighter-details/1f592bfefb0d62a3,
Shane Carwin,1975-01-04,188.0,203.2,Orthodox,,,,,,,,ufcstats,http://ufcstats.com/fighter-details/68dd7b3783c19f9c,
Johnny Case,1989-06-28,177.8,182.9,Orthodox,,,,,,,,ufcstats,http://ufcstats.com/fighter-details/1f4b04a926ef1287,
Kevin Casey,1981-06-15,180.3,195.6,Southpaw,,,,,,,,ufcstats,http://ufcstats.com/fighter-details/8d9586726252dbf7,
Brandon Cash,,195.6,,Orthodox,,,,,,,,ufcstats,http://ufcstats.com/fighter-details/3993f7dcb7caf42a,
Cortney Casey,1987-05-05,170.2,170.2,Orthodox,,,,,,,,ufcstats,http://ufcstats.com/fighter-details/5f179af5fffeb9f6,
Bendy Casimir,1980-06-10,165.1,,Southpaw,,,,,,,,ufcstats,http://ufcstats.com/fighter-details/ec7ac09293d26c05,
Joe Cason,1988-01-19,190.5,,,,,,,,,,ufcstats,http://ufcstats.com/fighter-details/2b1c6f28039efe36,
Dwayne Cason,,177.8,,Orthodox,,,,,,,,ufcstats,http://ufcstats.com/fighter-details/31c01fbc2586a5eb,
John Castaneda,1991-12-18,167.6,180.3,Switch,,,,,,,,ufcstats,http://ufcstats.com/fighter-details/5fa2974cbd18e05c,
Eric Castile,,172.7,,,,,,,,,,ufcstats,http://ufcstats.com/fighter-details/a0a69dc9914ef6e1,
Jenna Castillo,1982-05-05,157.5,,,,,,,,,,ufcstats,http://ufcstats.com/fighter-details/e680418329c84ec4,
Raul Castillo,,180.3,,Orthodox,,,,,,,,ufcstats,http://ufcstats.com/fighter-details/feeae92f951f49a9,
Gil Castillo,1965-10-21,175.3,,Southpaw,,,,,,,,ufcstats,http://ufcstats.com/fighter-details/31ceaf0e670c1578,
Danny Castillo,1979-08-25,175.3,180.3,Orthodox,,,,,,,,ufcstats,http://ufcstats.com/fighter-details/d1e7fc58d4225cdf,
Tim Catalfo,,180.3,,Orthodox,,,,,,,,ufcstats,http://ufcstats.com/fighter-details/6ca68b636fbc1f18,
Nick Catone,1981-09-01,182.9,182.9,Southpaw,,,,,,,,ufcstats,http://ufcstats.com/fighter-details/f8fe2053d73d7bcf,
Luke Caudillo,1980-11-30,170.2,,Orthodox,,,,,,,,ufcstats,http://ufcstats.com/fighter-details/68d76fd9ecf7431d,
Jacqueline Cavalcanti,1997-08-29,172.7,177.8,Orthodox,,,,,,,,ufcstats,http://ufcstats.com/fighter-details/e3964ece586e0635,
Igor Cavalcanti,1997-10-10,180.3,200.7,Orthodox,,,,,,,,ufcstats,http://ufcstats.com/fighter-details/9c3de7f8966326de,
Gesias Cavalcante,1983-07-06,172.7,180.3,Orthodox,,,,,,,,ufcstats,http://ufcstats.com/fighter-details/2a74bbba57058f12,
Magnus Cedenblad,1982-04-10,195.6,200.7,Orthodox,,,,,,,,ufcstats,http://ufcstats.com/fighter-details/0e21976afc92e4d1,
Rafael Cavalcante,1980-04-14,185.4,188.0,Orthodox,,,,,,,,ufcstats,http://ufcstats.com/fighter-details/5c1ca0c72b599a3c,
Henry Cejudo,1987-02-09,162.6,162.6,Orthodox,,,,,,,,ufcstats,http://ufcstats.com/fighter-details/056c493bbd76a918,
Adam Cella,1985-06-26,188.0,,,,,,,,,,ufcstats,http://ufcstats.com/fighter-details/b27b8881d7444114,
Vinicius Cenci,1995-11-24,185.4,188.0,Orthodox,,,,,,,,ufcstats,http://ufcstats.com/fighter-details/f21a152aaa3e95c6,
Vlasto Cepo,1995-01-25,182.9,185.4,Orthodox,,,,,,,,ufcstats,http://ufcstats.com/fighter-details/025c1ee70b2cedf4,
Yosdenis Cedeno,1985-02-12,172.7,175.3,Orthodox,,,,,,,,ufcstats,http://ufcstats.com/fighter-details/3e61082025db8137,
Katlyn Cerminara,1988-12-28,175.3,172.7,Orthodox,,,,,,,,ufcstats,http://ufcstats.com/fighter-details/e872e9a9a902c045,
Jared Chaffee,1984-12-15,177.8,,,,,,,,,,ufcstats,http://ufcstats.com/fighter-details/fdf59144e535bc38,
Rafael Cerqueira,1990-03-15,190.5,193.0,Southpaw,,,,,,,,ufcstats,http://ufcstats.com/fighter-details/09a4447655fd4b7b,
Luan Chagas,1993-06-17,182.9,190.5,Orthodox,,,,,,,,ufcstats,http://ufcstats.com/fighter-details/9ccf8371fd80d45d,
Ansar Chalangov,1979-10-30,175.3,,Orthodox,,,,,,,,ufcstats,http://ufcstats.com/fighter-details/7342fcc41a4817fa,
Dagiisuren Chagnaadorj,1999-12-31,172.7,180.3,Orthodox,,,,,,,,ufcstats,http://ufcstats.com/fighter-details/70186298465de3f3,
Edgar Chairez,1996-01-27,170.2,180.3,Orthodox,,,,,,,,ufcstats,http://ufcstats.com/fighter-details/5ef94841c4bc3f86,
Donald Cerrone,1983-03-29,185.4,185.4,Orthodox,,,,,,,,ufcstats,http://ufcstats.com/fighter-details/1d00756835ca67c9,
Eduardo Chapolin,1995-11-23,170.2,170.2,Orthodox,,,,,,,,ufcstats,http://ufcstats.com/fighter-details/62f3039da2f92a8c,
Donnie Chappell,,180.3,,Southpaw,,,,,,,,ufcstats,http://ufcstats.com/fighter-details/8788beb528894f33,
Morgan Charriere,1995-10-26,172.7,175.3,Orthodox,,,,,,,,ufcstats,http://ufcstats.com/fighter-details/5b03b61f9d90125e,
Alex Chambers,1978-10-25,160.0,160.0,Southpaw,,,,,,,,ufcstats,http://ufcstats.com/fighter-details/26b63bc5c0c1f65d,
Chelsea Chandler,1990-11-23,172.7,172.7,Southpaw,,,,,,,,ufcstats,http://ufcstats.com/fighter-details/af9efbfd63d39734,
Michael Chandler,1986-04-24,172.7,180.3,Orthodox,,,,,,,,ufcstats,http://ufcstats.com/fighter-details/4b93a88f3b1de35b,
Emilio Chavez,,175.3,,,,,,,,,,ufcstats,http://ufcstats.com/fighter-details/84e8920e59ff14a7,
Gabriel Checco,1986-04-03,185.4,,Switch,,,,,,,,ufcstats,http://ufcstats.com/fighter-details/9c5f7d5c6d084b35,
Danny Chavez,1987-03-14,172.7,170.2,Orthodox,,,,,,,,ufcstats,http://ufcstats.com/fighter-details/0de720c0f1d4ab9c,
Joe Charles,,185.4,,Southpaw,,,,,,,,ufcstats,http://ufcstats.com/fighter-details/19ffeb5e3fffd6d5,
Dan Charles,1985-09-24,188.0,,,,,,,,,,ufcstats,http://ufcstats.com/fighter-details/32a4f1235f0dad73,
Ion Cherdivara,,,,,,,,,,,,ufcstats,http://ufcstats.com/fighter-details/c713a845360d604b,
Jeisla Chaves,1997-02-02,167.6,172.7,Orthodox,,,,,,,,ufcstats,http://ufcstats.com/fighter-details/8061a3136026a673,
Ernest Chavez,1983-06-27,172.7,177.8,Orthodox,,,,,,,,ufcstats,http://ufcstats.com/fighter-details/b406da701c479076,
Mark Cherico,1986-05-12,170.2,175.3,Orthodox,,,,,,,,ufcstats,http://ufcstats.com/fighter-details/79a193111e3bc99b,
Giga Chikadze,1988-08-25,182.9,188.0,Orthodox,,,,,,,,ufcstats,http://ufcstats.com/fighter-details/9560ff14eb3129f7,
Khamzat Chimaev,1994-05-01,188.0,190.5,Orthodox,,,,,,,,ufcstats,http://ufcstats.com/fighter-details/767755fd74662dbf,
Macy Chiasson,1991-07-27,180.3,182.9,Orthodox,,,,,,,,ufcstats,http://ufcstats.com/fighter-details/9cdd2da1a9104a0b,
Michael Chiesa,1987-12-07,185.4,190.5,Southpaw,,,,,,,,ufcstats,http://ufcstats.com/fighter-details/c58f51dedb310998,
Albert Cheng,1985-02-07,180.3,,Orthodox,,,,,,,,ufcstats,http://ufcstats.com/fighter-details/d8d7b24d276c8cb0,
Fabio Cherant,1994-11-25,185.4,188.0,Southpaw,,,,,,,,ufcstats,http://ufcstats.com/fighter-details/78a68f1dade6aaf7,
Mu Bae Choi,1970-06-27,188.0,,Orthodox,,,,,,,,ufcstats,http://ufcstats.com/fighter-details/371a1c91b24dec2b,
SeungWoo Choi,1992-11-03,182.9,188.0,Orthodox,,,,,,,,ufcstats,http://ufcstats.com/fighter-details/a68575214ecad140,
Sako Chivitchian,1984-03-11,180.3,,Orthodox,,,,,,,,ufcstats,http://ufcstats.com/fighter-details/9f7787e56a6bc0f4,
Hong Man Choi,1980-10-30,218.4,,Orthodox,,,,,,,,ufcstats,http://ufcstats.com/fighter-details/2c104b7e59a72629,
Dooho Choi,1991-04-10,177.8,177.8,Orthodox,,,,,,,,ufcstats,http://ufcstats.com/fighter-details/e93b04e308913c2e,
DongHun Choi,1999-01-02,165.1,167.6,Switch,,,,,,,,ufcstats,http://ufcstats.com/fighter-details/3be16d817b36098b,
Levan Chokheli,1996-10-02,180.3,182.9,Orthodox,,,,,,,,ufcstats,http://ufcstats.com/fighter-details/a69a7120cf26669d,
Mark Choinski,1995-10-22,172.7,175.3,Orthodox,,,,,,,,ufcstats,http://ufcstats.com/fighter-details/001eb2ab0f30e7ea,
John Cholish,1983-12-17,180.3,188.0,Orthodox,,,,,,,,ufcstats,http://ufcstats.com/fighter-details/03c9994c5b8958ec,
SeungGuk Choi,1996-12-26,167.6,162.6,Orthodox,,,,,,,,ufcstats,http://ufcstats.com/fighter-details/adccbc19b22e19af,
Will Chope,1990-09-08,193.0,,Switch,,,,,,,,ufcstats,http://ufcstats.com/fighter-details/db5dc7cb80d7d418,
Ryo Chonan,1976-10-08,175.3,177.8,Orthodox,,,,,,,,ufcstats,http://ufcstats.com/fighter-details/55a7b2d4e54ffac9,
Joachim Christensen,1978-11-07,190.5,193.0,Orthodox,,,,,,,,ufcstats,http://ufcstats.com/fighter-details/2d447cc91bdaa545,
Cody Chovancek,1998-07-24,172.7,170.2,Switch,,,,,,,,ufcstats,http://ufcstats.com/fighter-details/3c4320a1b6106611,
Kevin Christian,1995-01-21,200.7,203.2,Orthodox,,,,,,,,ufcstats,http://ufcstats.com/fighter-details/7e9b36a9847db116,
Anthony Christodoulou,1987-07-30,175.3,,Orthodox,,,,,,,,ufcstats,http://ufcstats.com/fighter-details/4f11e9ce318ffbcb,
Murad Chunkaiev,,180.3,,Orthodox,,,,,,,,ufcstats,http://ufcstats.com/fighter-details/d4a12dfa4067742f,
Dan Christison,1972-04-26,203.2,,Orthodox,,,,,,,,ufcstats,http://ufcstats.com/fighter-details/b369533a577fa97c,
Cameron Church,1990-09-27,180.3,182.9,Orthodox,,,,,,,,ufcstats,http://ufcstats.com/fighter-details/f197ce0cbe69996d,
Misha Cirkunov,1987-02-27,190.5,195.6,Orthodox,,,,,,,,ufcstats,http://ufcstats.com/fighter-details/67f272324a030d00,
Steven Ciaccio,,182.9,,,,,,,,,,ufcstats,http://ufcstats.com/fighter-details/eaebaa6801338ea1,
Branko Cikatic,1954-10-03,185.4,,Orthodox,,,,,,,,ufcstats,http://ufcstats.com/fighter-details/4e5bbc4566049cbf,
Nikolajus Cilkinas,,,,Orthodox,,,,,,,,ufcstats,http://ufcstats.com/fighter-details/3f3550bf126a5721,
Mike Ciesnolevicz,1979-10-28,182.9,,Orthodox,,,,,,,,ufcstats,http://ufcstats.com/fighter-details/51b0bb73a1da34bc,
Hannah Cifers,1992-06-26,154.9,157.5,Orthodox,,,,,,,,ufcstats,http://ufcstats.com/fighter-details/2244d9a2b64b8c3b,
Logan Clark,1985-02-16,188.0,,Orthodox,,,,,,,,ufcstats,http://ufcstats.com/fighter-details/6776260cb0aef647,
Mychal Clark,,190.5,,Orthodox,,,,,,,,ufcstats,http://ufcstats.com/fighter-details/69108cb8b32efe04,
Johnny Cisneros,1980-02-05,180.3,,,,,,,,,,ufcstats,http://ufcstats.com/fighter-details/42611508ba8c3298,
Mark Climaco,1997-11-06,162.6,165.1,Southpaw,,,,,,,,ufcstats,http://ufcstats.com/fighter-details/60098849c703e389,
Sean Clancy Jr.,2002-11-25,,,,,,,,,,,ufcstats,http://ufcstats.com/fighter-details/c02862a5f6d3fbd0,
Laverne Clark,1973-12-02,180.3,,Orthodox,,,,,,,,ufcstats,http://ufcstats.com/fighter-details/1c2f2571b18791b6,
Shannon Clark,1992-07-07,165.1,162.6,Orthodox,,,,,,,,ufcstats,http://ufcstats.com/fighter-details/7ae36b3791e0969a,
Devin Clark,1990-04-12,182.9,190.5,Orthodox,,,,,,,,ufcstats,http://ufcstats.com/fighter-details/cc7040fe76f0ef91,
Dominic Clark,1985-08-01,177.8,,,,,,,,,,ufcstats,http://ufcstats.com/fighter-details/8a64b3f87ad29d1e,
Charlie Cleveland,1997-12-30,,,,,,,,,,,ufcstats,http://ufcstats.com/fighter-details/a221b4812b0e7364,
Heather Clark,1980-09-19,167.6,162.6,Orthodox,,,,,,,,ufcstats,http://ufcstats.com/fighter-details/dd4c16777fb2ccf9,
Jessica-Rose Clark,1987-11-28,165.1,162.6,Orthodox,,,,,,,,ufcstats,http://ufcstats.com/fighter-details/6c8072b61c276e67,
Chris Clements,1976-02-09,177.8,177.8,Orthodox,,,,,,,,ufcstats,http://ufcstats.com/fighter-details/e5ecaf884b6da2bc,
Josh Clopton,1981-07-11,167.6,,Orthodox,,,,,,,,ufcstats,http://ufcstats.com/fighter-details/48e96d9cea6d4ab0,
RJ Clifford,,,,,,,,,,,,ufcstats,http://ufcstats.com/fighter-details/8e32bfcff3ec1717,
Brian Cobb,1980-09-03,180.3,,Orthodox,,,,,,,,ufcstats,http://ufcstats.com/fighter-details/3138fab619faf4d1,
John Clarke,1977-08-15,,,,,,,,,,,ufcstats,http://ufcstats.com/fighter-details/a77c71a574132188,
Rich Clementi,1976-03-31,175.3,182.9,Southpaw,,,,,,,,ufcstats,http://ufcstats.com/fighter-details/7d21de9c6d7c98b2,
Darryl Cobb,1980-08-04,175.3,,,,,,,,,,ufcstats,http://ufcstats.com/fighter-details/dc6d8256ee3dfba5,
Mitch Clarke,1985-11-24,177.8,185.4,Orthodox,,,,,,,,ufcstats,http://ufcstats.com/fighter-details/c76ec2bc3a57666a,
Dakota Cochrane,1986-05-01,172.7,,,,,,,,,,ufcstats,http://ufcstats.com/fighter-details/8fa7e0bc052185ce,
Dave Cochran,1973-05-10,167.6,,,,,,,,,,ufcstats,http://ufcstats.com/fighter-details/6dbb1107de9a4a08,
Marc Cofer,1972-03-03,,,,,,,,,,,ufcstats,http://ufcstats.com/fighter-details/e90d9d0681270953,
Marloes Coenen,1981-03-31,175.3,170.2,,,,,,,,,ufcstats,http://ufcstats.com/fighter-details/0b77a05bcbd2de74,
John Cofer,1984-04-29,175.3,,Southpaw,,,,,,,,ufcstats,http://ufcstats.com/fighter-details/8b260672a21d1fd6,
Chris Coggins,,,,,,,,,,,,ufcstats,http://ufcstats.com/fighter-details/a0c29b13f7a5df32,
Wayne Cole,1971-01-06,185.4,,Orthodox,,,,,,,,ufcstats,http://ufcstats.com/fighter-details/2eab7a6c8b0ed8cc,
Felipe Colares,1994-03-31,172.7,175.3,Orthodox,,,,,,,,ufcstats,http://ufcstats.com/fighter-details/dbac0a413af64bbe,
Ivan Cole,1990-11-30,175.3,,,,,,,,,,ufcstats,http://ufcstats.com/fighter-details/987b80f57190d6d0,
Coltin Cole,1989-04-24,,,,,,,,,,,ufcstats,http://ufcstats.com/fighter-details/cecd72feb0d640e3,
Chandler Cole,1995-01-09,177.8,182.9,Orthodox,,,,,,,,ufcstats,http://ufcstats.com/fighter-details/5d8a9c95af50280a,
Devin Cole,1976-10-01,193.0,,Orthodox,,,,,,,,ufcstats,http://ufcstats.com/fighter-details/1174782eacde9b0c,
Cortez Coleman,1982-01-28,185.4,,,,,,,,,,ufcstats,http://ufcstats.com/fighter-details/ffb20ae0db47ebe6,
Mark Coleman,1964-12-20,185.4,190.5,Orthodox,,,,,,,,ufcstats,http://ufcstats.com/fighter-details/21b8a0f5c231096f,
Roque Conceicao,1999-10-27,162.6,170.2,Orthodox,,,,,,,,ufcstats,http://ufcstats.com/fighter-details/b4ebc1539a08054b,
Shane Collins,2000-03-08,175.3,180.3,Orthodox,,,,,,,,ufcstats,http://ufcstats.com/fighter-details/70fc8214822b5a85,
Willian Colorado,1986-06-21,177.8,182.9,,,,,,,,,ufcstats,http://ufcstats.com/fighter-details/dfc7f0a2d91ad337,
Clay Collard,1993-03-10,180.3,185.4,Orthodox,,,,,,,,ufcstats,http://ufcstats.com/fighter-details/cc900c6a71ed23f3,
Christian Colombo,1980-07-01,195.6,,Orthodox,,,,,,,,ufcstats,http://ufcstats.com/fighter-details/9123c54d0a2b72dd,
Jamie Colleen,1985-11-02,160.0,165.1,Orthodox,,,,,,,,ufcstats,http://ufcstats.com/fighter-details/6b64db453edf4c50,
Jake Collier,1988-10-25,190.5,198.1,Orthodox,,,,,,,,ufcstats,http://ufcstats.com/fighter-details/92fa1401b7927da3,
Wes Combs,1973-06-18,188.0,,Orthodox,,,,,,,,ufcstats,http://ufcstats.com/fighter-details/a85998eb79650b2c,
Rose Conceicao,1997-05-13,139.7,165.1,Orthodox,,,,,,,,ufcstats,http://ufcstats.com/fighter-details/a76c07e8e4c76e9a,
Jack Congdon,1997-05-21,188.0,190.5,Switch,,,,,,,,ufcstats,http://ufcstats.com/fighter-details/c44530d3969134a3,
Carlos Condit,1984-04-26,188.0,190.5,Orthodox,,,,,,,,ufcstats,http://ufcstats.com/fighter-details/f9f07bb5a43535ed,
Bob Cook,,175.3,,Orthodox,,,,,,,,ufcstats,http://ufcstats.com/fighter-details/1c061eb6e29eaa0a,
Chris Condo,,182.9,,Orthodox,,,,,,,,ufcstats,http://ufcstats.com/fighter-details/41e77dc504a192c6,
Chad Cook,1979-11-07,188.0,,,,,,,,,,ufcstats,http://ufcstats.com/fighter-details/e6daf9cdbf0da889,
Mike Cook,1981-10-07,185.4,,Orthodox,,,,,,,,ufcstats,http://ufcstats.com/fighter-details/3ab0df1ddd5f1dc2,
Dewey Cooper,1974-11-10,,,,,,,,,,,ufcstats,http://ufcstats.com/fighter-details/5efaaf313b652dd7,
Marcos Conrado Jr.,1982-03-14,188.0,,Orthodox,,,,,,,,ufcstats,http://ufcstats.com/fighter-details/d450769115a193c2,
Jonathan Contrestano,,,,,,,,,,,,ufcstats,http://ufcstats.com/fighter-details/06d4eb8123087123,
Tristan Connelly,1985-12-12,177.8,172.7,Orthodox,,,,,,,,ufcstats,http://ufcstats.com/fighter-details/2ebfbe72ed703925,
Jeremiah Constant,1974-07-19,185.4,,Orthodox,,,,,,,,ufcstats,http://ufcstats.com/fighter-details/18f5669a92e99d92,
Callum Connor,,,,,,,,,,,,ufcstats,http://ufcstats.com/fighter-details/6ab620a6b7e80a72,
TJ Cook,1982-09-08,,,,,,,,,,,ufcstats,http://ufcstats.com/fighter-details/fa238ecfd048f7d8,
Brett Cooper,1987-07-02,182.9,,Orthodox,,,,,,,,ufcstats,http://ufcstats.com/fighter-details/88ffe9745e218dd8,
Josh Copeland,1982-10-20,185.4,,Orthodox,,,,,,,,ufcstats,http://ufcstats.com/fighter-details/3aa794cbe1e3484b,
Michael Cora,1989-08-24,185.4,195.6,Southpaw,,,,,,,,ufcstats,http://ufcstats.com/fighter-details/2b91eff985b532cd,
Akira Corassani,1982-08-27,172.7,172.7,Orthodox,,,,,,,,ufcstats,http://ufcstats.com/fighter-details/3f52ce18fb98008f,
Bobby Cooper,,185.4,,,,,,,,,,ufcstats,http://ufcstats.com/fighter-details/1b51895e5572cfda,
Bill Cooper,1984-05-05,,,,,,,,,,,ufcstats,http://ufcstats.com/fighter-details/78bd6940d093fd33,
Kit Cope,1977-03-17,182.9,,Orthodox,,,,,,,,ufcstats,http://ufcstats.com/fighter-details/ce47f49e5c386a9c,
Amanda Cooper,1991-10-22,160.0,162.6,Switch,,,,,,,,ufcstats,http://ufcstats.com/fighter-details/d4a31850a7457f1b,
Chris Cope,1983-03-05,182.9,182.9,Orthodox,,,,,,,,ufcstats,http://ufcstats.com/fighter-details/8c8c92a12621d7e0,
Muhsin Corbbrey,1978-05-18,177.8,,Orthodox,,,,,,,,ufcstats,http://ufcstats.com/fighter-details/1f9344211ca7fd60,
Alden Coria,1998-04-24,172.7,170.2,Orthodox,,,,,,,,ufcstats,http://ufcstats.com/fighter-details/5e9ca8dd7d783a75,
Nora Cornolle,1989-12-06,170.2,170.2,Orthodox,,,,,,,,ufcstats,http://ufcstats.com/fighter-details/f2b3f4ef3f780168,
Daniel Cormier,1979-03-20,180.3,182.9,Orthodox,,,,,,,,ufcstats,http://ufcstats.com/fighter-details/d967f0128c323de6,
Henry Corrales,,175.3,,,,,,,,,,ufcstats,http://ufcstats.com/fighter-details/7cb0946d51b8cde7,
Clint Coronel,1981-06-15,,,,,,,,,,,ufcstats,http://ufcstats.com/fighter-details/fe67cd6423f7a8ad,
Wesley Correira,1978-11-11,190.5,,Orthodox,,,,,,,,ufcstats,http://ufcstats.com/fighter-details/4e9fb05d7e5e61b8,
Bethe Correia,1983-06-22,165.1,162.6,Orthodox,,,,,,,,ufcstats,http://ufcstats.com/fighter-details/673ea7dcc786b1b3,
Tracy Cortez,1993-12-10,165.1,165.1,Orthodox,,,,,,,,ufcstats,http://ufcstats.com/fighter-details/68d4a891e5cf2029,
Reyes Cortez Jr.,1992-07-31,170.2,172.7,Orthodox,,,,,,,,ufcstats,http://ufcstats.com/fighter-details/1a7d44196949577c,
Chad Corvin,,195.6,,,,,,,,,,ufcstats,http://ufcstats.com/fighter-details/1267b631db78665a,
Waldo Cortes Acosta,1991-10-03,193.0,198.1,Orthodox,,,,,,,,ufcstats,http://ufcstats.com/fighter-details/fc08099550072fe4,
Orion Cosce,1994-07-15,180.3,180.3,Switch,,,,,,,,ufcstats,http://ufcstats.com/fighter-details/2c010b26a3306969,
Louis Cosce,1995-08-27,175.3,180.3,Orthodox,,,,,,,,ufcstats,http://ufcstats.com/fighter-details/afe8d5b39ff7fca2,
Miguel Cosio,1981-02-18,193.0,,,,,,,,,,ufcstats,http://ufcstats.com/fighter-details/d150c6fbdb7687f4,
Jadson Costa,1980-11-18,170.2,,Orthodox,,,,,,,,ufcstats,http://ufcstats.com/fighter-details/222d6b547de2e035,
Guilherme Costa,,,,,,,,,,,,ufcstats,http://ufcstats.com/fighter-details/28877eddb1c0b967,
Randy Couture,1963-06-22,185.4,190.5,Orthodox,,,,,,,,ufcstats,http://ufcstats.com/fighter-details/0aa92558424ced9e,
Randy Costa,1994-07-06,175.3,185.4,Switch,,,,,,,,ufcstats,http://ufcstats.com/fighter-details/325ad0dd9126d3df,
Paulo Costa,1991-04-21,185.4,182.9,Orthodox,,,,,,,,ufcstats,http://ufcstats.com/fighter-details/2e5c2aa8e4ab9d82,
Oscar Cota,1984-10-15,182.9,182.9,Orthodox,,,,,,,,ufcstats,http://ufcstats.com/fighter-details/f584a6e0b5b74604,
Melquizael Costa,1996-09-14,177.8,180.3,Southpaw,,,,,,,,ufcstats,http://ufcstats.com/fighter-details/20bccc9bb4ceb23e,
Alessandro Costa,1996-01-28,162.6,170.2,Orthodox,,,,,,,,ufcstats,http://ufcstats.com/fighter-details/3fa97913cfd205d3,
Patrick Cote,1980-02-29,180.3,190.5,Orthodox,,,,,,,,ufcstats,http://ufcstats.com/fighter-details/9fa3bd637edd9aa2,
JR Coughran,1994-05-17,167.6,,Orthodox,,,,,,,,ufcstats,http://ufcstats.com/fighter-details/8112c9a23dccc759,
JC Cottrell,1989-11-04,175.3,,Orthodox,,,,,,,,ufcstats,http://ufcstats.com/fighter-details/3ec1e4ba98c9c85a,
Vitor Costa,2000-09-19,188.0,190.5,Orthodox,,,,,,,,ufcstats,http://ufcstats.com/fighter-details/c41cbb5bf944ca54,
Rashad Coulter,1981-11-27,180.3,193.0,Orthodox,,,,,,,,ufcstats,http://ufcstats.com/fighter-details/d1528ac5675558b1,
Dave Courchaine,1983-02-08,172.7,,,,,,,,,,ufcstats,http://ufcstats.com/fighter-details/79ab17db3b40831a,
Nathan Coy,1978-07-24,177.8,175.3,Southpaw,,,,,,,,ufcstats,http://ufcstats.com/fighter-details/15ec018d144710db,
Hailey Cowan,1992-02-12,172.7,170.2,Southpaw,,,,,,,,ufcstats,http://ufcstats.com/fighter-details/3c26c420584d912d,
Kim Couture,1975-12-18,172.7,,Orthodox,,,,,,,,ufcstats,http://ufcstats.com/fighter-details/84c43f0d25f15b0b,
Jeff Cox,1968-08-02,177.8,,Orthodox,,,,,,,,ufcstats,http://ufcstats.com/fighter-details/c9bbf1a0285a8076,
Nikk Covert,1969-08-04,172.7,,,,,,,,,,ufcstats,http://ufcstats.com/fighter-details/400c7b43c86d27d3,
Ryan Couture,1982-08-27,177.8,185.4,Orthodox,,,,,,,,ufcstats,http://ufcstats.com/fighter-details/46fd223e3ced39b3,
Colby Covington,1988-02-22,180.3,182.9,Orthodox,,,,,,,,ufcstats,http://ufcstats.com/fighter-details/dc9572dd6ec74859,
Dan Cramer,1985-10-31,188.0,,Orthodox,,,,,,,,ufcstats,http://ufcstats.com/fighter-details/480b702debcb5433,
Alberto Crane,1976-07-14,165.1,,Orthodox,,,,,,,,ufcstats,http://ufcstats.com/fighter-details/25433871e4eee0f4,
Andrew Craig,1986-01-15,185.4,193.0,Orthodox,,,,,,,,ufcstats,http://ufcstats.com/fighter-details/8a70ceb3edbe757b,
Tim Credeur,1977-07-09,190.5,190.5,Orthodox,,,,,,,,ufcstats,http://ufcstats.com/fighter-details/89b8d1bf1ff09d1d,
Paul Craig,1987-11-27,190.5,193.0,Orthodox,,,,,,,,ufcstats,http://ufcstats.com/fighter-details/eabf206b162b3b83,
Helena Crevar,,,,,,,,,,,,ufcstats,http://ufcstats.com/fighter-details/a8c3ce469cb8b130,
Paul Creighton,1970-06-04,167.6,,Southpaw,,,,,,,,ufcstats,http://ufcstats.com/fighter-details/ed73c85164a5f5a4,
Alexander Crispim,,,,,,,,,,,,ufcstats,http://ufcstats.com/fighter-details/15dedd05f8bcb475,
Melissa Croden,1991-04-12,175.3,172.7,Orthodox,,,,,,,,ufcstats,http://ufcstats.com/fighter-details/51e2f44a8dbf6984,
Jeff Crotty,,,,,,,,,,,,ufcstats,http://ufcstats.com/fighter-details/98601a40e9d96047,
Alex Crispin,,,,,,,,,,,,ufcstats,http://ufcstats.com/fighter-details/8944a0f9b2f0ce6d,
Kevin Croom,1987-07-15,180.3,185.4,Orthodox,,,,,,,,ufcstats,http://ufcstats.com/fighter-details/35b3772629e27a49,
Allen Crowder,1989-11-08,190.5,193.0,Orthodox,,,,,,,,ufcstats,http://ufcstats.com/fighter-details/a9d6e047ce48ab63,
Ken Cross,1994-10-04,182.9,182.9,Southpaw,,,,,,,,ufcstats,http://ufcstats.com/fighter-details/923767209632e08a,
Kiefer Crosbie,1990-04-05,180.3,177.8,Switch,,,,,,,,ufcstats,http://ufcstats.com/fighter-details/4729c93ba705a3bf,
Aalon Cruz,1989-09-20,182.9,198.1,Switch,,,,,,,,ufcstats,http://ufcstats.com/fighter-details/003d82fa384ca1d0,
Marcio Cruz,1978-04-24,193.0,,Orthodox,,,,,,,,ufcstats,http://ufcstats.com/fighter-details/6aa1cbc1466e9a0b,
Timmy Cuamba,1999-02-08,175.3,180.3,Orthodox,,,,,,,,ufcstats,http://ufcstats.com/fighter-details/0e46690e55a8df75,
Jimmy Crute,1996-03-04,188.0,188.0,Orthodox,,,,,,,,ufcstats,http://ufcstats.com/fighter-details/70e1f8a821b72c8b,
Dominick Cruz,1985-03-09,172.7,172.7,Orthodox,,,,,,,,ufcstats,http://ufcstats.com/fighter-details/10f3ba6cd2f44a97,
Josh Culibao,1994-05-24,177.8,185.4,Orthodox,,,,,,,,ufcstats,http://ufcstats.com/fighter-details/6751eacd16bd59bc,
Richard Crunkilton,1979-11-25,170.2,,Orthodox,,,,,,,,ufcstats,http://ufcstats.com/fighter-details/22ee260735da0d58,
Daron Cruickshank,1985-06-11,172.7,182.9,Switch,,,,,,,,ufcstats,http://ufcstats.com/fighter-details/5f99b2bafb10305f,
Chris Culley,1986-03-25,,,,,,,,,,,ufcstats,http://ufcstats.com/fighter-details/e59b13321562eed3,
Abel Cullum,1987-04-21,170.2,,Orthodox,,,,,,,,ufcstats,http://ufcstats.com/fighter-details/2f8f3c69522db931,
Jay Cucciniello,1986-07-23,170.2,,Orthodox,,,,,,,,ufcstats,http://ufcstats.com/fighter-details/683ea28a198936fe,
Emilio Cuellar,,,,,,,,,,,,ufcstats,http://ufcstats.com/fighter-details/3aeb69b4a13ff0e8,
Hugo Cunha,1993-02-04,190.5,200.7,Orthodox,,,,,,,,ufcstats,http://ufcstats.com/fighter-details/46a17755f80f63e8,
Tommy Cuozzi Jr.,1999-08-31,175.3,180.3,Orthodox,,,,,,,,ufcstats,http://ufcstats.com/fighter-details/eb49fe2f85ae9526,
Santo Curatolo,1995-01-18,160.0,157.5,Southpaw,,,,,,,,ufcstats,http://ufcstats.com/fighter-details/b8b765e320a8db39,
Alton Cunningham,1993-06-24,188.0,195.6,Orthodox,,,,,,,,ufcstats,http://ufcstats.com/fighter-details/305bde44ff664788,
AJ Cunningham,1994-09-07,177.8,180.3,Orthodox,,,,,,,,ufcstats,http://ufcstats.com/fighter-details/d1053e55f00e53fe,
Larry Cureton,,188.0,,Orthodox,,,,,,,,ufcstats,http://ufcstats.com/fighter-details/46f11d15c0134fe3,
Everett Cummings,,,,,,,,,,,,ufcstats,http://ufcstats.com/fighter-details/05e4be525cb3578c,
Jeff Curran,1977-09-02,167.6,175.3,Orthodox,,,,,,,,ufcstats,http://ufcstats.com/fighter-details/a8ea84cbe1655f0a,
Zak Cummings,1984-08-02,182.9,190.5,Southpaw,,,,,,,,ufcstats,http://ufcstats.com/fighter-details/4ba8d454f762005d,
Luke Cummo,1980-04-27,182.9,188.0,Orthodox,,,,,,,,ufcstats,http://ufcstats.com/fighter-details/93ce4ac89e3d7652,
Patrick Cummins,1980-11-16,188.0,193.0,Orthodox,,,,,,,,ufcstats,http://ufcstats.com/fighter-details/e51e5cb722bd47a8,
Pat Curran,1987-08-31,175.3,,,,,,,,,,ufcstats,http://ufcstats.com/fighter-details/d8291d0dd63da29c,
Kailin Curran,1991-04-11,162.6,165.1,Orthodox,,,,,,,,ufcstats,http://ufcstats.com/fighter-details/05b43e0ead3df345,
Minoki Ichihara,1968-06-30,170.2,,Orthodox,,,,,,,,ufcstats,http://ufcstats.com/fighter-details/4565d435005319c0,
Alibi Idiris,1994-10-22,167.6,172.7,Orthodox,,,,,,,,ufcstats,http://ufcstats.com/fighter-details/30cad5a751adcb48,
Khadis Ibragimov,1995-05-21,190.5,198.1,Orthodox,,,,,,,,ufcstats,http://ufcstats.com/fighter-details/c3218c810959d279,
Al Iaquinta,1987-04-30,177.8,177.8,Orthodox,,,,,,,,ufcstats,http://ufcstats.com/fighter-details/59279a7c978f7da0,
Will Currie,1998-11-12,190.5,193.0,Switch,,,,,,,,ufcstats,http://ufcstats.com/fighter-details/b8ff02d5703eca3a,
Chris Curtis,1987-07-15,177.8,190.5,Orthodox,,,,,,,,ufcstats,http://ufcstats.com/fighter-details/5442f1bc4b47eaf3,
Matty Iann,2000-10-26,,,,,,,,,,,ufcstats,http://ufcstats.com/fighter-details/031c06c8210e357c,
Gleidson Cutis,1989-02-07,175.3,,Orthodox,,,,,,,,ufcstats,http://ufcstats.com/fighter-details/44a94bbde42246e4,
Ion Cutelaba,1993-12-14,185.4,190.5,Southpaw,,,,,,,,ufcstats,http://ufcstats.com/fighter-details/cd13728ae1151f46,
Sergey Ignatov,1971-10-13,175.3,,Orthodox,,,,,,,,ufcstats,http://ufcstats.com/fighter-details/df9e9c1f65805d29,
Valeri Ignatov,,175.3,,Orthodox,,,,,,,,ufcstats,http://ufcstats.com/fighter-details/7b6ce3a9460565b5,
Masakazu Imanari,1976-02-10,162.6,,Southpaw,,,,,,,,ufcstats,http://ufcstats.com/fighter-details/a4dd5c9a75763295,
Dan Ige,1991-08-06,170.2,180.3,Orthodox,,,,,,,,ufcstats,http://ufcstats.com/fighter-details/82a5152216251682,
Mikhail Iloukhine,1966-11-21,175.3,,Orthodox,,,,,,,,ufcstats,http://ufcstats.com/fighter-details/b71667c778b6d9e5,
Zelim Imadaev,1995-01-25,182.9,193.0,Orthodox,,,,,,,,ufcstats,http://ufcstats.com/fighter-details/7f0f171414d0a287,
Kento Imai,1999-08-10,,,,,,,,,,,ufcstats,http://ufcstats.com/fighter-details/3abe2b6b2d9b7efc,
Seichi Ikemoto,1975-08-24,180.3,,Orthodox,,,,,,,,ufcstats,http://ufcstats.com/fighter-details/81f38d1640c4e70d,
Fabiano Iha,1970-07-28,172.7,,Orthodox,,,,,,,,ufcstats,http://ufcstats.com/fighter-details/263ebd4a669e1e98,
Yusuke Imamura,1976-08-08,172.7,,Orthodox,,,,,,,,ufcstats,http://ufcstats.com/fighter-details/2ce6541127b0e232,
Katsuya Inoue,1979-08-10,175.3,,Southpaw,,,,,,,,ufcstats,http://ufcstats.com/fighter-details/b5882371e2a3900d,
Chris Inman,,,,,,,,,,,,ufcstats,http://ufcstats.com/fighter-details/f0a381ba65d2a933,
Guto Inocente,1986-05-29,190.5,,Orthodox,,,,,,,,ufcstats,http://ufcstats.com/fighter-details/e7fe5315b1efeb92,
Egan Inoue,1965-07-04,175.3,,Southpaw,,,,,,,,ufcstats,http://ufcstats.com/fighter-details/37a6c95201592fea,
Chris Indich,1987-04-22,177.8,,,,,,,,,,ufcstats,http://ufcstats.com/fighter-details/d5b7fac960e58920,
Enson Inoue,1967-04-15,177.8,,Orthodox,,,,,,,,ufcstats,http://ufcstats.com/fighter-details/0cf935519d439ba6,
Michael Imperato,1989-09-01,170.2,167.6,Switch,,,,,,,,ufcstats,http://ufcstats.com/fighter-details/59e52d56bab2b1ee,
Rui Imura,1999-03-24,177.8,175.3,Southpaw,,,,,,,,ufcstats,http://ufcstats.com/fighter-details/bb56173e2275e622,
Brad Imes,1977-03-13,200.7,,Orthodox,,,,,,,,ufcstats,http://ufcstats.com/fighter-details/4908c5ee68a50ee5,
Takeshi Inoue,1980-03-18,172.7,,,,,,,,,,ufcstats,http://ufcstats.com/fighter-details/a61a0cd2829e5d4e,
Nassourdine Imavov,1996-03-01,190.5,190.5,Orthodox,,,,,,,,ufcstats,http://ufcstats.com/fighter-details/881bf86d4cba8578,
Naoki Inoue,1997-06-14,175.3,180.3,Orthodox,,,,,,,,ufcstats,http://ufcstats.com/fighter-details/199eb7cf6ae90294,
Jorge Interiano,,185.4,,,,,,,,,,ufcstats,http://ufcstats.com/fighter-details/1e75e6c9de99fa76,
Jason Ireland,1979-12-30,175.3,,Southpaw,,,,,,,,ufcstats,http://ufcstats.com/fighter-details/05a0556072931f01,
James Irvin,1978-09-12,188.0,190.5,Orthodox,,,,,,,,ufcstats,http://ufcstats.com/fighter-details/a7f4d0902bb64092,
Eric Irvin,1986-01-10,172.7,,,,,,,,,,ufcstats,http://ufcstats.com/fighter-details/a47c2a6e24757932,
Issa Isakov,1989-10-22,175.3,177.8,Orthodox,,,,,,,,ufcstats,http://ufcstats.com/fighter-details/e9095aeb36f2aeb8,
Teruto Ishihara,1991-07-23,170.2,175.3,Southpaw,,,,,,,,ufcstats,http://ufcstats.com/fighter-details/88cd34d836b4ebcd,
Mitsuhiro Ishida,1978-12-29,167.6,,Southpaw,,,,,,,,ufcstats,http://ufcstats.com/fighter-details/82f5c81f4e3c3eb5,
Eiji Ishikawa,1979-10-12,177.8,,,,,,,,,,ufcstats,http://ufcstats.com/fighter-details/eb89dc31949a1427,
Yuki Ishikawa,1967-02-08,180.3,,Orthodox,,,,,,,,ufcstats,http://ufcstats.com/fighter-details/119ebea97e914dcf,
Satoshi Ishii,1986-12-19,180.3,,Orthodox,,,,,,,,ufcstats,http://ufcstats.com/fighter-details/c8a49ff2acb6f3c5,
Tokimitsu Ishizawa,1968-08-05,182.9,,Orthodox,,,,,,,,ufcstats,http://ufcstats.com/fighter-details/f3155a94ca420126,
Leandro Issa,1983-09-19,170.2,175.3,Orthodox,,,,,,,,ufcstats,http://ufcstats.com/fighter-details/d1e1fdcea7c8a90a,
Wallid Ismail,1968-02-23,170.2,,Orthodox,,,,,,,,ufcstats,http://ufcstats.com/fighter-details/da6dfd09cca1d705,
Damir Ismagulov,1991-02-03,177.8,188.0,Orthodox,,,,,,,,ufcstats,http://ufcstats.com/fighter-details/135d124172a0bea3,
Kuya Ito,1996-10-07,165.1,167.6,Orthodox,,,,,,,,ufcstats,http://ufcstats.com/fighter-details/f647247f0d9f3b50,
Anthony Ivy,1990-01-23,188.0,188.0,Orthodox,,,,,,,,ufcstats,http://ufcstats.com/fighter-details/3c5005b66696d790,
Blagoy Ivanov,1986-10-09,180.3,185.4,Southpaw,,,,,,,,ufcstats,http://ufcstats.com/fighter-details/1788eee370f077b7,
Tomomi Iwama,1977-02-07,160.0,,Orthodox,,,,,,,,ufcstats,http://ufcstats.com/fighter-details/ac5f67109accb482,
Taiga Iwasaki,1997-07-07,185.4,185.4,Orthodox,,,,,,,,ufcstats,http://ufcstats.com/fighter-details/5b08af4fbc987f9c,
Yoislandy Izquierdo,1984-01-09,180.3,,Southpaw,,,,,,,,ufcstats,http://ufcstats.com/fighter-details/afc2a7ce0c763bd5,
Tatsuya Iwasaki,1969-06-20,175.3,,Orthodox,,,,,,,,ufcstats,http://ufcstats.com/fighter-details/243b07fc65ccbb16,
Saygid Izagakhmaev,1994-09-03,182.9,188.0,Orthodox,,,,,,,,ufcstats,http://ufcstats.com/fighter-details/de26d906f2874dd4,
Hiroshi Izumi,1982-06-22,,,Orthodox,,,,,,,,ufcstats,http://ufcstats.com/fighter-details/53e4e21f4c688801,
Yukiya Naito,1977-02-28,185.4,,Orthodox,,,,,,,,ufcstats,http://ufcstats.com/fighter-details/7be328bb3c2ea22e,
Katsuhiko Nagata,1973-10-31,170.2,,Southpaw,,,,,,,,ufcstats,http://ufcstats.com/fighter-details/d5ae8074631762fc,
Yuji Nagata,1968-04-24,182.9,,Orthodox,,,,,,,,ufcstats,http://ufcstats.com/fighter-details/e49c2db95e572dc8,
Greg Nagy,1983-10-18,185.4,,Orthodox,,,,,,,,ufcstats,http://ufcstats.com/fighter-details/342422bb6ced1e8d,
Logan Nail,1989-06-20,,,,,,,,,,,ufcstats,http://ufcstats.com/fighter-details/47e0b5833e6bc91a,
Yura Naito,1996-04-26,182.9,188.0,Orthodox,,,,,,,,ufcstats,http://ufcstats.com/fighter-details/50c469e0cb73be10,
Muhammad Naimov,1994-08-07,175.3,177.8,Orthodox,,,,,,,,ufcstats,http://ufcstats.com/fighter-details/8d11d9c13e2ccdf7,
Andrews Nakahara,1983-03-12,185.4,,Orthodox,,,,,,,,ufcstats,http://ufcstats.com/fighter-details/7a9ca95a92d7b64c,
Rin Nakai,1986-10-22,154.9,,Orthodox,,,,,,,,ufcstats,http://ufcstats.com/fighter-details/f9ae6914f604aa9f,
Yusaku Nakamura,1986-06-21,165.1,,,,,,,,,,ufcstats,http://ufcstats.com/fighter-details/03e8df49c4a059ba,
Daisuke Nakamura,1980-06-10,170.2,,Orthodox,,,,,,,,ufcstats,http://ufcstats.com/fighter-details/a196332ee4aa8a82,
Keita Nakamura,1984-05-22,180.3,185.4,Southpaw,,,,,,,,ufcstats,http://ufcstats.com/fighter-details/65ddc8a9ac4e8531,
Kazuhiro Nakamura,1979-07-16,180.3,177.8,Orthodox,,,,,,,,ufcstats,http://ufcstats.com/fighter-details/b034747dc1d15491,
Rinya Nakamura,1995-03-23,170.2,172.7,Southpaw,,,,,,,,ufcstats,http://ufcstats.com/fighter-details/d8c811df0386d5e8,
Nad Narimani,1987-04-14,172.7,177.8,Orthodox,,,,,,,,ufcstats,http://ufcstats.com/fighter-details/776a58a67665a171,
Mandel Nallo,1989-07-26,182.9,190.5,Orthodox,,,,,,,,ufcstats,http://ufcstats.com/fighter-details/8f4528c10bd34fab,
Yoshihiro Nakao,1972-06-25,182.9,,Southpaw,,,,,,,,ufcstats,http://ufcstats.com/fighter-details/e18012194473e8b0,
Tokitaka Nakanishi,1996-07-28,167.6,167.6,Orthodox,,,,,,,,ufcstats,http://ufcstats.com/fighter-details/eb9446a4f44e19cf,
Keiichiro Nakamura,1998-12-02,177.8,177.8,Southpaw,,,,,,,,ufcstats,http://ufcstats.com/fighter-details/3618e0632ecdba9c,
Yui Chul Nam,1981-07-16,175.3,,Orthodox,,,,,,,,ufcstats,http://ufcstats.com/fighter-details/a00ec21cfbba17b6,
Allan Nascimento,1991-09-11,172.7,175.3,Orthodox,,,,,,,,ufcstats,http://ufcstats.com/fighter-details/253076a23d03dcd0,
Jutaro Nakao,1970-11-30,175.3,,Southpaw,,,,,,,,ufcstats,http://ufcstats.com/fighter-details/95eb112a85601a0a,
Jefferson Nascimento,1998-11-19,172.7,177.8,Orthodox,,,,,,,,ufcstats,http://ufcstats.com/fighter-details/4b85abc5abbe657c,
Rodrigo Nascimento,1992-11-26,188.0,203.2,Orthodox,,,,,,,,ufcstats,http://ufcstats.com/fighter-details/d31a5546c0e9b213,
Tyson Nam,1983-10-06,170.2,172.7,Orthodox,,,,,,,,ufcstats,http://ufcstats.com/fighter-details/6e00cfffd54653c4,
Yasuhito Namekawa,1974-10-27,175.3,,Orthodox,,,,,,,,ufcstats,http://ufcstats.com/fighter-details/6083f497c22cc075,
Roger Narvaez,1983-09-09,190.5,,Southpaw,,,,,,,,ufcstats,http://ufcstats.com/fighter-details/3a12a2f096a6d975,
Rose Namajunas,1992-06-29,165.1,165.1,Orthodox,,,,,,,,ufcstats,http://ufcstats.com/fighter-details/47b63240018d5d86,
Reza Nasri,,180.3,,Orthodox,,,,,,,,ufcstats,http://ufcstats.com/fighter-details/d41937647eae9a34,
Pawel Nastula,1970-06-26,182.9,,Southpaw,,,,,,,,ufcstats,http://ufcstats.com/fighter-details/154a6b3ffae264cd,
Rafael Natal,1982-12-25,182.9,195.6,Orthodox,,,,,,,,ufcstats,http://ufcstats.com/fighter-details/0dba4df5f34d5ff0,
Nasrudin Nasrudinov,1991-10-06,182.9,180.3,Orthodox,,,,,,,,ufcstats,http://ufcstats.com/fighter-details/769fa803bf9d2e3b,
Fabio Nascimento,1981-03-18,177.8,,Orthodox,,,,,,,,ufcstats,http://ufcstats.com/fighter-details/307064d3e0f036c2,
Stanislav Nedkov,1981-12-09,180.3,180.3,Orthodox,,,,,,,,ufcstats,http://ufcstats.com/fighter-details/1d4bbaabd8b60173,
Danny Navarro,1983-05-27,177.8,,,,,,,,,,ufcstats,http://ufcstats.com/fighter-details/618f72750ec50b05,
Bobby Nash,1990-03-26,182.9,188.0,Orthodox,,,,,,,,ufcstats,http://ufcstats.com/fighter-details/7dfb56f24fe5ddea,
Ismail Naurdiev,1996-08-18,177.8,188.0,Orthodox,,,,,,,,ufcstats,http://ufcstats.com/fighter-details/6a96ad1bc34fb113,
Tafon Nchukwi,1994-10-14,182.9,195.6,Orthodox,,,,,,,,ufcstats,http://ufcstats.com/fighter-details/6aae253467e8f9ce,
Kevin Natividad,1993-04-02,167.6,177.8,Orthodox,,,,,,,,ufcstats,http://ufcstats.com/fighter-details/0c258d1d8e16e5f1,
Joe Neal,1986-07-29,167.6,,,,,,,,,,ufcstats,http://ufcstats.com/fighter-details/5751267660c734cb,
Josh Neer,1983-03-24,180.3,182.9,Orthodox,,,,,,,,ufcstats,http://ufcstats.com/fighter-details/d1a1314976c50bef,
Marcio Navarro,1978-09-17,182.9,,,,,,,,,,ufcstats,http://ufcstats.com/fighter-details/52f7d300738961ac,
Dustin Neace,1986-09-12,175.3,175.3,,,,,,,,,ufcstats,http://ufcstats.com/fighter-details/e503aa5c252a1b4d,
Josh Neal,,182.9,,,,,,,,,,ufcstats,http://ufcstats.com/fighter-details/0b534765dca35e71,
Mario Neto,,182.9,,Orthodox,,,,,,,,ufcstats,http://ufcstats.com/fighter-details/1209b5134401ca53,
Geoff Neal,1990-08-28,180.3,190.5,Southpaw,,,,,,,,ufcstats,http://ufcstats.com/fighter-details/b997be68943010fc,
Nicolae Negumereanu,1994-09-04,182.9,198.1,Orthodox,,,,,,,,ufcstats,http://ufcstats.com/fighter-details/8c57c7b8c3bab0eb,
Steve Nelmark,,182.9,,Orthodox,,,,,,,,ufcstats,http://ufcstats.com/fighter-details/13e62d766b709aa6,
Shane Nelson,1984-11-29,175.3,177.8,Southpaw,,,,,,,,ufcstats,http://ufcstats.com/fighter-details/2db7fa8db6bc9632,
Gunnar Nelson,1988-07-28,180.3,182.9,Switch,,,,,,,,ufcstats,http://ufcstats.com/fighter-details/fd55393021a8c255,
Roy Nelson,1976-06-20,182.9,185.4,Orthodox,,,,,,,,ufcstats,http://ufcstats.com/fighter-details/3f7c14c7eca7195d,
Lissette Neri,1987-08-05,157.5,,,,,,,,,,ufcstats,http://ufcstats.com/fighter-details/f4db63258ecf0613,
Cameron Nelson,1998-07-28,,,,,,,,,,,ufcstats,http://ufcstats.com/fighter-details/34d4cae19105eb68,
Kyle Nelson,1991-04-20,180.3,180.3,Switch,,,,,,,,ufcstats,http://ufcstats.com/fighter-details/31f8081c7600da93,
Julio Cesar Neves Jr.,1994-04-25,172.7,,,,,,,,,,ufcstats,http://ufcstats.com/fighter-details/195d0d3e14a2e256,
Jeff Newton,1966-12-11,188.0,,Sideways,,,,,,,,ufcstats,http://ufcstats.com/fighter-details/94609dd91731d428,
Antonio Braga Neto,1987-10-29,190.5,195.6,Orthodox,,,,,,,,ufcstats,http://ufcstats.com/fighter-details/fae67903c4fe636b,
Francis Ngannou,1986-09-05,193.0,210.8,Orthodox,,,,,,,,ufcstats,http://ufcstats.com/fighter-details/8d03ce87ca14e778,
Nick Newell,1986-03-17,177.8,,Southpaw,,,,,,,,ufcstats,http://ufcstats.com/fighter-details/f562238becb9ec50,
Eduardo Neves,2000-03-16,188.0,198.1,Orthodox,,,,,,,,ufcstats,http://ufcstats.com/fighter-details/1d688fa375d9431c,
Journey Newson,1989-03-07,165.1,170.2,Orthodox,,,,,,,,ufcstats,http://ufcstats.com/fighter-details/78f485f851891d68,
Alex Nicholson,1990-05-02,193.0,195.6,Orthodox,,,,,,,,ufcstats,http://ufcstats.com/fighter-details/2b6d855c6e280fb1,
Bo Nickal,1996-01-14,185.4,193.0,Southpaw,,,,,,,,ufcstats,http://ufcstats.com/fighter-details/35673bf5204524ee,
Carlos Newton,1976-08-17,175.3,,Orthodox,,,,,,,,ufcstats,http://ufcstats.com/fighter-details/952f6fa06f25a0ec,
Emanuel Newton,1984-01-02,185.4,,,,,,,,,,ufcstats,http://ufcstats.com/fighter-details/fbbbc68d368832fa,
Nghiem Van Y,1999-05-15,170.2,172.7,Orthodox,,,,,,,,ufcstats,http://ufcstats.com/fighter-details/fd08d6536b7b91f0,
Stewart Nicoll,1994-11-04,165.1,165.1,Orthodox,,,,,,,,ufcstats,http://ufcstats.com/fighter-details/2bd98ab77a8daa75,
Ben Nguyen,1988-08-03,165.1,165.1,Switch,,,,,,,,ufcstats,http://ufcstats.com/fighter-details/840d2c82ea68b9aa,
Steven Nguyen,1993-05-19,180.3,185.4,Switch,,,,,,,,ufcstats,http://ufcstats.com/fighter-details/69037fc7730e4225,
Khomkrit Niimi,,157.5,,,,,,,,,,ufcstats,http://ufcstats.com/fighter-details/52a003d768f10d91,
Jaimelene Nievera,1984-10-28,165.1,,Orthodox,,,,,,,,ufcstats,http://ufcstats.com/fighter-details/3edf45e1717fa764,
Tom Niinimaki,1982-07-25,175.3,175.3,Orthodox,,,,,,,,ufcstats,http://ufcstats.com/fighter-details/5fceb45939fc0c8a,
Matheus Nicolau,1993-01-06,167.6,167.6,Orthodox,,,,,,,,ufcstats,http://ufcstats.com/fighter-details/1a31ef98efce7a79,
Borislav Nikolic,1993-01-29,175.3,182.9,Orthodox,,,,,,,,ufcstats,http://ufcstats.com/fighter-details/5f926979c980b87e,
Mats Nilsson,1983-12-05,185.4,,Orthodox,,,,,,,,ufcstats,http://ufcstats.com/fighter-details/a9bcf8717dd12532,
Fedor Nikolov,,,,,,,,,,,,ufcstats,http://ufcstats.com/fighter-details/346f789951e85f3f,
Mike Nickels,1971-12-13,193.0,,Orthodox,,,,,,,,ufcstats,http://ufcstats.com/fighter-details/330ec26453c44a59,
Jack Nilson,,,,,,,,,,,,ufcstats,http://ufcstats.com/fighter-details/53e533db1b8e9712,
Hans Nijman,1959-10-23,182.9,,Switch,,,,,,,,ufcstats,http://ufcstats.com/fighter-details/4956f60b7fa57c1a,
Ramsey Nijem,1988-04-01,180.3,190.5,Orthodox,,,,,,,,ufcstats,http://ufcstats.com/fighter-details/22aa91e402d0fe1f,
Yamato Nishikawa,2002-12-06,170.2,,Orthodox,,,,,,,,ufcstats,http://ufcstats.com/fighter-details/7beecbe0a08cf002,
Akiyo Nishiura,1983-08-08,172.7,,Southpaw,,,,,,,,ufcstats,http://ufcstats.com/fighter-details/6c9383ffab2725a5,
Yosuke Nishijima,1973-05-15,175.3,,Orthodox,,,,,,,,ufcstats,http://ufcstats.com/fighter-details/5cde96e0a1a1fffe,
Anthony Njokuani,1980-03-01,185.4,190.5,Orthodox,,,,,,,,ufcstats,http://ufcstats.com/fighter-details/6bf5a7d3e081ade2,
Guangyou Ning,1981-12-15,162.6,162.6,Southpaw,,,,,,,,ufcstats,http://ufcstats.com/fighter-details/2c1170b825f58e57,
Soichi Nishida,1967-03-02,180.3,,Orthodox,,,,,,,,ufcstats,http://ufcstats.com/fighter-details/6810d8d2dd557cf9,
Kyle Noblitt,1989-12-26,188.0,,,,,,,,,,ufcstats,http://ufcstats.com/fighter-details/4acf03bdec2025d7,
Derrick Noble,1978-08-14,175.3,,Southpaw,,,,,,,,ufcstats,http://ufcstats.com/fighter-details/21321cdfba797c52,
Chidi Njokuani,1988-12-31,190.5,203.2,Orthodox,,,,,,,,ufcstats,http://ufcstats.com/fighter-details/c68c68efaa5ca6ef,
Pedro Nobre,1986-02-13,165.1,,,,,,,,,,ufcstats,http://ufcstats.com/fighter-details/e983c62faf677ab2,
Talita Nogueira,1985-10-13,177.8,,,,,,,,,,ufcstats,http://ufcstats.com/fighter-details/a3d1d060f9af97fe,
Alexandre Franca Nogueira,1978-01-15,170.2,,Orthodox,,,,,,,,ufcstats,http://ufcstats.com/fighter-details/4c27ca8c8481f79a,
Jacob Noe,1980-07-29,,,,,,,,,,,ufcstats,http://ufcstats.com/fighter-details/9bff1b4c37ebbede,
Kyle Noke,1980-03-18,185.4,193.0,Southpaw,,,,,,,,ufcstats,http://ufcstats.com/fighter-details/7339d340aa2889cb,
Rogerio Nogueira,1976-06-02,188.0,190.5,Southpaw,,,,,,,,ufcstats,http://ufcstats.com/fighter-details/73e09f837f3b5ecc,
Antonio Rodrigo Nogueira,1976-06-02,190.5,195.6,Orthodox,,,,,,,,ufcstats,http://ufcstats.com/fighter-details/ee9d73f4fee9cbdd,
Tom Nolan,2000-03-08,190.5,185.4,Southpaw,,,,,,,,ufcstats,http://ufcstats.com/fighter-details/6c3b2525436cf5d4,
Nick Nolte,1981-03-04,182.9,,,,,,,,,,ufcstats,http://ufcstats.com/fighter-details/d665de9b4da87c22,
Eric Nolan,1997-09-13,188.0,188.0,Orthodox,,,,,,,,ufcstats,http://ufcstats.com/fighter-details/64b12fe31be7560c,
Scott Norton,1973-03-15,177.8,,Orthodox,,,,,,,,ufcstats,http://ufcstats.com/fighter-details/f21a3d68fb9df387,
Sage Northcutt,1996-03-01,182.9,180.3,Orthodox,,,,,,,,ufcstats,http://ufcstats.com/fighter-details/ed9d8ee3a4239b1c,
Amanda Nunes,1988-05-30,172.7,175.3,Orthodox,,,,,,,,ufcstats,http://ufcstats.com/fighter-details/80fa8218c99f9c58,
KJ Noons,1982-12-07,177.8,177.8,Orthodox,,,,,,,,ufcstats,http://ufcstats.com/fighter-details/b7ffa72aa148599a,
Norbert Novenyi,1999-10-06,,,,,,,,,,,ufcstats,http://ufcstats.com/fighter-details/770108c77e4bcfd8,
Jason Novelli,1979-06-08,182.9,,Orthodox,,,,,,,,ufcstats,http://ufcstats.com/fighter-details/459e4dc69ec669b2,
Phillipe Nover,1984-02-03,175.3,182.9,Orthodox,,,,,,,,ufcstats,http://ufcstats.com/fighter-details/64360e618823a8e4,
Shayilan Nuerdanbieke,1994-05-04,172.7,175.3,Orthodox,,,,,,,,ufcstats,http://ufcstats.com/fighter-details/0a73acff6325c1e2,
Jan Nortje,1975-04-11,185.4,,Southpaw,,,,,,,,ufcstats,http://ufcstats.com/fighter-details/bd4389b71fdc0ce2,
Diego Nunes,1982-11-30,167.6,170.2,Orthodox,,,,,,,,ufcstats,http://ufcstats.com/fighter-details/3a24769a4855040a,
Jonatas Novaes,1981-03-02,180.3,,,,,,,,,,ufcstats,http://ufcstats.com/fighter-details/9e8e5c529057fe60,
Shohei Nose,1997-10-19,167.6,172.7,Switch,,,,,,,,ufcstats,http://ufcstats.com/fighter-details/6b0e83b094f816ac,
Istela Nunes,1992-07-23,162.6,167.6,Orthodox,,,,,,,,ufcstats,http://ufcstats.com/fighter-details/efc67b07eed39794,
Josiane Nunes,1993-12-23,157.5,170.2,Southpaw,,,,,,,,ufcstats,http://ufcstats.com/fighter-details/68d35296f566792b,
Nina Nunes,1985-12-03,165.1,162.6,Orthodox,,,,,,,,ufcstats,http://ufcstats.com/fighter-details/d343df8ba11f4c4e,
Azamat Nuftillaev,1994-01-01,182.9,195.6,Orthodox,,,,,,,,ufcstats,http://ufcstats.com/fighter-details/b37321c0bb9e8570,
Said Nurmagomedov,1992-04-05,172.7,177.8,Orthodox,,,,,,,,ufcstats,http://ufcstats.com/fighter-details/0fd5f4b838e890cc,
Khabib Nurmagomedov,1988-09-20,177.8,177.8,Orthodox,,,,,,,,ufcstats,http://ufcstats.com/fighter-details/032cc3922d871c7f,
Diyar Nurgozhay,1997-04-22,188.0,188.0,Southpaw,,,,,,,,ufcstats,http://ufcstats.com/fighter-details/709fadb644ee3f51,
Adilet Nurmatov,1997-08-02,,,,,,,,,,,ufcstats,http://ufcstats.com/fighter-details/689502703bbfe5f2,
Abubakar Nurmagomedov,1989-11-13,180.3,182.9,Orthodox,,,,,,,,ufcstats,http://ufcstats.com/fighter-details/029e1293e609fd74,
Umar Nurmagomedov,1996-01-03,172.7,175.3,Orthodox,,,,,,,,ufcstats,http://ufcstats.com/fighter-details/2b6fc1c02736833d,
Kaiwen,1995-10-16,172.7,180.3,Switch,,,,,,,,ufcstats,http://ufcstats.com/fighter-details/0565706b1e7f7e7c,
Emily Kagan,1981-07-14,160.0,,,,,,,,,,ufcstats,http://ufcstats.com/fighter-details/c1ea9d56cd953586,
Patrick Kaase,,175.3,,,,,,,,,,ufcstats,http://ufcstats.com/fighter-details/b180f05acb24d430,
Oron Kahlon,1984-11-04,172.7,177.8,Orthodox,,,,,,,,ufcstats,http://ufcstats.com/fighter-details/00a35c92b03992b0,
Kennedy Nzechukwu,1992-06-13,195.6,210.8,Southpaw,,,,,,,,ufcstats,http://ufcstats.com/fighter-details/8667caa0451d245b,
Sirwan Kakai,1989-10-03,165.1,,Orthodox,,,,,,,,ufcstats,http://ufcstats.com/fighter-details/2525a853486ee670,
Saidyokub Kakhramonov,1995-11-14,172.7,175.3,Orthodox,,,,,,,,ufcstats,http://ufcstats.com/fighter-details/50a28b9f8314e008,
Kyung Ho Kang,1987-09-09,175.3,185.4,Orthodox,,,,,,,,ufcstats,http://ufcstats.com/fighter-details/a7897d200692ab64,
Bryson Kamaka,,180.3,,Orthodox,,,,,,,,ufcstats,http://ufcstats.com/fighter-details/9336e86cfd4ceaa1,
Geza Kalman,,185.4,,,,,,,,,,ufcstats,http://ufcstats.com/fighter-details/304fcd812f12c589,
Hiromitsu Kanehara,1970-10-05,177.8,,Orthodox,,,,,,,,ufcstats,http://ufcstats.com/fighter-details/eda579d906cf0ca2,
Masanori Kanehara,1982-11-19,170.2,170.2,Orthodox,,,,,,,,ufcstats,http://ufcstats.com/fighter-details/f3a078277b3b8ff4,
Kai Kamaka III,1995-01-05,170.2,175.3,Orthodox,,,,,,,,ufcstats,http://ufcstats.com/fighter-details/eee0ef3e2b14816b,
Shah Kamali,1998-10-25,,,,,,,,,,,ufcstats,http://ufcstats.com/fighter-details/a46ab6c64d321c2d,
Ken Kaneko,1976-10-19,182.9,,Orthodox,,,,,,,,ufcstats,http://ufcstats.com/fighter-details/5345f86680378fc1,
Bharat Kandare,1987-06-20,170.2,182.9,Orthodox,,,,,,,,ufcstats,http://ufcstats.com/fighter-details/efd2b3e9bb7965a4,
Shuya Kamikubo,1993-04-12,165.1,172.7,Switch,,,,,,,,ufcstats,http://ufcstats.com/fighter-details/a46fa1c7972548d0,
Daichi Kamiya,1999-04-19,172.7,172.7,Southpaw,,,,,,,,ufcstats,http://ufcstats.com/fighter-details/a497e228cce8a64f,
Denis Kang,1977-09-17,180.3,195.6,Orthodox,,,,,,,,ufcstats,http://ufcstats.com/fighter-details/3c241737a6069b9f,
Koya Kanda,1995-12-20,175.3,190.5,Southpaw,,,,,,,,ufcstats,http://ufcstats.com/fighter-details/b42d3a1469dab722,
Martin Kampmann,1982-04-17,182.9,182.9,Orthodox,,,,,,,,ufcstats,http://ufcstats.com/fighter-details/8b69839f3555a67b,
David Kaplan,1979-11-16,170.2,,Orthodox,,,,,,,,ufcstats,http://ufcstats.com/fighter-details/5669b828e7e11329,
Manel Kape,1993-11-14,165.1,172.7,Southpaw,,,,,,,,ufcstats,http://ufcstats.com/fighter-details/5d1b7e3dd9e11074,
Georgi Karakhanyan,1985-05-29,172.7,,,,,,,,,,ufcstats,http://ufcstats.com/fighter-details/43292ecf0e72c143,
Alex Karalexis,1977-09-20,172.7,167.6,Orthodox,,,,,,,,ufcstats,http://ufcstats.com/fighter-details/e361e5c858af6ff1,
Kai Kara-France,1993-03-26,162.6,175.3,Orthodox,,,,,,,,ufcstats,http://ufcstats.com/fighter-details/853eb0dd5c0e2149,
Ernesta Kareckaite,1998-07-05,175.3,180.3,Orthodox,,,,,,,,ufcstats,http://ufcstats.com/fighter-details/e4faa79383c9f214,
Impa Kasanganay,1994-01-17,180.3,190.5,Orthodox,,,,,,,,ufcstats,http://ufcstats.com/fighter-details/257b0c8d6f199895,
Jinnosuke Kashimura,2001-08-12,170.2,180.3,Southpaw,,,,,,,,ufcstats,http://ufcstats.com/fighter-details/4a9120fa47bafef0,
Yusuke Kasuya,1989-11-16,170.2,,Southpaw,,,,,,,,ufcstats,http://ufcstats.com/fighter-details/3058888c33149a53,
Nadia Kassem,1995-11-15,165.1,167.6,Southpaw,,,,,,,,ufcstats,http://ufcstats.com/fighter-details/6e7506127408aa9e,
Tetsuji Kato,1977-12-05,,,Orthodox,,,,,,,,ufcstats,http://ufcstats.com/fighter-details/542db012217ecb83,
Hisaki Kato,1982-09-17,182.9,,,,,,,,,,ufcstats,http://ufcstats.com/fighter-details/ebf1c247b2cba375,
Lone'er Kavanagh,1999-06-09,167.6,170.2,Orthodox,,,,,,,,ufcstats,http://ufcstats.com/fighter-details/bb2c3c3a466224af,
Brad Katona,1991-12-19,167.6,162.6,Orthodox,,,,,,,,ufcstats,http://ufcstats.com/fighter-details/7b433309b0fd12aa,
Sarah Kaufman,1985-09-20,165.1,167.6,Orthodox,,,,,,,,ufcstats,http://ufcstats.com/fighter-details/36df8e119aec6175,
Calvin Kattar,1988-03-26,180.3,182.9,Orthodox,,,,,,,,ufcstats,http://ufcstats.com/fighter-details/751de04455cfaac0,
Yusuke Kawaguchi,1980-08-14,182.9,,,,,,,,,,ufcstats,http://ufcstats.com/fighter-details/fa2320781bfe4f49,
Canaan Kawaihae,1997-08-26,182.9,180.3,Southpaw,,,,,,,,ufcstats,http://ufcstats.com/fighter-details/58d42b9e920b25fc,
Ryo Kawamura,1981-06-29,180.3,,Orthodox,,,,,,,,ufcstats,http://ufcstats.com/fighter-details/9e91d7fd2720e241,
Tatsuya Kawajiri,1978-05-08,170.2,175.3,Orthodox,,,,,,,,ufcstats,http://ufcstats.com/fighter-details/80d918336163b80c,
Tony Kelley,1987-01-21,175.3,177.8,Switch,,,,,,,,ufcstats,http://ufcstats.com/fighter-details/1a08b01fdabb6ae2,
Doug Kay,,,,,,,,,,,,ufcstats,http://ufcstats.com/fighter-details/547c5611bd366988,
Masuto Kawana,1995-01-30,167.6,175.3,Orthodox,,,,,,,,ufcstats,http://ufcstats.com/fighter-details/49f4171f14f54220,
Toshiomi Kazama,1997-05-15,170.2,175.3,Orthodox,,,,,,,,ufcstats,http://ufcstats.com/fighter-details/148bb103cfbf123e,
Chris Kelades,1981-02-21,170.2,172.7,Orthodox,,,,,,,,ufcstats,http://ufcstats.com/fighter-details/56c9acc4e86046a2,
Mayana Kellem,1981-07-07,165.1,,Orthodox,,,,,,,,ufcstats,http://ufcstats.com/fighter-details/c788481ae19e798d,
Ryan Keenan,1985-06-15,177.8,,,,,,,,,,ufcstats,http://ufcstats.com/fighter-details/a72b20136239ba39,
Julie Kedzie,1981-03-18,165.1,,Orthodox,,,,,,,,ufcstats,http://ufcstats.com/fighter-details/981ab7a0576f76a0,
Brian Kelleher,1986-08-19,167.6,167.6,Switch,,,,,,,,ufcstats,http://ufcstats.com/fighter-details/7be14eaed4c74856,
CJ Keith,1986-08-09,182.9,,Orthodox,,,,,,,,ufcstats,http://ufcstats.com/fighter-details/c0eecd851dbf3146,
Losene Keita,1997-12-30,170.2,182.9,Orthodox,,,,,,,,ufcstats,http://ufcstats.com/fighter-details/5b43d68174b6e2ab,
Paul Kelly,1984-09-12,175.3,177.8,Orthodox,,,,,,,,ufcstats,http://ufcstats.com/fighter-details/aac5ac38148f0528,
John Kelly,1978-08-02,175.3,,,,,,,,,,ufcstats,http://ufcstats.com/fighter-details/ace83095105dd205,
Daniel Kelly,1977-10-31,182.9,177.8,Southpaw,,,,,,,,ufcstats,http://ufcstats.com/fighter-details/bdcbb976816fd256,
Waylon Kennell,,182.9,,,,,,,,,,ufcstats,http://ufcstats.com/fighter-details/9b8a73b59be8d786,
Jeremy Kennedy,1992-09-16,180.3,180.3,Orthodox,,,,,,,,ufcstats,http://ufcstats.com/fighter-details/68f6e96c5fa6e044,
Steve Kennedy,1983-03-07,180.3,,Orthodox,,,,,,,,ufcstats,http://ufcstats.com/fighter-details/185fb0200a4605e6,
Tim Kennedy,1979-09-01,180.3,188.0,Orthodox,,,,,,,,ufcstats,http://ufcstats.com/fighter-details/3c660c90d48fc80d,
Maimaitituoheti Keremuaili,1991-03-18,167.6,167.6,Orthodox,,,,,,,,ufcstats,http://ufcstats.com/fighter-details/772022b989534f0d,
Aurelijus Kerpe,,,,Orthodox,,,,,,,,ufcstats,http://ufcstats.com/fighter-details/c1e4ae143cce7398,
Casey Kenney,1991-03-20,170.2,172.7,Southpaw,,,,,,,,ufcstats,http://ufcstats.com/fighter-details/e7bba7ce4d6c7b07,
Ron Keslar,1980-04-17,,,,,,,,,,,ufcstats,http://ufcstats.com/fighter-details/b84f34b425dfd24b,
Will Kerr,1982-10-21,177.8,175.3,Orthodox,,,,,,,,ufcstats,http://ufcstats.com/fighter-details/ef61d9f5176b3200,
Adam Khaliev,1984-04-16,182.9,,Orthodox,,,,,,,,ufcstats,http://ufcstats.com/fighter-details/1aba18b5f15d4956,
Mark Kerr,1968-12-21,190.5,,Switch,,,,,,,,ufcstats,http://ufcstats.com/fighter-details/a7b48e18ca27795d,
Rustam Khabilov,1986-11-04,172.7,185.4,Orthodox,,,,,,,,ufcstats,http://ufcstats.com/fighter-details/9b7694d064a8a0ad,
Sergey Khandozhko,1992-05-19,185.4,188.0,Orthodox,,,,,,,,ufcstats,http://ufcstats.com/fighter-details/90da09db03e41748,
Alfred Khashakyan,1988-07-17,172.7,177.8,Orthodox,,,,,,,,ufcstats,http://ufcstats.com/fighter-details/3929efe0c0a83d07,
Aziz Khaydarov,1993-09-25,180.3,182.9,Orthodox,,,,,,,,ufcstats,http://ufcstats.com/fighter-details/a072b512b6f4fc42,
WonBin Ki,1991-02-11,180.3,185.4,Orthodox,,,,,,,,ufcstats,http://ufcstats.com/fighter-details/aaeb55084b198a39,
Sergei Kharitonov,1980-08-18,182.9,,Orthodox,,,,,,,,ufcstats,http://ufcstats.com/fighter-details/0693b2eab79198ea,
Mansher Khera,1992-04-15,177.8,172.7,Orthodox,,,,,,,,ufcstats,http://ufcstats.com/fighter-details/4bbd1e5c77ef3c2f,
Aliaskhab Khizriev,1990-08-24,175.3,188.0,Southpaw,,,,,,,,ufcstats,http://ufcstats.com/fighter-details/7ab478c397cd68ef,
Sanae Kikuta,1971-09-10,175.3,,Orthodox,,,,,,,,ufcstats,http://ufcstats.com/fighter-details/e4bde462b043d3e1,
Pannie Kianzad,1991-12-08,170.2,167.6,Orthodox,,,,,,,,ufcstats,http://ufcstats.com/fighter-details/91dac5e69e28d5b5,
Akira Kikuchi,1978-07-23,172.7,,Orthodox,,,,,,,,ufcstats,http://ufcstats.com/fighter-details/9c37681096c6f3a9,
Jacob Kilburn,1995-06-28,175.3,182.9,Orthodox,,,,,,,,ufcstats,http://ufcstats.com/fighter-details/637bd06c32219f0b,
Jong Wang Kim,,185.4,,,,,,,,,,ufcstats,http://ufcstats.com/fighter-details/380e8b023290d091,
Katsunori Kikuno,1981-10-31,172.7,167.6,Orthodox,,,,,,,,ufcstats,http://ufcstats.com/fighter-details/44470bfd9483c7ad,
Dae Won Kim,1979-11-01,180.3,,Orthodox,,,,,,,,ufcstats,http://ufcstats.com/fighter-details/354808cf38d9d73c,
Jin Oh Kim,1979-12-12,175.3,,Orthodox,,,,,,,,ufcstats,http://ufcstats.com/fighter-details/8d04923f2db59b7f,
Jong Won Kim,1976-11-20,170.2,,Orthodox,,,,,,,,ufcstats,http://ufcstats.com/fighter-details/9e0f28d1f639ad73,
Dong Hyun Kim,1981-11-17,188.0,193.0,Southpaw,,,,,,,,ufcstats,http://ufcstats.com/fighter-details/9bcf8603ceb25680,
Min Soo Kim,1975-01-22,185.4,,Southpaw,,,,,,,,ufcstats,http://ufcstats.com/fighter-details/831b937811804dad,
Jong Man Kim,1978-03-03,170.2,,Orthodox,,,,,,,,ufcstats,http://ufcstats.com/fighter-details/dba230fe33011201,
MinWoo Kim,1993-07-21,172.7,182.9,Orthodox,,,,,,,,ufcstats,http://ufcstats.com/fighter-details/6343a95f1d9e6a33,
Ji Yeon Kim,1989-10-18,170.2,182.9,Orthodox,,,,,,,,ufcstats,http://ufcstats.com/fighter-details/a20f234df70f2182,
HanSeul Kim,1990-06-19,185.4,185.4,Southpaw,,,,,,,,ufcstats,http://ufcstats.com/fighter-details/2bc47c7cc6c05bd7,
Rob Kimmons,1981-01-30,177.8,185.4,Orthodox,,,,,,,,ufcstats,http://ufcstats.com/fighter-details/054defd5420a551f,
Jeremy Kimball,1991-01-03,182.9,182.9,Switch,,,,,,,,ufcstats,http://ufcstats.com/fighter-details/917a5cb9821df261,
Dustin Kimura,1989-05-21,170.2,180.3,Orthodox,,,,,,,,ufcstats,http://ufcstats.com/fighter-details/fe91d254db77a7fc,
Mike King,1983-08-04,190.5,,,,,,,,,,ufcstats,http://ufcstats.com/fighter-details/564c2f5f9eb45d67,
Taiei Kin,1970-07-08,180.3,,Orthodox,,,,,,,,ufcstats,http://ufcstats.com/fighter-details/c7ac79839e86ce33,
Sangwook Kim,1993-10-17,182.9,180.3,Orthodox,,,,,,,,ufcstats,http://ufcstats.com/fighter-details/a264d4e9a4d6bfe4,
So Yul Kim,1997-05-25,,,,,,,,,,,ufcstats,http://ufcstats.com/fighter-details/864c07a7ff90caae,
KyuSung Kim,1992-11-05,180.3,175.3,Orthodox,,,,,,,,ufcstats,http://ufcstats.com/fighter-details/e7ecfab8fd86d3e1,
SangWon Kim,1993-09-01,175.3,175.3,Orthodox,,,,,,,,ufcstats,http://ufcstats.com/fighter-details/e9712cad24948ce1,
KyeungPyo Kim,1992-01-29,175.3,180.3,Orthodox,,,,,,,,ufcstats,http://ufcstats.com/fighter-details/5a9f7b5ffebdd6e7,
Kyle Kingsbury,1982-03-22,193.0,200.7,Orthodox,,,,,,,,ufcstats,http://ufcstats.com/fighter-details/b959e8c7fd8390d2,
Yusaku Kinoshita,2000-08-21,182.9,180.3,Southpaw,,,,,,,,ufcstats,http://ufcstats.com/fighter-details/21b5c82c1b89dab1,
Yurij Kiseliov,1976-07-29,172.7,,Orthodox,,,,,,,,ufcstats,http://ufcstats.com/fighter-details/51d2aaaca56e5b40,
Kamuela Kirk,1994-04-13,177.8,190.5,Switch,,,,,,,,ufcstats,http://ufcstats.com/fighter-details/c7d7fda69ec410d3,
Justine Kish,1988-04-13,165.1,162.6,Orthodox,,,,,,,,ufcstats,http://ufcstats.com/fighter-details/928ae2e5b5f7a9ec,
Koji Kitao,1963-10-12,200.7,,Southpaw,,,,,,,,ufcstats,http://ufcstats.com/fighter-details/2a6f8136da1e52c0,
Satoru Kitaoka,1980-02-04,167.6,,,,,,,,,,ufcstats,http://ufcstats.com/fighter-details/e2ac5bb645f33088,
Top Noi Kiwram,1992-08-15,165.1,170.2,Southpaw,,,,,,,,ufcstats,http://ufcstats.com/fighter-details/e065b4a42a6c2c79,
Nick Klein,1995-09-08,185.4,195.6,Orthodox,,,,,,,,ufcstats,http://ufcstats.com/fighter-details/7eaa5e31c2dd86aa,
Ludovit Klein,1995-02-22,170.2,182.9,Southpaw,,,,,,,,ufcstats,http://ufcstats.com/fighter-details/5b86d491d63890c5,
Seth Kleinbeck,1973-07-25,188.0,,,,,,,,,,ufcstats,http://ufcstats.com/fighter-details/8ad022dd81224f61,
Stefan Klever,,,,Orthodox,,,,,,,,ufcstats,http://ufcstats.com/fighter-details/bc3876891e155bb5,
Fatima Kline,2000-07-12,167.6,170.2,Orthodox,,,,,,,,ufcstats,http://ufcstats.com/fighter-details/745fa7b605f8e2da,
Felix Klinkhammer,,182.9,,,,,,,,,,ufcstats,http://ufcstats.com/fighter-details/8276f28f1ad087de,
Drakkar Klose,1988-03-09,175.3,177.8,Orthodox,,,,,,,,ufcstats,http://ufcstats.com/fighter-details/7cbf7c78d3b34218,
Isao Kobayashi,1988-10-28,172.7,,,,,,,,,,ufcstats,http://ufcstats.com/fighter-details/a02652d063ef5baa,
Kelly Kobold,1983-02-25,167.6,,Orthodox,,,,,,,,ufcstats,http://ufcstats.com/fighter-details/c398235fcaf8d71d,
Michael Knaap,1984-02-27,188.0,,Orthodox,,,,,,,,ufcstats,http://ufcstats.com/fighter-details/02f0e04acf102ea9,
Kevin Knabjian,1984-07-05,177.8,,Orthodox,,,,,,,,ufcstats,http://ufcstats.com/fighter-details/1fac46d466abd5b8,
Jason Knight,1992-07-14,177.8,180.3,Orthodox,,,,,,,,ufcstats,http://ufcstats.com/fighter-details/bb1a2cdad6ff34db,
Erik Koch,1988-10-04,177.8,180.3,Southpaw,,,,,,,,ufcstats,http://ufcstats.com/fighter-details/99bd87a300079ed9,
Josefine Knutsson,1996-01-16,160.0,152.4,Orthodox,,,,,,,,ufcstats,http://ufcstats.com/fighter-details/971dba22c622af12,
William Knight,1988-04-03,177.8,185.4,Orthodox,,,,,,,,ufcstats,http://ufcstats.com/fighter-details/5da33b8fbfa5ee95,
Seokhyeon Ko,1993-09-24,177.8,180.3,Southpaw,,,,,,,,ufcstats,http://ufcstats.com/fighter-details/4a07b1988477502c,
Brad Kohler,1964-05-26,175.3,,Orthodox,,,,,,,,ufcstats,http://ufcstats.com/fighter-details/13c4313ed0f744f3,
Charlie Kohler,1976-07-16,175.3,,Orthodox,,,,,,,,ufcstats,http://ufcstats.com/fighter-details/5717efc6f271cd52,
Kaloyan Kolev,1992-10-17,188.0,185.4,Orthodox,,,,,,,,ufcstats,http://ufcstats.com/fighter-details/33de378ce1734638,
Tsuyoshi Kohsaka,1970-03-06,180.3,,Orthodox,,,,,,,,ufcstats,http://ufcstats.com/fighter-details/b76ed59283d3559c,
Sokun Koh,,185.4,,,,,,,,,,ufcstats,http://ufcstats.com/fighter-details/6d8ef8706781c49e,
Shingo Kohara,,167.6,,,,,,,,,,ufcstats,http://ufcstats.com/fighter-details/44c233770075cea1,
John Kolosci,1974-11-26,180.3,,Orthodox,,,,,,,,ufcstats,http://ufcstats.com/fighter-details/5f6038bcdb95e3e4,
Yuki Kondo,1975-07-17,180.3,,Southpaw,,,,,,,,ufcstats,http://ufcstats.com/fighter-details/1fe7adb23b3eedfb,
Syuri Kondo,1989-02-08,162.6,167.6,Orthodox,,,,,,,,ufcstats,http://ufcstats.com/fighter-details/a851c35f58199231,
Mantas Kondratavicius,1999-07-17,188.0,190.5,Orthodox,,,,,,,,ufcstats,http://ufcstats.com/fighter-details/3cc506f115cbb9d5,
Andrei Kopylov,1965-07-16,188.0,,Orthodox,,,,,,,,ufcstats,http://ufcstats.com/fighter-details/dd39f1ca787a3d9d,
Cheick Kongo,1975-05-17,193.0,208.3,Orthodox,,,,,,,,ufcstats,http://ufcstats.com/fighter-details/1eacf73d6a0055dc,
Bruno Korea,1991-06-28,167.6,165.1,,,,,,,,,ufcstats,http://ufcstats.com/fighter-details/6c011be66326ad97,
Andrey Koreshkov,1990-08-23,182.9,,,,,,,,,,ufcstats,http://ufcstats.com/fighter-details/aee885b8ca29ab4f,
Chungreng Koren,1998-02-01,167.6,170.2,Orthodox,,,,,,,,ufcstats,http://ufcstats.com/fighter-details/000774e57404d8c7,
Roman Kopylov,1992-05-04,182.9,190.5,Southpaw,,,,,,,,ufcstats,http://ufcstats.com/fighter-details/9d83f6da776ff7d6,
Ilya Kotau,,,,,,,,,,,,ufcstats,http://ufcstats.com/fighter-details/a68d57ae177a5815,
Naoyuki Kotani,1981-12-08,172.7,167.6,Southpaw,,,,,,,,ufcstats,http://ufcstats.com/fighter-details/bc8f6b42767e28df,
Steven Koslow,1997-01-22,170.2,175.3,Switch,,,,,,,,ufcstats,http://ufcstats.com/fighter-details/84512339473dd300,
Josh Koscheck,1977-11-30,177.8,185.4,Orthodox,,,,,,,,ufcstats,http://ufcstats.com/fighter-details/dd37fd509af89f15,
Matt Kovacs,1981-05-09,182.9,,Orthodox,,,,,,,,ufcstats,http://ufcstats.com/fighter-details/8fbcd82bf7f352bf,
Iouri Kotchkine,1969-12-21,188.0,,Orthodox,,,,,,,,ufcstats,http://ufcstats.com/fighter-details/c6becb722706c7d8,
Karolina Kowalkiewicz,1985-10-15,160.0,162.6,Orthodox,,,,,,,,ufcstats,http://ufcstats.com/fighter-details/d7c3816669784109,
Marcus Kowal,1977-03-29,,,,,,,,,,,ufcstats,http://ufcstats.com/fighter-details/ad0e42800a0d8977,
Martin Kozak,2002-07-09,,,,,,,,,,,ufcstats,http://ufcstats.com/fighter-details/716538be58c6c5e1,
Jorgen Kruth,1974-05-08,188.0,,,,,,,,,,ufcstats,http://ufcstats.com/fighter-details/6071d786f6187810,
Steve Kozola,,,,,,,,,,,,ufcstats,http://ufcstats.com/fighter-details/fc36e2352dccf2a4,
Derrick Krantz,1988-01-13,177.8,182.9,Orthodox,,,,,,,,ufcstats,http://ufcstats.com/fighter-details/714e1e0681ddb703,
Pascal Krauss,1987-04-19,185.4,,Orthodox,,,,,,,,ufcstats,http://ufcstats.com/fighter-details/a01e84abefd85ec0,
James Krause,1986-06-04,188.0,185.4,Orthodox,,,,,,,,ufcstats,http://ufcstats.com/fighter-details/8f6a18831a120817,
Rene Kronvold,1970-01-03,172.7,,Orthodox,,,,,,,,ufcstats,http://ufcstats.com/fighter-details/db05271715bb4874,
Mariusz Ksiazkiewicz,1989-10-04,190.5,190.5,Southpaw,,,,,,,,ufcstats,http://ufcstats.com/fighter-details/ab16537dd1e5e81d,
Nikita Krylov,1992-03-07,190.5,195.6,Orthodox,,,,,,,,ufcstats,http://ufcstats.com/fighter-details/1091d4d957141094,
Joe Kropschot,1995-06-19,190.5,200.7,Orthodox,,,,,,,,ufcstats,http://ufcstats.com/fighter-details/8a81a0707350c4a8,
Kaynan Kruschewsky,1991-04-04,182.9,185.4,Orthodox,,,,,,,,ufcstats,http://ufcstats.com/fighter-details/ca36633b80be4a78,
Anton Kuivanen,1984-05-01,172.7,182.9,Orthodox,,,,,,,,ufcstats,http://ufcstats.com/fighter-details/706f8e2b34e8e18b,
Junya Kudo,1983-03-24,,,Orthodox,,,,,,,,ufcstats,http://ufcstats.com/fighter-details/487c170da059857d,
John Kuhner,1982-10-12,,,,,,,,,,,ufcstats,http://ufcstats.com/fighter-details/a272656ad662ac53,
Eliezer Kubanza,1997-12-23,175.3,188.0,Orthodox,,,,,,,,ufcstats,http://ufcstats.com/fighter-details/66579081831db7b0,
Aleksei Kunchenko,1984-05-02,172.7,177.8,Orthodox,,,,,,,,ufcstats,http://ufcstats.com/fighter-details/e2ccd9a9ace60de7,
Keigo Kunihara,,182.9,,Orthodox,,,,,,,,ufcstats,http://ufcstats.com/fighter-details/782a2a17d3e38fdf,
Rizvan Kuniev,1992-03-10,193.0,193.0,Orthodox,,,,,,,,ufcstats,http://ufcstats.com/fighter-details/739fd4fbb5d862f4,
Michael Kuiper,1989-06-07,182.9,185.4,Orthodox,,,,,,,,ufcstats,http://ufcstats.com/fighter-details/b7f38813485745da,
Maiju Kujala,1986-02-24,,,,,,,,,,,ufcstats,http://ufcstats.com/fighter-details/4e77d070239699e2,
Sumit Kumar,2000-09-09,165.1,167.6,Orthodox,,,,,,,,ufcstats,http://ufcstats.com/fighter-details/a0a625221e0dd339,
Jon Kunneman,1999-07-14,175.3,185.4,Orthodox,,,,,,,,ufcstats,http://ufcstats.com/fighter-details/2694c4997a51ed01,
Leo Kuntz,1983-10-03,177.8,,Orthodox,,,,,,,,ufcstats,http://ufcstats.com/fighter-details/6905d45bd71b50a9,
Kiichi Kunimoto,1981-05-01,177.8,180.3,Orthodox,,,,,,,,ufcstats,http://ufcstats.com/fighter-details/71df36d6d8cf0d74,
Ramazan Kuramagomedov,1996-08-23,185.4,185.4,Orthodox,,,,,,,,ufcstats,http://ufcstats.com/fighter-details/b6a73e6f11a8835c,
Korey Kuppe,1989-01-23,195.6,195.6,Switch,,,,,,,,ufcstats,http://ufcstats.com/fighter-details/780a2897055e3ee3,
Tsuyoshi Kurihara,1973-07-13,177.8,,Orthodox,,,,,,,,ufcstats,http://ufcstats.com/fighter-details/032b65d5fff611b2,
Eldari Kurtanidze,1972-04-16,167.6,,Orthodox,,,,,,,,ufcstats,http://ufcstats.com/fighter-details/4c78fc005a53831d,
Kyle Kurtz,,,,,,,,,,,,ufcstats,http://ufcstats.com/fighter-details/b490def93478ae29,
Guram Kutateladze,1992-01-08,180.3,182.9,Orthodox,,,,,,,,ufcstats,http://ufcstats.com/fighter-details/7772b283d288dbe2,
Vadym Kutsyi,1991-07-18,182.9,180.3,Orthodox,,,,,,,,ufcstats,http://ufcstats.com/fighter-details/aeb2bcd4371f40d5,
Kaleo Kwan,1970-08-01,170.2,,,,,,,,,,ufcstats,http://ufcstats.com/fighter-details/2545c7f47a65bca3,
Lina Kvokov,,175.3,,Orthodox,,,,,,,,ufcstats,http://ufcstats.com/fighter-details/843dd76c50cae0f6,
Jarrod Kwitty,,172.7,,,,,,,,,,ufcstats,http://ufcstats.com/fighter-details/849d15ed7e3a0e97,
Mike Kyle,1980-03-31,193.0,195.6,Orthodox,,,,,,,,ufcstats,http://ufcstats.com/fighter-details/56b8b24f65f9f057,
Achmed Labasanov,1978-04-24,190.5,,Orthodox,,,,,,,,ufcstats,http://ufcstats.com/fighter-details/b3fb8d2293e17a59,
Lisa Kyriacou,1993-11-17,165.1,162.6,Orthodox,,,,,,,,ufcstats,http://ufcstats.com/fighter-details/edbc609a3b0d2aba,
Josh LaBerge,,177.8,,,,,,,,,,ufcstats,http://ufcstats.com/fighter-details/5108b169b5fe1f86,
Luan Lacerda,1993-01-07,170.2,180.3,Orthodox,,,,,,,,ufcstats,http://ufcstats.com/fighter-details/6fc506e1099afe20,
Daniel Lacerda,1996-06-05,167.6,177.8,Switch,,,,,,,,ufcstats,http://ufcstats.com/fighter-details/31bb0772f21cabd8,
Kemran Lachinov,,,,,,,,,,,,ufcstats,http://ufcstats.com/fighter-details/eb84192d1a97f69e,
Jeremiah Labiano,,177.8,,,,,,,,,,ufcstats,http://ufcstats.com/fighter-details/4fe1d105af549845,
Aspen Ladd,1995-03-01,167.6,167.6,Orthodox,,,,,,,,ufcstats,http://ufcstats.com/fighter-details/d4691518d012b9e7,
Ryan LaFlare,1983-10-01,185.4,188.0,Southpaw,,,,,,,,ufcstats,http://ufcstats.com/fighter-details/4c7781da8c6cae93,
Corinne Laframboise,1989-05-25,162.6,165.1,Orthodox,,,,,,,,ufcstats,http://ufcstats.com/fighter-details/fbe9f4efc2153be2,
Ben Lagman,1986-09-04,188.0,,,,,,,,,,ufcstats,http://ufcstats.com/fighter-details/b40e65d71a8d4ce5,
Todd Lally,,170.2,,Orthodox,,,,,,,,ufcstats,http://ufcstats.com/fighter-details/7d06092326c52528,
Tina Lahdemaki,1988-05-28,157.5,,Orthodox,,,,,,,,ufcstats,http://ufcstats.com/fighter-details/e5ca2bc2451a5956,
Noad Lahat,1984-06-08,175.3,175.3,Orthodox,,,,,,,,ufcstats,http://ufcstats.com/fighter-details/9f755fb04cc21499,
Yohan Lainesse,1992-08-14,185.4,193.0,Orthodox,,,,,,,,ufcstats,http://ufcstats.com/fighter-details/f998f5c102250d6e,
Tim Lajcik,1965-06-21,185.4,,Orthodox,,,,,,,,ufcstats,http://ufcstats.com/fighter-details/c7e9d15cfce52f1d,
Sean Lally,1990-11-04,182.9,,Orthodox,,,,,,,,ufcstats,http://ufcstats.com/fighter-details/e62ce041bb7aeb1f,
Jason Lambert,1975-06-03,190.5,190.5,Orthodox,,,,,,,,ufcstats,http://ufcstats.com/fighter-details/5be86bb2f78fef2f,
Lionel Lanham,1980-08-31,,,,,,,,,,,ufcstats,http://ufcstats.com/fighter-details/b8980dd7e8fc5976,
Jose Landi-Jons,1973-09-09,180.3,,Orthodox,,,,,,,,ufcstats,http://ufcstats.com/fighter-details/7e062824c175f975,
Nate Landwehr,1988-06-06,175.3,182.9,Orthodox,,,,,,,,ufcstats,http://ufcstats.com/fighter-details/583ee11abddfc581,
Aaron Lanfranco,1986-08-26,,,,,,,,,,,ufcstats,http://ufcstats.com/fighter-details/d73e856f150744b2,
Austen Lane,1987-11-09,198.1,203.2,Orthodox,,,,,,,,ufcstats,http://ufcstats.com/fighter-details/be9bdec19b7e9ffe,
Ricardo Lamas,1982-05-21,172.7,180.3,Orthodox,,,,,,,,ufcstats,http://ufcstats.com/fighter-details/3974fa35c917af1d,
Jeremy Lang,1975-05-11,180.3,,Southpaw,,,,,,,,ufcstats,http://ufcstats.com/fighter-details/09422812370fbdfe,
Ryan Larson,1980-12-30,,,,,,,,,,,ufcstats,http://ufcstats.com/fighter-details/7107e53ebd7435fb,
Anthony Lapsley,1980-02-13,175.3,,Southpaw,,,,,,,,ufcstats,http://ufcstats.com/fighter-details/f3a853544e4413c4,
Joseph Larcinese,1998-10-01,160.0,162.6,Orthodox,,,,,,,,ufcstats,http://ufcstats.com/fighter-details/62a72adeb0227603,
TJ Laramie,1997-10-15,167.6,167.6,Orthodox,,,,,,,,ufcstats,http://ufcstats.com/fighter-details/cd2e5a390821fb48,
Taylor Lapilus,1992-04-08,167.6,185.4,Southpaw,,,,,,,,ufcstats,http://ufcstats.com/fighter-details/8b1ed83b02303075,
Lina Lansberg,1982-03-13,170.2,165.1,Orthodox,,,,,,,,ufcstats,http://ufcstats.com/fighter-details/2eeaefbfc7f9fcff,
Chad Laprise,1986-07-23,177.8,180.3,Orthodox,,,,,,,,ufcstats,http://ufcstats.com/fighter-details/c03a5022f8439f2a,
Icho Larenas,1980-03-12,190.5,,Orthodox,,,,,,,,ufcstats,http://ufcstats.com/fighter-details/49efbdc6c9f650c4,
Jenel Lausa,1988-08-01,165.1,172.7,Orthodox,,,,,,,,ufcstats,http://ufcstats.com/fighter-details/ec664422b22d9787,
Lorenz Larkin,1986-09-03,180.3,182.9,Orthodox,,,,,,,,ufcstats,http://ufcstats.com/fighter-details/9450848a71d53776,
Muhammed Lawal,1981-01-11,182.9,198.1,Southpaw,,,,,,,,ufcstats,http://ufcstats.com/fighter-details/a571770c4016736f,
Joe Lauzon,1984-05-22,177.8,180.3,Orthodox,,,,,,,,ufcstats,http://ufcstats.com/fighter-details/3bad7ef643840f67,
Sandra Lavado,1994-05-03,170.2,167.6,Orthodox,,,,,,,,ufcstats,http://ufcstats.com/fighter-details/aa6da8cb3a26da04,
Cody Law,1995-03-24,,,,,,,,,,,ufcstats,http://ufcstats.com/fighter-details/e3162dbdbfd78287,
Sione Latu,,182.9,,,,,,,,,,ufcstats,http://ufcstats.com/fighter-details/5898357a45a73674,
Phillip Latu,1991-02-17,190.5,193.0,Orthodox,,,,,,,,ufcstats,http://ufcstats.com/fighter-details/09224b76d27007ee,
Bobby Lashley,1976-07-16,190.5,198.1,Orthodox,,,,,,,,ufcstats,http://ufcstats.com/fighter-details/b0826525fa17231d,
Jeremy Larsen,1984-05-18,177.8,177.8,Orthodox,,,,,,,,ufcstats,http://ufcstats.com/fighter-details/c3bd649a9194e50c,
Brock Larson,1977-08-23,180.3,180.3,Southpaw,,,,,,,,ufcstats,http://ufcstats.com/fighter-details/5eedbf1e9601be35,
Ilir Latifi,1982-07-28,177.8,185.4,Orthodox,,,,,,,,ufcstats,http://ufcstats.com/fighter-details/e9a3aeb207578eea,
Justin Lawrence,1990-05-15,172.7,170.2,Orthodox,,,,,,,,ufcstats,http://ufcstats.com/fighter-details/879f6cae48d25baa,
Tom Lawlor,1983-05-15,182.9,188.0,Southpaw,,,,,,,,ufcstats,http://ufcstats.com/fighter-details/4d44f37107f01b9b,
Chatt Lavender,1976-05-24,172.7,,,,,,,,,,ufcstats,http://ufcstats.com/fighter-details/5449dcccd972ff83,
Dan Lauzon,1988-03-30,177.8,,Orthodox,,,,,,,,ufcstats,http://ufcstats.com/fighter-details/4c8d6fde2dde07c4,
Valmir Lazaro,1985-08-15,182.9,185.4,Orthodox,,,,,,,,ufcstats,http://ufcstats.com/fighter-details/777dea713da2441d,
Lance Lawrence,1993-06-26,185.4,188.0,Orthodox,,,,,,,,ufcstats,http://ufcstats.com/fighter-details/ce039df1994b18f0,
Ronnie Lawrence,1992-06-13,172.7,172.7,Switch,,,,,,,,ufcstats,http://ufcstats.com/fighter-details/e7e01e266a9d4342,
Robbie Lawler,1982-03-20,180.3,188.0,Southpaw,,,,,,,,ufcstats,http://ufcstats.com/fighter-details/f2925e6db404bf1d,
Jimmy Lawson,1991-11-13,182.9,195.6,Orthodox,,,,,,,,ufcstats,http://ufcstats.com/fighter-details/e43eefb10d440cb0,
Zviad Lazishvili,1991-10-25,167.6,175.3,Orthodox,,,,,,,,ufcstats,http://ufcstats.com/fighter-details/41498c2d1a87b154,
Mounir Lazzez,1987-11-16,185.4,193.0,Orthodox,,,,,,,,ufcstats,http://ufcstats.com/fighter-details/49ee5024966efc0d,
Cung Le,1972-05-25,175.3,177.8,Southpaw,,,,,,,,ufcstats,http://ufcstats.com/fighter-details/d4f364dd076bb0e2,
Eric Lawson,1981-02-12,182.9,,Orthodox,,,,,,,,ufcstats,http://ufcstats.com/fighter-details/38e5d9dcb0fddc42,
Carlos Leal,1994-05-04,180.3,188.0,Orthodox,,,,,,,,ufcstats,http://ufcstats.com/fighter-details/28d421729451c8ca,
Quang Le,1991-10-18,170.2,177.8,Orthodox,,,,,,,,ufcstats,http://ufcstats.com/fighter-details/32feae6d9a1e5047,
Jordan Leavitt,1995-06-02,175.3,180.3,Southpaw,,,,,,,,ufcstats,http://ufcstats.com/fighter-details/ac026518a9b4dc0f,
Thanh Le,1985-08-28,175.3,188.0,Orthodox,,,,,,,,ufcstats,http://ufcstats.com/fighter-details/882b3f5a0774d575,
Jerome LeBanner,1972-12-26,190.5,,Southpaw,,,,,,,,ufcstats,http://ufcstats.com/fighter-details/2d0b10789feafddb,
Julien Leblanc,1992-01-21,188.0,188.0,Southpaw,,,,,,,,ufcstats,http://ufcstats.com/fighter-details/cd0dfd9846bd03b9,
David Lee,1978-04-12,177.8,,Orthodox,,,,,,,,ufcstats,http://ufcstats.com/fighter-details/8caca5857ce0e30b,
James Lee,1973-09-22,180.3,,Southpaw,,,,,,,,ufcstats,http://ufcstats.com/fighter-details/863d06a7ef8bc98c,
Jean-Paul Lebosnoyani,1999-01-27,180.3,182.9,Switch,,,,,,,,ufcstats,http://ufcstats.com/fighter-details/a3dda21be645be93,
Justin Ledet,1988-09-28,193.0,203.2,Orthodox,,,,,,,,ufcstats,http://ufcstats.com/fighter-details/ba1e6cb3d43f7430,
Chris Leben,1980-07-21,180.3,185.4,Southpaw,,,,,,,,ufcstats,http://ufcstats.com/fighter-details/d43a048a880efdff,
Eun Soo Lee,1982-03-07,185.4,,Orthodox,,,,,,,,ufcstats,http://ufcstats.com/fighter-details/39c568f8c579913e,
Jackie Lee,,,,,,,,,,,,ufcstats,http://ufcstats.com/fighter-details/4985113c0928aa62,
Tae Hyun Lee,1975-01-17,198.1,,Orthodox,,,,,,,,ufcstats,http://ufcstats.com/fighter-details/de99da2c0d18d34a,
Mickael Lebout,1987-08-16,180.3,185.4,Orthodox,,,,,,,,ufcstats,http://ufcstats.com/fighter-details/c575ab451e3c5b1d,
Stephen Ledbetter,1982-06-30,175.3,,Orthodox,,,,,,,,ufcstats,http://ufcstats.com/fighter-details/56ec58954158966a,
ChangHo Lee,1994-05-09,172.7,175.3,Orthodox,,,,,,,,ufcstats,http://ufcstats.com/fighter-details/117a06469813e4ef,
Vaughan Lee,1982-10-15,167.6,167.6,Orthodox,,,,,,,,ufcstats,http://ufcstats.com/fighter-details/8bb6f4479685bbcc,
Tommy Lee,1977-01-20,170.2,,Orthodox,,,,,,,,ufcstats,http://ufcstats.com/fighter-details/806975e1b4f47b27,
JeongYeong Lee,1995-11-13,177.8,185.4,Orthodox,,,,,,,,ufcstats,http://ufcstats.com/fighter-details/d008d785f6347dc2,
Matt Lee,1971-07-09,180.3,,Orthodox,,,,,,,,ufcstats,http://ufcstats.com/fighter-details/d9e3743bae8d703d,
YiSak Lee,2000-01-01,182.9,182.9,Orthodox,,,,,,,,ufcstats,http://ufcstats.com/fighter-details/e6666480a830f764,
Ricky Legere Jr.,1985-12-21,172.7,,,,,,,,,,ufcstats,http://ufcstats.com/fighter-details/5817df778cc27274,
Macksom Lee,1999-01-06,185.4,190.5,Orthodox,,,,,,,,ufcstats,http://ufcstats.com/fighter-details/9fd299c8356cbf0f,
Imani Lee,1977-07-17,,,Orthodox,,,,,,,,ufcstats,http://ufcstats.com/fighter-details/0802be3516ef8f66,
Rocky Lee,1987-04-08,175.3,,Orthodox,,,,,,,,ufcstats,http://ufcstats.com/fighter-details/0d1c163b206e8c5f,
JungHyun Lee,2002-09-10,165.1,165.1,Orthodox,,,,,,,,ufcstats,http://ufcstats.com/fighter-details/b6033505c245e28b,
Andrea Lee,1989-02-11,167.6,175.3,Orthodox,,,,,,,,ufcstats,http://ufcstats.com/fighter-details/05fa626cb33d15b8,
Kevin Lee,1992-09-04,175.3,195.6,Orthodox,,,,,,,,ufcstats,http://ufcstats.com/fighter-details/ee9ebceabfd16fa7,
Sherron Leggett,1978-10-27,172.7,,Southpaw,,,,,,,,ufcstats,http://ufcstats.com/fighter-details/4f670b7972fa0a2e,
Cheyden Leialoha,1994-03-15,172.7,185.4,Orthodox,,,,,,,,ufcstats,http://ufcstats.com/fighter-details/98cbbc06074c68a4,
Claudia Leite,1996-11-04,160.0,162.6,Orthodox,,,,,,,,ufcstats,http://ufcstats.com/fighter-details/90550a08f0b02b6f,
Stefan Leko,1974-06-03,188.0,,Orthodox,,,,,,,,ufcstats,http://ufcstats.com/fighter-details/d56bb6dff2ae77eb,
Thales Leites,1981-09-06,185.4,198.1,Orthodox,,,,,,,,ufcstats,http://ufcstats.com/fighter-details/cfb65863d5099327,
Jovan Leka,2002-03-15,193.0,190.5,Orthodox,,,,,,,,ufcstats,http://ufcstats.com/fighter-details/182a73d5b4e57871,
Amanda Lemos,1987-05-22,162.6,165.1,Southpaw,,,,,,,,ufcstats,http://ufcstats.com/fighter-details/3df5493bb279226f,
Giacomo Lemos,1989-06-23,190.5,190.5,Orthodox,,,,,,,,ufcstats,http://ufcstats.com/fighter-details/f37822d5b3e47517,
Christophe Leninger,,182.9,,Southpaw,,,,,,,,ufcstats,http://ufcstats.com/fighter-details/7269329bd87eb479,
Gabe Lemley,,172.7,,Orthodox,,,,,,,,ufcstats,http://ufcstats.com/fighter-details/fd4578cac86d75ca,
Jesse Lennox,1982-03-10,175.3,182.9,Orthodox,,,,,,,,ufcstats,http://ufcstats.com/fighter-details/3ae10ac4df3df05c,
Jean Francois Lenogue,1972-11-29,182.9,,Orthodox,,,,,,,,ufcstats,http://ufcstats.com/fighter-details/e60201cfab7d656d,
Nik Lentz,1984-08-13,172.7,172.7,Orthodox,,,,,,,,ufcstats,http://ufcstats.com/fighter-details/6fb1ba67bef41b37,
Alberta Cerra Leon,,172.7,,,,,,,,,,ufcstats,http://ufcstats.com/fighter-details/6e02c318762f52f1,
Chad Leonhardt,1980-02-19,182.9,,,,,,,,,,ufcstats,http://ufcstats.com/fighter-details/657d0ed181f04215,
Anthony Leone,1987-05-27,167.6,,Orthodox,,,,,,,,ufcstats,http://ufcstats.com/fighter-details/86b9b51a81e9c339,
Kimo Leopoldo,1968-01-05,190.5,,Orthodox,,,,,,,,ufcstats,http://ufcstats.com/fighter-details/08ae5cd9aef7ddd3,
Victoria Leonardo,1990-02-16,165.1,162.6,Orthodox,,,,,,,,ufcstats,http://ufcstats.com/fighter-details/9dedfdd91070ddd8,
David Levicki,,195.6,,,,,,,,,,ufcstats,http://ufcstats.com/fighter-details/49590e0508b2c19f,
Kyle Levinton,,,,,,,,,,,,ufcstats,http://ufcstats.com/fighter-details/81ddc98fceb30086,
Marcus LeVesseur,1982-07-17,175.3,177.8,Southpaw,,,,,,,,ufcstats,http://ufcstats.com/fighter-details/182f2b78582de3d8,
Michael Lerma,1973-11-18,,,,,,,,,,,ufcstats,http://ufcstats.com/fighter-details/f1fd8ec1023c89b3,
Lukasz Les,1981-11-05,,,,,,,,,,,ufcstats,http://ufcstats.com/fighter-details/5a8e30ed38a5bc6f,
Frank Lester,1984-06-10,180.3,,Orthodox,,,,,,,,ufcstats,http://ufcstats.com/fighter-details/edd8d5d8089a35f8,
Leah Letson,1992-08-21,170.2,180.3,Southpaw,,,,,,,,ufcstats,http://ufcstats.com/fighter-details/8cb78f3a6c2a08f7,
Justin Levens,1980-04-18,180.3,,Orthodox,,,,,,,,ufcstats,http://ufcstats.com/fighter-details/8c3f3c43c8ceb778,
Valerie Letourneau,1983-04-29,170.2,172.7,Orthodox,,,,,,,,ufcstats,http://ufcstats.com/fighter-details/46a2f24feb258ae0,
Brock Lesnar,1977-07-12,190.5,205.7,Orthodox,,,,,,,,ufcstats,http://ufcstats.com/fighter-details/513c6f1715e547a8,
John Lewis,,182.9,,Southpaw,,,,,,,,ufcstats,http://ufcstats.com/fighter-details/4a01dc8376736ef5,
Natan Levy,1991-09-30,175.3,180.3,Southpaw,,,,,,,,ufcstats,http://ufcstats.com/fighter-details/a29db9cd4f9ccea5,
Brandon Lewis,1997-08-02,162.6,177.8,Orthodox,,,,,,,,ufcstats,http://ufcstats.com/fighter-details/6623cb1c27025634,
Malik Lewis,1996-03-04,182.9,190.5,Orthodox,,,,,,,,ufcstats,http://ufcstats.com/fighter-details/f60dbe6e05489c4f,
Bevon Lewis,1991-05-05,190.5,200.7,Orthodox,,,,,,,,ufcstats,http://ufcstats.com/fighter-details/899923ff6ab13917,
Derrick Lewis,1985-02-07,190.5,200.7,Orthodox,,,,,,,,ufcstats,http://ufcstats.com/fighter-details/d3df1add9d9a7efb,
Jess Liaudin,,175.3,182.9,Orthodox,,,,,,,,ufcstats,http://ufcstats.com/fighter-details/a8aba6fd8a463043,
Chuck Liddell,1969-12-17,188.0,193.0,Orthodox,,,,,,,,ufcstats,http://ufcstats.com/fighter-details/a390eb8a9b2df298,
Li Yunfeng,1999-03-08,172.7,172.7,Orthodox,,,,,,,,ufcstats,http://ufcstats.com/fighter-details/4c7afd56ef1947ac,
Chi Lewis-Parry,1983-08-10,205.7,,,,,,,,,,ufcstats,http://ufcstats.com/fighter-details/a307a10414d0ad00,
Li Jingliang,1988-03-20,182.9,180.3,Orthodox,,,,,,,,ufcstats,http://ufcstats.com/fighter-details/e64b96c07d7ce999,
Donnie Liles,,175.3,,Orthodox,,,,,,,,ufcstats,http://ufcstats.com/fighter-details/a1bf037613180253,
Scott Lighty,1978-10-15,188.0,,,,,,,,,,ufcstats,http://ufcstats.com/fighter-details/998c8890a8dde1eb,
Chris Liguori,,175.3,,Orthodox,,,,,,,,ufcstats,http://ufcstats.com/fighter-details/0e31bfd26cc8c503,
Sam Liera,1983-11-26,,,,,,,,,,,ufcstats,http://ufcstats.com/fighter-details/421ccfc6ddb17958,
Jae Suk Lim,1979-11-09,175.3,,Orthodox,,,,,,,,ufcstats,http://ufcstats.com/fighter-details/bbb15f301e4a490a,
Zach Light,1974-02-06,172.7,,Orthodox,,,,,,,,ufcstats,http://ufcstats.com/fighter-details/5d7c18191b8aa432,
Hyun Gyu Lim,1985-01-16,190.5,195.6,Orthodox,,,,,,,,ufcstats,http://ufcstats.com/fighter-details/203c957eac95dd87,
Rodrigo Lidio,1989-07-07,180.3,185.4,Orthodox,,,,,,,,ufcstats,http://ufcstats.com/fighter-details/11b5a809c3120e27,
Liang Na,1996-07-27,165.1,170.2,Orthodox,,,,,,,,ufcstats,http://ufcstats.com/fighter-details/ec0dcceace7d25a3,
GwanWoo Lim,2001-07-27,188.0,188.0,Southpaw,,,,,,,,ufcstats,http://ufcstats.com/fighter-details/a53657e43b00614e,
Juliana Lima,1982-03-15,165.1,165.1,Orthodox,,,,,,,,ufcstats,http://ufcstats.com/fighter-details/75a6a390fd5dca46,
Emiliano Linares,1997-04-21,172.7,182.9,Orthodox,,,,,,,,ufcstats,http://ufcstats.com/fighter-details/a4ef92274a45143d,
Felipe Lima,1998-05-07,167.6,172.7,Orthodox,,,,,,,,ufcstats,http://ufcstats.com/fighter-details/9256f591b30c073e,
Mabelly Lima,1994-01-25,157.5,,Orthodox,,,,,,,,ufcstats,http://ufcstats.com/fighter-details/6135fd9665fbb74e,
Miguel Linares,,,,,,,,,,,,ufcstats,http://ufcstats.com/fighter-details/18c49685296c60e6,
Andre Lima,1999-02-04,170.2,170.2,Orthodox,,,,,,,,ufcstats,http://ufcstats.com/fighter-details/b1f21ce050035d58,
Matt Lindland,1970-05-17,182.9,188.0,Southpaw,,,,,,,,ufcstats,http://ufcstats.com/fighter-details/0e041d43a47d2e4b,
Dhiego Lima,1989-01-31,188.0,190.5,Orthodox,,,,,,,,ufcstats,http://ufcstats.com/fighter-details/e9213f53ddeca978,
Douglas Lima,1988-01-05,185.4,,,,,,,,,,ufcstats,http://ufcstats.com/fighter-details/264111bf62662fbf,
Jake Lindsey,1986-06-21,180.3,,Switch,,,,,,,,ufcstats,http://ufcstats.com/fighter-details/33e00249ef08d3a4,
John Lineker,1990-06-12,160.0,170.2,Orthodox,,,,,,,,ufcstats,http://ufcstats.com/fighter-details/c268b2cfebccf652,
Lucio Linhares,1973-12-08,188.0,,Orthodox,,,,,,,,ufcstats,http://ufcstats.com/fighter-details/a780d16cf7eed44d,
Philipe Lins,1985-08-17,188.0,198.1,Orthodox,,,,,,,,ufcstats,http://ufcstats.com/fighter-details/53c943c873cffe90,
Tainara Lisboa,1991-03-02,170.2,170.2,Orthodox,,,,,,,,ufcstats,http://ufcstats.com/fighter-details/2c5f5749569eef66,
Austin Lingo,1994-07-10,177.8,177.8,Orthodox,,,,,,,,ufcstats,http://ufcstats.com/fighter-details/305d73ede05e31ad,
Dean Lister,1976-02-13,185.4,190.5,Orthodox,,,,,,,,ufcstats,http://ufcstats.com/fighter-details/68c6cd5287b473a7,
Abner Lloveras,1982-09-04,180.3,,,,,,,,,,ufcstats,http://ufcstats.com/fighter-details/6448e57a9533b7e4,
Adam Livingston,2001-08-15,188.0,180.3,Orthodox,,,,,,,,ufcstats,http://ufcstats.com/fighter-details/515890922fe9ce96,
Brian Lo-A-Njoe,1976-01-22,170.2,,Orthodox,,,,,,,,ufcstats,http://ufcstats.com/fighter-details/7abce81b72fbbd9b,
Liu Ce,1996-09-04,,,,,,,,,,,ufcstats,http://ufcstats.com/fighter-details/a9936818d709e2d7,
Wesley Little,,193.0,,,,,,,,,,ufcstats,http://ufcstats.com/fighter-details/008c6e1a25751575,
James Llontop,1999-08-02,182.9,185.4,Orthodox,,,,,,,,ufcstats,http://ufcstats.com/fighter-details/93b2b7caa457cbea,
John Lober,1968-02-26,180.3,,Orthodox,,,,,,,,ufcstats,http://ufcstats.com/fighter-details/31652c9267606d54,
Dylan Lockard,1992-05-19,175.3,182.9,Orthodox,,,,,,,,ufcstats,http://ufcstats.com/fighter-details/9caa254991a5a698,
Artem Lobov,1986-08-11,175.3,165.1,Southpaw,,,,,,,,ufcstats,http://ufcstats.com/fighter-details/02f2a9702ba3d167,
Ryan Loder,1991-06-05,188.0,193.0,Southpaw,,,,,,,,ufcstats,http://ufcstats.com/fighter-details/d5bab53a1a603aac,
Sean Loeffler,1982-05-23,190.5,,Orthodox,,,,,,,,ufcstats,http://ufcstats.com/fighter-details/d3d1ff3f3dfa0931,
Rocky Long,1978-02-18,,,,,,,,,,,ufcstats,http://ufcstats.com/fighter-details/10e04e5e81f391a0,
Christian Lohsen,1995-01-24,188.0,195.6,Southpaw,,,,,,,,ufcstats,http://ufcstats.com/fighter-details/4ab36d70d1b28b58,
Michael Lombardo,1990-04-03,182.9,182.9,Orthodox,,,,,,,,ufcstats,http://ufcstats.com/fighter-details/6d6b9a6cb063b60d,
David Loiseau,1979-12-17,182.9,193.0,Orthodox,,,,,,,,ufcstats,http://ufcstats.com/fighter-details/22e47b53e4ceb27c,
Hector Lombard,1978-02-02,175.3,180.3,Southpaw,,,,,,,,ufcstats,http://ufcstats.com/fighter-details/db1f2ed63b54b9a7,
Lucas Lopes,1979-10-05,188.0,,,,,,,,,,ufcstats,http://ufcstats.com/fighter-details/1f70dd67ad507990,
Thomas Longacre,,175.3,,Orthodox,,,,,,,,ufcstats,http://ufcstats.com/fighter-details/989be26791d0aad4,
Dileno Lopes,1984-09-26,165.1,,,,,,,,,,ufcstats,http://ufcstats.com/fighter-details/8270c00fae24c922,
Ange Loosa,1993-03-18,177.8,188.0,Orthodox,,,,,,,,ufcstats,http://ufcstats.com/fighter-details/1497e735d9f2560a,
Loma Lookboonmee,1996-01-18,154.9,154.9,Orthodox,,,,,,,,ufcstats,http://ufcstats.com/fighter-details/4e30e4250cb08b61,
Federico Lopez,1984-01-04,162.6,,Orthodox,,,,,,,,ufcstats,http://ufcstats.com/fighter-details/9681e0ce67dc978b,
Jorge Lopez,1988-11-21,177.8,,Orthodox,,,,,,,,ufcstats,http://ufcstats.com/fighter-details/ee624ee2a18f2a43,
Ivan Lopez,,167.6,,Southpaw,,,,,,,,ufcstats,http://ufcstats.com/fighter-details/0db9d2486d564a3c,
Christopher Lopez,1986-01-30,177.8,,,,,,,,,,ufcstats,http://ufcstats.com/fighter-details/5148a665aa527865,
Steve Lopez,1984-07-30,180.3,,Orthodox,,,,,,,,ufcstats,http://ufcstats.com/fighter-details/6085ceb59087514b,
Matthew Lopez,1987-01-21,170.2,175.3,Southpaw,,,,,,,,ufcstats,http://ufcstats.com/fighter-details/2fc7e9701642ca38,
Benito Lopez,1994-04-06,177.8,185.4,Switch,,,,,,,,ufcstats,http://ufcstats.com/fighter-details/773f7feacf96153e,
Henrique Da Silva Lopes,1985-03-08,,,Orthodox,,,,,,,,ufcstats,http://ufcstats.com/fighter-details/4e30f2761b6bd3b5,
Arthur Lopes,1993-02-17,188.0,195.6,Southpaw,,,,,,,,ufcstats,http://ufcstats.com/fighter-details/2aa481e98185e261,
Bruno Lopes,1993-04-24,188.0,188.0,Orthodox,,,,,,,,ufcstats,http://ufcstats.com/fighter-details/0abcf6bc47191219,
Diego Lopes,1994-12-30,180.3,182.9,Orthodox,,,,,,,,ufcstats,http://ufcstats.com/fighter-details/f166e93d04a8c274,
Gabriel Lorenco,1999-09-30,,,,,,,,,,,ufcstats,http://ufcstats.com/fighter-details/e3fc6c1fab298561,
Gustavo Lopez,1989-06-27,165.1,170.2,Orthodox,,,,,,,,ufcstats,http://ufcstats.com/fighter-details/93b62c5f2ba18e51,
Brendan Loughnane,1989-12-05,177.8,177.8,Switch,,,,,,,,ufcstats,http://ufcstats.com/fighter-details/b788862dd1c11eac,
Nate Loughran,1980-07-28,188.0,,Orthodox,,,,,,,,ufcstats,http://ufcstats.com/fighter-details/cbf94e4c4af4ff6d,
Caolan Loughran,1996-05-18,167.6,172.7,Orthodox,,,,,,,,ufcstats,http://ufcstats.com/fighter-details/42ac4020cba261ad,
Rashard Lovelace,,,,,,,,,,,,ufcstats,http://ufcstats.com/fighter-details/e601d71cf8e5be22,
Jakob Lovstad,1979-12-28,190.5,,Orthodox,,,,,,,,ufcstats,http://ufcstats.com/fighter-details/ad044be25c94dcfd,
Brandon Lowe,,,,,,,,,,,,ufcstats,http://ufcstats.com/fighter-details/78ac94d54aa7f378,
Ian Loveland,1983-09-07,172.7,,Orthodox,,,,,,,,ufcstats,http://ufcstats.com/fighter-details/eea0274e153256a0,
Waylon Lowe,1980-10-31,170.2,,Southpaw,,,,,,,,ufcstats,http://ufcstats.com/fighter-details/28f62d866c59c709,
Alik Lorenz,1997-01-25,188.0,195.6,Orthodox,,,,,,,,ufcstats,http://ufcstats.com/fighter-details/92b5f4ee9ff40321,
Colton Loud,2000-12-07,,,,,,,,,,,ufcstats,http://ufcstats.com/fighter-details/1c01e9a0c44e3128,
Joe Lowry,1989-12-12,180.3,185.4,Orthodox,,,,,,,,ufcstats,http://ufcstats.com/fighter-details/86248c84834238e7,
Lu Zhengyong,,,,,,,,,,,,ufcstats,http://ufcstats.com/fighter-details/dc1bfd47c3b21ad3,
Lu Kai,1994-03-01,175.3,175.3,Orthodox,,,,,,,,ufcstats,http://ufcstats.com/fighter-details/a2d23e684b3db732,
Matt Lucas,1973-12-27,185.4,,,,,,,,,,ufcstats,http://ufcstats.com/fighter-details/668222c99c5c311d,
Robert Lucarelli,,188.0,,,,,,,,,,ufcstats,http://ufcstats.com/fighter-details/96087e90d900f0ef,
Cleber Luciano,,167.6,,,,,,,,,,ufcstats,http://ufcstats.com/fighter-details/9bdebbf2735d14c2,
Stephanie Luciano,1999-12-16,167.6,165.1,Orthodox,,,,,,,,ufcstats,http://ufcstats.com/fighter-details/1b35af4d1529adf6,
Iasmin Lucindo,2002-01-08,160.0,167.6,Orthodox,,,,,,,,ufcstats,http://ufcstats.com/fighter-details/abcf2cc6efc42031,
Lawrence Lui,1996-08-04,170.2,182.9,Orthodox,,,,,,,,ufcstats,http://ufcstats.com/fighter-details/a1ad35b98a9136e5,
Duane Ludwig,1978-08-04,177.8,177.8,Orthodox,,,,,,,,ufcstats,http://ufcstats.com/fighter-details/84ac950d4c1722dd,
Mike Lullo,1979-07-24,172.7,,Orthodox,,,,,,,,ufcstats,http://ufcstats.com/fighter-details/e26882820f9e8df5,
Juan Andres Luna,1995-08-20,170.2,182.9,Orthodox,,,,,,,,ufcstats,http://ufcstats.com/fighter-details/1fd9f744105024a8,
Paula Luna,1999-07-05,157.5,157.5,Orthodox,,,,,,,,ufcstats,http://ufcstats.com/fighter-details/5b1effb0db45273a,
Vicente Luque,1991-11-27,180.3,190.5,Orthodox,,,,,,,,ufcstats,http://ufcstats.com/fighter-details/6d4b63c767106d3a,
Santiago Luna,2004-08-06,175.3,188.0,Orthodox,,,,,,,,ufcstats,http://ufcstats.com/fighter-details/faf317c665546a36,
Dalcha Lungiambula,1987-07-31,172.7,193.0,Orthodox,,,,,,,,ufcstats,http://ufcstats.com/fighter-details/ce632027bf2a871b,
Tucker Lutz,1994-07-12,172.7,182.9,Orthodox,,,,,,,,ufcstats,http://ufcstats.com/fighter-details/7832f2f62f04178f,
Alexandru Lungu,1974-09-03,182.9,,Orthodox,,,,,,,,ufcstats,http://ufcstats.com/fighter-details/4887e5bc4dbb73ff,
Lv Zhenhong,1993-06-25,172.7,170.2,Switch,,,,,,,,ufcstats,http://ufcstats.com/fighter-details/5a4913108a3b9190,
Adam Lynn,1977-11-16,177.8,,Orthodox,,,,,,,,ufcstats,http://ufcstats.com/fighter-details/edfe95e3c33a4bf8,
Thaddeus Luster,,190.5,,,,,,,,,,ufcstats,http://ufcstats.com/fighter-details/505934897b8b4824,
Joilton Lutterbach,1992-11-05,185.4,190.5,Orthodox,,,,,,,,ufcstats,http://ufcstats.com/fighter-details/12630a4aa0894da8,
Travis Lutter,1973-05-12,180.3,190.5,Orthodox,,,,,,,,ufcstats,http://ufcstats.com/fighter-details/622f015c81a9b13a,
Stevie Lynch,,177.8,,Orthodox,,,,,,,,ufcstats,http://ufcstats.com/fighter-details/710d93f1508f7104,
Chris Lytle,1974-08-18,180.3,172.7,Orthodox,,,,,,,,ufcstats,http://ufcstats.com/fighter-details/91acd6910b802a9e,
Marcos da Matta,1973-03-18,162.6,,,,,,,,,,ufcstats,http://ufcstats.com/fighter-details/3b6d84343579fd33,
Sarah D'alelio,1980-12-13,170.2,,,,,,,,,,ufcstats,http://ufcstats.com/fighter-details/ac45450f75d14f16,
Henrique da Silva,1989-09-01,190.5,193.0,Orthodox,,,,,,,,ufcstats,http://ufcstats.com/fighter-details/b0bd0c5425668b8f,
Alex Da Silva,1996-02-04,172.7,185.4,Orthodox,,,,,,,,ufcstats,http://ufcstats.com/fighter-details/c3ded6f7155f9ea4,
Ariane da Silva,1994-01-26,167.6,170.2,Orthodox,,,,,,,,ufcstats,http://ufcstats.com/fighter-details/6551c64fbcd1a467,
Deni Daffa,1999-09-08,182.9,188.0,Orthodox,,,,,,,,ufcstats,http://ufcstats.com/fighter-details/d28bef63e7d8d536,
Radley Da Silva,1995-06-20,175.3,180.3,Orthodox,,,,,,,,ufcstats,http://ufcstats.com/fighter-details/0d68c7bfdff1dc34,
Richard Dalton,1977-07-19,185.4,,Orthodox,,,,,,,,ufcstats,http://ufcstats.com/fighter-details/6cd3dfc54f01287f,
Dave Dalgliesh,1978-04-05,188.0,,Orthodox,,,,,,,,ufcstats,http://ufcstats.com/fighter-details/ddbd0d6259ce57cc,
Nicolas Dalby,1984-11-16,180.3,188.0,Orthodox,,,,,,,,ufcstats,http://ufcstats.com/fighter-details/9d19d9e4aa2662e8,
Paul Daley,1983-02-21,175.3,193.0,Orthodox,,,,,,,,ufcstats,http://ufcstats.com/fighter-details/23725c826c481e7f,
Leonardo Damiani,1990-08-30,177.8,175.3,Orthodox,,,,,,,,ufcstats,http://ufcstats.com/fighter-details/acd870570949d8a2,
Marko Damiani,,182.9,,,,,,,,,,ufcstats,http://ufcstats.com/fighter-details/6e9b5c74c0860deb,
Cindy Dandois,1984-10-26,170.2,,Orthodox,,,,,,,,ufcstats,http://ufcstats.com/fighter-details/9eef6584fab21fbb,
Aisling Daly,1987-12-24,157.5,162.6,Orthodox,,,,,,,,ufcstats,http://ufcstats.com/fighter-details/e50cd77732d39967,
Batgerel Danaa,1989-07-04,170.2,177.8,Orthodox,,,,,,,,ufcstats,http://ufcstats.com/fighter-details/3b0a516d2921e0d6,
Peter Danesoe,2000-09-01,175.3,172.7,Orthodox,,,,,,,,ufcstats,http://ufcstats.com/fighter-details/5f119b24c0f9679c,
Carina Damm,,162.6,,,,,,,,,,ufcstats,http://ufcstats.com/fighter-details/033343da4c0cff8a,
Rodrigo Damm,1980-02-03,170.2,180.3,Orthodox,,,,,,,,ufcstats,http://ufcstats.com/fighter-details/a20d7dfaba74c067,
Eduardo Dantas,1989-02-03,177.8,,,,,,,,,,ufcstats,http://ufcstats.com/fighter-details/676a2e5ec4d7338c,
Alexandre Dantas,1979-03-01,188.0,,Orthodox,,,,,,,,ufcstats,http://ufcstats.com/fighter-details/8dc46e9a7895ce1a,
Anvarbek Daniyalbekov,1995-05-27,,,,,,,,,,,ufcstats,http://ufcstats.com/fighter-details/859e0dafd04fe1ca,
Marques Daniels,1978-06-14,,,,,,,,,,,ufcstats,http://ufcstats.com/fighter-details/55a80a9365bc107d,
Karen Darabedyan,1986-12-18,170.2,172.7,Orthodox,,,,,,,,ufcstats,http://ufcstats.com/fighter-details/d2fa318f34d0aadc,
Mac Danzig,1980-01-02,172.7,177.8,Orthodox,,,,,,,,ufcstats,http://ufcstats.com/fighter-details/86f582852a5b240a,
Raymond Daniels,1980-04-29,188.0,,Southpaw,,,,,,,,ufcstats,http://ufcstats.com/fighter-details/fccb0fee256b7b4d,
Jarjis Danho,1983-10-15,190.5,188.0,Orthodox,,,,,,,,ufcstats,http://ufcstats.com/fighter-details/8614b7134913f5d5,
Jose Daniel Medina,1991-05-17,182.9,188.0,Orthodox,,,,,,,,ufcstats,http://ufcstats.com/fighter-details/baa9be02c3e3e038,
Adam Darby,1998-11-13,,,,,,,,,,,ufcstats,http://ufcstats.com/fighter-details/a4555c13e6257539,
Alvi Dasuyev,,,,,,,,,,,,ufcstats,http://ufcstats.com/fighter-details/03c629aaa15a17ce,
Brian Davidson,1975-11-22,167.6,,,,,,,,,,ufcstats,http://ufcstats.com/fighter-details/42775dc893603154,
Rick Davis,,175.3,,Orthodox,,,,,,,,ufcstats,http://ufcstats.com/fighter-details/2549d63da9c456cb,
Chris Daukaus,1989-09-25,190.5,193.0,Orthodox,,,,,,,,ufcstats,http://ufcstats.com/fighter-details/d0aaedcf7ccd0b45,
Sean Daugherty,1975-12-04,182.9,,,,,,,,,,ufcstats,http://ufcstats.com/fighter-details/a683f9ddb70aa4bd,
Beneil Dariush,1989-05-06,177.8,182.9,Southpaw,,,,,,,,ufcstats,http://ufcstats.com/fighter-details/08af939f41b5a57b,
Kyle Daukaus,1993-02-27,188.0,193.0,Southpaw,,,,,,,,ufcstats,http://ufcstats.com/fighter-details/d6c0cdd7e467c440,
Marcus Davis,1973-08-24,177.8,177.8,Southpaw,,,,,,,,ufcstats,http://ufcstats.com/fighter-details/b7d524c77c27389b,
Lemont Davis,,172.7,,Orthodox,,,,,,,,ufcstats,http://ufcstats.com/fighter-details/a993ef2dd36cea5f,
Justin Davis,1983-04-01,180.3,,,,,,,,,,ufcstats,http://ufcstats.com/fighter-details/20697b334f6c0a45,
Mike Davis,,,,,,,,,,,,ufcstats,http://ufcstats.com/fighter-details/c8661e204c66f325,
LC Davis,1980-10-28,172.7,175.3,Southpaw,,,,,,,,ufcstats,http://ufcstats.com/fighter-details/6dab8ce5e4bffe77,
Phil Davis,1984-09-25,188.0,200.7,Orthodox,,,,,,,,ufcstats,http://ufcstats.com/fighter-details/902ab9197b83d0db,
Danny Davis,1982-07-28,188.0,,,,,,,,,,ufcstats,http://ufcstats.com/fighter-details/570d40f993171b19,
Alexis Davis,1984-10-04,167.6,172.7,Orthodox,,,,,,,,ufcstats,http://ufcstats.com/fighter-details/4c2d90e335e6df19,
Mike Davis,1992-10-07,182.9,182.9,Orthodox,,,,,,,,ufcstats,http://ufcstats.com/fighter-details/fb3e61720be4690c,
Yorgan De Castro,1986-12-19,182.9,188.0,Orthodox,,,,,,,,ufcstats,http://ufcstats.com/fighter-details/1eff7bc0f815b270,
Geraldo de Freitas,1991-09-30,170.2,182.9,Orthodox,,,,,,,,ufcstats,http://ufcstats.com/fighter-details/9cfbfae5fa1fdd93,
Brandon Davis,1990-05-08,177.8,182.9,Orthodox,,,,,,,,ufcstats,http://ufcstats.com/fighter-details/cc351e408bbb7d43,
Hakeem Dawodu,1991-07-02,172.7,185.4,Orthodox,,,,,,,,ufcstats,http://ufcstats.com/fighter-details/2c9d00968f818270,
Philip De Fries,1986-04-21,195.6,200.7,Orthodox,,,,,,,,ufcstats,http://ufcstats.com/fighter-details/6ef65b6a152e49d5,
Chris de la Rocha,1979-05-15,190.5,203.2,Orthodox,,,,,,,,ufcstats,http://ufcstats.com/fighter-details/e51ee8ded927fc51,
Grant Dawson,1994-02-20,177.8,182.9,Switch,,,,,,,,ufcstats,http://ufcstats.com/fighter-details/99bd51917728c25d,
Mark De La Rosa,1994-08-31,167.6,165.1,Orthodox,,,,,,,,ufcstats,http://ufcstats.com/fighter-details/f57dd0bfa8c17813,
Angel De Anda,1985-05-28,175.3,,Orthodox,,,,,,,,ufcstats,http://ufcstats.com/fighter-details/4b450aa602611baa,
Jason Day,1981-05-19,182.9,182.9,Orthodox,,,,,,,,ufcstats,http://ufcstats.com/fighter-details/a6fd2173d5e2d7f0,
Martin Day,1988-11-10,177.8,185.4,Orthodox,,,,,,,,ufcstats,http://ufcstats.com/fighter-details/ea3dcc417c322064,
Reinier de Ridder,1990-09-07,193.0,198.1,Southpaw,,,,,,,,ufcstats,http://ufcstats.com/fighter-details/d549cefc7c54ab78,
Rodrigo de Lima,1991-03-12,170.2,,Orthodox,,,,,,,,ufcstats,http://ufcstats.com/fighter-details/a4dc47001f202bcd,
Johil de Oliveira,1969-08-07,167.6,,Orthodox,,,,,,,,ufcstats,http://ufcstats.com/fighter-details/f9aa6376ae16bfb4,
Edilberto de Oliveira,1982-11-22,182.9,,Orthodox,,,,,,,,ufcstats,http://ufcstats.com/fighter-details/afdb76fbd86f6d11,
Jorge de Oliveira,1980-01-22,172.7,,Orthodox,,,,,,,,ufcstats,http://ufcstats.com/fighter-details/ddf3e0ea10ea6d8c,
Mike de la Torre,1986-09-22,180.3,180.3,Orthodox,,,,,,,,ufcstats,http://ufcstats.com/fighter-details/1971869b7e054261,
Montana De La Rosa,1995-02-14,170.2,172.7,Orthodox,,,,,,,,ufcstats,http://ufcstats.com/fighter-details/80d8aed0ca9b00f3,
Jair De Oliveira,1996-05-09,175.3,175.3,,,,,,,,,ufcstats,http://ufcstats.com/fighter-details/f14fbb2e55da044c,
Isabela de Padua,1991-09-04,160.0,162.6,Orthodox,,,,,,,,ufcstats,http://ufcstats.com/fighter-details/e0f959f65d0406b4,
Crezio de Souza,,,,Orthodox,,,,,,,,ufcstats,http://ufcstats.com/fighter-details/3746e21bb508391a,
Gloria de Paula,1995-06-10,165.1,170.2,Orthodox,,,,,,,,ufcstats,http://ufcstats.com/fighter-details/5dd180c8b3196786,
Germaine de Randamie,1984-04-24,175.3,180.3,Orthodox,,,,,,,,ufcstats,http://ufcstats.com/fighter-details/1d239d571e342453,
Carl Deaton,1989-11-24,170.2,175.3,Orthodox,,,,,,,,ufcstats,http://ufcstats.com/fighter-details/914a897455693650,
Shane del Rosario,1983-09-23,193.0,,Southpaw,,,,,,,,ufcstats,http://ufcstats.com/fighter-details/85980f5da429c0a6,
Issac DeJesus,,,,,,,,,,,,ufcstats,http://ufcstats.com/fighter-details/0e2c2daf11b5d8f2,
Tom DeBlass,1982-05-14,182.9,,Orthodox,,,,,,,,ufcstats,http://ufcstats.com/fighter-details/0bcfe2513cb3bc39,
Rafael  Del Real,,180.3,,,,,,,,,,ufcstats,http://ufcstats.com/fighter-details/e82b2adcaeff71ec,
Marcos Degli,2000-05-13,,,,,,,,,,,ufcstats,http://ufcstats.com/fighter-details/0575068a0f83f963,
Wallen Del Rosario,1993-03-18,162.6,170.2,Orthodox,,,,,,,,ufcstats,http://ufcstats.com/fighter-details/a62f85f6a6c19a4c,
Israel Delgado,,177.8,,,,,,,,,,ufcstats,http://ufcstats.com/fighter-details/01f4bcd26ac08ad5,
Humberto DeLeon,1989-11-12,,,,,,,,,,,ufcstats,http://ufcstats.com/fighter-details/bfaf4c87936b4fae,
Jose Delano,1996-09-11,172.7,177.8,Orthodox,,,,,,,,ufcstats,http://ufcstats.com/fighter-details/d7c4956d61ae76a9,
Yadier del Valle,1996-07-29,175.3,175.3,Southpaw,,,,,,,,ufcstats,http://ufcstats.com/fighter-details/70380ccdc81915b8,
Rolando Delgado,1981-11-22,190.5,195.6,Orthodox,,,,,,,,ufcstats,http://ufcstats.com/fighter-details/37b1696e6d115957,
Ante Delija,1990-08-07,190.5,198.1,Orthodox,,,,,,,,ufcstats,http://ufcstats.com/fighter-details/7d8435c56043b0ae,
Jose Delgado,1998-04-21,180.3,185.4,Switch,,,,,,,,ufcstats,http://ufcstats.com/fighter-details/7d6ceff6747f2de2,
Jack Della Maddalena,1996-09-10,180.3,185.4,Switch,,,,,,,,ufcstats,http://ufcstats.com/fighter-details/6b453bc35a823c3f,
Roland Delorme,1983-12-18,175.3,180.3,Orthodox,,,,,,,,ufcstats,http://ufcstats.com/fighter-details/173acb3f920082b8,
Jon Delos Reyes,1987-08-19,167.6,170.2,Orthodox,,,,,,,,ufcstats,http://ufcstats.com/fighter-details/0d0351c20169a499,
Jason DeLucia,1969-07-24,180.3,,Southpaw,,,,,,,,ufcstats,http://ufcstats.com/fighter-details/6ceff86fae4f6b3b,
Mackenzie Dern,1993-03-24,162.6,160.0,Orthodox,,,,,,,,ufcstats,http://ufcstats.com/fighter-details/7447e9f28508106a,
Booker DeRousse,1981-03-23,188.0,,,,,,,,,,ufcstats,http://ufcstats.com/fighter-details/f2c91b67f71bbeab,
Justin DeMoney,1985-07-01,,,,,,,,,,,ufcstats,http://ufcstats.com/fighter-details/985bca5a097fb3f4,
Chris Dempsey,1987-09-08,177.8,182.9,Orthodox,,,,,,,,ufcstats,http://ufcstats.com/fighter-details/dfae5da5676e4194,
Vanessa Demopoulos,1988-09-22,157.5,149.9,Orthodox,,,,,,,,ufcstats,http://ufcstats.com/fighter-details/2c483cf443f38ece,
Nick Denis,1983-10-11,170.2,,Orthodox,,,,,,,,ufcstats,http://ufcstats.com/fighter-details/e4aaaa34535e32b6,
Jason Dent,1980-06-12,177.8,180.3,Orthodox,,,,,,,,ufcstats,http://ufcstats.com/fighter-details/fa8b9e6b0c2269f8,
Robert Densley,,175.3,,,,,,,,,,ufcstats,http://ufcstats.com/fighter-details/b72f3cafa6376e35,
Thomas Denny,1971-04-19,177.8,,Orthodox,,,,,,,,ufcstats,http://ufcstats.com/fighter-details/a11a6ee8eeb03c18,
John Devine,1978-01-17,,,,,,,,,,,ufcstats,http://ufcstats.com/fighter-details/2bcc39af95d6f2e8,
Rabindra Dhant,1998-11-30,170.2,175.3,Switch,,,,,,,,ufcstats,http://ufcstats.com/fighter-details/9f8bd85aaeec2f56,
Robelis Despaigne,1988-09-09,200.7,213.4,Orthodox,,,,,,,,ufcstats,http://ufcstats.com/fighter-details/140567899d98978a,
Edwin DeWees,1982-08-07,185.4,,Orthodox,,,,,,,,ufcstats,http://ufcstats.com/fighter-details/75bbd2206a15319f,
Cory Devela,1984-08-05,152.4,,Orthodox,,,,,,,,ufcstats,http://ufcstats.com/fighter-details/48544433372ecfa6,
Tony DeSouza,1974-07-26,182.9,177.8,Southpaw,,,,,,,,ufcstats,http://ufcstats.com/fighter-details/6ad9058b7c7898b0,
Tyler Diamond,1991-03-18,170.2,175.3,Orthodox,,,,,,,,ufcstats,http://ufcstats.com/fighter-details/f5f6419c5f00abad,
Micol Di Segni,1987-12-29,160.0,152.4,Orthodox,,,,,,,,ufcstats,http://ufcstats.com/fighter-details/8126e4dff0cdf69e,
Thomas Diagne,1983-09-03,185.4,,,,,,,,,,ufcstats,http://ufcstats.com/fighter-details/8567466ae167216b,
Alessio Di Chirico,1989-12-12,182.9,188.0,Orthodox,,,,,,,,ufcstats,http://ufcstats.com/fighter-details/77d7295d1b22c694,
Cyrille Diabate,1973-10-06,198.1,205.7,Southpaw,,,,,,,,ufcstats,http://ufcstats.com/fighter-details/43563a32c3f10e95,
Eldo Xavier Dias,1964-07-16,180.3,,,,,,,,,,ufcstats,http://ufcstats.com/fighter-details/ee5df903f80c6816,
Rafael Dias,1979-10-20,175.3,,Orthodox,,,,,,,,ufcstats,http://ufcstats.com/fighter-details/b5abaa65f87938eb,
Marc Diakiese,1993-03-16,177.8,185.4,Orthodox,,,,,,,,ufcstats,http://ufcstats.com/fighter-details/32c355b04fc57f3a,
Victor Dias,1990-12-26,167.6,175.3,Orthodox,,,,,,,,ufcstats,http://ufcstats.com/fighter-details/f7202b3130421d27,
Luis Felipe Dias,1995-01-17,177.8,188.0,,,,,,,,,ufcstats,http://ufcstats.com/fighter-details/33a86e839ad202d8,
Magno Dias,1995-11-30,165.1,170.2,,,,,,,,,ufcstats,http://ufcstats.com/fighter-details/270e84d8174721d2,
Blood Diamond,1988-07-10,180.3,193.0,Switch,,,,,,,,ufcstats,http://ufcstats.com/fighter-details/9edf2c9082cc2cd8,
Michael Diaz,,,,,,,,,,,,ufcstats,http://ufcstats.com/fighter-details/5e7a48e469770615,
Hacran Dias,1984-06-16,172.7,175.3,Orthodox,,,,,,,,ufcstats,http://ufcstats.com/fighter-details/ed209f6618c82e41,
Ryan Diaz,1979-02-06,,,,,,,,,,,ufcstats,http://ufcstats.com/fighter-details/ceee5dd37253199a,
Nate Diaz,1985-04-16,182.9,193.0,Southpaw,,,,,,,,ufcstats,http://ufcstats.com/fighter-details/8355922d564b152c,
Nick Diaz,1983-08-02,185.4,193.0,Southpaw,,,,,,,,ufcstats,http://ufcstats.com/fighter-details/f57a8a52ca401ed9,
Mark Dickman,1984-07-19,175.3,,,,,,,,,,ufcstats,http://ufcstats.com/fighter-details/2482ef3331a82e75,
Juan Diaz,1998-06-03,172.7,175.3,Orthodox,,,,,,,,ufcstats,http://ufcstats.com/fighter-details/74939a16c7b56f33,
Adrian Diaz,1988-04-26,177.8,,Southpaw,,,,,,,,ufcstats,http://ufcstats.com/fighter-details/bfa8f263815cfa2e,
Ozzy Diaz,1990-11-22,193.0,200.7,Orthodox,,,,,,,,ufcstats,http://ufcstats.com/fighter-details/6967153c7edb4d87,
Kyle Dietz,1986-04-29,172.7,,Orthodox,,,,,,,,ufcstats,http://ufcstats.com/fighter-details/31da66df48c0c1a0,
Josh Diekmann,1976-10-09,162.6,,,,,,,,,,ufcstats,http://ufcstats.com/fighter-details/414bddf0c80c41e1,
Seth Dikun,1980-08-05,177.8,175.3,Orthodox,,,,,,,,ufcstats,http://ufcstats.com/fighter-details/eb42d4febfafefd1,
Ralph Dillon,,188.0,,Orthodox,,,,,,,,ufcstats,http://ufcstats.com/fighter-details/b4f7a2d8ecc5e0c3,
TJ Dillashaw,1986-02-07,167.6,170.2,Orthodox,,,,,,,,ufcstats,http://ufcstats.com/fighter-details/c849740a3ff51931,
Rodolfo Marques Diniz,1984-01-23,167.6,,,,,,,,,,ufcstats,http://ufcstats.com/fighter-details/2d2239d0f6fa83dd,
Jhonata Diniz,1991-06-23,193.0,200.7,Orthodox,,,,,,,,ufcstats,http://ufcstats.com/fighter-details/25f9a5f3e8a52618,
Ding Meng,1994-09-27,188.0,185.4,Orthodox,,,,,,,,ufcstats,http://ufcstats.com/fighter-details/e0664abaa023fd6f,
Matt Dixon,1995-10-09,177.8,190.5,Switch,,,,,,,,ufcstats,http://ufcstats.com/fighter-details/1db445a4468447d0,
Adama Diop,,,,,,,,,,,,ufcstats,http://ufcstats.com/fighter-details/8730ab4b1057f925,
Drew Dimanlig,,,,,,,,,,,,ufcstats,http://ufcstats.com/fighter-details/cc2ad11b1f9d818b,
Anthony Do,,162.6,,,,,,,,,,ufcstats,http://ufcstats.com/fighter-details/7c9aeba0c4d4bd78,
Helio Dipp,1979-12-12,195.6,,Orthodox,,,,,,,,ufcstats,http://ufcstats.com/fighter-details/73eb2a552c92a821,
AJ Dobson,1992-01-18,185.4,193.0,Orthodox,,,,,,,,ufcstats,http://ufcstats.com/fighter-details/009c4420727149ea,
Russell Doane,1986-08-13,170.2,177.8,Orthodox,,,,,,,,ufcstats,http://ufcstats.com/fighter-details/f50d95223751e6ca,
Drew Dober,1988-10-19,172.7,177.8,Southpaw,,,,,,,,ufcstats,http://ufcstats.com/fighter-details/519e4fe37ce9ff75,
David Dodd,1973-09-22,188.0,,Orthodox,,,,,,,,ufcstats,http://ufcstats.com/fighter-details/c2a7623f398d9bd7,
Rico DiSciullo,1986-10-12,172.7,,Orthodox,,,,,,,,ufcstats,http://ufcstats.com/fighter-details/ec7f7263bf36579b,
John Dodson,1984-09-26,160.0,167.6,Orthodox,,,,,,,,ufcstats,http://ufcstats.com/fighter-details/99506df1af6c8b3b,
John Dixson,1961-10-15,182.9,,Orthodox,,,,,,,,ufcstats,http://ufcstats.com/fighter-details/ad4e9055bf8cd04d,
Shana Dobson,1989-03-30,167.6,175.3,Orthodox,,,,,,,,ufcstats,http://ufcstats.com/fighter-details/122ac9b816d8b71c,
Mike Dolce,1976-04-15,180.3,,,,,,,,,,ufcstats,http://ufcstats.com/fighter-details/29b5791e51e7e832,
Joe Doerksen,1977-10-09,182.9,190.5,Orthodox,,,,,,,,ufcstats,http://ufcstats.com/fighter-details/dbaaf42313af90fa,
Cameron Dollar,1987-05-12,180.3,,Orthodox,,,,,,,,ufcstats,http://ufcstats.com/fighter-details/3bbcd63a016d9715,
Roman Dolidze,1988-07-15,188.0,193.0,Orthodox,,,,,,,,ufcstats,http://ufcstats.com/fighter-details/327d5f279895110d,
Houston Dorr,,185.4,,Orthodox,,,,,,,,ufcstats,http://ufcstats.com/fighter-details/312f47c3d2f83ffa,
Dennis Dombrow,1986-03-17,,,,,,,,,,,ufcstats,http://ufcstats.com/fighter-details/4145caa2c999fbac,
Dong Huaxiang,1998-08-21,160.0,157.5,Switch,,,,,,,,ufcstats,http://ufcstats.com/fighter-details/bad82b681819b272,
CB Dollaway,1983-08-10,188.0,193.0,Orthodox,,,,,,,,ufcstats,http://ufcstats.com/fighter-details/5d7bdab5e03e3216,
John Donaldson,1992-07-09,172.7,,,,,,,,,,ufcstats,http://ufcstats.com/fighter-details/1c610f900f9884ab,
OJ Dominguez,,,,,,,,,,,,ufcstats,http://ufcstats.com/fighter-details/1a50e734bb54861a,
Daniil Donchenko,2001-08-04,180.3,180.3,Orthodox,,,,,,,,ufcstats,http://ufcstats.com/fighter-details/70dd69b6a703257e,
Geronimo dos Santos,1980-08-17,190.5,,Orthodox,,,,,,,,ufcstats,http://ufcstats.com/fighter-details/b51f6791c794e289,
Antonio Dos Santos,1988-07-21,177.8,,Orthodox,,,,,,,,ufcstats,http://ufcstats.com/fighter-details/81b8b3fb019dc69d,
Junior Dos Santos,1984-01-30,193.0,195.6,Orthodox,,,,,,,,ufcstats,http://ufcstats.com/fighter-details/63def5a5662a6917,
Rafael Dos Anjos,1984-10-26,172.7,177.8,Southpaw,,,,,,,,ufcstats,http://ufcstats.com/fighter-details/6a2f7c151031653d,
Cody Donovan,1981-02-20,190.5,188.0,Orthodox,,,,,,,,ufcstats,http://ufcstats.com/fighter-details/7bc96507e4b38d3b,
Acacio Dos Santos,1991-09-29,193.0,200.7,Orthodox,,,,,,,,ufcstats,http://ufcstats.com/fighter-details/957562fdf68a725a,
Rayanne dos Santos,1995-06-08,157.5,157.5,Orthodox,,,,,,,,ufcstats,http://ufcstats.com/fighter-details/02bb48869eb7ac8f,
Felipe dos Santos,2000-09-11,170.2,177.8,Orthodox,,,,,,,,ufcstats,http://ufcstats.com/fighter-details/5cdf5339728f580d,
Anderson Dos Santos,1985-07-24,165.1,177.8,Orthodox,,,,,,,,ufcstats,http://ufcstats.com/fighter-details/bbc9ab95fa766493,
Oleksandr Doskalchuk,1990-03-13,167.6,,Southpaw,,,,,,,,ufcstats,http://ufcstats.com/fighter-details/86cb6f5b1ca98dc0,
Damion Douglas,1982-08-16,,,,,,,,,,,ufcstats,http://ufcstats.com/fighter-details/ce3b669e39418414,
Tiago dos Santos e Silva,1987-04-12,175.3,177.8,Orthodox,,,,,,,,ufcstats,http://ufcstats.com/fighter-details/8ce87f7e3a9baed2,
Lerryan Douglas,1995-04-27,175.3,182.9,Orthodox,,,,,,,,ufcstats,http://ufcstats.com/fighter-details/640a0f838f057a81,
David Douglas,1981-08-16,180.3,,,,,,,,,,ufcstats,http://ufcstats.com/fighter-details/7cf0944b88966118,
Cedric Doumbe,1992-08-13,177.8,,,,,,,,,,ufcstats,http://ufcstats.com/fighter-details/5159e6ee100c717e,
John Dowdy,,,,,,,,,,,,ufcstats,http://ufcstats.com/fighter-details/e780ccc79a209985,
Jordan Dowdy,,,,,,,,,,,,ufcstats,http://ufcstats.com/fighter-details/0d9312337fdce39a,
Danny Downes,1986-04-08,182.9,182.9,Orthodox,,,,,,,,ufcstats,http://ufcstats.com/fighter-details/a66395395b5f1394,
Derek Downey,1980-04-27,185.4,,Orthodox,,,,,,,,ufcstats,http://ufcstats.com/fighter-details/b05086131c6f5dc5,
Kyle Driscoll,1994-09-23,180.3,188.0,Orthodox,,,,,,,,ufcstats,http://ufcstats.com/fighter-details/e5e148d4363deff8,
Anthony Drilich,1994-03-17,165.1,165.1,Southpaw,,,,,,,,ufcstats,http://ufcstats.com/fighter-details/c2c4052f58f54988,
Edson Drago,1977-08-29,193.0,,Orthodox,,,,,,,,ufcstats,http://ufcstats.com/fighter-details/f9c7fe2682af3802,
Robert Drysdale,1981-10-05,190.5,,Orthodox,,,,,,,,ufcstats,http://ufcstats.com/fighter-details/d2a9be6bf2de624c,
Jimmy Drago,1995-02-18,177.8,180.3,Orthodox,,,,,,,,ufcstats,http://ufcstats.com/fighter-details/cb4bf812d9cb78b4,
John Doyle,1976-11-21,180.3,,Orthodox,,,,,,,,ufcstats,http://ufcstats.com/fighter-details/0509b954421bb327,
Joe Duarte,1977-01-25,,,,,,,,,,,ufcstats,http://ufcstats.com/fighter-details/454c3e9d4cd4a1b3,
Hugo Duarte,1968-08-09,182.9,,Orthodox,,,,,,,,ufcstats,http://ufcstats.com/fighter-details/706404da0775dcbc,
Antonio Duarte,1987-03-10,170.2,,,,,,,,,,ufcstats,http://ufcstats.com/fighter-details/29b5d32584e02d8d,
Chris Drumm,,172.7,,,,,,,,,,ufcstats,http://ufcstats.com/fighter-details/5fd834edd92c9e50,
Tomasz Drwal,1982-01-22,185.4,193.0,Orthodox,,,,,,,,ufcstats,http://ufcstats.com/fighter-details/679a9054e2815943,
Dricus Du Plessis,1994-01-14,185.4,193.0,Switch,,,,,,,,ufcstats,http://ufcstats.com/fighter-details/0d7b51c9d2649a6e,
Matthieu Duclos,1995-04-04,190.5,195.6,Orthodox,,,,,,,,ufcstats,http://ufcstats.com/fighter-details/ec322adbabbfa6e7,
Yuneisy Duben,1996-07-08,162.6,165.1,Orthodox,,,,,,,,ufcstats,http://ufcstats.com/fighter-details/c3d2b9bcb4cead6b,
Emily Ducote,1994-01-01,157.5,160.0,Orthodox,,,,,,,,ufcstats,http://ufcstats.com/fighter-details/02f8fedc18cbd26c,
Adin Duenas,1988-07-02,167.6,,,,,,,,,,ufcstats,http://ufcstats.com/fighter-details/cb6c45b26b0a877a,
Viktoriia Dudakova,1999-01-26,165.1,170.2,Orthodox,,,,,,,,ufcstats,http://ufcstats.com/fighter-details/6c9b66b43663f2f7,
Todd Duffee,1985-12-06,190.5,198.1,Orthodox,,,,,,,,ufcstats,http://ufcstats.com/fighter-details/bda04c573563cc2e,
Jack Duffy,1995-10-02,170.2,175.3,Switch,,,,,,,,ufcstats,http://ufcstats.com/fighter-details/cea51876d8a514a0,
Milana Dudieva,1989-08-04,160.0,,Orthodox,,,,,,,,ufcstats,http://ufcstats.com/fighter-details/072a10e85f7d4bff,
Joe Duffy,1988-02-18,177.8,185.4,Orthodox,,,,,,,,ufcstats,http://ufcstats.com/fighter-details/654ae722109a0d31,
Alexis Dufresne,1990-08-31,175.3,,Orthodox,,,,,,,,ufcstats,http://ufcstats.com/fighter-details/4ae4049426e0161d,
Jessamyn Duke,1986-06-24,180.3,185.4,Orthodox,,,,,,,,ufcstats,http://ufcstats.com/fighter-details/a7ddae0be8b78147,
Islam Dulatov,1998-08-02,190.5,190.5,Orthodox,,,,,,,,ufcstats,http://ufcstats.com/fighter-details/e803242fb2e41112,
Isaac Dulgarian,1996-07-04,170.2,180.3,Orthodox,,,,,,,,ufcstats,http://ufcstats.com/fighter-details/a57cb948c4c70a47,
Kelly Dullanty,1977-11-04,172.7,,Orthodox,,,,,,,,ufcstats,http://ufcstats.com/fighter-details/1a225f04aa6e0739,
Christian Leroy Duncan,1995-07-24,188.0,200.7,Switch,,,,,,,,ufcstats,http://ufcstats.com/fighter-details/a93f94c923c3a9cb,
Sedriques Dumas,1995-08-06,188.0,200.7,Orthodox,,,,,,,,ufcstats,http://ufcstats.com/fighter-details/4e6738062d469256,
Evan Dunham,1981-12-18,177.8,177.8,Southpaw,,,,,,,,ufcstats,http://ufcstats.com/fighter-details/e5c9de15bb58b1c6,
Alex Dunworth,,172.7,,,,,,,,,,ufcstats,http://ufcstats.com/fighter-details/31732a614e7a3d1d,
Chris Duncan,1993-05-10,177.8,180.3,Orthodox,,,,,,,,ufcstats,http://ufcstats.com/fighter-details/fd406a32a6fb3a29,
Reuben Duran,1983-07-02,170.2,180.3,Orthodox,,,,,,,,ufcstats,http://ufcstats.com/fighter-details/4417980b3e798abf,
Albert Duraev,1989-01-05,180.3,190.5,Orthodox,,,,,,,,ufcstats,http://ufcstats.com/fighter-details/6b7c7460855dbbb9,
Norma Dumont,1990-10-01,170.2,170.2,Orthodox,,,,,,,,ufcstats,http://ufcstats.com/fighter-details/d3f5d33d61cd00c9,
Tom Duquesnoy,1993-06-21,170.2,172.7,Orthodox,,,,,,,,ufcstats,http://ufcstats.com/fighter-details/e979c76341f19b22,
Luiz Dutra,1982-05-06,180.3,,Orthodox,,,,,,,,ufcstats,http://ufcstats.com/fighter-details/2153a7f8396a46cc,
Cody Durden,1991-03-29,170.2,170.2,Southpaw,,,,,,,,ufcstats,http://ufcstats.com/fighter-details/7f6ed67d3ed3c036,
Rilley Dutro,1987-09-03,172.7,,Orthodox,,,,,,,,ufcstats,http://ufcstats.com/fighter-details/43db649da89fac4b,
Bill Duvall,,188.0,,Southpaw,,,,,,,,ufcstats,http://ufcstats.com/fighter-details/7df4d3c38792b083,
Danny Abbadi,1983-07-03,180.3,,Orthodox,,,,,,,,ufcstats,http://ufcstats.com/fighter-details/15df64c02b6b0fde,
Darion Abbey,1993-02-25,188.0,203.2,Orthodox,,,,,,,,ufcstats,http://ufcstats.com/fighter-details/4961467134abd8be,
Nariman Abbasov,1994-02-01,172.7,167.6,Orthodox,,,,,,,,ufcstats,http://ufcstats.com/fighter-details/59a9d6dac61c2540,
Rolando Dy,1990-08-11,172.7,175.3,Orthodox,,,,,,,,ufcstats,http://ufcstats.com/fighter-details/55ed59d541f8b90c,
Shanelle Dyer,2001-04-23,167.6,165.1,Orthodox,,,,,,,,ufcstats,http://ufcstats.com/fighter-details/cfbb3edab781dfd2,
Matt Dwyer,1989-12-17,193.0,193.0,Orthodox,,,,,,,,ufcstats,http://ufcstats.com/fighter-details/8f0d576beba1cfcd,
David Dvorak,1992-06-05,165.1,172.7,Orthodox,,,,,,,,ufcstats,http://ufcstats.com/fighter-details/9ada30894bf04e19,
Merab Dvalishvili,1991-01-10,167.6,172.7,Orthodox,,,,,,,,ufcstats,http://ufcstats.com/fighter-details/c03520b5c88ed6b4,
Mansur Abdul-Malik,1997-10-07,188.0,203.2,Orthodox,,,,,,,,ufcstats,http://ufcstats.com/fighter-details/841695e02c99a521,
Tom Aaron,1978-07-13,,,,,,,,,,,ufcstats,http://ufcstats.com/fighter-details/93fe7332d16c6ad9,
Farida Abdueva,2004-05-15,160.0,167.6,Orthodox,,,,,,,,ufcstats,http://ufcstats.com/fighter-details/8f3837b4c06f3d1e,
Hamdy Abdelwahab,1993-01-22,188.0,182.9,Southpaw,,,,,,,,ufcstats,http://ufcstats.com/fighter-details/3329d692aea4dc28,
David Abbott,1965-04-26,182.9,,Switch,,,,,,,,ufcstats,http://ufcstats.com/fighter-details/b361180739bed4b0,
Daichi Abe,1991-11-27,180.3,180.3,Orthodox,,,,,,,,ufcstats,http://ufcstats.com/fighter-details/5140122c3eecd307,
Cyborg Abreu,1980-12-20,,,,,,,,,,,ufcstats,http://ufcstats.com/fighter-details/f689bd7bbd14b392,
Ricardo Abreu,1984-04-27,180.3,,Orthodox,,,,,,,,ufcstats,http://ufcstats.com/fighter-details/aa6e591c2a2cdecd,
Papy Abedi,1978-06-30,180.3,,Southpaw,,,,,,,,ufcstats,http://ufcstats.com/fighter-details/c9f6385af6df66d7,
Akbar Abdullaev,1997-09-20,,,,,,,,,,,ufcstats,http://ufcstats.com/fighter-details/24cb8f04de1310cb,
Hiroyuki Abe,1970-02-09,167.6,,Orthodox,,,,,,,,ufcstats,http://ufcstats.com/fighter-details/c0ed7b208197e8de,
Tahir Abdullayev,1997-02-02,172.7,185.4,Orthodox,,,,,,,,ufcstats,http://ufcstats.com/fighter-details/e047d3b541afd4a7,
Shamil Abdurakhimov,1981-09-02,190.5,193.0,Orthodox,,,,,,,,ufcstats,http://ufcstats.com/fighter-details/2f5cbecbbe18bac4,
John Adajar,1991-06-22,175.3,190.5,Orthodox,,,,,,,,ufcstats,http://ufcstats.com/fighter-details/989b85f6540c86b1,
Juan Adams,1992-01-16,195.6,203.2,Orthodox,,,,,,,,ufcstats,http://ufcstats.com/fighter-details/83b00f7597e5ac83,
Scott Adams,,182.9,,Southpaw,,,,,,,,ufcstats,http://ufcstats.com/fighter-details/2620f3eb21c79614,
Anthony Adams,1988-01-13,185.4,193.0,Orthodox,,,,,,,,ufcstats,http://ufcstats.com/fighter-details/a77633a989013265,
Daniel Acacio,1977-12-27,172.7,,Orthodox,,,,,,,,ufcstats,http://ufcstats.com/fighter-details/1c5879330d42255f,
Klidson Abreu,1992-12-24,182.9,188.0,Orthodox,,,,,,,,ufcstats,http://ufcstats.com/fighter-details/7279654c7674cd24,
Zarrukh Adashev,1992-07-29,165.1,165.1,Southpaw,,,,,,,,ufcstats,http://ufcstats.com/fighter-details/79cb2a690b9ba5e8,
Mohamed Ado,2000-05-03,180.3,193.0,Switch,,,,,,,,ufcstats,http://ufcstats.com/fighter-details/7a846fcbf182a7c8,
Nick Agallar,1979-01-13,172.7,,Orthodox,,,,,,,,ufcstats,http://ufcstats.com/fighter-details/ebc5af72ad5a28cb,
Matt Adams,1997-09-07,180.3,190.5,Orthodox,,,,,,,,ufcstats,http://ufcstats.com/fighter-details/acff8cdcfc634cb5,
Israel Adesanya,1989-07-22,193.0,203.2,Switch,,,,,,,,ufcstats,http://ufcstats.com/fighter-details/1338e2c7480bdf9e,
Kantharaj Agasa,1992-02-16,,,,,,,,,,,ufcstats,http://ufcstats.com/fighter-details/26f4288e83188c61,
Marcelo Aguiar,1969-01-20,177.8,,Orthodox,,,,,,,,ufcstats,http://ufcstats.com/fighter-details/44aa652b181bcf68,
Sam Adkins,1965-04-26,190.5,,Orthodox,,,,,,,,ufcstats,http://ufcstats.com/fighter-details/0e9869d712e81f8f,
Mariya Agapova,1997-04-07,167.6,172.7,Southpaw,,,,,,,,ufcstats,http://ufcstats.com/fighter-details/a08ddd04eaffd81d,
Fabio Aguiar,1988-02-10,182.9,,,,,,,,,,ufcstats,http://ufcstats.com/fighter-details/501821d7fb7b95c1,
Edwin Aguilar,1972-01-01,177.8,,,,,,,,,,ufcstats,http://ufcstats.com/fighter-details/6cadc0a0ba7dc015,
Jessica Aguilar,1982-05-08,160.0,160.0,Orthodox,,,,,,,,ufcstats,http://ufcstats.com/fighter-details/8f382b3baa954d2a,
Kevin Aguilar,1988-09-07,170.2,185.4,Orthodox,,,,,,,,ufcstats,http://ufcstats.com/fighter-details/cf946e03ba2e7666,
Jesus Aguilar,1996-03-13,162.6,157.5,Orthodox,,,,,,,,ufcstats,http://ufcstats.com/fighter-details/c051c2e12d692b8a,
Christian Aguilera,1991-11-25,175.3,182.9,Switch,,,,,,,,ufcstats,http://ufcstats.com/fighter-details/ae071698e1a3ccd4,
Nick Aguirre,1996-01-15,175.3,188.0,Southpaw,,,,,,,,ufcstats,http://ufcstats.com/fighter-details/0978385b2bd9ef9b,
Agulali,2005-04-07,175.3,170.2,Switch,,,,,,,,ufcstats,http://ufcstats.com/fighter-details/b2efa582adf73604,
Ahejiang Ailinuer,1998-09-08,175.3,182.9,Southpaw,,,,,,,,ufcstats,http://ufcstats.com/fighter-details/ff584c17bccbae0b,
Mike Aina,1980-12-25,175.3,,Orthodox,,,,,,,,ufcstats,http://ufcstats.com/fighter-details/9e3dbb9c68ed5d1a,
Ashiek Ajim,1994-06-19,172.7,180.3,Switch,,,,,,,,ufcstats,http://ufcstats.com/fighter-details/49dea784f6cfed71,
Hitomi Akano,1974-07-27,162.6,,Southpaw,,,,,,,,ufcstats,http://ufcstats.com/fighter-details/2eada40ac8801559,
Yoshihiro Akiyama,1975-07-29,177.8,190.5,Orthodox,,,,,,,,ufcstats,http://ufcstats.com/fighter-details/b0550072e5f0afa7,
Javi Alanis,,167.6,,,,,,,,,,ufcstats,http://ufcstats.com/fighter-details/2144954270be834d,
Rostem Akman,1991-12-19,177.8,182.9,Switch,,,,,,,,ufcstats,http://ufcstats.com/fighter-details/1fc64507a0cb38cf,
Alatengheili,1991-12-14,165.1,167.6,Orthodox,,,,,,,,ufcstats,http://ufcstats.com/fighter-details/1897b7b913736a7c,
Omari Akhmedov,1987-10-12,182.9,185.4,Orthodox,,,,,,,,ufcstats,http://ufcstats.com/fighter-details/16690d100f995f8f,
Razak Al-Hassan,1982-05-14,188.0,,Orthodox,,,,,,,,ufcstats,http://ufcstats.com/fighter-details/38b50fd1e1b5b656,
Mostapha Al-Turk,1973-07-14,188.0,195.6,Orthodox,,,,,,,,ufcstats,http://ufcstats.com/fighter-details/1cf1310684a841f5,
Herdem Alacabek,1991-06-07,188.0,190.5,Orthodox,,,,,,,,ufcstats,http://ufcstats.com/fighter-details/7578cc6bd750206b,
Abdul-Kareem Al-Selwady,1995-04-10,172.7,175.3,Orthodox,,,,,,,,ufcstats,http://ufcstats.com/fighter-details/597499ac7a5aac62,
John Albert,1986-10-13,172.7,172.7,Orthodox,,,,,,,,ufcstats,http://ufcstats.com/fighter-details/7bd94b60d7521e4a,
Brett Albee,,,,,,,,,,,,ufcstats,http://ufcstats.com/fighter-details/9b28292abe3166d5,
Amir Albazi,1993-10-27,165.1,172.7,Orthodox,,,,,,,,ufcstats,http://ufcstats.com/fighter-details/6d35bf94f7d30241,
Israel Albuquerque,,,,Orthodox,,,,,,,,ufcstats,http://ufcstats.com/fighter-details/dd1b90eea08887f6,
Aleksandra Albu,1990-07-14,157.5,160.0,Orthodox,,,,,,,,ufcstats,http://ufcstats.com/fighter-details/e76d9f656ceb82ab,
Junior Albini,1991-03-15,190.5,188.0,Orthodox,,,,,,,,ufcstats,http://ufcstats.com/fighter-details/c482c8605455a213,
Juan Alcain,,,,,,,,,,,,ufcstats,http://ufcstats.com/fighter-details/39f62b833e4cf126,
Wes Albritton,,177.8,,Orthodox,,,,,,,,ufcstats,http://ufcstats.com/fighter-details/184b955181bdef52,
Ildemar Alcantara,1982-11-18,188.0,198.1,Orthodox,,,,,,,,ufcstats,http://ufcstats.com/fighter-details/7c6e87729e824ef4,
Iuri Alcantara,1980-08-04,175.3,180.3,Southpaw,,,,,,,,ufcstats,http://ufcstats.com/fighter-details/2f95a3c6d58b2aad,
Alfonso Alcarez,1970-06-10,160.0,,,,,,,,,,ufcstats,http://ufcstats.com/fighter-details/1e38bba6738b7b10,
Gilbert Aldana,1977-08-25,185.4,,Orthodox,,,,,,,,ufcstats,http://ufcstats.com/fighter-details/d26934530dc5b248,
Irene Aldana,1988-03-26,175.3,172.7,Orthodox,,,,,,,,ufcstats,http://ufcstats.com/fighter-details/578ef12674df1e6a,
Jim Alers,1986-10-14,175.3,180.3,Orthodox,,,,,,,,ufcstats,http://ufcstats.com/fighter-details/fe5a9547479396ab,
Hector Aldana,1988-08-17,180.3,182.9,Orthodox,,,,,,,,ufcstats,http://ufcstats.com/fighter-details/c487223b0289bda9,
John Alessio,1979-07-05,177.8,182.9,Orthodox,,,,,,,,ufcstats,http://ufcstats.com/fighter-details/7a15f3694c5cbc02,
Jose Alday,1991-09-14,170.2,172.7,Orthodox,,,,,,,,ufcstats,http://ufcstats.com/fighter-details/7460ddef986d3144,
Irina Alekseeva,1990-06-27,172.7,170.2,Orthodox,,,,,,,,ufcstats,http://ufcstats.com/fighter-details/103e2e33a60683e1,
JJ Aldrich,1992-09-29,165.1,170.2,Southpaw,,,,,,,,ufcstats,http://ufcstats.com/fighter-details/6fd953151d981979,
Jose Aldo,1986-09-09,170.2,177.8,Orthodox,,,,,,,,ufcstats,http://ufcstats.com/fighter-details/d0f3959b4a9747e6,
Pablo Alfonso,1983-05-09,172.7,,,,,,,,,,ufcstats,http://ufcstats.com/fighter-details/4b37a0bc2ab4cae1,
Kenneth Alexander,1977-09-25,175.3,,Orthodox,,,,,,,,ufcstats,http://ufcstats.com/fighter-details/8fd76e1b49c00ae2,
Marcio Alexandre Junior,1989-05-05,182.9,190.5,Southpaw,,,,,,,,ufcstats,http://ufcstats.com/fighter-details/d53482bef23235ba,
Houston Alexander,1972-03-22,182.9,182.9,Orthodox,,,,,,,,ufcstats,http://ufcstats.com/fighter-details/0541480fbf719d86,
Lucas Alexander,1995-07-28,180.3,185.4,Orthodox,,,,,,,,ufcstats,http://ufcstats.com/fighter-details/11583163f45c7b31,
Talita Alencar,1990-10-17,154.9,147.3,Orthodox,,,,,,,,ufcstats,http://ufcstats.com/fighter-details/d35298b6df168456,
Amir Aliakbari,1984-06-10,190.5,,,,,,,,,,ufcstats,http://ufcstats.com/fighter-details/e17770faae3ca54c,
Royce Alger,1965-03-06,177.8,,Orthodox,,,,,,,,ufcstats,http://ufcstats.com/fighter-details/669a3cb6e394f515,
Nurullo Aliev,2000-12-08,177.8,182.9,Orthodox,,,,,,,,ufcstats,http://ufcstats.com/fighter-details/ca28cdf526d6b6e9,
Sultan Aliev,1984-09-17,180.3,188.0,Orthodox,,,,,,,,ufcstats,http://ufcstats.com/fighter-details/e70de1859b7ee78e,
Bill Algeo,1989-06-09,182.9,185.4,Switch,,,,,,,,ufcstats,http://ufcstats.com/fighter-details/9abc648e76c4493a,
Levi Alford,,,,,,,,,,,,ufcstats,http://ufcstats.com/fighter-details/41b34b7f11f6d085,
Olaf Alfonso,1974-08-06,188.0,,Orthodox,,,,,,,,ufcstats,http://ufcstats.com/fighter-details/b757c73f443d4fca,
John Allan,1993-02-22,185.4,190.5,Orthodox,,,,,,,,ufcstats,http://ufcstats.com/fighter-details/6ebe96a116e79e52,
Leon Aliu,1989-07-14,182.9,188.0,Orthodox,,,,,,,,ufcstats,http://ufcstats.com/fighter-details/6db394bf6c3b017c,
Kimbert Alintozon,1999-01-21,160.0,165.1,Orthodox,,,,,,,,ufcstats,http://ufcstats.com/fighter-details/a075a34d7527fadf,
Ikram Aliskerov,1992-12-07,182.9,193.0,Southpaw,,,,,,,,ufcstats,http://ufcstats.com/fighter-details/b07aed698fba8624,
Ben Alloway,1981-02-19,180.3,193.0,Orthodox,,,,,,,,ufcstats,http://ufcstats.com/fighter-details/c4fe2e9a06ea5bcb,
Bekzat Almakhan,1997-10-08,170.2,172.7,Orthodox,,,,,,,,ufcstats,http://ufcstats.com/fighter-details/a4dc0f2b95df4cc1,
Asu Almabayev,1994-01-25,162.6,165.1,Orthodox,,,,,,,,ufcstats,http://ufcstats.com/fighter-details/8d3273573b85be09,
Daniel Allen,1992-08-10,182.9,190.5,Southpaw,,,,,,,,ufcstats,http://ufcstats.com/fighter-details/adf9a901308fb8e3,
George Allen,1967-01-13,188.0,,Open Stance,,,,,,,,ufcstats,http://ufcstats.com/fighter-details/1e13936d708bcff7,
Arnold Allen,1994-01-22,172.7,177.8,Southpaw,,,,,,,,ufcstats,http://ufcstats.com/fighter-details/040a74bb0a465c54,
Brendan Allen,1995-12-28,188.0,190.5,Orthodox,,,,,,,,ufcstats,http://ufcstats.com/fighter-details/2f181c0467965b98,
John Dave Almanza,2004-03-22,170.2,170.2,Southpaw,,,,,,,,ufcstats,http://ufcstats.com/fighter-details/088aa1b19b2dc14a,
Ricardo Almeida,1976-11-29,182.9,188.0,Orthodox,,,,,,,,ufcstats,http://ufcstats.com/fighter-details/91186547a7f3f758,
Magno Almeida,1985-06-06,182.9,,,,,,,,,,ufcstats,http://ufcstats.com/fighter-details/d615d6a10a4704cd,
Thomas Almeida,1991-07-31,170.2,177.8,Southpaw,,,,,,,,ufcstats,http://ufcstats.com/fighter-details/2b074403b7c6cdb4,
Jailton Almeida,1991-06-26,190.5,200.7,Orthodox,,,,,,,,ufcstats,http://ufcstats.com/fighter-details/41e83a89929d1327,
Estefani Almeida,1988-10-17,162.6,,Orthodox,,,,,,,,ufcstats,http://ufcstats.com/fighter-details/f16ddfa31236efed,
Ericka Almeida,1989-03-05,167.6,,Orthodox,,,,,,,,ufcstats,http://ufcstats.com/fighter-details/67a992d4cff22466,
Cesar Almeida,1988-03-28,185.4,188.0,Orthodox,,,,,,,,ufcstats,http://ufcstats.com/fighter-details/64d47ef881a437a4,
Mauricio Alonso,1980-02-27,188.0,,,,,,,,,,ufcstats,http://ufcstats.com/fighter-details/c6bf75775b278ed8,
Sarah Alpar,1991-06-01,162.6,160.0,Southpaw,,,,,,,,ufcstats,http://ufcstats.com/fighter-details/49b130de1da2e1bf,
Lucas Almeida,1991-01-31,180.3,180.3,Orthodox,,,,,,,,ufcstats,http://ufcstats.com/fighter-details/710f0f8c5d5c9d41,
Ali AlQaisi,1990-09-23,167.6,172.7,Orthodox,,,,,,,,ufcstats,http://ufcstats.com/fighter-details/e87a13e02c01331d,
Abe Alsaghir,2001-07-01,172.7,180.3,Orthodox,,,,,,,,ufcstats,http://ufcstats.com/fighter-details/27a9ce2c04071efe,
Sean Alvarez,1971-07-14,182.9,,Orthodox,,,,,,,,ufcstats,http://ufcstats.com/fighter-details/e741536153227386,
Victor Altamirano,1991-01-23,172.7,177.8,Switch,,,,,,,,ufcstats,http://ufcstats.com/fighter-details/dc7927cd622676a7,
Patricia Alujas,1996-05-08,162.6,162.6,Orthodox,,,,,,,,ufcstats,http://ufcstats.com/fighter-details/430c533614d45813,
Rico Altamirano,,177.8,,,,,,,,,,ufcstats,http://ufcstats.com/fighter-details/c61b49cec6abd6b9,
Mike Altman,,177.8,,Orthodox,,,,,,,,ufcstats,http://ufcstats.com/fighter-details/c11036da9162cb5f,
Warlley Alves,1991-01-04,180.3,182.9,Orthodox,,,,,,,,ufcstats,http://ufcstats.com/fighter-details/d317a5e2b3f88c5f,
Eddie Alvarez,1984-01-11,175.3,175.3,Orthodox,,,,,,,,ufcstats,http://ufcstats.com/fighter-details/33a331684283900f,
Jaime Alvarez,1988-03-08,172.7,175.3,Orthodox,,,,,,,,ufcstats,http://ufcstats.com/fighter-details/4438482bd1d5a029,
Anthony Alves,,,,,,,,,,,,ufcstats,http://ufcstats.com/fighter-details/bd92cf5da5413d2a,
Rafael Alves,1990-11-14,172.7,172.7,Orthodox,,,,,,,,ufcstats,http://ufcstats.com/fighter-details/029afd138865d20a,
Joel Alvarez,1993-03-02,190.5,195.6,Orthodox,,,,,,,,ufcstats,http://ufcstats.com/fighter-details/58bbef3770bb2dfc,
Sam Alvey,1986-05-06,188.0,190.5,Southpaw,,,,,,,,ufcstats,http://ufcstats.com/fighter-details/d156513a19acf856,
Thiago Alves,1983-10-03,175.3,177.8,Orthodox,,,,,,,,ufcstats,http://ufcstats.com/fighter-details/31ee470ef5dc8d7f,
Amilcar Alves,1988-08-08,182.9,,Southpaw,,,,,,,,ufcstats,http://ufcstats.com/fighter-details/dc5a6b2fdb27e7dc,
Mahamed Aly,1994-01-11,188.0,198.1,Orthodox,,,,,,,,ufcstats,http://ufcstats.com/fighter-details/86c1441676af2c73,
Andre Amado,1983-10-09,182.9,,Orthodox,,,,,,,,ufcstats,http://ufcstats.com/fighter-details/20821819c401ced8,
Adlan Amagov,1986-10-30,188.0,193.0,Orthodox,,,,,,,,ufcstats,http://ufcstats.com/fighter-details/1e327b281ef6a745,
Maiara Amanajas dos Santos,1987-07-11,165.1,,Southpaw,,,,,,,,ufcstats,http://ufcstats.com/fighter-details/247fbbfafea60bb1,
Chris Amarante,,,,,,,,,,,,ufcstats,http://ufcstats.com/fighter-details/ee0b69e307c857e5,
JJ Ambrose,1987-02-06,177.8,,Orthodox,,,,,,,,ufcstats,http://ufcstats.com/fighter-details/d562b12b8fe88336,
Christopher Alvidrez,1996-12-27,182.9,188.0,Orthodox,,,,,,,,ufcstats,http://ufcstats.com/fighter-details/f4abf9aeda861283,
Jimmy Ambriz,1970-01-26,188.0,,Southpaw,,,,,,,,ufcstats,http://ufcstats.com/fighter-details/c912f676692c353a,
Alen Amedovski,1988-04-06,177.8,188.0,Orthodox,,,,,,,,ufcstats,http://ufcstats.com/fighter-details/70fa1c64a2c439ef,
Hamid Amiri,2003-06-15,,,,,,,,,,,ufcstats,http://ufcstats.com/fighter-details/6c40705cf6c0d7e2,
Hyder Amil,1990-05-28,175.3,177.8,Switch,,,,,,,,ufcstats,http://ufcstats.com/fighter-details/41cc71cbf210e0fe,
Yaroslav Amosov,1993-09-09,182.9,190.5,Orthodox,,,,,,,,ufcstats,http://ufcstats.com/fighter-details/f139d6836efd43dd,
Karl Amoussou,1985-11-21,180.3,,Orthodox,,,,,,,,ufcstats,http://ufcstats.com/fighter-details/23a8c33869bf5392,
Makwan Amirkhani,1988-11-08,177.8,182.9,Southpaw,,,,,,,,ufcstats,http://ufcstats.com/fighter-details/87a1dc546b1c5caf,
Bertrand Amoussou,1966-05-28,172.7,,Orthodox,,,,,,,,ufcstats,http://ufcstats.com/fighter-details/53adf5b845d91e4a,
Jaqueline Amorim,1995-06-24,160.0,172.7,Orthodox,,,,,,,,ufcstats,http://ufcstats.com/fighter-details/bc7d1ad49fcb2d08,
Andy Anderson,1974-07-16,167.6,,,,,,,,,,ufcstats,http://ufcstats.com/fighter-details/9199e0735b83dd32,
Matt Andersen,1971-05-29,188.0,,Southpaw,,,,,,,,ufcstats,http://ufcstats.com/fighter-details/8738eacd62e82a32,
Lowell Anderson,,167.6,,Orthodox,,,,,,,,ufcstats,http://ufcstats.com/fighter-details/1ffc38f67785797b,
Eryk Anders,1987-04-21,185.4,190.5,Southpaw,,,,,,,,ufcstats,http://ufcstats.com/fighter-details/cad24459b28592ca,
Derek Anderson,1990-02-02,182.9,,,,,,,,,,ufcstats,http://ufcstats.com/fighter-details/19ba965651486013,
Corey Anderson,1989-09-22,190.5,200.7,Orthodox,,,,,,,,ufcstats,http://ufcstats.com/fighter-details/5e4eec08896c9423,
Dylan Andrews,1979-11-15,185.4,188.0,Switch,,,,,,,,ufcstats,http://ufcstats.com/fighter-details/00debc804e2b1cd4,
Megan Anderson,1990-02-11,182.9,182.9,Orthodox,,,,,,,,ufcstats,http://ufcstats.com/fighter-details/a0e75f4a13eb73f1,
Reese Andy,1973-03-31,182.9,,Orthodox,,,,,,,,ufcstats,http://ufcstats.com/fighter-details/46e2ca71fd5089cb,
Liam Anderson,1995-01-13,190.5,190.5,Orthodox,,,,,,,,ufcstats,http://ufcstats.com/fighter-details/b03a0c78ca45facf,
Tatsuya Ando,1990-04-26,162.6,172.7,Southpaw,,,,,,,,ufcstats,http://ufcstats.com/fighter-details/17615148dd4be6f6,
Alex Andrade,1974-05-14,180.3,,Orthodox,,,,,,,,ufcstats,http://ufcstats.com/fighter-details/1562b12763cc8d67,
Damien Anderson,1997-01-04,172.7,175.3,Southpaw,,,,,,,,ufcstats,http://ufcstats.com/fighter-details/df619b9a86ce0a9a,
Jermaine Andre,1973-07-16,170.2,,Orthodox,,,,,,,,ufcstats,http://ufcstats.com/fighter-details/9bad58fa651d6196,
Viscardi Andrade,1984-03-08,180.3,190.5,Orthodox,,,,,,,,ufcstats,http://ufcstats.com/fighter-details/d221ee27afc7a60e,
Jessica Andrade,1991-09-25,154.9,157.5,Orthodox,,,,,,,,ufcstats,http://ufcstats.com/fighter-details/6a1901c62ab3870f,
Angga,1989-01-13,170.2,172.7,Orthodox,,,,,,,,ufcstats,http://ufcstats.com/fighter-details/d6a3e131ad4ba064,
Julius Anglickas,1991-07-23,190.5,,Orthodox,,,,,,,,ufcstats,http://ufcstats.com/fighter-details/e20ad078a7d63361,
Collin Anglin,1993-02-20,175.3,180.3,Orthodox,,,,,,,,ufcstats,http://ufcstats.com/fighter-details/047a91d3d9c79b05,
Fellipe Andrew,1994-10-24,,,,,,,,,,,ufcstats,http://ufcstats.com/fighter-details/7977fb0fd9c5955d,
Angelo Antonio,1998-10-04,,,Orthodox,,,,,,,,ufcstats,http://ufcstats.com/fighter-details/dbd198f780286aca,
Adam Antolin,1982-02-28,165.1,160.0,Orthodox,,,,,,,,ufcstats,http://ufcstats.com/fighter-details/25b31165758402dd,
Yoji Anjo,1967-03-28,180.3,,Orthodox,,,,,,,,ufcstats,http://ufcstats.com/fighter-details/e06fd1260ac865a7,
Chad Anheliger,1986-12-01,167.6,162.6,Orthodox,,,,,,,,ufcstats,http://ufcstats.com/fighter-details/c7c39e2fb70248b3,
Gadzhimurad Antigulov,1987-02-09,180.3,177.8,Orthodox,,,,,,,,ufcstats,http://ufcstats.com/fighter-details/af997f7611673880,
Magomed Ankalaev,1992-06-02,190.5,190.5,Orthodox,,,,,,,,ufcstats,http://ufcstats.com/fighter-details/d802174b0c0c1f4e,
Azunna Anyanwu,1981-08-05,185.4,,Orthodox,,,,,,,,ufcstats,http://ufcstats.com/fighter-details/78d48d3874dacafd,
Vanilto Antunes,1994-12-28,182.9,182.9,Orthodox,,,,,,,,ufcstats,http://ufcstats.com/fighter-details/cc49ada1ea955b13,
Shinsho Anzai,1985-12-01,170.2,177.8,Orthodox,,,,,,,,ufcstats,http://ufcstats.com/fighter-details/4665f9f909cd7214,
Alexis Apodaca,,,,,,,,,,,,ufcstats,http://ufcstats.com/fighter-details/14a48a86b2b57f0e,
Jin Aoi,1997-01-21,170.2,170.2,Orthodox,,,,,,,,ufcstats,http://ufcstats.com/fighter-details/031da10a00c8ccd4,
Aoriqileng,1993-06-25,170.2,175.3,Orthodox,,,,,,,,ufcstats,http://ufcstats.com/fighter-details/7d420039bbfe7c1a,
Josh Appelt,1983-06-19,177.8,,Southpaw,,,,,,,,ufcstats,http://ufcstats.com/fighter-details/0c1a04afca64e38f,
Shinya Aoki,1983-05-09,180.3,,Southpaw,,,,,,,,ufcstats,http://ufcstats.com/fighter-details/79ded75550efc139,
Kenji Arai,1979-10-05,177.8,,Southpaw,,,,,,,,ufcstats,http://ufcstats.com/fighter-details/269d103c96a4c3a5,
Erik Apple,1977-08-26,182.9,,Orthodox,,,,,,,,ufcstats,http://ufcstats.com/fighter-details/1ccff7f0cfdf85eb,
Romie Aram,1977-12-02,177.8,,Orthodox,,,,,,,,ufcstats,http://ufcstats.com/fighter-details/73ef22f25d0f70e2,
Igor Araujo,1980-12-06,185.4,195.6,Orthodox,,,,,,,,ufcstats,http://ufcstats.com/fighter-details/dbea8c1cb327ab3d,
Felipe Arantes,1988-02-09,172.7,185.4,Orthodox,,,,,,,,ufcstats,http://ufcstats.com/fighter-details/71002dbc1743b9a7,
Ryoga Arimoto,1998-12-07,160.0,160.0,Orthodox,,,,,,,,ufcstats,http://ufcstats.com/fighter-details/e0e1801e8721af17,
Julio Arce,1989-10-27,170.2,177.8,Southpaw,,,,,,,,ufcstats,http://ufcstats.com/fighter-details/1291edf2d566a71a,
Viviane Araujo,1986-11-21,162.6,172.7,Orthodox,,,,,,,,ufcstats,http://ufcstats.com/fighter-details/36541f1e6c5d4955,
Gabriel Arges,1993-01-29,,,,,,,,,,,ufcstats,http://ufcstats.com/fighter-details/db3c4a884d704efe,
Tristan Arenal,1985-03-06,,,,,,,,,,,ufcstats,http://ufcstats.com/fighter-details/9c9455912d917e4e,
Art Arciniega,1981-10-15,172.7,,,,,,,,,,ufcstats,http://ufcstats.com/fighter-details/d25e39e74efb0a77,
Alice Ardelean,1992-04-19,160.0,157.5,Orthodox,,,,,,,,ufcstats,http://ufcstats.com/fighter-details/87f8699fdcc2c404,
Joey Armstrong,,,,,,,,,,,,ufcstats,http://ufcstats.com/fighter-details/30ad2050273d016a,
Garrett Armfield,1996-10-09,167.6,177.8,Orthodox,,,,,,,,ufcstats,http://ufcstats.com/fighter-details/1effd880e1f1bb30,
Dan Argueta,1993-08-13,170.2,172.7,Southpaw,,,,,,,,ufcstats,http://ufcstats.com/fighter-details/e4ba58725825412d,
Eli Aronov,1996-06-06,177.8,182.9,Orthodox,,,,,,,,ufcstats,http://ufcstats.com/fighter-details/a90c200c3fbb22c4,
Reza Arianto,,,,,,,,,,,,ufcstats,http://ufcstats.com/fighter-details/90063913321e7670,
Ricardo Arona,1978-07-17,180.3,,Orthodox,,,,,,,,ufcstats,http://ufcstats.com/fighter-details/05fbfe628658c538,
Hashem Arkhagha,1989-09-11,188.0,190.5,Orthodox,,,,,,,,ufcstats,http://ufcstats.com/fighter-details/9a7ffa80766caa51,
Chalid Arrab,1975-05-28,180.3,,Orthodox,,,,,,,,ufcstats,http://ufcstats.com/fighter-details/770b9d4813c25902,
Austin Arnett,1991-10-22,182.9,182.9,Orthodox,,,,,,,,ufcstats,http://ufcstats.com/fighter-details/bf0e700106d00e55,
Andrei Arlovski,1979-02-04,190.5,195.6,Orthodox,,,,,,,,ufcstats,http://ufcstats.com/fighter-details/3738e68d2261e60f,
Veta Arteaga,,170.2,,,,,,,,,,ufcstats,http://ufcstats.com/fighter-details/91e3388e69060e69,
Matt Arroyo,1982-09-01,177.8,182.9,Orthodox,,,,,,,,ufcstats,http://ufcstats.com/fighter-details/de62052b2ede65ba,
Gilles Arsene,1970-12-23,175.3,,Southpaw,,,,,,,,ufcstats,http://ufcstats.com/fighter-details/2dea80c069847321,
Cesar Arzamendia,1991-01-31,180.3,,Orthodox,,,,,,,,ufcstats,http://ufcstats.com/fighter-details/49f78022126bf4a4,
Antonio Arroyo,1989-07-01,190.5,185.4,Orthodox,,,,,,,,ufcstats,http://ufcstats.com/fighter-details/61fb8098ccf81c7f,
Teddy Ash,1989-12-27,185.4,185.4,Switch,,,,,,,,ufcstats,http://ufcstats.com/fighter-details/a373085066dbfb54,
Kai Asakura,1993-10-31,172.7,175.3,Orthodox,,,,,,,,ufcstats,http://ufcstats.com/fighter-details/d33da8a3d82bdb62,
Asjabharan,1992-07-31,167.6,,,,,,,,,,ufcstats,http://ufcstats.com/fighter-details/8be9deb7d6b36354,
Akbarh Arreola,1983-01-14,177.8,180.3,Southpaw,,,,,,,,ufcstats,http://ufcstats.com/fighter-details/c136b2a8852da5bd,
Yanal Ashmouz,1995-03-31,175.3,175.3,Orthodox,,,,,,,,ufcstats,http://ufcstats.com/fighter-details/c739c2995a275314,
Arman Ashimov,1992-01-14,167.6,,,,,,,,,,ufcstats,http://ufcstats.com/fighter-details/d26a0988c9dc9886,
Scott Askham,1988-05-20,190.5,190.5,Southpaw,,,,,,,,ufcstats,http://ufcstats.com/fighter-details/06827d70c53ff0d9,
Ben Askren,1984-07-18,180.3,185.4,Orthodox,,,,,,,,ufcstats,http://ufcstats.com/fighter-details/0b31f87be71ebbb1,
Khusein Askhabov,1995-02-13,172.7,175.3,Orthodox,,,,,,,,ufcstats,http://ufcstats.com/fighter-details/5c10da56d712ac9c,
Cyril Asker,1985-12-24,182.9,188.0,Orthodox,,,,,,,,ufcstats,http://ufcstats.com/fighter-details/9be6020024133293,
Bruno Assis,1992-05-23,188.0,,Orthodox,,,,,,,,ufcstats,http://ufcstats.com/fighter-details/ff222167cce02919,
Steven Asplund,1998-07-16,195.6,198.1,Orthodox,,,,,,,,ufcstats,http://ufcstats.com/fighter-details/e56cee1ad697db04,
Ibo Aslan,1996-04-23,190.5,195.6,Orthodox,,,,,,,,ufcstats,http://ufcstats.com/fighter-details/6e8f1bcdda94ff45,
Tom Aspinall,1993-04-11,195.6,198.1,Orthodox,,,,,,,,ufcstats,http://ufcstats.com/fighter-details/399afbabc02376b5,
Askar Askarov,1992-10-09,167.6,170.2,Orthodox,,,,,,,,ufcstats,http://ufcstats.com/fighter-details/b1d19449397541dc,
Askar Askar,1994-08-19,170.2,175.3,Orthodox,,,,,,,,ufcstats,http://ufcstats.com/fighter-details/2abc414136504554,
Junior Assuncao,1981-06-24,175.3,182.9,Orthodox,,,,,,,,ufcstats,http://ufcstats.com/fighter-details/d0d7160824278840,
Raphael Assuncao,1982-07-19,165.1,167.6,Orthodox,,,,,,,,ufcstats,http://ufcstats.com/fighter-details/2f13e4020cea5b38,
Jose Augusto,1992-03-28,190.5,,,,,,,,,,ufcstats,http://ufcstats.com/fighter-details/4d3b08ab127c7585,
Bazigit Atajev,1979-03-12,185.4,,Orthodox,,,,,,,,ufcstats,http://ufcstats.com/fighter-details/fd7acf42bd6e7e95,
Michael Aswell Jr.,2000-09-27,172.7,175.3,Orthodox,,,,,,,,ufcstats,http://ufcstats.com/fighter-details/01c9e4013afce141,
Rich Attonito,1977-06-16,177.8,182.9,Orthodox,,,,,,,,ufcstats,http://ufcstats.com/fighter-details/210935fd21670f6d,
Pat Audinwood,1986-04-16,182.9,,Orthodox,,,,,,,,ufcstats,http://ufcstats.com/fighter-details/196ed28337adc630,
Blas Avena,1983-06-30,182.9,188.0,Orthodox,,,,,,,,ufcstats,http://ufcstats.com/fighter-details/8753e125f4499816,
David Avellan,1981-07-07,175.3,,Orthodox,,,,,,,,ufcstats,http://ufcstats.com/fighter-details/956dcac65e7b34d6,
Marcus Aurelio,1973-08-18,177.8,188.0,Orthodox,,,,,,,,ufcstats,http://ufcstats.com/fighter-details/04643fd03d9159cc,
Olivier Aubin-Mercier,1989-02-23,175.3,177.8,Southpaw,,,,,,,,ufcstats,http://ufcstats.com/fighter-details/55ee431411ccf07a,
Levi Avera,1982-05-17,185.4,,,,,,,,,,ufcstats,http://ufcstats.com/fighter-details/ba5c6eeb8ef45f5c,
Saad Awad,1983-06-07,180.3,,,,,,,,,,ufcstats,http://ufcstats.com/fighter-details/da603332ad41f165,
Chris Avila,1993-01-16,177.8,,Orthodox,,,,,,,,ufcstats,http://ufcstats.com/fighter-details/4665cbf36b08193b,
Julia Avila,1988-05-11,170.2,172.7,Orthodox,,,,,,,,ufcstats,http://ufcstats.com/fighter-details/86d9dbe1bfcbade7,
Anthony Avila,1988-12-29,170.2,,,,,,,,,,ufcstats,http://ufcstats.com/fighter-details/033d19259f589457,
Dan O'Connor,1982-11-17,162.6,,,,,,,,,,ufcstats,http://ufcstats.com/fighter-details/69ea0119f6f0dfe0,
Javy Ayala,1988-08-20,185.4,,,,,,,,,,ufcstats,http://ufcstats.com/fighter-details/26387c19f32dda0f,
TJ O'Brien,1987-01-01,188.0,,Orthodox,,,,,,,,ufcstats,http://ufcstats.com/fighter-details/d25b93992f285953,
Jessin Ayari,1992-05-31,182.9,185.4,Orthodox,,,,,,,,ufcstats,http://ufcstats.com/fighter-details/6eaec40f724852f4,
Jake O'Brien,1984-09-25,190.5,193.0,Orthodox,,,,,,,,ufcstats,http://ufcstats.com/fighter-details/20bcc9966affb19c,
Abu Azaitar,1986-03-10,175.3,193.0,Orthodox,,,,,,,,ufcstats,http://ufcstats.com/fighter-details/46d0a888d87d91ac,
Luciano Azevedo,1981-06-25,190.5,,Orthodox,,,,,,,,ufcstats,http://ufcstats.com/fighter-details/9bcfb40dbcd50568,
Hunter Azure,1992-03-02,172.7,175.3,Orthodox,,,,,,,,ufcstats,http://ufcstats.com/fighter-details/2af2f2e26c4c0402,
Ottman Azaitar,1990-02-20,172.7,180.3,Switch,,,,,,,,ufcstats,http://ufcstats.com/fighter-details/ee18ff42063174df,
Luiz Azeredo,1976-06-10,175.3,,Orthodox,,,,,,,,ufcstats,http://ufcstats.com/fighter-details/063649e21bc9d6d5,
Chuck O'Neil,1985-09-22,188.0,,,,,,,,,,ufcstats,http://ufcstats.com/fighter-details/56bc9ccb609df534,
Jeremiah O'Neal,1977-10-25,172.7,,,,,,,,,,ufcstats,http://ufcstats.com/fighter-details/338fda4ec7034c5d,
Sean O'Haire,1971-02-25,195.6,,Orthodox,,,,,,,,ufcstats,http://ufcstats.com/fighter-details/46effbd1135423c5,
Casey O'Neill,1997-10-07,167.6,175.3,Orthodox,,,,,,,,ufcstats,http://ufcstats.com/fighter-details/04835018f90b118c,
Sean O'Malley,1994-10-24,180.3,182.9,Switch,,,,,,,,ufcstats,http://ufcstats.com/fighter-details/b50a426a33da0012,
Jose Ochoa,2000-12-31,170.2,170.2,Southpaw,,,,,,,,ufcstats,http://ufcstats.com/fighter-details/88be62d6c1e6dadb,
Brendan O'Reilly,1987-06-24,170.2,175.3,Orthodox,,,,,,,,ufcstats,http://ufcstats.com/fighter-details/494b0bfdbac74502,
Sean O'Connell,1983-09-02,185.4,188.0,Orthodox,,,,,,,,ufcstats,http://ufcstats.com/fighter-details/cb52f9490c2dc069,
Takahiro Oba,1976-08-14,172.7,,Southpaw,,,,,,,,ufcstats,http://ufcstats.com/fighter-details/7139cd2ae4bf6a29,
Nobuhiro Obiya,1981-01-15,172.7,,Orthodox,,,,,,,,ufcstats,http://ufcstats.com/fighter-details/6e3282d57d2467a0,
Kaito Oda,1998-02-13,165.1,160.0,Orthodox,,,,,,,,ufcstats,http://ufcstats.com/fighter-details/629bac37f70891fb,
Christian Ocon,1996-02-05,172.7,175.3,Orthodox,,,,,,,,ufcstats,http://ufcstats.com/fighter-details/2d6d6ffe5a446ea2,
Ho Taek Oh,1993-07-20,,,,,,,,,,,ufcstats,http://ufcstats.com/fighter-details/5c020ee6ab450870,
Trey Ogden,1989-11-14,180.3,182.9,Orthodox,,,,,,,,ufcstats,http://ufcstats.com/fighter-details/cfc3e7bb44685289,
Richard Odoms,1975-05-08,195.6,,Orthodox,,,,,,,,ufcstats,http://ufcstats.com/fighter-details/f43907e75f8d9baa,
Volkan Oezdemir,1989-09-19,188.0,190.5,Orthodox,,,,,,,,ufcstats,http://ufcstats.com/fighter-details/0845c81e37d3bcb3,
Kaan Ofli,1993-06-19,170.2,167.6,Orthodox,,,,,,,,ufcstats,http://ufcstats.com/fighter-details/7facc9c45d792985,
Michiyoshi Ohara,1967-11-15,177.8,,Orthodox,,,,,,,,ufcstats,http://ufcstats.com/fighter-details/6a8a06b542e1516d,
Andy Ogle,1989-02-16,172.7,175.3,Orthodox,,,,,,,,ufcstats,http://ufcstats.com/fighter-details/b6c4451cb13c9303,
Naoya Ogawa,1968-03-31,193.0,,Orthodox,,,,,,,,ufcstats,http://ufcstats.com/fighter-details/4b2390cfaceb91d8,
Koji Oishi,1977-05-31,172.7,,Orthodox,,,,,,,,ufcstats,http://ufcstats.com/fighter-details/01daf32100ed7517,
Takayuki Okada,1973-05-08,185.4,,Orthodox,,,,,,,,ufcstats,http://ufcstats.com/fighter-details/32541eb5d12668b4,
JJ Okanovich,1990-11-04,180.3,193.0,Orthodox,,,,,,,,ufcstats,http://ufcstats.com/fighter-details/aa40fe6038db56cb,
Yushin Okami,1981-07-21,188.0,190.5,Southpaw,,,,,,,,ufcstats,http://ufcstats.com/fighter-details/acff437707625fc7,
Bolaji Oki,1995-11-15,177.8,185.4,Orthodox,,,,,,,,ufcstats,http://ufcstats.com/fighter-details/4bdedbdeedff7d1d,
Kazuki Okubo,1979-06-30,180.3,,Orthodox,,,,,,,,ufcstats,http://ufcstats.com/fighter-details/33454ad90754cb49,
Masakatsu Okuda,1976-01-16,,,,,,,,,,,ufcstats,http://ufcstats.com/fighter-details/02a65a55f25fb4f3,
Aleksei Oleinik,1977-06-20,188.0,203.2,Orthodox,,,,,,,,ufcstats,http://ufcstats.com/fighter-details/98c23cb6da5b3352,
Jorge Oliveira,,185.4,,,,,,,,,,ufcstats,http://ufcstats.com/fighter-details/bec2746f033802c3,
Cezary Oleksiejczuk,2000-01-06,190.5,190.5,Southpaw,,,,,,,,ufcstats,http://ufcstats.com/fighter-details/084532da3d25f3b8,
Rafaello Oliveira,1982-01-26,172.7,180.3,Orthodox,,,,,,,,ufcstats,http://ufcstats.com/fighter-details/15b1b21cd743d652,
Michal Oleksiejczuk,1995-02-22,182.9,188.0,Southpaw,,,,,,,,ufcstats,http://ufcstats.com/fighter-details/0d65c432720accb9,
Charles Oliveira,1989-10-17,177.8,188.0,Orthodox,,,,,,,,ufcstats,http://ufcstats.com/fighter-details/07225ba28ae309b6,
Vinicius Oliveira,1995-11-30,175.3,177.8,Switch,,,,,,,,ufcstats,http://ufcstats.com/fighter-details/18d01f7f8338ae72,
Saimon Oliveira,1991-04-21,162.6,182.9,Orthodox,,,,,,,,ufcstats,http://ufcstats.com/fighter-details/72ea1984c52019b5,
Wendell Oliveira Marques,1983-06-01,177.8,,Orthodox,,,,,,,,ufcstats,http://ufcstats.com/fighter-details/32c03df3c9760069,
Michael Oliveira,1998-01-21,185.4,198.1,Orthodox,,,,,,,,ufcstats,http://ufcstats.com/fighter-details/037cfd34a27d59e9,
Ravena Oliveira,1997-02-20,165.1,165.1,Orthodox,,,,,,,,ufcstats,http://ufcstats.com/fighter-details/4948e412fa6ab67d,
Felipe Olivieri,1985-04-12,175.3,,Orthodox,,,,,,,,ufcstats,http://ufcstats.com/fighter-details/948880beac71f028,
Bruno Oliveira,1984-05-02,193.0,203.2,Orthodox,,,,,,,,ufcstats,http://ufcstats.com/fighter-details/1e85912c9bab7e2b,
Ednaldo Oliveira,1984-02-19,195.6,,Orthodox,,,,,,,,ufcstats,http://ufcstats.com/fighter-details/acd9513399a8b09b,
Maria Oliveira,1996-12-12,167.6,175.3,Orthodox,,,,,,,,ufcstats,http://ufcstats.com/fighter-details/37d752ec41ed84bb,
Alex Oliveira,1988-02-21,180.3,193.0,Orthodox,,,,,,,,ufcstats,http://ufcstats.com/fighter-details/57b10fca4f9c9a7a,
Shana Olsen,1980-12-17,170.2,,,,,,,,,,ufcstats,http://ufcstats.com/fighter-details/dfbb95ca0c143988,
Andy Ologun,1983-06-12,182.9,,Orthodox,,,,,,,,ufcstats,http://ufcstats.com/fighter-details/e96d8538d3f9d0ed,
Gadzhi Omargadzhiev,1993-02-24,185.4,180.3,Switch,,,,,,,,ufcstats,http://ufcstats.com/fighter-details/684d3aee255a3d09,
Casey Olson,,170.2,,Orthodox,,,,,,,,ufcstats,http://ufcstats.com/fighter-details/7613773461b276f4,
Cameron Olson,1989-11-22,185.4,190.5,Orthodox,,,,,,,,ufcstats,http://ufcstats.com/fighter-details/5a9104718439ef44,
Dennis Olson,,182.9,,,,,,,,,,ufcstats,http://ufcstats.com/fighter-details/8e0709784259402d,
Alan Omer,1988-09-14,177.8,,Orthodox,,,,,,,,ufcstats,http://ufcstats.com/fighter-details/f2ad06f1007c481a,
Daniel Omielanczuk,1982-08-31,182.9,188.0,Southpaw,,,,,,,,ufcstats,http://ufcstats.com/fighter-details/470fedbc8563ac47,
Michihiro Omigawa,1975-12-19,167.6,172.7,Orthodox,,,,,,,,ufcstats,http://ufcstats.com/fighter-details/9f842be1a5337be6,
David Onama,1994-06-07,180.3,188.0,Orthodox,,,,,,,,ufcstats,http://ufcstats.com/fighter-details/ffe9703408fb5964,
Chibwikem Onyenegecha,1994-04-18,190.5,,Orthodox,,,,,,,,ufcstats,http://ufcstats.com/fighter-details/887e09328cd63df1,
Charlie Ontiveros,1991-07-04,188.0,188.0,Switch,,,,,,,,ufcstats,http://ufcstats.com/fighter-details/318572f6f74b760d,
Myktybek Orolbai,1998-02-10,177.8,188.0,Orthodox,,,,,,,,ufcstats,http://ufcstats.com/fighter-details/bf2c8e01b07d3eb1,
Sam Oropeza,1985-06-17,188.0,,,,,,,,,,ufcstats,http://ufcstats.com/fighter-details/6b8db407d49c6e4b,
Brian Ortega,1991-02-21,172.7,175.3,Switch,,,,,,,,ufcstats,http://ufcstats.com/fighter-details/def8166ff24bd237,
Jaden Ortega,2002-09-18,,,,,,,,,,,ufcstats,http://ufcstats.com/fighter-details/fc425affea8ca8cb,
Kurt Osiander,,,,,,,,,,,,ufcstats,http://ufcstats.com/fighter-details/f84dfc5a8d178403,
Jorge Ortiz,,182.9,,Orthodox,,,,,,,,ufcstats,http://ufcstats.com/fighter-details/9c5828c6fd9dc948,
Dustin Ortiz,1988-12-25,165.1,165.1,Orthodox,,,,,,,,ufcstats,http://ufcstats.com/fighter-details/f53c1f4ceeed8c08,
Tito Ortiz,1975-01-23,190.5,188.0,Orthodox,,,,,,,,ufcstats,http://ufcstats.com/fighter-details/2f732dd9210d301f,
Kenji Osawa,1976-11-04,170.2,167.6,Orthodox,,,,,,,,ufcstats,http://ufcstats.com/fighter-details/8eb239a52fc4ec14,
Nick Osipczak,1984-12-30,188.0,193.0,Orthodox,,,,,,,,ufcstats,http://ufcstats.com/fighter-details/5b407acfe0ef9b76,
Ode Osbourne,1992-01-09,170.2,185.4,Southpaw,,,,,,,,ufcstats,http://ufcstats.com/fighter-details/6d68c1afe954f121,
Nissen Osterneck,1981-05-01,188.0,,Orthodox,,,,,,,,ufcstats,http://ufcstats.com/fighter-details/d632d156c0549e07,
Pedro Otavio,1967-12-17,190.5,,Orthodox,,,,,,,,ufcstats,http://ufcstats.com/fighter-details/4512e46543b960ad,
Rachael Ostovich,1991-02-25,160.0,157.5,Orthodox,,,,,,,,ufcstats,http://ufcstats.com/fighter-details/01784fbc27c68b14,
Valentijn Overeem,1976-08-17,190.5,,Orthodox,,,,,,,,ufcstats,http://ufcstats.com/fighter-details/20e403a1acfef130,
Alexander Otsuka,1971-07-17,185.4,,Orthodox,,,,,,,,ufcstats,http://ufcstats.com/fighter-details/865aa315ea62c511,
Quemuel Ottoni,1992-10-22,182.9,182.9,Orthodox,,,,,,,,ufcstats,http://ufcstats.com/fighter-details/7ce21433c2a53168,
Ren Ozaki,2001-12-15,170.2,172.7,Orthodox,,,,,,,,ufcstats,http://ufcstats.com/fighter-details/8997ee20b6a43d76,
Alptekin Ozkilic,1986-03-27,165.1,165.1,Orthodox,,,,,,,,ufcstats,http://ufcstats.com/fighter-details/e18a19001a3f7c7d,
Takafumi Otsuka,1986-08-22,167.6,,Orthodox,,,,,,,,ufcstats,http://ufcstats.com/fighter-details/6b8f28da9a483049,
Sidney Outlaw,1992-04-11,172.7,188.0,Orthodox,,,,,,,,ufcstats,http://ufcstats.com/fighter-details/871ce0b4a01922b6,
Artur Oumakhanov,1979-02-27,170.2,,Orthodox,,,,,,,,ufcstats,http://ufcstats.com/fighter-details/1ef0eae31904e534,
Zak Ottow,1986-12-22,180.3,182.9,Orthodox,,,,,,,,ufcstats,http://ufcstats.com/fighter-details/47cd337b86b1af92,
Craig Oxley,1973-02-14,175.3,,,,,,,,,,ufcstats,http://ufcstats.com/fighter-details/4bb9d7a32d02a03e,
Shungo Oyama,1974-04-11,180.3,,Southpaw,,,,,,,,ufcstats,http://ufcstats.com/fighter-details/47b7e4e60813b7b2,
Billy Quarantillo,1988-12-08,177.8,177.8,Orthodox,,,,,,,,ufcstats,http://ufcstats.com/fighter-details/aa171d55d4b5208f,
Vinicius Queiroz,1983-08-29,200.7,,Orthodox,,,,,,,,ufcstats,http://ufcstats.com/fighter-details/2a8502954f49e682,
Nate Quarry,1972-03-18,182.9,182.9,Open Stance,,,,,,,,ufcstats,http://ufcstats.com/fighter-details/52cae54377b433b7,
Bao Quach,1979-09-04,160.0,,Orthodox,,,,,,,,ufcstats,http://ufcstats.com/fighter-details/d365ee924f5cc3fc,
Qiu Lun,1997-07-08,172.7,167.6,Southpaw,,,,,,,,ufcstats,http://ufcstats.com/fighter-details/126bdc1710a8cbf4,
Alistair Overeem,1980-05-17,193.0,203.2,Orthodox,,,,,,,,ufcstats,http://ufcstats.com/fighter-details/b4ad3a06ee4d660c,
Gary Quan,1971-04-11,172.7,,,,,,,,,,ufcstats,http://ufcstats.com/fighter-details/f7b4cbe93f3bac06,
Jimmy Quinlan,1986-05-25,182.9,,Orthodox,,,,,,,,ufcstats,http://ufcstats.com/fighter-details/ddbe4fa2ea573393,
Josh Quinlan,1993-02-06,182.9,182.9,Orthodox,,,,,,,,ufcstats,http://ufcstats.com/fighter-details/876f478f796495f7,
Ryan Quinn,,172.7,,,,,,,,,,ufcstats,http://ufcstats.com/fighter-details/cc23ed51619421a3,
Nick Pace,1987-04-17,170.2,172.7,Orthodox,,,,,,,,ufcstats,http://ufcstats.com/fighter-details/8cb76103cd8a1562,
Landon Quinones,1995-11-21,175.3,177.8,Southpaw,,,,,,,,ufcstats,http://ufcstats.com/fighter-details/267f4a6568abe245,
Michel Quinones,1984-12-22,177.8,185.4,Orthodox,,,,,,,,ufcstats,http://ufcstats.com/fighter-details/5e84a859c6a82288,
Jose Quinonez,1990-07-28,172.7,175.3,Southpaw,,,,,,,,ufcstats,http://ufcstats.com/fighter-details/36549928f90f1d36,
Larissa Pacheco,1994-09-07,170.2,,Orthodox,,,,,,,,ufcstats,http://ufcstats.com/fighter-details/16b89be2f5c16fba,
Raquel Pa'aluhi,1990-10-14,170.2,,,,,,,,,,ufcstats,http://ufcstats.com/fighter-details/373be586f370d400,
Emilio Quissua,1997-04-21,,,,,,,,,,,ufcstats,http://ufcstats.com/fighter-details/2b13dba37724eb87,
Cristian Quinonez,1996-04-26,172.7,177.8,Orthodox,,,,,,,,ufcstats,http://ufcstats.com/fighter-details/7debc13b36343605,
Gary Padilla,1980-05-04,180.3,,,,,,,,,,ufcstats,http://ufcstats.com/fighter-details/01dd4cdc2446f665,
Cyrillo Padilha,1978-01-23,180.3,,,,,,,,,,ufcstats,http://ufcstats.com/fighter-details/856c4d2668a875f9,
Fernando Padilla,1996-12-15,185.4,193.0,Orthodox,,,,,,,,ufcstats,http://ufcstats.com/fighter-details/d2f43cfaf8ca3560,
Chris Padilla,1995-09-14,175.3,188.0,Orthodox,,,,,,,,ufcstats,http://ufcstats.com/fighter-details/06626b6287e1ae1e,
Michael Page,1987-04-07,190.5,200.7,Switch,,,,,,,,ufcstats,http://ufcstats.com/fighter-details/a67d071163962af8,
Damacio Page,1982-09-30,167.6,167.6,Orthodox,,,,,,,,ufcstats,http://ufcstats.com/fighter-details/c96e2ae6021144a1,
Tom Pagliarulo,1997-06-19,182.9,188.0,Switch,,,,,,,,ufcstats,http://ufcstats.com/fighter-details/0e75cd3ba8274cea,
Angel Pacheco,1992-01-13,172.7,177.8,Orthodox,,,,,,,,ufcstats,http://ufcstats.com/fighter-details/07797f10b9569cfc,
Dustin Pague,1987-08-05,175.3,188.0,Orthodox,,,,,,,,ufcstats,http://ufcstats.com/fighter-details/55f80a8aeffcdb33,
Jimmie Pace,1996-04-09,,,,,,,,,,,ufcstats,http://ufcstats.com/fighter-details/4652b685fa11e7fd,
George Pacurariu,1984-07-28,170.2,,,,,,,,,,ufcstats,http://ufcstats.com/fighter-details/c51da79b0346b5b7,
Teemu Packalen,1987-05-22,185.4,190.5,Orthodox,,,,,,,,ufcstats,http://ufcstats.com/fighter-details/8f4eeaf7a0df7c1a,
Josh Paiva,1991-04-05,167.6,,,,,,,,,,ufcstats,http://ufcstats.com/fighter-details/1e12c1dbbb1e2dda,
Raulian Paiva,1995-10-17,172.7,175.3,Orthodox,,,,,,,,ufcstats,http://ufcstats.com/fighter-details/82b4e942781b1046,
Sasha Palatnikov,1989-03-15,185.4,182.9,Switch,,,,,,,,ufcstats,http://ufcstats.com/fighter-details/a6c20202c701e5ca,
Dinis Paiva Jr.,1988-05-26,175.3,180.3,Southpaw,,,,,,,,ufcstats,http://ufcstats.com/fighter-details/ad3a5e465c76e499,
Fredson Paixao,1979-05-13,167.6,167.6,Orthodox,,,,,,,,ufcstats,http://ufcstats.com/fighter-details/320edfb0332b7073,
Luis Pajuelo,1994-12-18,177.8,175.3,Orthodox,,,,,,,,ufcstats,http://ufcstats.com/fighter-details/e530df53922f413e,
Jose Palacios,1982-11-10,175.3,,Orthodox,,,,,,,,ufcstats,http://ufcstats.com/fighter-details/de20ffb3fc2e7629,
Ricky Palacios,1987-07-05,167.6,,Orthodox,,,,,,,,ufcstats,http://ufcstats.com/fighter-details/797ddccda75f169f,
Bart Palaszewski,1983-05-30,175.3,177.8,Orthodox,,,,,,,,ufcstats,http://ufcstats.com/fighter-details/4304992c2acc187b,
Soa Palelei,1977-07-12,193.0,205.7,Orthodox,,,,,,,,ufcstats,http://ufcstats.com/fighter-details/60029bcf496bd707,
Tulio Palhares,,,,,,,,,,,,ufcstats,http://ufcstats.com/fighter-details/e8c170a64dc920ac,
Eduardo Pamplona,1973-02-20,180.3,,,,,,,,,,ufcstats,http://ufcstats.com/fighter-details/f31c0905045fa100,
Stephen Palling,1967-01-29,162.6,,,,,,,,,,ufcstats,http://ufcstats.com/fighter-details/ab7c212de9f66af0,
Josh Parisian,1989-06-28,193.0,200.7,Orthodox,,,,,,,,ufcstats,http://ufcstats.com/fighter-details/b5da8f7d05e85a55,
Yuri Panferov,1996-08-30,185.4,182.9,Orthodox,,,,,,,,ufcstats,http://ufcstats.com/fighter-details/36d811b015635b67,
Rousimar Palhares,1980-02-26,172.7,180.3,Orthodox,,,,,,,,ufcstats,http://ufcstats.com/fighter-details/8ddf9c51c5fdea75,
Alexandre Pantoja,1990-04-16,165.1,170.2,Orthodox,,,,,,,,ufcstats,http://ufcstats.com/fighter-details/a0f0004aadf10b71,
Ruel Panales,1996-12-07,165.1,170.2,Southpaw,,,,,,,,ufcstats,http://ufcstats.com/fighter-details/2742f028399bf8c7,
Won Sik Park,1986-12-16,180.3,,Orthodox,,,,,,,,ufcstats,http://ufcstats.com/fighter-details/9df394db5ca103eb,
Kathryn Paprocki,1993-04-28,160.0,160.0,Orthodox,,,,,,,,ufcstats,http://ufcstats.com/fighter-details/bd381cde8426077a,
Jared Papazian,1988-02-01,172.7,170.2,Southpaw,,,,,,,,ufcstats,http://ufcstats.com/fighter-details/edad57b3dddf2168,
JunYong Park,1991-02-27,177.8,185.4,Orthodox,,,,,,,,ufcstats,http://ufcstats.com/fighter-details/285ae0b4a68221f4,
Joe Pardo,,185.4,,Southpaw,,,,,,,,ufcstats,http://ufcstats.com/fighter-details/74fefd43f073cd2f,
Ido Pariente,1978-08-31,172.7,,Orthodox,,,,,,,,ufcstats,http://ufcstats.com/fighter-details/7573d25a078b5732,
Harvey Park,1986-03-22,182.9,177.8,Orthodox,,,,,,,,ufcstats,http://ufcstats.com/fighter-details/b709b534b6873744,
JaeHyun Park,2001-12-10,172.7,185.4,Orthodox,,,,,,,,ufcstats,http://ufcstats.com/fighter-details/fe1595732dfb08fc,
Bryan Pardoe,1968-10-22,185.4,,Orthodox,,,,,,,,ufcstats,http://ufcstats.com/fighter-details/56116537d71a578c,
Willie Parks,1983-11-04,177.8,,,,,,,,,,ufcstats,http://ufcstats.com/fighter-details/86ad0ae839331bd7,
Remco Pardoel,1969-05-23,190.5,,Southpaw,,,,,,,,ufcstats,http://ufcstats.com/fighter-details/749685d24e2cac50,
HyunSung Park,1995-11-04,170.2,167.6,Orthodox,,,,,,,,ufcstats,http://ufcstats.com/fighter-details/b671bdf981ad527d,
Ryan Parker,,190.5,,Southpaw,,,,,,,,ufcstats,http://ufcstats.com/fighter-details/6a0b80a24f22e152,
Larry Parker,1963-08-15,180.3,,Orthodox,,,,,,,,ufcstats,http://ufcstats.com/fighter-details/c0231720fe516994,
EoJin Park,2001-12-26,182.9,180.3,Orthodox,,,,,,,,ufcstats,http://ufcstats.com/fighter-details/f79e7f138bf50cc0,
Norman Parke,1986-12-22,180.3,177.8,Southpaw,,,,,,,,ufcstats,http://ufcstats.com/fighter-details/14ff46596ad80609,
Karo Parisyan,1982-08-28,177.8,182.9,Orthodox,,,,,,,,ufcstats,http://ufcstats.com/fighter-details/349aaa3da11eb587,
Tyra Parker,1989-09-18,165.1,,Orthodox,,,,,,,,ufcstats,http://ufcstats.com/fighter-details/64be3dc99eaa42b6,
Mick Parkin,1995-10-02,193.0,200.7,Orthodox,,,,,,,,ufcstats,http://ufcstats.com/fighter-details/0d5cc0170c1a7e71,
BoHyun Park,1999-05-14,157.5,154.9,Orthodox,,,,,,,,ufcstats,http://ufcstats.com/fighter-details/504d3a11e4408253,
Salahdine Parnasse,1997-12-04,,,,,,,,,,,ufcstats,http://ufcstats.com/fighter-details/b3cb9dfccff3be76,
Jordan Parsons,1990-08-26,175.3,,,,,,,,,,ufcstats,http://ufcstats.com/fighter-details/8b2a18d3c6735083,
Preston Parsons,1995-07-15,180.3,180.3,Orthodox,,,,,,,,ufcstats,http://ufcstats.com/fighter-details/9fe7af8b3fbe00a0,
Onassis Parungao,,180.3,,,,,,,,,,ufcstats,http://ufcstats.com/fighter-details/96d173b7f92aa520,
Jonny Parsons,1991-09-06,175.3,175.3,Orthodox,,,,,,,,ufcstats,http://ufcstats.com/fighter-details/2975297f505e9447,
Ramona Pascual,1988-09-23,170.2,167.6,Southpaw,,,,,,,,ufcstats,http://ufcstats.com/fighter-details/3eb4dc9a7d4ac906,
Quentin Pasley,,,,,,,,,,,,ufcstats,http://ufcstats.com/fighter-details/15b1f83a90302adf,
Billy Pasulatan,1991-08-07,165.1,167.6,Switch,,,,,,,,ufcstats,http://ufcstats.com/fighter-details/e5a59983f4603621,
Guilherme Pat,1994-04-20,198.1,205.7,Orthodox,,,,,,,,ufcstats,http://ufcstats.com/fighter-details/ba15006c804a8de0,
Stefano Paterno,1995-08-18,,,,,,,,,,,ufcstats,http://ufcstats.com/fighter-details/12954cff4025a427,
Jhonoven Pati,1990-08-29,185.4,190.5,Switch,,,,,,,,ufcstats,http://ufcstats.com/fighter-details/6b16024d44eb03a2,
Windri Patilima,1993-07-19,167.6,180.3,Southpaw,,,,,,,,ufcstats,http://ufcstats.com/fighter-details/66d42e9503fa108e,
Jorge Patino,1973-08-05,172.7,,Orthodox,,,,,,,,ufcstats,http://ufcstats.com/fighter-details/c8cca8f3de5be4b4,
Russell Patrick,1984-09-30,175.3,,,,,,,,,,ufcstats,http://ufcstats.com/fighter-details/eafedba0617ced81,
Claude Patrick,1980-06-14,180.3,190.5,Orthodox,,,,,,,,ufcstats,http://ufcstats.com/fighter-details/56116a79e4deed06,
Justin Patterson,1985-12-07,177.8,,,,,,,,,,ufcstats,http://ufcstats.com/fighter-details/2dc7c49cfaeb867c,
Michael Patt,,182.9,,Orthodox,,,,,,,,ufcstats,http://ufcstats.com/fighter-details/83d0de122f2f9664,
Alan Patrick,1983-07-19,180.3,188.0,Southpaw,,,,,,,,ufcstats,http://ufcstats.com/fighter-details/cd7763bcadb5d4c8,
Sam Patterson,1996-04-30,190.5,198.1,Orthodox,,,,,,,,ufcstats,http://ufcstats.com/fighter-details/8b6e5dc2ba1edbe7,
Julio Paulino,1975-12-04,182.9,,Orthodox,,,,,,,,ufcstats,http://ufcstats.com/fighter-details/60c72f7459827881,
Thomas Paull,1994-10-15,170.2,170.2,Orthodox,,,,,,,,ufcstats,http://ufcstats.com/fighter-details/dda67d7d3df6b406,
Zac Pauga,1988-02-25,188.0,193.0,Orthodox,,,,,,,,ufcstats,http://ufcstats.com/fighter-details/56f7d7ee06be4aab,
Estevan Payan,1982-03-14,177.8,,Orthodox,,,,,,,,ufcstats,http://ufcstats.com/fighter-details/d0a5ef38a7778ac2,
Sarah Payant,,162.6,,,,,,,,,,ufcstats,http://ufcstats.com/fighter-details/748d4e35f846a029,
Pawel Pawlak,1989-02-08,182.9,185.4,Orthodox,,,,,,,,ufcstats,http://ufcstats.com/fighter-details/9310418684bc896f,
Roland Payne,,175.3,,Orthodox,,,,,,,,ufcstats,http://ufcstats.com/fighter-details/2e04a3b4a2011b97,
Sergei Pavlovich,1992-05-13,190.5,213.4,Southpaw,,,,,,,,ufcstats,http://ufcstats.com/fighter-details/f14cf73e51b29254,
Logan Paxton,1995-08-04,,,,,,,,,,,ufcstats,http://ufcstats.com/fighter-details/b4ce04f082391b54,
Andre Pederneiras,1967-03-22,172.7,,Orthodox,,,,,,,,ufcstats,http://ufcstats.com/fighter-details/bba678d312590087,
Joe Pearson,1978-03-28,177.8,,Orthodox,,,,,,,,ufcstats,http://ufcstats.com/fighter-details/122806b56775a53a,
Trevor Peek,1995-01-09,175.3,177.8,Switch,,,,,,,,ufcstats,http://ufcstats.com/fighter-details/0bc697c5936a2d0a,
Jonathan Pearce,1992-05-01,182.9,180.3,Switch,,,,,,,,ufcstats,http://ufcstats.com/fighter-details/87c0b1c696ddfb43,
Matt Pedro,,,,,,,,,,,,ufcstats,http://ufcstats.com/fighter-details/f354c50b8d63d9b3,
Carlo Pedersoli Jr.,1993-06-08,180.3,190.5,Southpaw,,,,,,,,ufcstats,http://ufcstats.com/fighter-details/198994b47f395af0,
Tyson Pedro,1991-09-17,190.5,200.7,Orthodox,,,,,,,,ufcstats,http://ufcstats.com/fighter-details/49e96ff8ab781589,
Ross Pearson,1984-09-26,172.7,175.3,Orthodox,,,,,,,,ufcstats,http://ufcstats.com/fighter-details/4f732e58ed907eff,
Willie Peeters,1965-10-26,175.3,,Orthodox,,,,,,,,ufcstats,http://ufcstats.com/fighter-details/e7bfdb5e0112891e,
Filip Pejic,1992-07-21,172.7,,Orthodox,,,,,,,,ufcstats,http://ufcstats.com/fighter-details/38ed5a2299230227,
Yan Pellerin,1980-03-20,180.3,,Orthodox,,,,,,,,ufcstats,http://ufcstats.com/fighter-details/bfe95ec546692b13,
Felipe Pena,1991-10-19,,,,,,,,,,,ufcstats,http://ufcstats.com/fighter-details/566ff9546fc29acd,
Julianna Pena,1989-08-19,167.6,175.3,Orthodox,,,,,,,,ufcstats,http://ufcstats.com/fighter-details/3253b16d38ae087d,
Luis Pena,1993-07-05,190.5,190.5,Southpaw,,,,,,,,ufcstats,http://ufcstats.com/fighter-details/2844b047183a1adb,
Kurt Pellegrino,1979-05-07,172.7,177.8,Orthodox,,,,,,,,ufcstats,http://ufcstats.com/fighter-details/aa1952ec0b3dd8e1,
Matej Penaz,1996-10-14,190.5,210.8,Southpaw,,,,,,,,ufcstats,http://ufcstats.com/fighter-details/abd64006fd37298d,
Sherman Pendergarst,1967-08-01,185.4,,Orthodox,,,,,,,,ufcstats,http://ufcstats.com/fighter-details/e670f8cc2969a789,
Jerron Peoples,1982-05-04,182.9,,,,,,,,,,ufcstats,http://ufcstats.com/fighter-details/a2ac473d74eb157c,
Tecia Pennington,1989-08-16,154.9,152.4,Orthodox,,,,,,,,ufcstats,http://ufcstats.com/fighter-details/31ef8b67e13495b3,
Raquel Pennington,1988-09-05,170.2,170.2,Orthodox,,,,,,,,ufcstats,http://ufcstats.com/fighter-details/fc169c387b4b465d,
Drew Pendleton,1983-12-08,,,,,,,,,,,ufcstats,http://ufcstats.com/fighter-details/34b634cb2471bdde,
BJ Penn,1978-12-13,175.3,177.8,Orthodox,,,,,,,,ufcstats,http://ufcstats.com/fighter-details/73c7cfa551289285,
Cathal Pendred,1987-09-02,185.4,190.5,Orthodox,,,,,,,,ufcstats,http://ufcstats.com/fighter-details/99c7610aa74995d3,
Ray Perales,1975-07-02,177.8,,Orthodox,,,,,,,,ufcstats,http://ufcstats.com/fighter-details/9a70f67ad2187fa3,
Godofredo Pepey,1987-07-02,170.2,185.4,Orthodox,,,,,,,,ufcstats,http://ufcstats.com/fighter-details/fa37628269132d1a,
Justin Pennington,,162.6,,,,,,,,,,ufcstats,http://ufcstats.com/fighter-details/0699c4b2a7c3c76f,
Nick Penner,1980-03-26,193.0,,Southpaw,,,,,,,,ufcstats,http://ufcstats.com/fighter-details/879b8df81523d91b,
Robert Peralta,1986-03-14,172.7,180.3,Orthodox,,,,,,,,ufcstats,http://ufcstats.com/fighter-details/960d6cae8879ba2b,
Jessica Penne,1983-01-30,165.1,170.2,Orthodox,,,,,,,,ufcstats,http://ufcstats.com/fighter-details/c742287ed86a09bc,
Mayton Perea,2000-08-18,,,,,,,,,,,ufcstats,http://ufcstats.com/fighter-details/19c46512d8dd6202,
Alex Pereira,1987-07-07,193.0,200.7,Orthodox,,,,,,,,ufcstats,http://ufcstats.com/fighter-details/e5549c82bfb5582d,
Michel Pereira,1993-10-06,185.4,185.4,Orthodox,,,,,,,,ufcstats,http://ufcstats.com/fighter-details/595db60957de51d3,
Luciano Pereira,2001-01-09,,,Orthodox,,,,,,,,ufcstats,http://ufcstats.com/fighter-details/d7ee49bf3c779fa6,
Daniel Pereira,1990-12-13,177.8,,,,,,,,,,ufcstats,http://ufcstats.com/fighter-details/44f46b0592ca0814,
Viviane Pereira,1993-08-28,154.9,160.0,Orthodox,,,,,,,,ufcstats,http://ufcstats.com/fighter-details/d50382dc0565a9e1,
Philip Perez,,165.1,,Southpaw,,,,,,,,ufcstats,http://ufcstats.com/fighter-details/eee8efec7b951d84,
Rolando Perez,,172.7,,Orthodox,,,,,,,,ufcstats,http://ufcstats.com/fighter-details/4a9e305633f3ef47,
Alice Pereira,2005-12-20,172.7,180.3,Orthodox,,,,,,,,ufcstats,http://ufcstats.com/fighter-details/81d2c551886bd5a1,
Jose Perez,,,,,,,,,,,,ufcstats,http://ufcstats.com/fighter-details/89578ae236ee04e9,
Frankie Perez,1989-05-11,180.3,185.4,Orthodox,,,,,,,,ufcstats,http://ufcstats.com/fighter-details/96c336b463e0662c,
Erik Perez,1989-11-19,172.7,172.7,Orthodox,,,,,,,,ufcstats,http://ufcstats.com/fighter-details/af62f99eb7606308,
Alejandro Perez,1989-09-02,167.6,170.2,Orthodox,,,,,,,,ufcstats,http://ufcstats.com/fighter-details/80daefbed11ce998,
Alex Perez,1992-03-21,167.6,165.1,Orthodox,,,,,,,,ufcstats,http://ufcstats.com/fighter-details/ab2b4ff41d6ebe0f,
Markus Perez,1988-06-22,185.4,185.4,Orthodox,,,,,,,,ufcstats,http://ufcstats.com/fighter-details/2ac4628c08ec5125,
Rafael Pergentino,2002-01-08,185.4,193.0,Orthodox,,,,,,,,ufcstats,http://ufcstats.com/fighter-details/8d3b4a630b1bf1e6,
Brando Pericic,1994-08-03,195.6,200.7,Orthodox,,,,,,,,ufcstats,http://ufcstats.com/fighter-details/d0fd0d9ee560dae7,
Cristian Perez,1999-08-17,175.3,182.9,Orthodox,,,,,,,,ufcstats,http://ufcstats.com/fighter-details/d84033157714ee94,
Ailin Perez,1994-10-05,165.1,167.6,Switch,,,,,,,,ufcstats,http://ufcstats.com/fighter-details/06e4245d16fc5315,
Thiago Perpetuo,1987-12-14,177.8,,Orthodox,,,,,,,,ufcstats,http://ufcstats.com/fighter-details/c1a5d3843596df92,
Anthony Perosh,1972-10-05,190.5,190.5,Orthodox,,,,,,,,ufcstats,http://ufcstats.com/fighter-details/4b4753d19489297f,
Hernani Perpetuo,1985-05-24,182.9,,Orthodox,,,,,,,,ufcstats,http://ufcstats.com/fighter-details/575360be653ad6a6,
Jay Perrin,1993-06-15,170.2,170.2,Switch,,,,,,,,ufcstats,http://ufcstats.com/fighter-details/01fed6f61ebea01f,
Mike Perry,1991-09-15,177.8,180.3,Orthodox,,,,,,,,ufcstats,http://ufcstats.com/fighter-details/f2b6fdb20675b11c,
Raphael Pessoa,1989-03-09,190.5,198.1,Orthodox,,,,,,,,ufcstats,http://ufcstats.com/fighter-details/41f90012b86a11bf,
Seth Petruzelli,1979-12-03,182.9,193.0,Orthodox,,,,,,,,ufcstats,http://ufcstats.com/fighter-details/93b9496275bbbf80,
Leiticia Pestova,1984-01-15,167.6,,Orthodox,,,,,,,,ufcstats,http://ufcstats.com/fighter-details/f3743d8ef5dde970,
Tony Petarra,1966-11-08,180.3,,Orthodox,,,,,,,,ufcstats,http://ufcstats.com/fighter-details/c61f66d8c3fd5f07,
Viktor Pesta,1990-07-15,190.5,195.6,Orthodox,,,,,,,,ufcstats,http://ufcstats.com/fighter-details/202b0467521c9d6f,
Tommy Petersen,,,,,,,,,,,,ufcstats,http://ufcstats.com/fighter-details/7aabd61419f747d1,
Thomas Petersen,1995-03-30,185.4,188.0,Southpaw,,,,,,,,ufcstats,http://ufcstats.com/fighter-details/764d39074a352e33,
Peter Petties,1990-12-20,180.3,182.9,Southpaw,,,,,,,,ufcstats,http://ufcstats.com/fighter-details/7ea5d60d2e6a8ad0,
Ivana Petrovic,1994-06-11,172.7,177.8,Southpaw,,,,,,,,ufcstats,http://ufcstats.com/fighter-details/38c5817ade8a8014,
Cory Peterson,1979-02-04,210.8,,Orthodox,,,,,,,,ufcstats,http://ufcstats.com/fighter-details/5df10509264586e5,
Vitor Petrino,1997-08-28,188.0,195.6,Orthodox,,,,,,,,ufcstats,http://ufcstats.com/fighter-details/71171fc96445bf65,
Steven Peterson,1990-05-29,177.8,177.8,Orthodox,,,,,,,,ufcstats,http://ufcstats.com/fighter-details/b93c06d09d1c4ac0,
Andre Petroski,1991-06-12,182.9,185.4,Switch,,,,,,,,ufcstats,http://ufcstats.com/fighter-details/5f61780fe5e9b6d0,
Forrest Petz,1975-09-22,175.3,180.3,Orthodox,,,,,,,,ufcstats,http://ufcstats.com/fighter-details/e86bc32f5997a8f7,
Carlos Petruzella,1997-03-29,,,,,,,,,,,ufcstats,http://ufcstats.com/fighter-details/2e1f3640443272ad,
Armen Petrosyan,1990-11-03,190.5,180.3,Orthodox,,,,,,,,ufcstats,http://ufcstats.com/fighter-details/369ea36e450ae62a,
Sergio Pettis,1993-08-18,167.6,175.3,Orthodox,,,,,,,,ufcstats,http://ufcstats.com/fighter-details/de75d1c45a39e221,
Anthony Pettis,1987-01-27,177.8,182.9,Orthodox,,,,,,,,ufcstats,http://ufcstats.com/fighter-details/cbb682f5fcc44bfc,
Wayne Phillips,1983-06-17,,,,,,,,,,,ufcstats,http://ufcstats.com/fighter-details/09a82bd51ff61376,
Cody Pfister,1990-07-12,177.8,185.4,Orthodox,,,,,,,,ufcstats,http://ufcstats.com/fighter-details/5904b0b38dc6718d,
Dave Phillips,1980-01-12,182.9,,Orthodox,,,,,,,,ufcstats,http://ufcstats.com/fighter-details/99020eeb8cd5689d,
Mario Piazzon,1998-04-06,175.3,185.4,Orthodox,,,,,,,,ufcstats,http://ufcstats.com/fighter-details/44f234a36324e6c8,
Dino Pezao,,,,Orthodox,,,,,,,,ufcstats,http://ufcstats.com/fighter-details/81b57acd6975ac06,
Nam Phan,1983-03-13,167.6,177.8,Orthodox,,,,,,,,ufcstats,http://ufcstats.com/fighter-details/80dbeb1dd5b53e64,
Adam Piccolotti,1988-10-23,180.3,,,,,,,,,,ufcstats,http://ufcstats.com/fighter-details/fa399f7f6e17f7f5,
Nick Piccininni,1996-12-16,167.6,167.6,Orthodox,,,,,,,,ufcstats,http://ufcstats.com/fighter-details/a5cb1c29461853ca,
Aaron Phillips,1989-08-05,175.3,180.3,Southpaw,,,,,,,,ufcstats,http://ufcstats.com/fighter-details/34c2b3656f88f7ef,
Elizabeth Phillips,1986-08-20,167.6,165.1,Orthodox,,,,,,,,ufcstats,http://ufcstats.com/fighter-details/dcbf01d605681ad1,
John Phillips,1985-06-09,180.3,190.5,Southpaw,,,,,,,,ufcstats,http://ufcstats.com/fighter-details/e9ac7bfb65c25497,
Kyler Phillips,1995-06-12,172.7,182.9,Orthodox,,,,,,,,ufcstats,http://ufcstats.com/fighter-details/60425d07ef4b91a7,
Constantinos Philippou,1979-11-29,180.3,185.4,Orthodox,,,,,,,,ufcstats,http://ufcstats.com/fighter-details/05560764359161e4,
Brad Pickett,1978-09-24,167.6,172.7,Orthodox,,,,,,,,ufcstats,http://ufcstats.com/fighter-details/c945adc22c2bfe8f,
Nick Pica,,177.8,,,,,,,,,,ufcstats,http://ufcstats.com/fighter-details/7922e8269adcc25a,
Vinc Pichel,1982-11-23,177.8,182.9,Orthodox,,,,,,,,ufcstats,http://ufcstats.com/fighter-details/c77a953488e5607d,
Sean Pierson,1976-03-10,182.9,193.0,Southpaw,,,,,,,,ufcstats,http://ufcstats.com/fighter-details/0d506315895efffc,
Domingo Pilarte,1990-01-05,182.9,185.4,Southpaw,,,,,,,,ufcstats,http://ufcstats.com/fighter-details/4bf6b225ff6099c4,
Damian Pinas,2002-03-12,185.4,200.7,Orthodox,,,,,,,,ufcstats,http://ufcstats.com/fighter-details/fdd22e895a70e4a8,
Paddy Pimblett,1995-01-03,177.8,185.4,Orthodox,,,,,,,,ufcstats,http://ufcstats.com/fighter-details/7826923b47f8d72a,
Fabiola Pidroni,1994-01-04,,,,,,,,,,,ufcstats,http://ufcstats.com/fighter-details/9561eb5f0d63ffcc,
Joao Pierini,1971-12-11,185.4,,Switch,,,,,,,,ufcstats,http://ufcstats.com/fighter-details/9a967e8e43dcef63,
Nick Piedmont,,177.8,,,,,,,,,,ufcstats,http://ufcstats.com/fighter-details/df7d386a54e07446,
Jonathan Piersma,1996-03-03,180.3,185.4,Orthodox,,,,,,,,ufcstats,http://ufcstats.com/fighter-details/1c7308d2957a12d2,
Aaron Pico,1996-09-23,172.7,177.8,Orthodox,,,,,,,,ufcstats,http://ufcstats.com/fighter-details/5537efc6e496dd84,
Oskar Piechota,1990-01-24,182.9,193.0,Southpaw,,,,,,,,ufcstats,http://ufcstats.com/fighter-details/1cf7ccf64a5bf24e,
Jamie Pickett,1988-08-29,188.0,203.2,Orthodox,,,,,,,,ufcstats,http://ufcstats.com/fighter-details/830f60497fab345a,
Mike Pierce,1980-09-01,172.7,180.3,Orthodox,,,,,,,,ufcstats,http://ufcstats.com/fighter-details/236a37d96d476164,
Patricio Pitbull,1987-07-07,167.6,170.2,Orthodox,,,,,,,,ufcstats,http://ufcstats.com/fighter-details/98a58c26c5b1ed17,
Dmitry Poberezhets,1985-06-11,190.5,,,,,,,,,,ufcstats,http://ufcstats.com/fighter-details/9756095cb76b67c3,
Damian Piwowarczyk,1997-09-14,,,,,,,,,,,ufcstats,http://ufcstats.com/fighter-details/30b7ef4026bd7c15,
Gaetano Pirrello,1992-04-29,170.2,165.1,Orthodox,,,,,,,,ufcstats,http://ufcstats.com/fighter-details/8765559b6a29a421,
Ross Pointon,1980-02-18,172.7,,Orthodox,,,,,,,,ufcstats,http://ufcstats.com/fighter-details/7215953cd5c6254d,
Jamal Pogues,1995-12-01,190.5,195.6,Orthodox,,,,,,,,ufcstats,http://ufcstats.com/fighter-details/f41b9f5efc7162d6,
Maki Pitolo,1990-11-24,177.8,190.5,Orthodox,,,,,,,,ufcstats,http://ufcstats.com/fighter-details/c549573c0df4d676,
Jesus Pinedo,1996-06-22,177.8,,Southpaw,,,,,,,,ufcstats,http://ufcstats.com/fighter-details/25af5e832f17b474,
Pingyuan Liu,1993-02-13,167.6,182.9,Orthodox,,,,,,,,ufcstats,http://ufcstats.com/fighter-details/31bbd39c0a075d4e,
Mario Pinto,1998-03-14,195.6,200.7,Orthodox,,,,,,,,ufcstats,http://ufcstats.com/fighter-details/39d309957c5c210d,
Luana Pinheiro,1992-11-18,157.5,157.5,Orthodox,,,,,,,,ufcstats,http://ufcstats.com/fighter-details/a3a542074109b347,
Daniel Pineda,1985-08-06,170.2,175.3,Orthodox,,,,,,,,ufcstats,http://ufcstats.com/fighter-details/361d49960a196976,
Dustin Poirier,1989-01-19,175.3,182.9,Southpaw,,,,,,,,ufcstats,http://ufcstats.com/fighter-details/029eaff01e6bb8f0,
Felipe Portela,1987-11-23,,,,,,,,,,,ufcstats,http://ufcstats.com/fighter-details/303e017a9074f3aa,
Grigory Popov,1984-04-18,170.2,172.7,Switch,,,,,,,,ufcstats,http://ufcstats.com/fighter-details/d3fa5c5955397532,
Alexander Poppeck,1992-04-06,188.0,190.5,Orthodox,,,,,,,,ufcstats,http://ufcstats.com/fighter-details/56bf3ed155bd0fcd,
Ihor Potieria,1996-05-29,190.5,190.5,Southpaw,,,,,,,,ufcstats,http://ufcstats.com/fighter-details/260bd4cef10b033f,
Callan Potter,1984-06-09,182.9,182.9,Orthodox,,,,,,,,ufcstats,http://ufcstats.com/fighter-details/8fc9ae9c7527dfcb,
Parker Porter,1985-04-22,182.9,190.5,Orthodox,,,,,,,,ufcstats,http://ufcstats.com/fighter-details/ac40f7e3cbecdda4,
Santiago Ponzinibbio,1986-09-26,182.9,185.4,Orthodox,,,,,,,,ufcstats,http://ufcstats.com/fighter-details/6d1bffff14897645,
Mike Polchlopek,1965-12-27,193.0,,Orthodox,,,,,,,,ufcstats,http://ufcstats.com/fighter-details/3bb030257966b022,
Brandon Polcare,,,,,,,,,,,,ufcstats,http://ufcstats.com/fighter-details/543cd2258f4fa339,
John Polakowski,1981-06-21,177.8,,Orthodox,,,,,,,,ufcstats,http://ufcstats.com/fighter-details/b18fb36a4aa00093,
Julia Polastri,1998-03-05,157.5,160.0,Orthodox,,,,,,,,ufcstats,http://ufcstats.com/fighter-details/abb68e3c7ca128f2,
Igor Pokrajac,1979-01-02,182.9,188.0,Orthodox,,,,,,,,ufcstats,http://ufcstats.com/fighter-details/53278852bcd91e11,
Ricardo Prasel,1990-06-02,200.7,198.1,Orthodox,,,,,,,,ufcstats,http://ufcstats.com/fighter-details/b51d0ed3782a1bf5,
Wagner Prado,1986-12-30,182.9,188.0,Southpaw,,,,,,,,ufcstats,http://ufcstats.com/fighter-details/7f6ef4e1227600bc,
Francisco Prado,2002-06-16,177.8,175.3,Orthodox,,,,,,,,ufcstats,http://ufcstats.com/fighter-details/3920d0cc288f9b0d,
Carlo Prater,1981-06-25,180.3,182.9,Switch,,,,,,,,ufcstats,http://ufcstats.com/fighter-details/4f853e98886283cf,
Carlos Prates,1993-08-17,185.4,198.1,Switch,,,,,,,,ufcstats,http://ufcstats.com/fighter-details/7ee0fd831c0fe7c3,
Trevor Prangley,1972-08-24,185.4,190.5,Orthodox,,,,,,,,ufcstats,http://ufcstats.com/fighter-details/f5ff7bcdcfeba3ad,
Michel Prazeres,1981-07-25,167.6,170.2,Orthodox,,,,,,,,ufcstats,http://ufcstats.com/fighter-details/e51fcd9cd84c0b93,
Dylan Potter,1995-01-14,188.0,195.6,Switch,,,,,,,,ufcstats,http://ufcstats.com/fighter-details/61e47575b24a06bf,
Devin Powell,1988-03-01,182.9,185.4,Orthodox,,,,,,,,ufcstats,http://ufcstats.com/fighter-details/065eb44700e641a4,
Ruan Potts,1978-02-23,188.0,190.5,Orthodox,,,,,,,,ufcstats,http://ufcstats.com/fighter-details/7e208569469c8bc8,
Marcin Prachnio,1988-07-14,190.5,185.4,Orthodox,,,,,,,,ufcstats,http://ufcstats.com/fighter-details/6370c1c1e12723d5,
Dorian Price,1977-08-20,190.5,,Southpaw,,,,,,,,ufcstats,http://ufcstats.com/fighter-details/ee4b670e159f4a33,
Chris Price,1982-11-09,188.0,,Southpaw,,,,,,,,ufcstats,http://ufcstats.com/fighter-details/0597a4528ebd1307,
Philip Preece,,172.7,,Orthodox,,,,,,,,ufcstats,http://ufcstats.com/fighter-details/6597b611f1c32555,
Kyle Prepolec,1989-08-30,177.8,177.8,Southpaw,,,,,,,,ufcstats,http://ufcstats.com/fighter-details/873626e5547b5235,
Cole Province,1981-01-17,175.3,172.7,Orthodox,,,,,,,,ufcstats,http://ufcstats.com/fighter-details/2a470ad41c22c25a,
Lara Procopio,1995-11-14,162.6,170.2,Orthodox,,,,,,,,ufcstats,http://ufcstats.com/fighter-details/e99821959a840bb8,
Daniel Puder,1981-10-09,190.5,,Orthodox,,,,,,,,ufcstats,http://ufcstats.com/fighter-details/66e0a70352fef46a,
Joe Proctor,1985-08-10,177.8,182.9,Orthodox,,,,,,,,ufcstats,http://ufcstats.com/fighter-details/a36556bb1565e32d,
Lucie Pudilova,1994-06-13,172.7,170.2,Orthodox,,,,,,,,ufcstats,http://ufcstats.com/fighter-details/3cf66c62d9069f43,
Shane Primm,1984-07-30,190.5,,Orthodox,,,,,,,,ufcstats,http://ufcstats.com/fighter-details/5114f1b5ad4cdf72,
Brent Primus,1985-04-12,177.8,,,,,,,,,,ufcstats,http://ufcstats.com/fighter-details/46caf130099206cd,
Jiri Prochazka,1992-10-14,190.5,203.2,Orthodox,,,,,,,,ufcstats,http://ufcstats.com/fighter-details/009341ed974bad72,
Niko Price,1989-09-29,182.9,193.0,Orthodox,,,,,,,,ufcstats,http://ufcstats.com/fighter-details/d8da10db80131bec,
CM Punk,1978-10-26,185.4,185.4,Orthodox,,,,,,,,ufcstats,http://ufcstats.com/fighter-details/a8c9d16fe2a14d72,
Claudio Puelles,1996-04-21,177.8,182.9,Southpaw,,,,,,,,ufcstats,http://ufcstats.com/fighter-details/d747eb273a40a920,
Roman Gabriel Puga,1996-09-17,,,,,,,,,,,ufcstats,http://ufcstats.com/fighter-details/44f95ae20a6238e5,
Josh Pulsifer,1983-03-16,177.8,,,,,,,,,,ufcstats,http://ufcstats.com/fighter-details/16867810070dc520,
Andrey Pulyaev,1997-09-10,193.0,198.1,Southpaw,,,,,,,,ufcstats,http://ufcstats.com/fighter-details/22e07d3da1aa3475,
Juan Manuel Puig,1989-04-23,175.3,,Orthodox,,,,,,,,ufcstats,http://ufcstats.com/fighter-details/85d0fafb8b75d634,
Hugh Pulley,,182.9,,,,,,,,,,ufcstats,http://ufcstats.com/fighter-details/308279bd246c211f,
Juan Puerta,1988-01-20,175.3,180.3,Southpaw,,,,,,,,ufcstats,http://ufcstats.com/fighter-details/fdba548aff9763d9,
Bubba Pugh,,177.8,,,,,,,,,,ufcstats,http://ufcstats.com/fighter-details/6cf2352cdb3de59d,
Benji Radach,1979-04-05,177.8,,Orthodox,,,,,,,,ufcstats,http://ufcstats.com/fighter-details/01b39decaf0abf6a,
Jens Pulver,1974-12-06,170.2,177.8,Southpaw,,,,,,,,ufcstats,http://ufcstats.com/fighter-details/44260175069b6276,
Joe Pyfer,1996-09-17,188.0,190.5,Orthodox,,,,,,,,ufcstats,http://ufcstats.com/fighter-details/c1085e1701b13eca,
Mike Pyle,1975-09-18,182.9,188.0,Orthodox,,,,,,,,ufcstats,http://ufcstats.com/fighter-details/f5990c11974d8e9c,
Amir Rahnavardi,1974-12-07,182.9,,Orthodox,,,,,,,,ufcstats,http://ufcstats.com/fighter-details/bc7f7f0ba3db74d2,
Sora Rakhmonova,1998-06-21,,,,,,,,,,,ufcstats,http://ufcstats.com/fighter-details/63ff619c52ff7976,
Thomas Ramirez,,185.4,,Sideways,,,,,,,,ufcstats,http://ufcstats.com/fighter-details/ea398c802d9998ee,
Matt Ramirez,,165.1,,,,,,,,,,ufcstats,http://ufcstats.com/fighter-details/96c05ba5ab9eccaf,
Amador Ramirez,1990-06-14,,,,,,,,,,,ufcstats,http://ufcstats.com/fighter-details/ac31f869959860bc,
Mitch Ramirez,1992-11-03,180.3,177.8,Orthodox,,,,,,,,ufcstats,http://ufcstats.com/fighter-details/e99eb0ef25885de5,
Hector Ramirez,1976-03-28,182.9,,Orthodox,,,,,,,,ufcstats,http://ufcstats.com/fighter-details/d1759b2b7be9be56,
Jordan Radev,1976-09-28,170.2,,Southpaw,,,,,,,,ufcstats,http://ufcstats.com/fighter-details/45bc8f98d62bd096,
Josh Rafferty,1981-01-06,182.9,,Orthodox,,,,,,,,ufcstats,http://ufcstats.com/fighter-details/ff2c606c8bc365e3,
Loik Radzhabov,1990-09-17,180.3,175.3,Orthodox,,,,,,,,ufcstats,http://ufcstats.com/fighter-details/8c169fbe1ac33637,
Pat Pytlik,1989-04-24,182.9,185.4,Orthodox,,,,,,,,ufcstats,http://ufcstats.com/fighter-details/4fd140eea593526e,
Gilbert Rael,,172.7,,,,,,,,,,ufcstats,http://ufcstats.com/fighter-details/6cc25d19a891f435,
Charles Radtke,1990-07-09,175.3,182.9,Orthodox,,,,,,,,ufcstats,http://ufcstats.com/fighter-details/feedf3053472fe56,
Aleksandar Rakic,1992-02-06,193.0,198.1,Orthodox,,,,,,,,ufcstats,http://ufcstats.com/fighter-details/333b9e5c723ac873,
Zygimantas Ramaska,1996-12-27,180.3,180.3,Orthodox,,,,,,,,ufcstats,http://ufcstats.com/fighter-details/641ca2c2ed91b93c,
Jessica Rakoczy,1977-04-14,170.2,,Orthodox,,,,,,,,ufcstats,http://ufcstats.com/fighter-details/ffdeb4fbea09ce75,
Ricky Rainey,1983-06-29,185.4,195.6,Switch,,,,,,,,ufcstats,http://ufcstats.com/fighter-details/9b1e3fb4f8cbd5b7,
Marwan Rahiki,2002-05-10,172.7,182.9,Orthodox,,,,,,,,ufcstats,http://ufcstats.com/fighter-details/6eedb757f13b9978,
Shavkat Rakhmonov,1994-10-23,185.4,195.6,Orthodox,,,,,,,,ufcstats,http://ufcstats.com/fighter-details/01afe0916a40c7c5,
Andrew Ramm,,185.4,,,,,,,,,,ufcstats,http://ufcstats.com/fighter-details/3b5f2faaa2f2c1f6,
Steve Ramirez,,170.2,,,,,,,,,,ufcstats,http://ufcstats.com/fighter-details/4311e9d23604205c,
Ian Rammel,1985-07-22,182.9,,,,,,,,,,ufcstats,http://ufcstats.com/fighter-details/abc8e1423cf5b74e,
Dorian Ramos,1993-12-31,172.7,177.8,Orthodox,,,,,,,,ufcstats,http://ufcstats.com/fighter-details/fa4dcb2c8de482ee,
Vernon Ramos Ho,1992-06-03,167.6,,Orthodox,,,,,,,,ufcstats,http://ufcstats.com/fighter-details/30b577b112bef42d,
Luis Ramos,1981-01-18,172.7,,Orthodox,,,,,,,,ufcstats,http://ufcstats.com/fighter-details/7bc475b0fc2020ab,
Davi Ramos,1986-11-05,167.6,177.8,Orthodox,,,,,,,,ufcstats,http://ufcstats.com/fighter-details/0052de90691d4a93,
Ricardo Ramos,1995-08-01,175.3,182.9,Orthodox,,,,,,,,ufcstats,http://ufcstats.com/fighter-details/1ae8f3c723aacff4,
Hussain Rasouli,,167.6,,,,,,,,,,ufcstats,http://ufcstats.com/fighter-details/9d61d8cb1c354867,
David Rasouri,,170.2,,,,,,,,,,ufcstats,http://ufcstats.com/fighter-details/31e1ea6fe6b682f8,
Mitch Raposo,1998-10-16,165.1,162.6,Switch,,,,,,,,ufcstats,http://ufcstats.com/fighter-details/0be6776db31d98ec,
Kevin Randleman,1971-08-10,177.8,,Orthodox,,,,,,,,ufcstats,http://ufcstats.com/fighter-details/6859f67468ba8489,
Oscar Ravello,1998-09-27,,,,,,,,,,,ufcstats,http://ufcstats.com/fighter-details/56370b594d5fe0b3,
Gideon Ray,1973-05-27,177.8,,Southpaw,,,,,,,,ufcstats,http://ufcstats.com/fighter-details/ea3ef6206c7907d5,
Iony Razafiarison,1984-12-23,160.0,,,,,,,,,,ufcstats,http://ufcstats.com/fighter-details/a303588c33d8c5ae,
Keenan Raymond,,,,,,,,,,,,ufcstats,http://ufcstats.com/fighter-details/bdd16cd6b29cb499,
Joe Ray,1984-12-17,,,,,,,,,,,ufcstats,http://ufcstats.com/fighter-details/d92e6e17f637fe4d,
Bec Rawlings,1989-02-11,167.6,162.6,Orthodox,,,,,,,,ufcstats,http://ufcstats.com/fighter-details/907e60fd13407e1e,
Stevie Ray,1990-03-25,177.8,177.8,Southpaw,,,,,,,,ufcstats,http://ufcstats.com/fighter-details/31a13532e724ca2b,
Rafael Rebello,1980-10-16,165.1,170.2,Orthodox,,,,,,,,ufcstats,http://ufcstats.com/fighter-details/972197a8c61ac413,
Mateusz Rebecki,1992-10-03,170.2,167.6,Southpaw,,,,,,,,ufcstats,http://ufcstats.com/fighter-details/849c5d9979df5357,
Abdul Razak Alhassan,1985-08-11,177.8,185.4,Orthodox,,,,,,,,ufcstats,http://ufcstats.com/fighter-details/eae431e70064e046,
Antony Rea,1976-07-15,182.9,,Orthodox,,,,,,,,ufcstats,http://ufcstats.com/fighter-details/c36e1f4fa755ffb4,
Dennis Reed,1969-09-11,,,Orthodox,,,,,,,,ufcstats,http://ufcstats.com/fighter-details/4a35913bd9aa4161,
Raou Raou,,172.7,,Orthodox,,,,,,,,ufcstats,http://ufcstats.com/fighter-details/ed069a95aaaf4f56,
Paul Redmond,1986-10-20,177.8,,Orthodox,,,,,,,,ufcstats,http://ufcstats.com/fighter-details/3f56b99447f00607,
Ed Ratcliff,1983-03-05,177.8,180.3,Orthodox,,,,,,,,ufcstats,http://ufcstats.com/fighter-details/8c90c1563972e44d,
Greg Rebello,1982-06-13,182.9,185.4,Southpaw,,,,,,,,ufcstats,http://ufcstats.com/fighter-details/49d78120e0a4f607,
Regezhen,2001-02-28,172.7,175.3,Orthodox,,,,,,,,ufcstats,http://ufcstats.com/fighter-details/be5fd2ae27d20842,
Stephen Regman,1991-08-05,180.3,193.0,Orthodox,,,,,,,,ufcstats,http://ufcstats.com/fighter-details/24d98df7556ac8af,
Chad Reiner,1981-06-29,180.3,,Orthodox,,,,,,,,ufcstats,http://ufcstats.com/fighter-details/d8022d5526b1d937,
Jason Reinhardt,1969-10-31,167.6,,Orthodox,,,,,,,,ufcstats,http://ufcstats.com/fighter-details/02500fb9fd79a974,
Wilson Reis,1985-01-06,162.6,165.1,Southpaw,,,,,,,,ufcstats,http://ufcstats.com/fighter-details/5aedf14771ca82d2,
Zach Reese,1994-03-24,193.0,195.6,Switch,,,,,,,,ufcstats,http://ufcstats.com/fighter-details/23dec7c47cb418f8,
Elise Reed,1992-12-05,160.0,160.0,Orthodox,,,,,,,,ufcstats,http://ufcstats.com/fighter-details/ac7c765882f2c68c,
John Reedy,,172.7,,,,,,,,,,ufcstats,http://ufcstats.com/fighter-details/fb4ca5c7e4448645,
Karl Reed,1988-10-27,190.5,198.1,Orthodox,,,,,,,,ufcstats,http://ufcstats.com/fighter-details/11337d069261bf3a,
James Reese,1980-12-21,175.3,,,,,,,,,,ufcstats,http://ufcstats.com/fighter-details/e9ec08ebb3f92aa3,
Johnny Rees,1982-10-21,182.9,,Orthodox,,,,,,,,ufcstats,http://ufcstats.com/fighter-details/3ba3b5cc94498437,
Leigh Remedios,1976-01-13,170.2,,Orthodox,,,,,,,,ufcstats,http://ufcstats.com/fighter-details/918db42c3637916f,
Goran Reljic,1984-03-20,190.5,205.7,Southpaw,,,,,,,,ufcstats,http://ufcstats.com/fighter-details/132f860d02953f4c,
Javier Reyes,1993-10-13,170.2,185.4,Orthodox,,,,,,,,ufcstats,http://ufcstats.com/fighter-details/4a574b8512fc1b30,
Ben Reiter,1987-06-27,190.5,,,,,,,,,,ufcstats,http://ufcstats.com/fighter-details/ee7b7768a4e6dc45,
John Renken,1972-12-31,182.9,,Orthodox,,,,,,,,ufcstats,http://ufcstats.com/fighter-details/1507214bbc7a79e2,
Solomon Renfro,1997-02-05,175.3,182.9,Switch,,,,,,,,ufcstats,http://ufcstats.com/fighter-details/ce6b5b93a96dd15b,
Herman Renting,1968-12-31,182.9,,Switch,,,,,,,,ufcstats,http://ufcstats.com/fighter-details/f57cf3d54a641385,
Marco Polo Reyes,1984-11-07,180.3,180.3,Orthodox,,,,,,,,ufcstats,http://ufcstats.com/fighter-details/edd02825c29028fe,
Marion Reneau,1977-06-20,167.6,172.7,Orthodox,,,,,,,,ufcstats,http://ufcstats.com/fighter-details/c7d297714d9ab1a4,
Dominick Reyes,1989-12-26,193.0,195.6,Southpaw,,,,,,,,ufcstats,http://ufcstats.com/fighter-details/2e19380f34871c6a,
Paulo Renato Junior,1994-01-25,182.9,185.4,Orthodox,,,,,,,,ufcstats,http://ufcstats.com/fighter-details/01dfb60661153735,
Ren Yawei,1998-02-07,175.3,175.3,Orthodox,,,,,,,,ufcstats,http://ufcstats.com/fighter-details/b2d9758cdd124143,
Montse Rendon,1989-03-16,172.7,172.7,Orthodox,,,,,,,,ufcstats,http://ufcstats.com/fighter-details/60193e707634e560,
Chance Rencountre,1986-12-31,188.0,190.5,Southpaw,,,,,,,,ufcstats,http://ufcstats.com/fighter-details/1ddb480b601cefb1,
Gaston Reyno,1986-11-11,182.9,,,,,,,,,,ufcstats,http://ufcstats.com/fighter-details/64db35f7782fe274,
Camila Reynoso,2003-08-28,,,,,,,,,,,ufcstats,http://ufcstats.com/fighter-details/7631e2ba8e1ab9a5,
Victor Reyna,1986-08-05,180.3,188.0,Southpaw,,,,,,,,ufcstats,http://ufcstats.com/fighter-details/e9bbcc6530e4cbe6,
Lucrezia Ria,1992-06-24,167.6,,Orthodox,,,,,,,,ufcstats,http://ufcstats.com/fighter-details/042cc07ad5a53a33,
Will Ribeiro,1983-02-17,172.7,,Orthodox,,,,,,,,ufcstats,http://ufcstats.com/fighter-details/8f4616698508f24d,
Alex Reyes,1986-10-02,180.3,185.4,Orthodox,,,,,,,,ufcstats,http://ufcstats.com/fighter-details/dc07493a87dc0a6e,
Kyle Reyes,,172.7,,,,,,,,,,ufcstats,http://ufcstats.com/fighter-details/7333d6e0f6428acb,
Claudio Ribeiro,1992-07-17,185.4,195.6,Orthodox,,,,,,,,ufcstats,http://ufcstats.com/fighter-details/972c456ff38b2015,
Vitor Ribeiro,1979-02-24,172.7,,Orthodox,,,,,,,,ufcstats,http://ufcstats.com/fighter-details/a757c06bbdba61d2,
Brendson Ribeiro,1996-09-08,190.5,205.7,Orthodox,,,,,,,,ufcstats,http://ufcstats.com/fighter-details/49edd0d90f60fb7d,
Amanda Ribas,1993-08-26,162.6,167.6,Orthodox,,,,,,,,ufcstats,http://ufcstats.com/fighter-details/beecb672a279223e,
Johnny Rhodes,,182.9,,Orthodox,,,,,,,,ufcstats,http://ufcstats.com/fighter-details/319fa1bd3176bded,
Mike Rhodes,1989-12-04,185.4,188.0,Orthodox,,,,,,,,ufcstats,http://ufcstats.com/fighter-details/b7ad576b8ae115e6,
Esteban Ribovics,1996-04-27,177.8,175.3,Orthodox,,,,,,,,ufcstats,http://ufcstats.com/fighter-details/323d4ca260dfa0ba,
Mike Ricci,1986-03-18,182.9,193.0,Southpaw,,,,,,,,ufcstats,http://ufcstats.com/fighter-details/3c921b1a30fdcbdd,
Alex Ricci,1982-07-21,180.3,,Orthodox,,,,,,,,ufcstats,http://ufcstats.com/fighter-details/bf9bc96336922271,
John Richard,1982-05-22,,,,,,,,,,,ufcstats,http://ufcstats.com/fighter-details/b3e5a460b6851080,
Rex Richards,1980-10-17,195.6,,,,,,,,,,ufcstats,http://ufcstats.com/fighter-details/ad23903ef3af7406,
Dave Rickels,1989-01-05,180.3,,,,,,,,,,ufcstats,http://ufcstats.com/fighter-details/98b76850b5f1e836,
Mike Richman,1985-06-23,172.7,,,,,,,,,,ufcstats,http://ufcstats.com/fighter-details/d6a740cf6e898e27,
Tabatha Ricci,1995-02-21,154.9,154.9,Orthodox,,,,,,,,ufcstats,http://ufcstats.com/fighter-details/d25240135aee03e5,
Haisam Rida,1993-07-25,,,,,,,,,,,ufcstats,http://ufcstats.com/fighter-details/d8a58e797518f011,
Matt Ricehouse,1987-03-11,,,,,,,,,,,ufcstats,http://ufcstats.com/fighter-details/343d57cde1a14338,
Jeremiah Riggs,1982-12-17,182.9,,,,,,,,,,ufcstats,http://ufcstats.com/fighter-details/f1a9ad7485e5024a,
Brad Riddell,1991-09-30,170.2,180.3,Orthodox,,,,,,,,ufcstats,http://ufcstats.com/fighter-details/37ed1ab2f8b819f4,
Matthew Riddle,1986-01-14,185.4,193.0,Southpaw,,,,,,,,ufcstats,http://ufcstats.com/fighter-details/d023ae89a2a4a41e,
Joe Riggs,1982-09-23,182.9,177.8,Southpaw,,,,,,,,ufcstats,http://ufcstats.com/fighter-details/d512d9f204059f57,
Albert Rios,,172.7,,,,,,,,,,ufcstats,http://ufcstats.com/fighter-details/868a78f2e810a837,
Robbie Ring,2000-07-14,175.3,172.7,Orthodox,,,,,,,,ufcstats,http://ufcstats.com/fighter-details/fa9746fa5d23c202,
Mike Rio,1981-07-06,177.8,177.8,Orthodox,,,,,,,,ufcstats,http://ufcstats.com/fighter-details/af90b10c785ced3e,
Jordan Rinaldi,1987-09-25,177.8,182.9,Orthodox,,,,,,,,ufcstats,http://ufcstats.com/fighter-details/c07efc18b231f170,
Nick Ring,1979-02-10,182.9,188.0,Southpaw,,,,,,,,ufcstats,http://ufcstats.com/fighter-details/b13da0b1a3aed3e7,
Aaron Riley,1980-12-09,172.7,175.3,Southpaw,,,,,,,,ufcstats,http://ufcstats.com/fighter-details/f2c8ebbeafd45f2b,
Jason Riley,1975-09-22,198.1,,,,,,,,,,ufcstats,http://ufcstats.com/fighter-details/995af04c697d78b7,
Luke Riley,1999-06-30,175.3,175.3,Orthodox,,,,,,,,ufcstats,http://ufcstats.com/fighter-details/b1de86d835638319,
Moise Rimbon,1977-04-20,177.8,,Orthodox,,,,,,,,ufcstats,http://ufcstats.com/fighter-details/9be3728f3f7badb2,
Maria Rios,1983-05-31,165.1,,,,,,,,,,ufcstats,http://ufcstats.com/fighter-details/9ec12134b1515f12,
Rafael Rios,,,,,,,,,,,,ufcstats,http://ufcstats.com/fighter-details/2f5754b48eab1486,
Jonathan Rivera,,,,,,,,,,,,ufcstats,http://ufcstats.com/fighter-details/145df84ea4dfd904,
Mario Rivera,,177.8,,,,,,,,,,ufcstats,http://ufcstats.com/fighter-details/0f7210aa8d61af8d,
Francisco Rivera,1981-10-08,172.7,177.8,Orthodox,,,,,,,,ufcstats,http://ufcstats.com/fighter-details/7ea4a9f07df33a45,
Jimmie Rivera,1989-06-29,162.6,172.7,Orthodox,,,,,,,,ufcstats,http://ufcstats.com/fighter-details/9c907996820d2d69,
Irwin Rivera,1989-02-14,167.6,170.2,Southpaw,,,,,,,,ufcstats,http://ufcstats.com/fighter-details/06a80a685ea98573,
Jerome Rivera,1995-04-22,177.8,182.9,Southpaw,,,,,,,,ufcstats,http://ufcstats.com/fighter-details/c9587d81e1d33925,
Nicdali Rivera-Calanoc,1985-06-12,160.0,,,,,,,,,,ufcstats,http://ufcstats.com/fighter-details/60917f79b7271d83,
Shannon Ritch,1970-09-27,175.3,,Orthodox,,,,,,,,ufcstats,http://ufcstats.com/fighter-details/1c7cce2f5c17160d,
Dante Rivera,1974-12-08,185.4,,Southpaw,,,,,,,,ufcstats,http://ufcstats.com/fighter-details/288aaa8f82040e02,
Diego Rivas,1991-11-11,172.7,175.3,Orthodox,,,,,,,,ufcstats,http://ufcstats.com/fighter-details/09f579be4520394a,
Jorge Rivera,1972-02-28,185.4,185.4,Orthodox,,,,,,,,ufcstats,http://ufcstats.com/fighter-details/cb46dface0e28a2c,
Kali Robbins,1984-07-05,160.0,160.0,Orthodox,,,,,,,,ufcstats,http://ufcstats.com/fighter-details/610caee730f9b89e,
Theo Rlayang,1994-08-10,170.2,165.1,Orthodox,,,,,,,,ufcstats,http://ufcstats.com/fighter-details/8aabef76351401d0,
Patrick Rivera,1992-02-24,,,,,,,,,,,ufcstats,http://ufcstats.com/fighter-details/73ab2872b8633322,
Pedro Rizzo,1974-05-03,185.4,,Orthodox,,,,,,,,ufcstats,http://ufcstats.com/fighter-details/b44f39a5c6596953,
Joey Roberts,1977-11-11,188.0,,,,,,,,,,ufcstats,http://ufcstats.com/fighter-details/c058823a2595ab09,
Justin Robbins,1980-07-29,165.1,,,,,,,,,,ufcstats,http://ufcstats.com/fighter-details/3b2485c8d5c8b580,
Tyrone Roberts,1972-07-14,175.3,,Orthodox,,,,,,,,ufcstats,http://ufcstats.com/fighter-details/d1e6a6536ee62517,
Ryan Roberts,1978-07-16,167.6,,Orthodox,,,,,,,,ufcstats,http://ufcstats.com/fighter-details/35dc6220b113b7ec,
Buddy Roberts,1982-10-17,188.0,,Orthodox,,,,,,,,ufcstats,http://ufcstats.com/fighter-details/b2a2da86546ddb19,
Daniel Roberts,1980-08-05,177.8,188.0,Southpaw,,,,,,,,ufcstats,http://ufcstats.com/fighter-details/22edaf53ad59a967,
David Roberts,1975-11-15,185.4,,Orthodox,,,,,,,,ufcstats,http://ufcstats.com/fighter-details/775bad6d700d2302,
Andre Roberts,1965-02-24,188.0,,Orthodox,,,,,,,,ufcstats,http://ufcstats.com/fighter-details/a54a35a670d8e852,
Karl Roberson,1990-10-04,185.4,188.0,Southpaw,,,,,,,,ufcstats,http://ufcstats.com/fighter-details/37d5b176d438d2a5,
Danny Roberts,1987-07-14,185.4,188.0,Southpaw,,,,,,,,ufcstats,http://ufcstats.com/fighter-details/a6cba6bb66c1a8c9,
Taylor Roberts,,180.3,,,,,,,,,,ufcstats,http://ufcstats.com/fighter-details/c5ec23983dc2d8f4,
Kenny Robertson,1984-02-14,177.8,188.0,Orthodox,,,,,,,,ufcstats,http://ufcstats.com/fighter-details/6e0273f9478be71e,
Roosevelt Roberts,1994-02-11,188.0,185.4,Orthodox,,,,,,,,ufcstats,http://ufcstats.com/fighter-details/37c5366d18ed6c05,
Chad Robichaux,1975-08-18,162.6,,,,,,,,,,ufcstats,http://ufcstats.com/fighter-details/b2aa1e07b5b3306e,
Damonte Robinson,1995-06-10,182.9,195.6,,,,,,,,,ufcstats,http://ufcstats.com/fighter-details/2782235b078b72a7,
Colin Robinson,1968-11-27,193.0,,Orthodox,,,,,,,,ufcstats,http://ufcstats.com/fighter-details/1a1a4d7a29041d77,
Alvin Robinson,1982-07-16,175.3,172.7,Southpaw,,,,,,,,ufcstats,http://ufcstats.com/fighter-details/cbe79765d44bd172,
Mark Robinson,,182.9,,Orthodox,,,,,,,,ufcstats,http://ufcstats.com/fighter-details/4604ab1de9058474,
Gillian Robertson,1995-05-17,165.1,160.0,Orthodox,,,,,,,,ufcstats,http://ufcstats.com/fighter-details/38c7f72747f4f712,
Carlos Eduardo Rocha,1981-07-12,177.8,185.4,Orthodox,,,,,,,,ufcstats,http://ufcstats.com/fighter-details/4f736494fc733095,
Pedro Rocha,,,,,,,,,,,,ufcstats,http://ufcstats.com/fighter-details/5921fd3f889afa3b,
Lucas Rocha,2000-08-12,160.0,162.6,Orthodox,,,,,,,,ufcstats,http://ufcstats.com/fighter-details/e0d3d9b564f95635,
Vagner Rocha,1982-06-06,177.8,185.4,Orthodox,,,,,,,,ufcstats,http://ufcstats.com/fighter-details/d403b1a6f278c95e,
Shem Rock,1993-11-05,180.3,185.4,Southpaw,,,,,,,,ufcstats,http://ufcstats.com/fighter-details/52b6bf4528130e86,
Keith Rockel,1965-08-28,182.9,,Orthodox,,,,,,,,ufcstats,http://ufcstats.com/fighter-details/c75b99887c8c3f5a,
Paul Rodriguez,1975-05-18,170.2,,Orthodox,,,,,,,,ufcstats,http://ufcstats.com/fighter-details/26eddcda9d6b2ffe,
Levi Rodrigues Jr.,1996-10-15,182.9,193.0,Orthodox,,,,,,,,ufcstats,http://ufcstats.com/fighter-details/9ac4e43ed56429ed,
Gregory Rodrigues,1992-02-17,190.5,190.5,Orthodox,,,,,,,,ufcstats,http://ufcstats.com/fighter-details/d1c65d2cf2925ddd,
Ricco Rodriguez,1977-08-19,193.0,,Orthodox,,,,,,,,ufcstats,http://ufcstats.com/fighter-details/50cc91ce2982785d,
Manuel Rodriguez,1985-04-25,175.3,,Orthodox,,,,,,,,ufcstats,http://ufcstats.com/fighter-details/5a6e4d2f0c76a242,
Kevin Roddy,,180.3,,,,,,,,,,ufcstats,http://ufcstats.com/fighter-details/1abf785143f8d5ec,
Douglas Henry Rodrigues,1999-01-13,,,,,,,,,,,ufcstats,http://ufcstats.com/fighter-details/19388069e19ec6b9,
Modestino Rodrigues,2003-10-09,,,,,,,,,,,ufcstats,http://ufcstats.com/fighter-details/48e43b65f7838878,
Kleydson Rodrigues,1995-10-22,165.1,170.2,Orthodox,,,,,,,,ufcstats,http://ufcstats.com/fighter-details/102a8fdf8cbf7467,
Luke Rockhold,1984-10-17,190.5,195.6,Southpaw,,,,,,,,ufcstats,http://ufcstats.com/fighter-details/00e11b5c8b7bfeeb,
Mike Rodriguez,1988-11-28,193.0,208.3,Southpaw,,,,,,,,ufcstats,http://ufcstats.com/fighter-details/18b602842a24f7c5,
Daniel Rodriguez,1986-12-31,185.4,188.0,Southpaw,,,,,,,,ufcstats,http://ufcstats.com/fighter-details/8a1f3b5c526cd6e6,
Drako Rodriguez,1996-06-16,172.7,175.3,Orthodox,,,,,,,,ufcstats,http://ufcstats.com/fighter-details/dc3b9cf7641b7ab6,
Ronaldo Rodriguez,1999-05-07,167.6,165.1,Orthodox,,,,,,,,ufcstats,http://ufcstats.com/fighter-details/f2900678e98f6d6a,
Ray Rodriguez,1987-12-10,170.2,177.8,Orthodox,,,,,,,,ufcstats,http://ufcstats.com/fighter-details/90e0985df05e51bc,
Yair Rodriguez,1992-10-06,180.3,180.3,Orthodox,,,,,,,,ufcstats,http://ufcstats.com/fighter-details/cbf5e6f231b55443,
Marina Rodriguez,1987-04-29,167.6,165.1,Orthodox,,,,,,,,ufcstats,http://ufcstats.com/fighter-details/cd2c4d30c6e13b47,
Christian Rodriguez,1997-12-17,170.2,180.3,Orthodox,,,,,,,,ufcstats,http://ufcstats.com/fighter-details/5ec591b78349ba7e,
Piera Rodriguez,1992-11-11,160.0,160.0,Orthodox,,,,,,,,ufcstats,http://ufcstats.com/fighter-details/e375cb5caf4717b6,
Victor Rodriguez,1992-09-05,165.1,170.2,Switch,,,,,,,,ufcstats,http://ufcstats.com/fighter-details/f6e5972c9d16c40e,
Pete Rogers Jr.,,182.9,,,,,,,,,,ufcstats,http://ufcstats.com/fighter-details/36f3d235493d35ad,
Brian Rogers,1984-02-15,180.3,,,,,,,,,,ufcstats,http://ufcstats.com/fighter-details/f304aff405c4a8fa,
Imanol Rodriguez,1999-11-15,162.6,162.6,Orthodox,,,,,,,,ufcstats,http://ufcstats.com/fighter-details/6e8349a0a0476d60,
Nick Roehrick,1987-07-06,188.0,,Orthodox,,,,,,,,ufcstats,http://ufcstats.com/fighter-details/7195e2a932686f82,
Pete Rodriguez,1996-11-13,175.3,180.3,Switch,,,,,,,,ufcstats,http://ufcstats.com/fighter-details/776d4262c4da38bf,
Brett Rogers,1981-02-17,195.6,205.7,Orthodox,,,,,,,,ufcstats,http://ufcstats.com/fighter-details/9141bb39310773c7,
Yoel Romero,1977-04-30,182.9,185.4,Southpaw,,,,,,,,ufcstats,http://ufcstats.com/fighter-details/f77c68bb4be8516d,
Marcos Rogerio de Lima,1985-06-25,185.4,190.5,Orthodox,,,,,,,,ufcstats,http://ufcstats.com/fighter-details/ab943cd2c3c17825,
Jared Rollins,1977-01-26,175.3,,Orthodox,,,,,,,,ufcstats,http://ufcstats.com/fighter-details/c4b6099f0d25f75e,
Kaleio Romero,1996-04-19,177.8,175.3,Switch,,,,,,,,ufcstats,http://ufcstats.com/fighter-details/33df417d0017eb0c,
Max Rohskopf,1994-09-27,185.4,180.3,Orthodox,,,,,,,,ufcstats,http://ufcstats.com/fighter-details/59a27d2e6d0802ac,
Ricardo Romero,1978-04-15,182.9,193.0,Orthodox,,,,,,,,ufcstats,http://ufcstats.com/fighter-details/744e098e065cfdbe,
Marcelo Rojo,1988-07-02,172.7,180.3,Orthodox,,,,,,,,ufcstats,http://ufcstats.com/fighter-details/2804ce8dadab5770,
Roberto Romero,2000-01-30,172.7,177.8,Orthodox,,,,,,,,ufcstats,http://ufcstats.com/fighter-details/15ea371202eb25e1,
Tim Roman,1985-06-08,185.4,,,,,,,,,,ufcstats,http://ufcstats.com/fighter-details/3b83fec860a45ca1,
Alexandr Romanov,1990-12-11,188.0,190.5,Southpaw,,,,,,,,ufcstats,http://ufcstats.com/fighter-details/c0badf3243907e59,
Shane Roller,1979-07-14,177.8,182.9,Orthodox,,,,,,,,ufcstats,http://ufcstats.com/fighter-details/75e0d3cc2262b732,
Joao Roque,1971-07-22,167.6,,Orthodox,,,,,,,,ufcstats,http://ufcstats.com/fighter-details/0f6528b461e47462,
Juancamilo Ronderos,1995-02-17,160.0,162.6,Southpaw,,,,,,,,ufcstats,http://ufcstats.com/fighter-details/4a043165cf47cab2,
Cortavious Romious,1994-01-06,162.6,172.7,Southpaw,,,,,,,,ufcstats,http://ufcstats.com/fighter-details/8173f134396cb971,
Jesse Ronson,1985-12-24,177.8,177.8,Southpaw,,,,,,,,ufcstats,http://ufcstats.com/fighter-details/5580771f383e141f,
Rongzhu,2000-03-07,175.3,177.8,Orthodox,,,,,,,,ufcstats,http://ufcstats.com/fighter-details/a13d755965a4ec9f,
Mara Romero Borella,1986-06-03,167.6,175.3,Orthodox,,,,,,,,ufcstats,http://ufcstats.com/fighter-details/82cbb809d5ee565c,
George Roop,1981-11-10,185.4,182.9,Orthodox,,,,,,,,ufcstats,http://ufcstats.com/fighter-details/3c0437fbeda06962,
Anthony Romero,1997-02-25,180.3,177.8,Orthodox,,,,,,,,ufcstats,http://ufcstats.com/fighter-details/6f81399074fcdbba,
Aaron Rosa,1983-05-28,193.0,195.6,Orthodox,,,,,,,,ufcstats,http://ufcstats.com/fighter-details/11f8860028b68fcf,
Karol Rosa,1994-12-30,165.1,170.2,Orthodox,,,,,,,,ufcstats,http://ufcstats.com/fighter-details/351c4ec637380ad5,
Charles Rosa,1986-08-24,175.3,175.3,Switch,,,,,,,,ufcstats,http://ufcstats.com/fighter-details/40093d1d2d78394e,
Jacob Rosales,1995-07-28,180.3,188.0,Orthodox,,,,,,,,ufcstats,http://ufcstats.com/fighter-details/f7faf5b19e0dec2e,
Jessie Rosas,2002-12-04,170.2,172.7,Southpaw,,,,,,,,ufcstats,http://ufcstats.com/fighter-details/d1026588fa65693f,
Hilarie Rose,1992-11-11,160.0,160.0,Orthodox,,,,,,,,ufcstats,http://ufcstats.com/fighter-details/b9163ec845c3bfc8,
Jake Rosholt,1982-02-09,185.4,,Orthodox,,,,,,,,ufcstats,http://ufcstats.com/fighter-details/4f2fcbefb668689d,
Jared Rosholt,1986-08-04,188.0,190.5,Orthodox,,,,,,,,ufcstats,http://ufcstats.com/fighter-details/91ea901c458e95dd,
Zach Rosol,,,,,,,,,,,,ufcstats,http://ufcstats.com/fighter-details/208b6926916867c7,
Nick Rossborough,1981-11-18,195.6,,,,,,,,,,ufcstats,http://ufcstats.com/fighter-details/ff3a915256b899c0,
Kevin Rosier,,193.0,,Orthodox,,,,,,,,ufcstats,http://ufcstats.com/fighter-details/598a58db87b890ee,
Shannon Ross,1989-05-12,167.6,167.6,Switch,,,,,,,,ufcstats,http://ufcstats.com/fighter-details/51c655162e462ceb,
Raul Rosas Jr.,2004-10-08,175.3,170.2,Switch,,,,,,,,ufcstats,http://ufcstats.com/fighter-details/fe2babf95de24fb1,
Kristian Rothaermel,1972-01-31,182.9,,Open Stance,,,,,,,,ufcstats,http://ufcstats.com/fighter-details/af49a6c491ca22a3,
Rick Roufus,1966-06-03,182.9,,Southpaw,,,,,,,,ufcstats,http://ufcstats.com/fighter-details/872b018076f831b0,
Kain Royer,,,,,,,,,,,,ufcstats,http://ufcstats.com/fighter-details/712aa894b3a344df,
Ronda Rousey,1987-02-01,170.2,167.6,Orthodox,,,,,,,,ufcstats,http://ufcstats.com/fighter-details/8bdac25ce0bb874d,
Ben Rothwell,1981-10-17,193.0,198.1,Orthodox,,,,,,,,ufcstats,http://ufcstats.com/fighter-details/bd58d34e39b7b12a,
Brad Royster,,,,,,,,,,,,ufcstats,http://ufcstats.com/fighter-details/09f8c233de88998d,
Khalil Rountree Jr.,1990-02-26,185.4,193.0,Southpaw,,,,,,,,ufcstats,http://ufcstats.com/fighter-details/749f572d1d3161fb,
Brandon Royval,1992-08-16,175.3,172.7,Southpaw,,,,,,,,ufcstats,http://ufcstats.com/fighter-details/6e15f63b6c2e2c15,
Roberta Rovel,,172.7,,,,,,,,,,ufcstats,http://ufcstats.com/fighter-details/9d7fbf438766791f,
Ray Routh,,172.7,,Orthodox,,,,,,,,ufcstats,http://ufcstats.com/fighter-details/cba3a2dfbc06ce79,
Cam Rowston,1995-01-19,190.5,198.1,Orthodox,,,,,,,,ufcstats,http://ufcstats.com/fighter-details/8ebc3a8da015d70c,
Phil Rowe,1990-07-18,190.5,203.2,Orthodox,,,,,,,,ufcstats,http://ufcstats.com/fighter-details/8e382b585a92affe,
Jairzinho Rozenstruik,1988-03-17,188.0,198.1,Orthodox,,,,,,,,ufcstats,http://ufcstats.com/fighter-details/2cd428e9606856fd,
Rodrigo Ruas,1977-10-06,177.8,,Orthodox,,,,,,,,ufcstats,http://ufcstats.com/fighter-details/94070f6544c4b2a5,
Robert Ruchala,1998-05-15,172.7,182.9,Switch,,,,,,,,ufcstats,http://ufcstats.com/fighter-details/92aed9d16794f42b,
Marco Ruas,1961-01-23,185.4,,Orthodox,,,,,,,,ufcstats,http://ufcstats.com/fighter-details/597db668b01c442c,
Murilo Rua,1980-05-22,180.3,,Orthodox,,,,,,,,ufcstats,http://ufcstats.com/fighter-details/90e7447d8b7f3f35,
Mauricio Rua,1981-11-25,185.4,193.0,Orthodox,,,,,,,,ufcstats,http://ufcstats.com/fighter-details/140745cbbcb023ac,
Gabe Ruediger,1977-08-29,177.8,,Orthodox,,,,,,,,ufcstats,http://ufcstats.com/fighter-details/ccba80d4820ef557,
Rodolfo Rubio Perez,1987-01-29,165.1,,Orthodox,,,,,,,,ufcstats,http://ufcstats.com/fighter-details/c4731f43693b96b8,
Mauricio Ruffy,1996-06-17,180.3,190.5,Orthodox,,,,,,,,ufcstats,http://ufcstats.com/fighter-details/9c393e836a852f30,
Paul Ruiz,1987-06-23,167.6,,,,,,,,,,ufcstats,http://ufcstats.com/fighter-details/babc0b19e89cec6e,
Eddie Ruiz,1967-06-10,170.2,,Orthodox,,,,,,,,ufcstats,http://ufcstats.com/fighter-details/7b9aa973e5c04624,
Anthony Ruiz,1977-11-03,188.0,,Orthodox,,,,,,,,ufcstats,http://ufcstats.com/fighter-details/657c21cb133f1445,
Mike Russow,1976-09-11,185.4,185.4,Orthodox,,,,,,,,ufcstats,http://ufcstats.com/fighter-details/353de740bb6c7e75,
Montserrat Conejo Ruiz,1993-02-03,152.4,154.9,Southpaw,,,,,,,,ufcstats,http://ufcstats.com/fighter-details/1235b31de15d0c6e,
Bas Rutten,1965-02-24,185.4,,Orthodox,,,,,,,,ufcstats,http://ufcstats.com/fighter-details/03688dc3c3af3ac1,
Casey Ryan,1987-06-27,,,,,,,,,,,ufcstats,http://ufcstats.com/fighter-details/5b1b383265433f51,
Takeru Uchida,2002-09-30,170.2,172.7,Southpaw,,,,,,,,ufcstats,http://ufcstats.com/fighter-details/1d76f07ffdd765c2,
Alberto Uda,1984-08-08,190.5,,Orthodox,,,,,,,,ufcstats,http://ufcstats.com/fighter-details/8f2deefe8c5dfb5d,
Ryuki Ueyama,1976-04-17,180.3,,Southpaw,,,,,,,,ufcstats,http://ufcstats.com/fighter-details/bcd124bcd3d5be46,
Andy Uhrich,,182.9,,,,,,,,,,ufcstats,http://ufcstats.com/fighter-details/4a1a492f299581d9,
Christian Uflacker,1985-08-04,180.3,,,,,,,,,,ufcstats,http://ufcstats.com/fighter-details/10ccf4ec9913cadc,
Tagir Ulanbekov,1991-08-07,170.2,177.8,Southpaw,,,,,,,,ufcstats,http://ufcstats.com/fighter-details/f00ac08ab056af5d,
Damian Rzepecki,2001-11-23,177.8,180.3,Orthodox,,,,,,,,ufcstats,http://ufcstats.com/fighter-details/99223fbb4a05326b,
Mashrabjon Ruzibaev,1996-02-16,172.7,170.2,Orthodox,,,,,,,,ufcstats,http://ufcstats.com/fighter-details/e5a898f2a1afec67,
Raphael Uchegbu,1995-08-16,175.3,185.4,Orthodox,,,,,,,,ufcstats,http://ufcstats.com/fighter-details/cb680d85b84cbfd9,
Nursulton Ruziboev,1993-11-19,195.6,193.0,Orthodox,,,,,,,,ufcstats,http://ufcstats.com/fighter-details/49d2a08964c5eb11,
Carlos Ulberg,1990-11-07,193.0,195.6,Orthodox,,,,,,,,ufcstats,http://ufcstats.com/fighter-details/9014c02eff8b3d62,
Zach Underwood,,188.0,,,,,,,,,,ufcstats,http://ufcstats.com/fighter-details/1e310618d02ff93b,
Gasan Umalatov,1982-09-11,180.3,180.3,Orthodox,,,,,,,,ufcstats,http://ufcstats.com/fighter-details/7a39bbac8cc0fa70,
Hector Urbina,1987-09-17,180.3,185.4,Orthodox,,,,,,,,ufcstats,http://ufcstats.com/fighter-details/4b8fb0453a596b8e,
Nick Urso,1985-09-26,167.6,167.6,Southpaw,,,,,,,,ufcstats,http://ufcstats.com/fighter-details/e78c4c3d329c531b,
Gilbert Urbina,1996-04-05,190.5,190.5,Orthodox,,,,,,,,ufcstats,http://ufcstats.com/fighter-details/b12fb759e02378de,
Jeremy Umphries,,,,,,,,,,,,ufcstats,http://ufcstats.com/fighter-details/4793a2d90f5ab8ae,
Logan Urban,1994-04-22,182.9,182.9,Orthodox,,,,,,,,ufcstats,http://ufcstats.com/fighter-details/5e23f30e9c6ed74e,
Caol Uno,1975-05-08,170.2,177.8,Southpaw,,,,,,,,ufcstats,http://ufcstats.com/fighter-details/eb1723480fa2f96c,
Elias Urbina,1993-10-09,190.5,195.6,Southpaw,,,,,,,,ufcstats,http://ufcstats.com/fighter-details/47fcdcaccb58ca80,
Kengo Ura,1981-06-20,175.3,,,,,,,,,,ufcstats,http://ufcstats.com/fighter-details/58258914525740a5,
Sho Patrick Usami,2000-05-08,175.3,177.8,Orthodox,,,,,,,,ufcstats,http://ufcstats.com/fighter-details/fe30c5f5cc3e028b,
Yasuhiro Urushitani,1976-09-08,165.1,,Southpaw,,,,,,,,ufcstats,http://ufcstats.com/fighter-details/c34e5849184b08c3,
Guilherme Uriel,1997-02-18,185.4,188.0,Orthodox,,,,,,,,ufcstats,http://ufcstats.com/fighter-details/4252b09f0c8c4472,
Mohammed Usman,1989-04-01,188.0,200.7,Orthodox,,,,,,,,ufcstats,http://ufcstats.com/fighter-details/da7f113b5ea39c43,
Kamaru Usman,1987-05-11,182.9,193.0,Switch,,,,,,,,ufcstats,http://ufcstats.com/fighter-details/f1b2aa7853d1ed6e,
Rashid Vagabov,1998-06-27,170.2,160.0,Orthodox,,,,,,,,ufcstats,http://ufcstats.com/fighter-details/0d1190beced94f7c,
Darren Uyenoyama,1979-10-15,167.6,165.1,Orthodox,,,,,,,,ufcstats,http://ufcstats.com/fighter-details/6546af7ab545b90c,
Richie Vaculik,1983-06-19,167.6,175.3,Orthodox,,,,,,,,ufcstats,http://ufcstats.com/fighter-details/54578e5927adea53,
Abubakar Vagaev,1993-04-14,180.3,185.4,Orthodox,,,,,,,,ufcstats,http://ufcstats.com/fighter-details/f7adc1fd115f8fdd,
Artem Vakhitov,1991-04-04,185.4,190.5,Orthodox,,,,,,,,ufcstats,http://ufcstats.com/fighter-details/43e549b803ec7375,
Egidijus Valavicius,1978-12-23,182.9,,Orthodox,,,,,,,,ufcstats,http://ufcstats.com/fighter-details/fc1868f56d3036eb,
Genaro Valdez,1992-01-16,175.3,182.9,Orthodox,,,,,,,,ufcstats,http://ufcstats.com/fighter-details/cda1099995b46cc2,
Robert Valentin,1995-03-31,188.0,195.6,Orthodox,,,,,,,,ufcstats,http://ufcstats.com/fighter-details/0cd0456d6029cec2,
Charlie Valencia,1974-10-31,160.0,162.6,Orthodox,,,,,,,,ufcstats,http://ufcstats.com/fighter-details/8a0be41c0380188d,
Ivan Valenzuela,1992-11-17,188.0,195.6,Orthodox,,,,,,,,ufcstats,http://ufcstats.com/fighter-details/45b82ebf0b9e0fd2,
Victor Valenzuela,,177.8,,,,,,,,,,ufcstats,http://ufcstats.com/fighter-details/de277a4abcfeea46,
Isaac Vallie-Flagg,1978-04-08,172.7,177.8,Orthodox,,,,,,,,ufcstats,http://ufcstats.com/fighter-details/c295de4e10acd4c9,
Andrew Valladerez,1987-06-28,,,,,,,,,,,ufcstats,http://ufcstats.com/fighter-details/2a898bf9fb7710b3,
Victor Valenzuela,1994-02-09,175.3,180.3,Orthodox,,,,,,,,ufcstats,http://ufcstats.com/fighter-details/078695e385ec2f57,
Ron van Clief,1943-01-25,177.8,,Orthodox,,,,,,,,ufcstats,http://ufcstats.com/fighter-details/23ab42947c1990e3,
Kevin Vallejos,2001-12-08,170.2,172.7,Switch,,,,,,,,ufcstats,http://ufcstats.com/fighter-details/239d8e5359022f3b,
Lloyd Van Dams,1972-03-05,185.4,,Southpaw,,,,,,,,ufcstats,http://ufcstats.com/fighter-details/02177caefe7c07d4,
Timur Valiev,1990-01-19,167.6,170.2,Orthodox,,,,,,,,ufcstats,http://ufcstats.com/fighter-details/45e738622ea2c02c,
Victor Valimaki,1981-12-17,182.9,,Orthodox,,,,,,,,ufcstats,http://ufcstats.com/fighter-details/663b76da637402c3,
Alain Van der Merckt,1993-06-11,,,,,,,,,,,ufcstats,http://ufcstats.com/fighter-details/f6bbc6ba4f06ad60,
Joshua Van,2001-10-10,165.1,165.1,Orthodox,,,,,,,,ufcstats,http://ufcstats.com/fighter-details/17e97649403ba428,
Matt Van Buren,1986-06-12,195.6,,,,,,,,,,ufcstats,http://ufcstats.com/fighter-details/7b39035fae7268b8,
Mike van Arsdale,1965-06-20,188.0,,Switch,,,,,,,,ufcstats,http://ufcstats.com/fighter-details/2ee09ec2a0695eb9,
Austin Vanderford,1990-03-21,180.3,188.0,Orthodox,,,,,,,,ufcstats,http://ufcstats.com/fighter-details/32c3ee378671a5d9,
Paul Varelans,1969-09-17,203.2,,Orthodox,,,,,,,,ufcstats,http://ufcstats.com/fighter-details/07a18ae55dfc3cd9,
Lando Vannata,1992-03-14,175.3,180.3,Orthodox,,,,,,,,ufcstats,http://ufcstats.com/fighter-details/f9b200db02b488d9,
Jared Vanderaa,1992-05-12,193.0,203.2,Orthodox,,,,,,,,ufcstats,http://ufcstats.com/fighter-details/2b68d9f125d07b42,
Cameron VanCamp,1993-04-27,188.0,188.0,Switch,,,,,,,,ufcstats,http://ufcstats.com/fighter-details/87e2468b986ebb79,
Chad Vance,,182.9,,Orthodox,,,,,,,,ufcstats,http://ufcstats.com/fighter-details/26d61e92a6069cd2,
Paige VanZant,1994-03-26,162.6,165.1,Orthodox,,,,,,,,ufcstats,http://ufcstats.com/fighter-details/4d5197f331c47290,
Kazula Vargas,1985-08-15,172.7,180.3,Southpaw,,,,,,,,ufcstats,http://ufcstats.com/fighter-details/ec18eb918121787c,
Guilherme Vasconcelos,1986-03-23,182.9,,Orthodox,,,,,,,,ufcstats,http://ufcstats.com/fighter-details/d6d5da3c209884bc,
Linton Vassell,1983-06-03,193.0,,,,,,,,,,ufcstats,http://ufcstats.com/fighter-details/a148dfe3485be79d,
Billy Vaughan,1983-12-02,167.6,,,,,,,,,,ufcstats,http://ufcstats.com/fighter-details/61428ed51f5ff465,
Jamie Varner,1984-10-12,172.7,180.3,Orthodox,,,,,,,,ufcstats,http://ufcstats.com/fighter-details/a54fc2d6fc224dc3,
Yuri Vaulin,1963-09-13,193.0,,Southpaw,,,,,,,,ufcstats,http://ufcstats.com/fighter-details/4679a38cced7c64a,
Gianni Vazquez,1994-07-17,170.2,180.3,Orthodox,,,,,,,,ufcstats,http://ufcstats.com/fighter-details/51ec9dc3b4964f19,
Manny Vazquez,1993-11-19,177.8,182.9,Orthodox,,,,,,,,ufcstats,http://ufcstats.com/fighter-details/8d4d25fd9218860b,
Javier Vazquez,1977-07-16,170.2,175.3,Southpaw,,,,,,,,ufcstats,http://ufcstats.com/fighter-details/be5cfd73617a5b1a,
Matt Veach,1981-05-31,180.3,,Orthodox,,,,,,,,ufcstats,http://ufcstats.com/fighter-details/5731cc327790b731,
Kelly Velasco,1995-05-21,175.3,,Orthodox,,,,,,,,ufcstats,http://ufcstats.com/fighter-details/93c9897f0f9f5dab,
Greg Velasco,1993-09-23,188.0,177.8,Southpaw,,,,,,,,ufcstats,http://ufcstats.com/fighter-details/34a81ebbce32b06b,
Joe Vedepo,1983-01-01,182.9,,Orthodox,,,,,,,,ufcstats,http://ufcstats.com/fighter-details/d35c3ed553b71fa2,
Cain Velasquez,1982-07-28,185.4,195.6,Orthodox,,,,,,,,ufcstats,http://ufcstats.com/fighter-details/0ff11cc094e887bc,
David Velasquez,1966-10-19,165.1,,Orthodox,,,,,,,,ufcstats,http://ufcstats.com/fighter-details/09c44b317c98bf96,
Karlos Vemola,1985-07-03,182.9,190.5,Orthodox,,,,,,,,ufcstats,http://ufcstats.com/fighter-details/d23ccf4a6c221284,
Bojan Velickovic,1988-12-18,182.9,193.0,Southpaw,,,,,,,,ufcstats,http://ufcstats.com/fighter-details/fcce75a25c14a804,
Scott Ventimiglia,1972-11-17,180.3,,,,,,,,,,ufcstats,http://ufcstats.com/fighter-details/6e62bb64f7cc5026,
Jerrel Venetiaan,1971-03-09,185.4,,Orthodox,,,,,,,,ufcstats,http://ufcstats.com/fighter-details/602bb270f2bdbf02,
Luigi Vendramini,1996-01-16,172.7,185.4,Orthodox,,,,,,,,ufcstats,http://ufcstats.com/fighter-details/2f1a257d6777096d,
Kerry Vera,,170.2,,Orthodox,,,,,,,,ufcstats,http://ufcstats.com/fighter-details/df0a1c1e11ad199b,
Brandon Vera,1977-10-10,190.5,198.1,Orthodox,,,,,,,,ufcstats,http://ufcstats.com/fighter-details/fa315e6c77eee106,
Carlos Vera,1987-11-05,167.6,175.3,Orthodox,,,,,,,,ufcstats,http://ufcstats.com/fighter-details/07f959e6596307bb,
Rodrigo Vera,1995-10-18,172.7,172.7,Orthodox,,,,,,,,ufcstats,http://ufcstats.com/fighter-details/2b266e623e20737a,
Marlon Vera,1992-12-02,172.7,177.8,Switch,,,,,,,,ufcstats,http://ufcstats.com/fighter-details/7c7332319c14094c,
Bryan Vetell,1977-07-26,190.5,,Southpaw,,,,,,,,ufcstats,http://ufcstats.com/fighter-details/13a0fb8fbdafb54f,
Guilherme Viana,,193.0,,,,,,,,,,ufcstats,http://ufcstats.com/fighter-details/393b8e03fb410a78,
Hugo Viana,1982-09-26,167.6,170.2,Orthodox,,,,,,,,ufcstats,http://ufcstats.com/fighter-details/f95381efb3051d81,
Renato Verissimo,1973-08-03,185.4,,Orthodox,,,,,,,,ufcstats,http://ufcstats.com/fighter-details/c24b1db4b809d41b,
Marvin Vettori,1993-09-20,182.9,188.0,Southpaw,,,,,,,,ufcstats,http://ufcstats.com/fighter-details/7acbb0972e75281a,
Isis Verbeek,1995-01-12,162.6,162.6,Orthodox,,,,,,,,ufcstats,http://ufcstats.com/fighter-details/d6f58b8cd1a6ff52,
Ernie Verdicia,,180.3,,Orthodox,,,,,,,,ufcstats,http://ufcstats.com/fighter-details/2b1587a3376ab743,
Nikolay Veretennikov,1989-12-22,185.4,188.0,Orthodox,,,,,,,,ufcstats,http://ufcstats.com/fighter-details/0f1efce7d2571d10,
Joe Veres,1977-11-09,170.2,,Orthodox,,,,,,,,ufcstats,http://ufcstats.com/fighter-details/c6d8ae3b016d5ad5,
CJ Vergara,1991-06-18,167.6,172.7,Orthodox,,,,,,,,ufcstats,http://ufcstats.com/fighter-details/077e3ace32b72be9,
Polyana Viana,1992-06-14,165.1,170.2,Orthodox,,,,,,,,ufcstats,http://ufcstats.com/fighter-details/9673a497a9da119a,
Vitor Vianna,1979-12-02,,,Orthodox,,,,,,,,ufcstats,http://ufcstats.com/fighter-details/744f50016c39c26c,
Reginaldo Vieira,1982-11-26,170.2,165.1,Orthodox,,,,,,,,ufcstats,http://ufcstats.com/fighter-details/f9081770e28ea2e1,
Freddy Vidal,1994-05-06,190.5,203.2,Orthodox,,,,,,,,ufcstats,http://ufcstats.com/fighter-details/024158997e7c5829,
Milton Vieira,1978-10-04,182.9,,Orthodox,,,,,,,,ufcstats,http://ufcstats.com/fighter-details/7cf20446453f852b,
Ketlen Vieira,1991-08-26,172.7,172.7,Orthodox,,,,,,,,ufcstats,http://ufcstats.com/fighter-details/b9706f80d005036c,
Alejandro Villalobos,1979-10-26,170.2,,,,,,,,,,ufcstats,http://ufcstats.com/fighter-details/2e88f2030d8a928a,
DeMarco Villalona,,175.3,,,,,,,,,,ufcstats,http://ufcstats.com/fighter-details/0275e33febc2818c,
Steve Vigneault,1978-02-14,177.8,,Orthodox,,,,,,,,ufcstats,http://ufcstats.com/fighter-details/6888e31ce88f5b17,
Rodolfo Vieira,1989-09-25,182.9,185.4,Orthodox,,,,,,,,ufcstats,http://ufcstats.com/fighter-details/260e9e0d4954aea6,
Tamires Vidal,1998-07-27,167.6,172.7,Orthodox,,,,,,,,ufcstats,http://ufcstats.com/fighter-details/4f3064faf17aa711,
James Vick,1987-02-23,190.5,193.0,Orthodox,,,,,,,,ufcstats,http://ufcstats.com/fighter-details/6256b2b1562cb8e1,
Ruben Villareal,1970-05-01,193.0,,Orthodox,,,,,,,,ufcstats,http://ufcstats.com/fighter-details/39f68882def7a507,
Armando Villarreal,1989-08-08,170.2,167.6,Southpaw,,,,,,,,ufcstats,http://ufcstats.com/fighter-details/454c1f0b638972ab,
Pablo Villaseca,1987-01-26,170.2,,,,,,,,,,ufcstats,http://ufcstats.com/fighter-details/34f93dfbd43b2144,
Yuri Villefort,1991-03-23,182.9,185.4,Orthodox,,,,,,,,ufcstats,http://ufcstats.com/fighter-details/0fb1e2694a39a02f,
Ike Villanueva,1984-04-04,185.4,185.4,Orthodox,,,,,,,,ufcstats,http://ufcstats.com/fighter-details/f9d0cae37dabfafc,
Gian Villante,1985-08-18,190.5,193.0,Orthodox,,,,,,,,ufcstats,http://ufcstats.com/fighter-details/fcd448a2fe1a23cc,
Danillo Villefort,1983-05-08,185.4,,Orthodox,,,,,,,,ufcstats,http://ufcstats.com/fighter-details/fd87b1bbfcde9d5e,
Joey Villasenor,1975-10-17,182.9,,Orthodox,,,,,,,,ufcstats,http://ufcstats.com/fighter-details/15515e797aedc137,
Treston Vines,1996-06-18,185.4,200.7,Orthodox,,,,,,,,ufcstats,http://ufcstats.com/fighter-details/563a1d42bb0e3cef,
Brandon Visher,1984-05-06,167.6,172.7,Orthodox,,,,,,,,ufcstats,http://ufcstats.com/fighter-details/7c4ec656d8fcb867,
Marcos Vinicius,1979-12-05,175.3,,Orthodox,,,,,,,,ufcstats,http://ufcstats.com/fighter-details/e363b21261814830,
Falaniko Vitale,1974-07-14,177.8,,Orthodox,,,,,,,,ufcstats,http://ufcstats.com/fighter-details/445a98acb8985970,
Danylo Voievodkin,2000-07-19,193.0,198.1,Southpaw,,,,,,,,ufcstats,http://ufcstats.com/fighter-details/d73a7c36746fbc5b,
Mateo Vogel,1996-03-05,172.7,180.3,Orthodox,,,,,,,,ufcstats,http://ufcstats.com/fighter-details/90b57b19d20e1969,
Cheyanne Vlismas,1995-06-25,160.0,160.0,Switch,,,,,,,,ufcstats,http://ufcstats.com/fighter-details/4959f10a62f3fec3,
Bobby Voelker,1979-04-26,182.9,188.0,Orthodox,,,,,,,,ufcstats,http://ufcstats.com/fighter-details/fb8a3025ae722e64,
Alexander Volkanovski,1988-09-29,167.6,180.3,Orthodox,,,,,,,,ufcstats,http://ufcstats.com/fighter-details/e1248941344b3288,
Jordan Vucenic,1996-03-02,177.8,185.4,Orthodox,,,,,,,,ufcstats,http://ufcstats.com/fighter-details/6d38e41efa47a72d,
Mark Vologdin,2000-04-18,160.0,165.1,Orthodox,,,,,,,,ufcstats,http://ufcstats.com/fighter-details/0e6b611451a9a7d8,
Jason Von Flue,1975-08-01,182.9,,Orthodox,,,,,,,,ufcstats,http://ufcstats.com/fighter-details/c4b9296214f4c09c,
Jacob Volkmann,1980-09-05,175.3,180.3,Southpaw,,,,,,,,ufcstats,http://ufcstats.com/fighter-details/6f81b6de2557739a,
Alexander Volkov,1988-10-24,200.7,203.2,Orthodox,,,,,,,,ufcstats,http://ufcstats.com/fighter-details/279566840aa55bf2,
Taiyilake Nueraji,2001-01-12,188.0,190.5,Southpaw,,,,,,,,ufcstats,http://ufcstats.com/fighter-details/7498b3ac79a3b948,
Tatsuro Taira,2000-01-27,170.2,177.8,Orthodox,,,,,,,,ufcstats,http://ufcstats.com/fighter-details/4461d7e47375a895,
Milco Voorn,,,,Orthodox,,,,,,,,ufcstats,http://ufcstats.com/fighter-details/277ffed20cf07aea,
Justin Tafa,1993-12-13,182.9,188.0,Southpaw,,,,,,,,ufcstats,http://ufcstats.com/fighter-details/e13abac8089a801a,
Mark Vorgeas,,177.8,,,,,,,,,,ufcstats,http://ufcstats.com/fighter-details/ef0344ed552d8a22,
Junior Tafa,1996-09-21,190.5,190.5,Orthodox,,,,,,,,ufcstats,http://ufcstats.com/fighter-details/c15fa95b9a12fde4,
Osamu Tachihikari,1963-09-12,195.6,,Orthodox,,,,,,,,ufcstats,http://ufcstats.com/fighter-details/e7bc606d269896aa,
Igor Vovchanchyn,1973-08-06,172.7,,Orthodox,,,,,,,,ufcstats,http://ufcstats.com/fighter-details/7929be8290289a47,
Joe Taimanglo,1984-06-27,162.6,,,,,,,,,,ufcstats,http://ufcstats.com/fighter-details/9bf126927843e184,
Amber Tackett,,,,,,,,,,,,ufcstats,http://ufcstats.com/fighter-details/bb01bc3c57f39b04,
Eugenio Tadeu,1963-08-17,172.7,,Orthodox,,,,,,,,ufcstats,http://ufcstats.com/fighter-details/f70144caea5c4c80,
Albert Tadevosyan,1992-04-12,,,,,,,,,,,ufcstats,http://ufcstats.com/fighter-details/6751b11102b6adfe,
Ryo Tajima,1999-08-14,172.7,180.3,Orthodox,,,,,,,,ufcstats,http://ufcstats.com/fighter-details/34fbfc3f65b64645,
Khalid Taha,1992-02-15,165.1,175.3,Orthodox,,,,,,,,ufcstats,http://ufcstats.com/fighter-details/b4537562f88ac582,
Yoshiki Takahashi,1969-03-13,180.3,,Southpaw,,,,,,,,ufcstats,http://ufcstats.com/fighter-details/6420efac0578988b,
Mairbek Taisumov,1988-08-08,175.3,185.4,Orthodox,,,,,,,,ufcstats,http://ufcstats.com/fighter-details/8f5c8850b2484173,
Nobuhiko Takada,1962-04-12,182.9,,Southpaw,,,,,,,,ufcstats,http://ufcstats.com/fighter-details/a25b71fe5e31fa97,
Yoko Takahashi,1973-04-20,172.7,,,,,,,,,,ufcstats,http://ufcstats.com/fighter-details/01f86e2d604e2f3c,
Daiju Takase,1978-04-20,182.9,,Southpaw,,,,,,,,ufcstats,http://ufcstats.com/fighter-details/4f74c8be51db8a37,
Hiroyuki Takaya,1977-06-10,167.6,,Orthodox,,,,,,,,ufcstats,http://ufcstats.com/fighter-details/0d16bdb7d32e88e9,
Murtaza Talha,1996-07-10,182.9,188.0,Orthodox,,,,,,,,ufcstats,http://ufcstats.com/fighter-details/6aab5c20395ee722,
Tsuyoshi Tamakairiki,1966-07-16,182.9,,Orthodox,,,,,,,,ufcstats,http://ufcstats.com/fighter-details/eaa0a728cc91ef60,
Makoto Takimoto,1979-12-08,170.2,,Southpaw,,,,,,,,ufcstats,http://ufcstats.com/fighter-details/a7724f51e32e763e,
Payton Talbott,1998-09-09,177.8,177.8,Switch,,,,,,,,ufcstats,http://ufcstats.com/fighter-details/6e743a33d56bdaa4,
Eli Tamez,1985-08-22,170.2,,,,,,,,,,ufcstats,http://ufcstats.com/fighter-details/bfd4d50591033a1f,
Issei Tamura,1984-03-12,165.1,160.0,Orthodox,,,,,,,,ufcstats,http://ufcstats.com/fighter-details/57bf89d42364d39e,
Yoshihiro Takayama,1968-09-19,195.6,,Orthodox,,,,,,,,ufcstats,http://ufcstats.com/fighter-details/d856a0080ac09ed7,
Oleg Taktarov,1967-08-26,182.9,,Orthodox,,,,,,,,ufcstats,http://ufcstats.com/fighter-details/1dc56b59cb28425d,
Nordine Taleb,1981-06-10,185.4,188.0,Orthodox,,,,,,,,ufcstats,http://ufcstats.com/fighter-details/49858bf46dabf6fb,
Jason Tan,1981-12-17,177.8,,Orthodox,,,,,,,,ufcstats,http://ufcstats.com/fighter-details/ad3041e61896b975,
Akitoshi Tamura,1980-05-31,175.3,177.8,Orthodox,,,,,,,,ufcstats,http://ufcstats.com/fighter-details/c95fbc085e17a532,
Kiyoshi Tamura,1969-12-17,180.3,,Southpaw,,,,,,,,ufcstats,http://ufcstats.com/fighter-details/30e8b4505f5ccf92,
Akihito Tanaka,1983-03-09,,,Southpaw,,,,,,,,ufcstats,http://ufcstats.com/fighter-details/1bf49bf829964144,
Manny Tapia,1981-03-14,165.1,170.2,Orthodox,,,,,,,,ufcstats,http://ufcstats.com/fighter-details/0eec866a077889f0,
Otari Tanzilovi,1998-04-09,175.3,177.8,Orthodox,,,,,,,,ufcstats,http://ufcstats.com/fighter-details/b9124c308671e303,
Kasey Tanner,1992-01-11,170.2,175.3,Orthodox,,,,,,,,ufcstats,http://ufcstats.com/fighter-details/078b732efa497f49,
Michinori Tanaka,1990-10-04,165.1,170.2,Orthodox,,,,,,,,ufcstats,http://ufcstats.com/fighter-details/64788ee44b062ded,
Evan Tanner,1971-02-11,182.9,188.0,Orthodox,,,,,,,,ufcstats,http://ufcstats.com/fighter-details/8f2d9ee27f206f1f,
Gary Tapusoa,1979-09-02,170.2,,,,,,,,,,ufcstats,http://ufcstats.com/fighter-details/37ac9e0f4fc86171,
Regina Tarin,2004-10-19,170.2,167.6,Southpaw,,,,,,,,ufcstats,http://ufcstats.com/fighter-details/9f5609dba6584ab2,
Aaron Tau,1993-08-21,162.6,167.6,Switch,,,,,,,,ufcstats,http://ufcstats.com/fighter-details/7abf7f8778472b7b,
Miesha Tate,1986-08-18,167.6,165.1,Orthodox,,,,,,,,ufcstats,http://ufcstats.com/fighter-details/b96619b3acd7d9da,
Deividas Taurosevicius,1977-08-28,175.3,172.7,Southpaw,,,,,,,,ufcstats,http://ufcstats.com/fighter-details/ef927e4fe2117ab8,
Anthony Taylor,,170.2,,,,,,,,,,ufcstats,http://ufcstats.com/fighter-details/637a4d8825464c62,
Ewerton Teixeira,1982-02-13,185.4,,,,,,,,,,ufcstats,http://ufcstats.com/fighter-details/de9e331b3e6bae70,
J.T Taylor,,177.8,,,,,,,,,,ufcstats,http://ufcstats.com/fighter-details/17c6e35e4da505b0,
Jeremy Tavares,,,,,,,,,,,,ufcstats,http://ufcstats.com/fighter-details/681d07e328798ec0,
Ramon Taveras,1994-01-09,172.7,177.8,Southpaw,,,,,,,,ufcstats,http://ufcstats.com/fighter-details/c5ccd878231c5407,
Brad Tavares,1987-12-21,185.4,188.0,Orthodox,,,,,,,,ufcstats,http://ufcstats.com/fighter-details/0c6d9ea8306c029e,
Thiago Tavares,1984-11-08,170.2,177.8,Orthodox,,,,,,,,ufcstats,http://ufcstats.com/fighter-details/8a59d346dc976a10,
Torrance Taylor,1987-10-11,170.2,,,,,,,,,,ufcstats,http://ufcstats.com/fighter-details/88e53ec16b801740,
Louis Taylor,1979-05-12,180.3,,Orthodox,,,,,,,,ufcstats,http://ufcstats.com/fighter-details/49bddfee9ed54cf3,
Cam Teague,1998-02-13,177.8,175.3,Orthodox,,,,,,,,ufcstats,http://ufcstats.com/fighter-details/b47c9ea5f2895d6e,
Jesse Taylor,1983-01-02,182.9,185.4,Orthodox,,,,,,,,ufcstats,http://ufcstats.com/fighter-details/dd992d569aaebee6,
James Te Huna,1981-09-29,188.0,190.5,Orthodox,,,,,,,,ufcstats,http://ufcstats.com/fighter-details/f5431394fb284bb9,
Paul Taylor,1979-12-15,182.9,182.9,Orthodox,,,,,,,,ufcstats,http://ufcstats.com/fighter-details/9b74de674c355425,
Shawn Teed,1992-02-13,195.6,,Orthodox,,,,,,,,ufcstats,http://ufcstats.com/fighter-details/5bb70ebd65075c5c,
Danielle Taylor,1989-10-25,152.4,152.4,Orthodox,,,,,,,,ufcstats,http://ufcstats.com/fighter-details/b76c6268dc1d3c05,
Glover Teixeira,1979-10-28,188.0,193.0,Orthodox,,,,,,,,ufcstats,http://ufcstats.com/fighter-details/7ff97850e8c32bda,
John Teixeira,1986-11-18,170.2,,Orthodox,,,,,,,,ufcstats,http://ufcstats.com/fighter-details/86061eaba822bfea,
Ramazan Temirov,1997-01-31,162.6,160.0,Orthodox,,,,,,,,ufcstats,http://ufcstats.com/fighter-details/7d0a1968b38ca439,
Herman Terrado,1989-09-27,,,,,,,,,,,ufcstats,http://ufcstats.com/fighter-details/61d6368013f8637f,
Tallison Teixeira,1999-12-07,200.7,210.8,Orthodox,,,,,,,,ufcstats,http://ufcstats.com/fighter-details/17923f676f100e16,
Tra Telligman,1965-02-07,188.0,,Orthodox,,,,,,,,ufcstats,http://ufcstats.com/fighter-details/1dab0d1d81dd06db,
David Terrell,1978-01-09,185.4,,Southpaw,,,,,,,,ufcstats,http://ufcstats.com/fighter-details/4123fd4dcc1fe937,
Jeff Terry,,188.0,,,,,,,,,,ufcstats,http://ufcstats.com/fighter-details/60f86c449cd31e23,
Dave Terrel,1978-05-10,172.7,,Southpaw,,,,,,,,ufcstats,http://ufcstats.com/fighter-details/b9aa0024f295609e,
James Terry,1981-03-16,177.8,,Orthodox,,,,,,,,ufcstats,http://ufcstats.com/fighter-details/5befa793316d3469,
David Teymur,1989-05-01,175.3,185.4,Southpaw,,,,,,,,ufcstats,http://ufcstats.com/fighter-details/2747c60e42d9d75f,
Taneisha Tennant,1989-06-15,170.2,177.8,Orthodox,,,,,,,,ufcstats,http://ufcstats.com/fighter-details/87911d22a79d3203,
Jason Thacker,1975-08-18,177.8,,Orthodox,,,,,,,,ufcstats,http://ufcstats.com/fighter-details/f0264252e191da22,
Motonobu Tezuka,1987-08-29,170.2,,Southpaw,,,,,,,,ufcstats,http://ufcstats.com/fighter-details/d34636a85f0f4c90,
Alexia Thainara,1995-11-20,162.6,170.2,Orthodox,,,,,,,,ufcstats,http://ufcstats.com/fighter-details/545092d13c67aa49,
Daniel Teymur,1988-02-03,165.1,175.3,Orthodox,,,,,,,,ufcstats,http://ufcstats.com/fighter-details/fbf0537e420e698e,
Brandon Thatch,1985-07-11,188.0,188.0,Switch,,,,,,,,ufcstats,http://ufcstats.com/fighter-details/638cfec7ec559d6e,
Ryan Thomas,1984-11-05,182.9,,Orthodox,,,,,,,,ufcstats,http://ufcstats.com/fighter-details/b732b326c362fb62,
Nik Theotikos,,,,Orthodox,,,,,,,,ufcstats,http://ufcstats.com/fighter-details/ca936c67687789e9,
Elias Theodorou,1988-05-31,185.4,190.5,Orthodox,,,,,,,,ufcstats,http://ufcstats.com/fighter-details/34f88592c0ab7a54,
Treston Thomison,,172.7,,,,,,,,,,ufcstats,http://ufcstats.com/fighter-details/ed5f04f833459877,
Noah Thomas,1981-03-27,175.3,,Orthodox,,,,,,,,ufcstats,http://ufcstats.com/fighter-details/319c15b8aac5bfde,
Colby Thicknesse,1999-06-23,170.2,175.3,Orthodox,,,,,,,,ufcstats,http://ufcstats.com/fighter-details/ed7d329d7c29428d,
Din Thomas,1976-09-28,175.3,,Orthodox,,,,,,,,ufcstats,http://ufcstats.com/fighter-details/40a604761ca7d64d,
Paulo Thiago,1981-01-25,180.3,188.0,Orthodox,,,,,,,,ufcstats,http://ufcstats.com/fighter-details/30a09e43f15f1d75,
Joel Thomas,,177.8,,,,,,,,,,ufcstats,http://ufcstats.com/fighter-details/2b33e57c4d0a4502,
Oli Thompson,1980-01-02,185.4,190.5,Orthodox,,,,,,,,ufcstats,http://ufcstats.com/fighter-details/dcdd511ff757f15c,
Nick Thompson,1981-06-23,185.4,188.0,Orthodox,,,,,,,,ufcstats,http://ufcstats.com/fighter-details/7d3caf0f96f1b33d,
James Thompson,1978-12-16,195.6,,Orthodox,,,,,,,,ufcstats,http://ufcstats.com/fighter-details/9e30f69cc0869301,
Stephen Thompson,1983-02-11,182.9,190.5,Orthodox,,,,,,,,ufcstats,http://ufcstats.com/fighter-details/4a28cb716c19157a,
Josh Thomson,1978-09-21,177.8,180.3,Orthodox,,,,,,,,ufcstats,http://ufcstats.com/fighter-details/a566371ba2ad7152,
Isaac Thomson,2002-05-03,177.8,175.3,,,,,,,,,ufcstats,http://ufcstats.com/fighter-details/5d8006587d6a6711,
Simeon Thoresen,1984-03-14,185.4,200.7,Orthodox,,,,,,,,ufcstats,http://ufcstats.com/fighter-details/fea8acf9bfcf09ec,
Josh Thornburg,1984-05-24,182.9,,,,,,,,,,ufcstats,http://ufcstats.com/fighter-details/083e15da67d9b0fa,
Brett Tillis,,,,,,,,,,,,ufcstats,http://ufcstats.com/fighter-details/7b461ccae8270207,
Nolan Ticman,1988-05-17,167.6,,Orthodox,,,,,,,,ufcstats,http://ufcstats.com/fighter-details/9eb069062a0cfc13,
Rafael Tobias,2003-03-20,188.0,188.0,Orthodox,,,,,,,,ufcstats,http://ufcstats.com/fighter-details/d6a8edb7410223a0,
Denis Tiuliulin,1988-05-17,185.4,195.6,Orthodox,,,,,,,,ufcstats,http://ufcstats.com/fighter-details/0112352cb32f5026,
Darren Till,1992-12-24,182.9,188.0,Southpaw,,,,,,,,ufcstats,http://ufcstats.com/fighter-details/9ce6d5a03af801b7,
Chris Tickle,1982-02-01,175.3,,,,,,,,,,ufcstats,http://ufcstats.com/fighter-details/1d1b85389a05df69,
Ti Haitao,2001-05-08,170.2,175.3,Orthodox,,,,,,,,ufcstats,http://ufcstats.com/fighter-details/3848cd6cac73e091,
Gleison Tibau,1983-10-07,177.8,180.3,Southpaw,,,,,,,,ufcstats,http://ufcstats.com/fighter-details/75e5fec9f72910ef,
Miguel Torres,1981-01-18,175.3,193.0,Orthodox,,,,,,,,ufcstats,http://ufcstats.com/fighter-details/33b2f68ef95252e0,
Andrew Todhunter,1987-11-30,182.9,,Switch,,,,,,,,ufcstats,http://ufcstats.com/fighter-details/274ca7b799b402cc,
Rio Tirto,2000-02-09,162.6,167.6,Switch,,,,,,,,ufcstats,http://ufcstats.com/fighter-details/c830bc2eb134b646,
Ryan Tobar,,,,,,,,,,,,ufcstats,http://ufcstats.com/fighter-details/57481f1f10530c61,
Hideo Tokoro,1977-08-22,170.2,,Orthodox,,,,,,,,ufcstats,http://ufcstats.com/fighter-details/2d5fbe2103f97053,
Tyler Toner,1983-03-31,172.7,177.8,Orthodox,,,,,,,,ufcstats,http://ufcstats.com/fighter-details/8e893f269d5696b2,
Tuco Tokkos,1990-06-30,193.0,193.0,Orthodox,,,,,,,,ufcstats,http://ufcstats.com/fighter-details/3e8118c1ab52f211,
Dusko Todorovic,1994-05-19,185.4,188.0,Orthodox,,,,,,,,ufcstats,http://ufcstats.com/fighter-details/866fd7b1a6c90e7f,
Anatoly Tokov,1990-02-17,177.8,,,,,,,,,,ufcstats,http://ufcstats.com/fighter-details/679ae8c4fd022c6b,
Anelya Toktogonova,2005-08-01,157.5,160.0,Southpaw,,,,,,,,ufcstats,http://ufcstats.com/fighter-details/3a89481e3a9d47c0,
Puja Tomar,1993-12-05,154.9,149.9,Southpaw,,,,,,,,ufcstats,http://ufcstats.com/fighter-details/19f8a2f6eecd92ac,
Kazuki Tokudome,1987-03-04,180.3,185.4,Southpaw,,,,,,,,ufcstats,http://ufcstats.com/fighter-details/c4af2feb4b58bc3b,
Masanori Tonooka,1973-05-25,172.7,,Orthodox,,,,,,,,ufcstats,http://ufcstats.com/fighter-details/9de7c97e1c0d7927,
James Toney,1968-08-24,175.3,,Orthodox,,,,,,,,ufcstats,http://ufcstats.com/fighter-details/d10b35152277cf98,
Carl Toomey,1972-03-15,,,,,,,,,,,ufcstats,http://ufcstats.com/fighter-details/5ee87e0432205755,
Anthony Torres,1978-07-31,172.7,,Orthodox,,,,,,,,ufcstats,http://ufcstats.com/fighter-details/918d9d89d4d52acc,
Aleksandre Topuria,1996-01-28,170.2,172.7,Orthodox,,,,,,,,ufcstats,http://ufcstats.com/fighter-details/4a6dff1b260bcf61,
Ilia Topuria,1997-01-21,170.2,175.3,Orthodox,,,,,,,,ufcstats,http://ufcstats.com/fighter-details/54f64b5e283b0ce7,
Ronys Torres,1975-08-13,170.2,,Orthodox,,,,,,,,ufcstats,http://ufcstats.com/fighter-details/cce79e827569f26e,
Abram Torres,1982-10-29,177.8,,,,,,,,,,ufcstats,http://ufcstats.com/fighter-details/e175a261a280f7cb,
Alex Torres,1988-05-29,177.8,,Orthodox,,,,,,,,ufcstats,http://ufcstats.com/fighter-details/e4e0f310b3cf23a8,
Minoru Toyonaga,1978-06-12,180.3,,Southpaw,,,,,,,,ufcstats,http://ufcstats.com/fighter-details/04076783ca83d6ae,
Jose Torres,1992-08-02,162.6,165.1,Orthodox,,,,,,,,ufcstats,http://ufcstats.com/fighter-details/d2036f31c035e0d1,
Salim Touahri,1989-09-28,177.8,182.9,Orthodox,,,,,,,,ufcstats,http://ufcstats.com/fighter-details/cbf1c7ba5408a66f,
Dequan Townsend,1986-05-11,190.5,200.7,Orthodox,,,,,,,,ufcstats,http://ufcstats.com/fighter-details/3f7dab21b6c971bc,
Desmond Torres,1997-01-06,167.6,175.3,Orthodox,,,,,,,,ufcstats,http://ufcstats.com/fighter-details/971aebf56267de20,
Slim Trabelsi,1993-05-09,190.5,,,,,,,,,,ufcstats,http://ufcstats.com/fighter-details/ff2ec83f44000f78,
Haven Torres,,,,,,,,,,,,ufcstats,http://ufcstats.com/fighter-details/1ff10dee2f7ae60c,
Manuel Torres,1995-03-25,177.8,185.4,Switch,,,,,,,,ufcstats,http://ufcstats.com/fighter-details/2e7878927067fdca,
Taner Trembley,1994-12-28,,,,,,,,,,,ufcstats,http://ufcstats.com/fighter-details/00b8dd0fbe2fbfd9,
Justice Torres,1997-10-19,170.2,167.6,Southpaw,,,,,,,,ufcstats,http://ufcstats.com/fighter-details/01762e1d4ff4dc51,
Eduardo Torres Caut,1995-04-26,170.2,177.8,Orthodox,,,,,,,,ufcstats,http://ufcstats.com/fighter-details/c8d46028907bcece,
Roberto Traven,1968-09-16,190.5,,Orthodox,,,,,,,,ufcstats,http://ufcstats.com/fighter-details/20ec0061400178ca,
Bryan Travers,1983-04-11,,,,,,,,,,,ufcstats,http://ufcstats.com/fighter-details/008cf84faae9c7a5,
Angelo Trevino,1993-06-10,180.3,,Switch,,,,,,,,ufcstats,http://ufcstats.com/fighter-details/0cf9f5518d6063bb,
Alexander Trevino,,,,,,,,,,,,ufcstats,http://ufcstats.com/fighter-details/73abb7a5c57fb443,
Francisco Trevino,1981-12-17,175.3,177.8,Orthodox,,,,,,,,ufcstats,http://ufcstats.com/fighter-details/97a6bbe6e6566a94,
Michael Trizano,1991-12-31,180.3,180.3,Orthodox,,,,,,,,ufcstats,http://ufcstats.com/fighter-details/5bf31a46becc1204,
Damien Trites,1979-08-23,180.3,,,,,,,,,,ufcstats,http://ufcstats.com/fighter-details/cb1c09c8126dbee0,
Frank Trigg,1972-05-07,175.3,180.3,Southpaw,,,,,,,,ufcstats,http://ufcstats.com/fighter-details/d2d37e8eeb3abc8d,
Aaron Trujillo,,165.1,,,,,,,,,,ufcstats,http://ufcstats.com/fighter-details/cc18abc046b382c9,
Reynaldo Trujillo,1982-01-01,175.3,,,,,,,,,,ufcstats,http://ufcstats.com/fighter-details/e6b233a007cb06c4,
Francisco Trinaldo,1978-08-24,175.3,177.8,Southpaw,,,,,,,,ufcstats,http://ufcstats.com/fighter-details/a8283a4f415e1eb9,
Alexander Trujillo,2000-10-01,,,,,,,,,,,ufcstats,http://ufcstats.com/fighter-details/ccf25f81fcdaecb4,
Tor Troeng,1983-01-25,188.0,,Orthodox,,,,,,,,ufcstats,http://ufcstats.com/fighter-details/8abf70f79e9e27c2,
Antonio Trocoli,1990-12-06,195.6,203.2,Orthodox,,,,,,,,ufcstats,http://ufcstats.com/fighter-details/6d48a2df51749d91,
Abel Trujillo,1983-09-18,172.7,177.8,Orthodox,,,,,,,,ufcstats,http://ufcstats.com/fighter-details/e14b5aa06eea9653,
Rei Tsuruya,2002-06-22,167.6,172.7,Orthodox,,,,,,,,ufcstats,http://ufcstats.com/fighter-details/2f43a3e82661fa99,
Magomed Tuchalov,1999-12-30,190.5,198.1,Orthodox,,,,,,,,ufcstats,http://ufcstats.com/fighter-details/bc5a51159ec2fdf2,
Arman Tsarukyan,1996-10-11,170.2,182.9,Orthodox,,,,,,,,ufcstats,http://ufcstats.com/fighter-details/eae48ff31db420c2,
Chris Tuchscherer,1975-09-08,188.0,193.0,Orthodox,,,,,,,,ufcstats,http://ufcstats.com/fighter-details/df05aa15b2d66f57,
Jon Tuck,1984-08-28,180.3,185.4,Orthodox,,,,,,,,ufcstats,http://ufcstats.com/fighter-details/53ec9cb470e1a4ea,
Gavin Tucker,1986-06-17,167.6,167.6,Southpaw,,,,,,,,ufcstats,http://ufcstats.com/fighter-details/da816417a579a0bd,
Tom Tuggle,,188.0,,Orthodox,,,,,,,,ufcstats,http://ufcstats.com/fighter-details/b9aa7d230865b5fe,
Blair Tugman,,182.9,,,,,,,,,,ufcstats,http://ufcstats.com/fighter-details/63f8775391301891,
Nyamjargal Tumendemberel,1998-03-22,170.2,180.3,Orthodox,,,,,,,,ufcstats,http://ufcstats.com/fighter-details/17cb6d8e8187f304,
Ricky Turcios,1993-06-05,175.3,180.3,Orthodox,,,,,,,,ufcstats,http://ufcstats.com/fighter-details/cd3d7e37ff2d679c,
Tai Tuivasa,1993-03-16,188.0,190.5,Southpaw,,,,,,,,ufcstats,http://ufcstats.com/fighter-details/c62fbc117d57b943,
Teila Tuli,1969-06-14,182.9,,Orthodox,,,,,,,,ufcstats,http://ufcstats.com/fighter-details/96eff1a628adcc7f,
Marco Tulio,1994-06-13,182.9,188.0,Orthodox,,,,,,,,ufcstats,http://ufcstats.com/fighter-details/9384e71bca6c409d,
Jumabieke Tuerxun,1986-04-17,170.2,,Orthodox,,,,,,,,ufcstats,http://ufcstats.com/fighter-details/1ed32eaaba9ffe10,
Zubaira Tukhugov,1991-01-15,172.7,172.7,Orthodox,,,,,,,,ufcstats,http://ufcstats.com/fighter-details/aceffa19749c4dc0,
Jalin Turner,1995-05-18,190.5,195.6,Southpaw,,,,,,,,ufcstats,http://ufcstats.com/fighter-details/4d8fa64202cee4c1,
Anton Turkalj,1996-06-10,193.0,198.1,Orthodox,,,,,,,,ufcstats,http://ufcstats.com/fighter-details/82529ce93cd9a2cf,
Albert Tumenov,1991-12-26,180.3,185.4,Orthodox,,,,,,,,ufcstats,http://ufcstats.com/fighter-details/ff6a1f63c254127e,
James Wade,1972-02-08,177.8,,,,,,,,,,ufcstats,http://ufcstats.com/fighter-details/6291decf7f3b6608,
Donny Walker,1980-01-04,175.3,,,,,,,,,,ufcstats,http://ufcstats.com/fighter-details/e6147d5ab3685899,
Neil Wain,,177.8,,Orthodox,,,,,,,,ufcstats,http://ufcstats.com/fighter-details/6b7bc7eaf2465387,
Andre Walker,1972-11-22,180.3,,Southpaw,,,,,,,,ufcstats,http://ufcstats.com/fighter-details/18944a1a6ac1becf,
Chase Waldon,1986-09-19,185.4,190.5,Orthodox,,,,,,,,ufcstats,http://ufcstats.com/fighter-details/aeb6c57b9bd8bc3a,
Herschel Walker,1962-03-03,185.4,,Orthodox,,,,,,,,ufcstats,http://ufcstats.com/fighter-details/bd92e38aef641673,
TJ Waldburger,1988-04-25,180.3,190.5,Orthodox,,,,,,,,ufcstats,http://ufcstats.com/fighter-details/8f2939f5fd9cca1e,
Chris Wade,1987-09-30,177.8,177.8,Orthodox,,,,,,,,ufcstats,http://ufcstats.com/fighter-details/c8097968da5e5f13,
Marcin Tybura,1985-11-09,190.5,198.1,Orthodox,,,,,,,,ufcstats,http://ufcstats.com/fighter-details/c9cf753cfdf77fc2,
Wellington Turman,1996-07-22,182.9,182.9,Orthodox,,,,,,,,ufcstats,http://ufcstats.com/fighter-details/4dcfb28c011c11b2,
Austin Tweedy,1990-09-25,175.3,,Orthodox,,,,,,,,ufcstats,http://ufcstats.com/fighter-details/885adaff8fe15cf7,
Courtney Turner,,188.0,,,,,,,,,,ufcstats,http://ufcstats.com/fighter-details/56f4b81ec4db61af,
Brogan Walker,1988-08-02,162.6,170.2,Switch,,,,,,,,ufcstats,http://ufcstats.com/fighter-details/4333a8e70a672eb7,
Valter Walker,1997-12-14,198.1,198.1,Orthodox,,,,,,,,ufcstats,http://ufcstats.com/fighter-details/f5779a2303ed76ec,
Johnny Walker,1992-03-30,198.1,208.3,Orthodox,,,,,,,,ufcstats,http://ufcstats.com/fighter-details/c21f26bbde777573,
Jeremy Wallace,1987-02-13,175.3,,,,,,,,,,ufcstats,http://ufcstats.com/fighter-details/b87c3f460709f74c,
Randall Wallace,1989-03-01,180.3,185.4,Orthodox,,,,,,,,ufcstats,http://ufcstats.com/fighter-details/95cf6be9071e68b0,
Rodney Wallace,1981-11-21,175.3,182.9,Switch,,,,,,,,ufcstats,http://ufcstats.com/fighter-details/b9415726dc3ec526,
James Wallace,1992-11-17,177.8,175.3,Orthodox,,,,,,,,ufcstats,http://ufcstats.com/fighter-details/4078de7181a19142,
Ben Wall,1989-03-25,177.8,,Orthodox,,,,,,,,ufcstats,http://ufcstats.com/fighter-details/1ad381c8994c4e5b,
Crafton Wallace,1975-11-10,182.9,,Orthodox,,,,,,,,ufcstats,http://ufcstats.com/fighter-details/bf41b5131545da12,
Julius Walker,1999-07-16,193.0,198.1,Orthodox,,,,,,,,ufcstats,http://ufcstats.com/fighter-details/6add18754930182b,
Jim Wallhead,1984-03-14,177.8,,Orthodox,,,,,,,,ufcstats,http://ufcstats.com/fighter-details/0c670b443c3d269f,
Cory Walmsley,,182.9,,Orthodox,,,,,,,,ufcstats,http://ufcstats.com/fighter-details/83c6c3e0f8bde8ee,
Patrick Walsh,1988-11-28,180.3,,,,,,,,,,ufcstats,http://ufcstats.com/fighter-details/b4c96c3d9139bf0e,
Sai Wang,1986-01-14,182.9,,Southpaw,,,,,,,,ufcstats,http://ufcstats.com/fighter-details/efb9a43415a56d34,
Erick Wanderlei,1976-06-20,185.4,,Orthodox,,,,,,,,ufcstats,http://ufcstats.com/fighter-details/d57e6a8971b6d2bd,
Anying Wang,1991-04-04,182.9,,Orthodox,,,,,,,,ufcstats,http://ufcstats.com/fighter-details/69e8c632135af48b,
Andy Wang,1977-05-28,167.6,,Orthodox,,,,,,,,ufcstats,http://ufcstats.com/fighter-details/476414d2f18cd059,
Brian Warren,1974-06-05,182.9,,Orthodox,,,,,,,,ufcstats,http://ufcstats.com/fighter-details/c4c4c7dd26c15d91,
Dimitiri Wanderley,,,,Orthodox,,,,,,,,ufcstats,http://ufcstats.com/fighter-details/a1d6b308781aa2f5,
Richard Walsh,1988-12-01,182.9,185.4,Orthodox,,,,,,,,ufcstats,http://ufcstats.com/fighter-details/303a05a7aa3ff761,
Brennan Ward,1988-06-28,177.8,180.3,,,,,,,,,ufcstats,http://ufcstats.com/fighter-details/67cd6495280b0a57,
Joshua Wang-Kim,1992-11-16,175.3,180.3,Switch,,,,,,,,ufcstats,http://ufcstats.com/fighter-details/d538f13ab21d9633,
Curt Warburton,,182.9,185.4,Orthodox,,,,,,,,ufcstats,http://ufcstats.com/fighter-details/2721bb808bb2523c,
Wang Cong,1992-05-15,167.6,165.1,Southpaw,,,,,,,,ufcstats,http://ufcstats.com/fighter-details/2997e7fe3c9d3d4a,
Charlie Ward,1980-12-17,180.3,,Orthodox,,,,,,,,ufcstats,http://ufcstats.com/fighter-details/e81dd0bb8a64b550,
Terrion Ware,1986-03-31,172.7,180.3,Orthodox,,,,,,,,ufcstats,http://ufcstats.com/fighter-details/ba5e253af86db1a8,
Kengo Watanabe,1976-01-31,193.0,,Orthodox,,,,,,,,ufcstats,http://ufcstats.com/fighter-details/2abe38b81d68a24a,
Joe Warren,1976-10-31,167.6,,Orthodox,,,,,,,,ufcstats,http://ufcstats.com/fighter-details/c0c1bc0766df4c00,
Kazuhisa Watanabe,1983-05-18,167.6,,,,,,,,,,ufcstats,http://ufcstats.com/fighter-details/951ffadfc4e917ea,
Merritt Warren,,177.8,,Southpaw,,,,,,,,ufcstats,http://ufcstats.com/fighter-details/1e47dba648ea438c,
Idris Wasi,1989-12-11,182.9,,,,,,,,,,ufcstats,http://ufcstats.com/fighter-details/8a19676a3388845a,
Andy Waters,1985-02-08,182.9,,,,,,,,,,ufcstats,http://ufcstats.com/fighter-details/103e2e67919379c5,
Ron Waterman,1965-11-23,188.0,,Orthodox,,,,,,,,ufcstats,http://ufcstats.com/fighter-details/efaf544314bb5c2e,
Dominic Waters,1989-04-11,185.4,200.7,Orthodox,,,,,,,,ufcstats,http://ufcstats.com/fighter-details/2de91c2244ad7e89,
Trey Waters,1995-02-21,195.6,195.6,Orthodox,,,,,,,,ufcstats,http://ufcstats.com/fighter-details/31dbfbe4e7a6727c,
Sam Watford,,,,,,,,,,,,ufcstats,http://ufcstats.com/fighter-details/1836639ecf9b6e7f,
Michelle Waterson-Gomez,1986-01-06,160.0,157.5,Orthodox,,,,,,,,ufcstats,http://ufcstats.com/fighter-details/eb04b9d31e938edb,
Blake Watkins,,,,,,,,,,,,ufcstats,http://ufcstats.com/fighter-details/117580b232409824,
Kyle Watson,1979-08-09,182.9,,Southpaw,,,,,,,,ufcstats,http://ufcstats.com/fighter-details/d7b2c0b53883ee80,
Maka Watson,1984-09-22,,,,,,,,,,,ufcstats,http://ufcstats.com/fighter-details/a31dfd9e8b2dc6ca,
Walel Watson,1984-07-16,180.3,190.5,Orthodox,,,,,,,,ufcstats,http://ufcstats.com/fighter-details/92aafa8f4b26269b,
Enrique Watson,,,,,,,,,,,,ufcstats,http://ufcstats.com/fighter-details/a99d4aa689bdca18,
Jonavin Webb,1989-04-28,177.8,,Orthodox,,,,,,,,ufcstats,http://ufcstats.com/fighter-details/f40ec51dd4de47c3,
Brok Weaver,1991-12-05,182.9,185.4,Southpaw,,,,,,,,ufcstats,http://ufcstats.com/fighter-details/7c9f96f9a6a5cd50,
Tom Watson,1982-07-13,185.4,185.4,Orthodox,,,,,,,,ufcstats,http://ufcstats.com/fighter-details/6809c31286b08d97,
Stephanie Webber,,167.6,,,,,,,,,,ufcstats,http://ufcstats.com/fighter-details/d44a84409bf0da64,
Daniel Weichel,1984-11-22,177.8,177.8,,,,,,,,,ufcstats,http://ufcstats.com/fighter-details/7b9dade6bedaabbe,
Darian Weeks,1993-11-23,180.3,182.9,Orthodox,,,,,,,,ufcstats,http://ufcstats.com/fighter-details/326a001926ffb7ec,
Joshua Weems,1994-05-05,172.7,175.3,Orthodox,,,,,,,,ufcstats,http://ufcstats.com/fighter-details/69888118d968ba52,
Royston Wee,1986-11-15,170.2,170.2,Orthodox,,,,,,,,ufcstats,http://ufcstats.com/fighter-details/b9c03e7a4557e542,
Mark Weir,1967-09-19,188.0,,Southpaw,,,,,,,,ufcstats,http://ufcstats.com/fighter-details/9ccdd2ce45903f34,
Chris Weidman,1984-06-17,188.0,198.1,Orthodox,,,,,,,,ufcstats,http://ufcstats.com/fighter-details/3a8176e15b9887c1,
Aaron Wetherspoon,1979-01-11,,,,,,,,,,,ufcstats,http://ufcstats.com/fighter-details/1ce7998e0a215caa,
Mike Wessel,1977-12-02,182.9,,Orthodox,,,,,,,,ufcstats,http://ufcstats.com/fighter-details/b51841e7c594090d,
Jeremiah Wells,1986-10-30,175.3,188.0,Switch,,,,,,,,ufcstats,http://ufcstats.com/fighter-details/d66a46de8d705353,
Sheldon Westcott,1984-08-20,185.4,180.3,Southpaw,,,,,,,,ufcstats,http://ufcstats.com/fighter-details/ec2d13a87d3d9541,
Dustin West,,180.3,,,,,,,,,,ufcstats,http://ufcstats.com/fighter-details/5f5763b3a4de8dd4,
Fabricio Werdum,1977-07-30,193.0,195.6,Orthodox,,,,,,,,ufcstats,http://ufcstats.com/fighter-details/492b202d2064e7a9,
Coty Wheeler,1978-10-11,167.6,170.2,Orthodox,,,,,,,,ufcstats,http://ufcstats.com/fighter-details/e57f0b06ea39e360,
Malcolm Wellmaker,1994-06-04,177.8,180.3,Switch,,,,,,,,ufcstats,http://ufcstats.com/fighter-details/2e45d08b3f2f02c8,
Christian Wellisch,1975-09-13,188.0,195.6,Orthodox,,,,,,,,ufcstats,http://ufcstats.com/fighter-details/f1b2a4365799c48b,
Vernon White,1971-12-03,182.9,,Southpaw,,,,,,,,ufcstats,http://ufcstats.com/fighter-details/12458872d6afae1b,
Craig White,1990-07-01,188.0,193.0,Orthodox,,,,,,,,ufcstats,http://ufcstats.com/fighter-details/3dd949593346dbc3,
Steve White,,180.3,,,,,,,,,,ufcstats,http://ufcstats.com/fighter-details/d181689653115b6a,
Robert Whiteford,1983-04-12,175.3,175.3,Southpaw,,,,,,,,ufcstats,http://ufcstats.com/fighter-details/1dafccb62a0f98ec,
Patrik White,1993-06-11,182.9,182.9,Orthodox,,,,,,,,ufcstats,http://ufcstats.com/fighter-details/4debc6c4c6249690,
Alex White,1988-10-22,182.9,180.3,Southpaw,,,,,,,,ufcstats,http://ufcstats.com/fighter-details/c17041f1bb5768d8,
Garett Whiteley,1980-12-13,182.9,182.9,Orthodox,,,,,,,,ufcstats,http://ufcstats.com/fighter-details/129537073431e52e,
Mitch Whitesel,1981-07-12,175.3,,,,,,,,,,ufcstats,http://ufcstats.com/fighter-details/b6debbda44d4a5a0,
Emily Whitmire,1991-05-24,165.1,160.0,Orthodox,,,,,,,,ufcstats,http://ufcstats.com/fighter-details/b3d21b2610dcfaeb,
Mike Whitehead,1981-06-29,185.4,,Orthodox,,,,,,,,ufcstats,http://ufcstats.com/fighter-details/22d1e00e1aabb7c9,
Robert Whittaker,1990-12-20,182.9,185.4,Orthodox,,,,,,,,ufcstats,http://ufcstats.com/fighter-details/e1147d3d2dabe1ce,
Justin Wilcox,1979-03-12,167.6,,Orthodox,,,,,,,,ufcstats,http://ufcstats.com/fighter-details/4a482a0100cfcd0a,
Orlando Wiet,1965-10-24,177.8,,Southpaw,,,,,,,,ufcstats,http://ufcstats.com/fighter-details/a6c2f5381d575920,
Adam Wieczorek,1992-02-05,195.6,205.7,Orthodox,,,,,,,,ufcstats,http://ufcstats.com/fighter-details/efa1f6b42c86793c,
Josh Wick,1994-10-04,175.3,175.3,Switch,,,,,,,,ufcstats,http://ufcstats.com/fighter-details/13935768cf8aeb86,
Jonathan Wiezorek,1978-02-10,190.5,,Southpaw,,,,,,,,ufcstats,http://ufcstats.com/fighter-details/60884f31ead1609c,
Jakub Wiklacz,1996-09-10,177.8,182.9,Orthodox,,,,,,,,ufcstats,http://ufcstats.com/fighter-details/6902fcf0610dd303,
Rubin Williams,1976-04-09,185.4,,Orthodox,,,,,,,,ufcstats,http://ufcstats.com/fighter-details/6f812143641ceff8,
Carter Williams,1980-03-30,185.4,,Orthodox,,,,,,,,ufcstats,http://ufcstats.com/fighter-details/b8e2f10efb6eca85,
Rob Wilkinson,1992-02-22,190.5,203.2,Orthodox,,,,,,,,ufcstats,http://ufcstats.com/fighter-details/826475cc758e60e6,
James Wilks,1978-05-04,185.4,190.5,Orthodox,,,,,,,,ufcstats,http://ufcstats.com/fighter-details/852454c572675334,
Aaron Wilkinson,1987-01-31,177.8,,Orthodox,,,,,,,,ufcstats,http://ufcstats.com/fighter-details/338a11d3674eb2d4,
Joe Wilk,1982-04-12,175.3,,,,,,,,,,ufcstats,http://ufcstats.com/fighter-details/781014fb7e8e647a,
Tedd Williams,1969-12-19,185.4,,Orthodox,,,,,,,,ufcstats,http://ufcstats.com/fighter-details/b63e800c18e011b5,
Pete Williams,1975-07-10,190.5,,Orthodox,,,,,,,,ufcstats,http://ufcstats.com/fighter-details/6291ac0a3726732f,
Mike Wilkinson,1987-09-15,170.2,167.6,Orthodox,,,,,,,,ufcstats,http://ufcstats.com/fighter-details/cfaf010d5b389c09,
Jordan Williams,1990-10-13,185.4,190.5,Southpaw,,,,,,,,ufcstats,http://ufcstats.com/fighter-details/e26bd53b751d61d9,
Patrick Williams,1981-09-07,172.7,185.4,Orthodox,,,,,,,,ufcstats,http://ufcstats.com/fighter-details/39330403ad27c2bb,
Tim Williams,1986-07-03,188.0,193.0,Orthodox,,,,,,,,ufcstats,http://ufcstats.com/fighter-details/990bd63726a577f8,
Cole Williams,1983-12-15,182.9,185.4,Orthodox,,,,,,,,ufcstats,http://ufcstats.com/fighter-details/f9a20a17d712ef7c,
Khaos Williams,1994-03-30,182.9,195.6,Orthodox,,,,,,,,ufcstats,http://ufcstats.com/fighter-details/2558ae2e5671e318,
Sean Wilson,1982-10-20,172.7,,,,,,,,,,ufcstats,http://ufcstats.com/fighter-details/b8e6393c39cb9740,
Westin Wilson,1989-01-24,185.4,185.4,Southpaw,,,,,,,,ufcstats,http://ufcstats.com/fighter-details/7b3503352cd53abb,
Tyshawn Williams,1996-08-24,,,,,,,,,,,ufcstats,http://ufcstats.com/fighter-details/2e75399d5a934b0e,
Karl Willis,,,,,,,,,,,,ufcstats,http://ufcstats.com/fighter-details/95883dbdab4fcf0f,
Karl Williams,1990-01-06,190.5,200.7,Orthodox,,,,,,,,ufcstats,http://ufcstats.com/fighter-details/d35f734c56a89103,
Justin Willis,1987-07-19,185.4,198.1,Southpaw,,,,,,,,ufcstats,http://ufcstats.com/fighter-details/ce1e867808ef5fce,
Chris Wilson,1977-06-07,185.4,190.5,Orthodox,,,,,,,,ufcstats,http://ufcstats.com/fighter-details/a56607a451e4c70d,
Greg Wilson,1988-10-02,,,,,,,,,,,ufcstats,http://ufcstats.com/fighter-details/9cc84087ee768342,
Damon Wilson,1993-04-29,175.3,175.3,Switch,,,,,,,,ufcstats,http://ufcstats.com/fighter-details/81254702b51cc832,
Jonathan Wilson,1987-07-17,188.0,190.5,Southpaw,,,,,,,,ufcstats,http://ufcstats.com/fighter-details/cd01f0b768a32475,
Matt Wiman,1983-09-19,177.8,172.7,Orthodox,,,,,,,,ufcstats,http://ufcstats.com/fighter-details/eb29176b03dfa888,
Karolina Wojcik,1994-12-09,157.5,,Orthodox,,,,,,,,ufcstats,http://ufcstats.com/fighter-details/b99b3620839ea911,
Ray Wizard,,,,,,,,,,,,ufcstats,http://ufcstats.com/fighter-details/ea0ad155451ed1f5,
Travis Wiuff,1978-03-15,190.5,,Orthodox,,,,,,,,ufcstats,http://ufcstats.com/fighter-details/7f9f528cb72a6ed1,
Eric Wisely,1984-07-25,172.7,,Southpaw,,,,,,,,ufcstats,http://ufcstats.com/fighter-details/53f84637dfffab7a,
Keith Wisniewski,1981-10-25,182.9,,Orthodox,,,,,,,,ufcstats,http://ufcstats.com/fighter-details/cd12227edd3f134b,
Jason Witt,1986-11-07,177.8,177.8,Orthodox,,,,,,,,ufcstats,http://ufcstats.com/fighter-details/5f3805dda9661cba,
Anthony Wint,1995-09-14,180.3,198.1,Orthodox,,,,,,,,ufcstats,http://ufcstats.com/fighter-details/b34976c022b24568,
Andre Winner,1981-11-09,180.3,185.4,Orthodox,,,,,,,,ufcstats,http://ufcstats.com/fighter-details/b45d6b73f4ca4467,
Deron Winn,1989-06-13,167.6,177.8,Orthodox,,,,,,,,ufcstats,http://ufcstats.com/fighter-details/483a953b18d73bb3,
Eddie Wineland,1984-06-26,170.2,175.3,Orthodox,,,,,,,,ufcstats,http://ufcstats.com/fighter-details/fc9a9559a05f2704,
Danyelle Wolf,1983-09-08,180.3,177.8,Orthodox,,,,,,,,ufcstats,http://ufcstats.com/fighter-details/a7e3f02fe2b2fe30,
Logan Woods,1994-05-30,,,,,,,,,,,ufcstats,http://ufcstats.com/fighter-details/133a9d2e6efd8a50,
Salvador Woods,1985-02-05,180.3,,,,,,,,,,ufcstats,http://ufcstats.com/fighter-details/8de471543d9c933e,
Brandon Wolff,1975-10-18,175.3,,Orthodox,,,,,,,,ufcstats,http://ufcstats.com/fighter-details/aa79d5399571068e,
Kwon Wonil,1995-06-24,177.8,180.3,Orthodox,,,,,,,,ufcstats,http://ufcstats.com/fighter-details/751aa58b7fb03c74,
Xue Do Won,,170.2,,,,,,,,,,ufcstats,http://ufcstats.com/fighter-details/daa89f01e1c0f42a,
Nathaniel Wood,1993-05-08,167.6,175.3,Orthodox,,,,,,,,ufcstats,http://ufcstats.com/fighter-details/329e403448756217,
Val Woodburn,1993-08-10,172.7,188.0,Orthodox,,,,,,,,ufcstats,http://ufcstats.com/fighter-details/7a47e068f8017019,
Joanne Wood,1985-12-23,167.6,165.1,Orthodox,,,,,,,,ufcstats,http://ufcstats.com/fighter-details/12f91bfa8f1f723b,
Tyron Woodley,1982-04-07,175.3,188.0,Orthodox,,,,,,,,ufcstats,http://ufcstats.com/fighter-details/effd9de9937996f8,
Sean Woodson,1992-06-07,188.0,198.1,Orthodox,,,,,,,,ufcstats,http://ufcstats.com/fighter-details/4682bc59d5f55145,
Hailai Wushamo,2000-09-03,,,,,,,,,,,ufcstats,http://ufcstats.com/fighter-details/78f4cad9548b79e1,
Hunter Worsham,,,,,,,,,,,,ufcstats,http://ufcstats.com/fighter-details/8fb808fc2e145bd6,
Marcin Wrzosek,1987-10-14,175.3,,,,,,,,,,ufcstats,http://ufcstats.com/fighter-details/aac6edb0d5e0b7e9,
Cal Worsham,1963-06-11,180.3,,Orthodox,,,,,,,,ufcstats,http://ufcstats.com/fighter-details/de3ed2e152520c8d,
Jordan Wright,1991-10-07,188.0,195.6,Orthodox,,,,,,,,ufcstats,http://ufcstats.com/fighter-details/c878270af633eb11,
Wu Yanan,1996-04-18,172.7,167.6,Orthodox,,,,,,,,ufcstats,http://ufcstats.com/fighter-details/fdbefee0827e1567,
Eric Wray,,182.9,,Orthodox,,,,,,,,ufcstats,http://ufcstats.com/fighter-details/eb6edce3028f05c0,
JW Wright,1976-01-12,,,,,,,,,,,ufcstats,http://ufcstats.com/fighter-details/2a0b19a96f848eff,
Justin Wren,1987-04-27,188.0,,Orthodox,,,,,,,,ufcstats,http://ufcstats.com/fighter-details/e78f601035d677f2,
Khama Worthy,1986-10-15,180.3,188.0,Orthodox,,,,,,,,ufcstats,http://ufcstats.com/fighter-details/78e501478a36a018,
Jamie Yager,1983-11-29,185.4,,Orthodox,,,,,,,,ufcstats,http://ufcstats.com/fighter-details/85248da6e9e2f7e7,
Rubens Xavier,1974-09-08,190.5,,Orthodox,,,,,,,,ufcstats,http://ufcstats.com/fighter-details/e6dac752a2418a88,
Xiong Jingnan,1988-01-12,162.6,160.0,Switch,,,,,,,,ufcstats,http://ufcstats.com/fighter-details/2cdb479a0ef0ee1d,
Xiao Long,1998-04-13,172.7,177.8,Orthodox,,,,,,,,ufcstats,http://ufcstats.com/fighter-details/86bace9e4ad85542,
Xie Bin,1998-02-28,180.3,180.3,Orthodox,,,,,,,,ufcstats,http://ufcstats.com/fighter-details/e415ea6f8d41c917,
Chris Wright,,,,,,,,,,,,ufcstats,http://ufcstats.com/fighter-details/7182146226dabe22,
Wuziazibieke Jiahefu,1990-04-09,175.3,177.8,Orthodox,,,,,,,,ufcstats,http://ufcstats.com/fighter-details/2d077e22886298be,
Wulijiburen,1989-03-01,175.3,175.3,Orthodox,,,,,,,,ufcstats,http://ufcstats.com/fighter-details/2296125b6c362355,
Abdul Rakhman Yakhyaev,2001-01-03,188.0,198.1,Orthodox,,,,,,,,ufcstats,http://ufcstats.com/fighter-details/95aff2fd8d09a5f0,
Mohammad Yahya,1994-05-23,175.3,185.4,Switch,,,,,,,,ufcstats,http://ufcstats.com/fighter-details/3753714927f18437,
Eddie Yagin,1979-03-23,170.2,,Orthodox,,,,,,,,ufcstats,http://ufcstats.com/fighter-details/cc84b68f862b466f,
Rani Yahya,1984-09-12,167.6,170.2,Orthodox,,,,,,,,ufcstats,http://ufcstats.com/fighter-details/94527830000ab715,
Alexander Yakovlev,1984-07-18,190.5,188.0,Southpaw,,,,,,,,ufcstats,http://ufcstats.com/fighter-details/d06f8869449ba7bd,
Wataru Yamauchi,1999-06-22,167.6,172.7,Orthodox,,,,,,,,ufcstats,http://ufcstats.com/fighter-details/d8bf3df51ff3a270,
Goiti Yamauchi,1993-01-05,177.8,,,,,,,,,,ufcstats,http://ufcstats.com/fighter-details/9e1a7101fefe9746,
Emmanuel Yarborough,1960-09-05,203.2,,Open Stance,,,,,,,,ufcstats,http://ufcstats.com/fighter-details/2299605af59fd309,
Keiichiro Yamamiya,1972-07-12,180.3,,Southpaw,,,,,,,,ufcstats,http://ufcstats.com/fighter-details/6014d25e73b669c9,
Takeshi Yamazaki,1977-05-25,172.7,,Southpaw,,,,,,,,ufcstats,http://ufcstats.com/fighter-details/d1d20e651e6cbc02,
Yan Xiaonan,1989-06-16,165.1,160.0,Orthodox,,,,,,,,ufcstats,http://ufcstats.com/fighter-details/c41d426cc7326d1b,
Petr Yan,1993-02-11,170.2,170.2,Switch,,,,,,,,ufcstats,http://ufcstats.com/fighter-details/d661ce4da776fc20,
Adam Yandiev,1988-08-07,175.3,188.0,Orthodox,,,,,,,,ufcstats,http://ufcstats.com/fighter-details/0a95c474e61a6c44,
Yuito Yanagawa,2000-10-16,172.7,172.7,Orthodox,,,,,,,,ufcstats,http://ufcstats.com/fighter-details/7c592bf20095fd17,
Yan Qihui,1996-10-21,160.0,157.5,Orthodox,,,,,,,,ufcstats,http://ufcstats.com/fighter-details/5c9c2e247c836b67,
Dongi Yang,1984-12-07,177.8,185.4,Southpaw,,,,,,,,ufcstats,http://ufcstats.com/fighter-details/aed06011bf62237b,
John Yannis,1994-07-07,170.2,177.8,Southpaw,,,,,,,,ufcstats,http://ufcstats.com/fighter-details/450bcab0968562c4,
Adrian Yanez,1993-11-29,170.2,177.8,Orthodox,,,,,,,,ufcstats,http://ufcstats.com/fighter-details/0232cabbc30a2372,
Kenichi Yamamoto,1976-07-11,182.9,,Orthodox,,,,,,,,ufcstats,http://ufcstats.com/fighter-details/9f488f520ed25bbf,
Yoshihisa Yamamoto,1970-07-04,188.0,,Southpaw,,,,,,,,ufcstats,http://ufcstats.com/fighter-details/eed2b71d77d95416,
Tadao Yasuda,1963-10-09,193.0,,Orthodox,,,,,,,,ufcstats,http://ufcstats.com/fighter-details/49e7e05f902479ca,
Yoshiaki Yatsu,1956-07-19,185.4,,Orthodox,,,,,,,,ufcstats,http://ufcstats.com/fighter-details/620be7e0712d431b,
Cale Yarbrough,1986-12-27,185.4,,Orthodox,,,,,,,,ufcstats,http://ufcstats.com/fighter-details/a0b91014e9d16a76,
Jianping Yang,1988-11-27,170.2,,Orthodox,,,,,,,,ufcstats,http://ufcstats.com/fighter-details/d3c554d6e11fc9d6,
Atsushi Yamamoto,1980-10-02,167.6,,Orthodox,,,,,,,,ufcstats,http://ufcstats.com/fighter-details/351264d11286d09a,
Hiroko Yamanaka,1978-10-24,180.3,,,,,,,,,,ufcstats,http://ufcstats.com/fighter-details/283645128ae57eda,
Norifumi Yamamoto,1977-03-15,162.6,167.6,Southpaw,,,,,,,,ufcstats,http://ufcstats.com/fighter-details/4834ff149dc9542a,
Masutatsu Yano,1975-07-11,175.3,,Orthodox,,,,,,,,ufcstats,http://ufcstats.com/fighter-details/d56caaa5e123f518,
Chris Yee,,175.3,,,,,,,,,,ufcstats,http://ufcstats.com/fighter-details/920632ca1b78fae5,
Yibugele,1989-11-13,170.2,175.3,Southpaw,,,,,,,,ufcstats,http://ufcstats.com/fighter-details/cc2fcae2c0dc501d,
Yin Shuai,1997-01-01,165.1,167.6,Southpaw,,,,,,,,ufcstats,http://ufcstats.com/fighter-details/a78dc3910554dbae,
Kazunori Yokota,1978-04-03,172.7,,Orthodox,,,,,,,,ufcstats,http://ufcstats.com/fighter-details/a8e8587a06e73c87,
Hirotaka Yokoi,1978-06-08,180.3,,Orthodox,,,,,,,,ufcstats,http://ufcstats.com/fighter-details/35585d970300d45a,
Yizha,1997-01-08,170.2,180.3,Orthodox,,,,,,,,ufcstats,http://ufcstats.com/fighter-details/3f11fd1751fa83b1,
Ashley Yoder,1987-10-20,170.2,175.3,Southpaw,,,,,,,,ufcstats,http://ufcstats.com/fighter-details/b4c6c904a9ffc5e8,
John Yoo,,,,,,,,,,,,ufcstats,http://ufcstats.com/fighter-details/40eb2aef4d5577d4,
JooSang Yoo,1994-01-21,170.2,180.3,Orthodox,,,,,,,,ufcstats,http://ufcstats.com/fighter-details/a44020ea2e8cd026,
SangHoon Yoo,1990-01-18,182.9,188.0,Orthodox,,,,,,,,ufcstats,http://ufcstats.com/fighter-details/00b490982afd1b17,
Trenell Young,1976-06-19,167.6,,Orthodox,,,,,,,,ufcstats,http://ufcstats.com/fighter-details/bf5183e1c1afc3b2,
Kai Yoshida,1999-10-10,175.3,175.3,Southpaw,,,,,,,,ufcstats,http://ufcstats.com/fighter-details/2e517966267a468a,
ChangMin Yoon,1994-05-10,172.7,177.8,Orthodox,,,,,,,,ufcstats,http://ufcstats.com/fighter-details/29ab96eae72bad9f,
Artenus Young,1980-07-16,,,,,,,,,,,ufcstats,http://ufcstats.com/fighter-details/8d4943a9ce9f521b,
SuYoung You,1995-12-11,167.6,165.1,Orthodox,,,,,,,,ufcstats,http://ufcstats.com/fighter-details/a474aade8eb3a8f0,
Kaitlin Young,1985-09-15,175.3,,Orthodox,,,,,,,,ufcstats,http://ufcstats.com/fighter-details/79ff6545b0abc685,
Dong Sik Yoon,1972-08-24,182.9,,Orthodox,,,,,,,,ufcstats,http://ufcstats.com/fighter-details/ad99fa5325519169,
Hidehiko Yoshida,1969-09-03,180.3,,Orthodox,,,,,,,,ufcstats,http://ufcstats.com/fighter-details/2eae41f61776c60f,
Yoshiyuki Yoshida,1974-05-10,180.3,177.8,Southpaw,,,,,,,,ufcstats,http://ufcstats.com/fighter-details/ab8900ae1f1dfd4c,
Jason Young,1986-06-28,175.3,185.4,Orthodox,,,,,,,,ufcstats,http://ufcstats.com/fighter-details/f59e9e49ef85b469,
Gauge Young,2000-07-14,175.3,177.8,Orthodox,,,,,,,,ufcstats,http://ufcstats.com/fighter-details/b2a78df161bd67f9,
Shane Young,1993-07-31,172.7,182.9,Orthodox,,,,,,,,ufcstats,http://ufcstats.com/fighter-details/4cd8b03aee1d0138,
Besam Yousef,1985-03-25,180.3,,Orthodox,,,,,,,,ufcstats,http://ufcstats.com/fighter-details/98ec9f385cca47fc,
Shanna Young,1991-02-20,170.2,165.1,Orthodox,,,,,,,,ufcstats,http://ufcstats.com/fighter-details/568bbad0eaced57c,
Han Ten Yun,,180.3,,,,,,,,,,ufcstats,http://ufcstats.com/fighter-details/67ec58d7cf599835,
Cameron Saaiman,2000-12-20,172.7,170.2,Southpaw,,,,,,,,ufcstats,http://ufcstats.com/fighter-details/3c8a5200436e19f3,
Zaurbek Sabanov,1998-06-14,,,,,,,,,,,ufcstats,http://ufcstats.com/fighter-details/633f0800d178dd21,
Pete Sabala,,,,,,,,,,,,ufcstats,http://ufcstats.com/fighter-details/7956f026e2672c47,
Danny Sabatello,1993-03-31,177.8,180.3,Orthodox,,,,,,,,ufcstats,http://ufcstats.com/fighter-details/cb7ee07982de2a28,
Rob Yundt,1980-05-05,185.4,,Orthodox,,,,,,,,ufcstats,http://ufcstats.com/fighter-details/42078a86d3dd037b,
Pat Sabatini,1990-11-09,172.7,177.8,Orthodox,,,,,,,,ufcstats,http://ufcstats.com/fighter-details/b8bbdeff718dbb7d,
Sodiq Yusuff,1993-05-19,175.3,180.3,Orthodox,,,,,,,,ufcstats,http://ufcstats.com/fighter-details/94426bb170c88115,
Yusup Saadulaev,1985-03-31,167.6,,,,,,,,,,ufcstats,http://ufcstats.com/fighter-details/b1669a810fae4220,
Gilbert Yvel,1976-06-30,188.0,195.6,Orthodox,,,,,,,,ufcstats,http://ufcstats.com/fighter-details/d29b5c4f22c6357d,
Amir Sadollah,1980-08-27,177.8,190.5,Orthodox,,,,,,,,ufcstats,http://ufcstats.com/fighter-details/2650e2f846a30f64,
Nazim Sadykhov,1994-05-16,177.8,175.3,Southpaw,,,,,,,,ufcstats,http://ufcstats.com/fighter-details/ff62013d2fce6d13,
Tatsuya Saika,1990-09-18,182.9,185.4,Orthodox,,,,,,,,ufcstats,http://ufcstats.com/fighter-details/cc4e571964b084d4,
Terrance Saeteurn,1995-05-30,167.6,170.2,Orthodox,,,,,,,,ufcstats,http://ufcstats.com/fighter-details/a78f7a9135eb6249,
Kiru Sahota,1995-05-28,177.8,185.4,Orthodox,,,,,,,,ufcstats,http://ufcstats.com/fighter-details/296a120cb880477b,
Saparbeg Safarov,1986-10-14,185.4,198.1,Orthodox,,,,,,,,ufcstats,http://ufcstats.com/fighter-details/88d7b6d8230e1f3f,
Jason Saggo,1985-11-23,180.3,180.3,Orthodox,,,,,,,,ufcstats,http://ufcstats.com/fighter-details/4ac1ecf8ce59ef23,
Frankie Saenz,1980-08-12,167.6,167.6,Orthodox,,,,,,,,ufcstats,http://ufcstats.com/fighter-details/9ba2226646046b63,
Tarec Saffiedine,1986-09-06,177.8,177.8,Switch,,,,,,,,ufcstats,http://ufcstats.com/fighter-details/0749d968e932df53,
Muhammad Saidov,1996-01-10,188.0,185.4,Orthodox,,,,,,,,ufcstats,http://ufcstats.com/fighter-details/b01a5e0dcd9f231d,
Kaushik Saikumar,1997-12-11,177.8,180.3,Orthodox,,,,,,,,ufcstats,http://ufcstats.com/fighter-details/6a6c4709ebc5499a,
Mridul Saikia,1997-05-09,170.2,172.7,Orthodox,,,,,,,,ufcstats,http://ufcstats.com/fighter-details/96c76dd695eb3b88,
Yukio Sakaguchi,1973-07-26,175.3,,Orthodox,,,,,,,,ufcstats,http://ufcstats.com/fighter-details/94a5aaf573f780ad,
Lukasz Sajewski,1990-11-27,172.7,180.3,Orthodox,,,,,,,,ufcstats,http://ufcstats.com/fighter-details/fb41432b622992a9,
Augusto Sakai,1991-05-09,190.5,195.6,Orthodox,,,,,,,,ufcstats,http://ufcstats.com/fighter-details/441eacbe20e0e80b,
Wataru Sakata,1973-03-11,175.3,,Southpaw,,,,,,,,ufcstats,http://ufcstats.com/fighter-details/d7907a9a968e4d29,
Benoit Saint Denis,1995-12-18,180.3,185.4,Southpaw,,,,,,,,ufcstats,http://ufcstats.com/fighter-details/c2299ec916bc7c56,
Gokhan Saki,1983-10-19,182.9,185.4,Orthodox,,,,,,,,ufcstats,http://ufcstats.com/fighter-details/4690d47bf725fd98,
Alessio Sakara,1981-09-02,182.9,182.9,Orthodox,,,,,,,,ufcstats,http://ufcstats.com/fighter-details/7f955f71fa2ce7ac,
Justin Salas,1982-03-13,172.7,177.8,Southpaw,,,,,,,,ufcstats,http://ufcstats.com/fighter-details/9b198c73e3d0d289,
Ovince Saint Preux,1983-04-08,190.5,203.2,Southpaw,,,,,,,,ufcstats,http://ufcstats.com/fighter-details/50db8711c70196cd,
Roman Salazar,1988-02-21,170.2,,Orthodox,,,,,,,,ufcstats,http://ufcstats.com/fighter-details/72c4b253d2f5ebf2,
Ivan Salaverry,1971-01-11,182.9,,Orthodox,,,,,,,,ufcstats,http://ufcstats.com/fighter-details/394f55ebca199124,
Gabriel Salinas-Jones,1984-11-20,185.4,,,,,,,,,,ufcstats,http://ufcstats.com/fighter-details/74d5f71eeb0c66c7,
Brandon Saling,1986-01-28,177.8,,,,,,,,,,ufcstats,http://ufcstats.com/fighter-details/a049aa06508b9c7b,
Sean Salmon,1977-09-11,177.8,,Southpaw,,,,,,,,ufcstats,http://ufcstats.com/fighter-details/7c0847d3854a95f2,
Dylan Salvador,1993-05-20,175.3,175.3,Southpaw,,,,,,,,ufcstats,http://ufcstats.com/fighter-details/a7a3fb5f6c67b122,
Johnny Sampaio,1975-09-11,172.7,,Orthodox,,,,,,,,ufcstats,http://ufcstats.com/fighter-details/b23388ff8ac6637b,
Boston Salmon,1990-11-20,175.3,175.3,Southpaw,,,,,,,,ufcstats,http://ufcstats.com/fighter-details/98e946879ba20c0f,
Vinicius Salvador,1996-07-24,170.2,177.8,Southpaw,,,,,,,,ufcstats,http://ufcstats.com/fighter-details/65cdf4ec31143d86,
John Salter,1985-03-21,185.4,188.0,Southpaw,,,,,,,,ufcstats,http://ufcstats.com/fighter-details/010986ee359fb863,
Josh Samman,1988-03-14,190.5,200.7,Orthodox,,,,,,,,ufcstats,http://ufcstats.com/fighter-details/9deff9e3e8d94d47,
Quillan Salkilld,1999-12-28,182.9,190.5,Orthodox,,,,,,,,ufcstats,http://ufcstats.com/fighter-details/17734443a833cdf7,
Ryuta Sakurai,1971-09-18,170.2,,Orthodox,,,,,,,,ufcstats,http://ufcstats.com/fighter-details/ff9578cdbfabd323,
Luis Saldana,1991-01-27,180.3,185.4,Orthodox,,,,,,,,ufcstats,http://ufcstats.com/fighter-details/12e0fdc606f7e274,
Hayato Sakurai,1975-08-24,170.2,,Orthodox,,,,,,,,ufcstats,http://ufcstats.com/fighter-details/85e26e2468b4e82f,
Kazushi Sakuraba,1969-07-14,182.9,,Southpaw,,,,,,,,ufcstats,http://ufcstats.com/fighter-details/9b5b5a75523728f3,
John Salgado,,177.8,,,,,,,,,,ufcstats,http://ufcstats.com/fighter-details/3e36811b7bc1f6ad,
Muslim Salikhov,1984-06-09,180.3,177.8,Orthodox,,,,,,,,ufcstats,http://ufcstats.com/fighter-details/447f9858ae78f921,
Josh San Diego,,177.8,,,,,,,,,,ufcstats,http://ufcstats.com/fighter-details/983e281d257c24dc,
Bobby Sanchez,1989-12-15,170.2,,Orthodox,,,,,,,,ufcstats,http://ufcstats.com/fighter-details/6a0047ac8c99fece,
Jesse Sanders,,182.9,,Orthodox,,,,,,,,ufcstats,http://ufcstats.com/fighter-details/59aaf2730b84698a,
Jerrod Sanders,1979-10-01,172.7,182.9,Orthodox,,,,,,,,ufcstats,http://ufcstats.com/fighter-details/12f1b140e248bdb9,
Luke Sanders,1985-12-12,167.6,170.2,Southpaw,,,,,,,,ufcstats,http://ufcstats.com/fighter-details/96428b9e9bd048ea,
Josh Sampo,1984-07-24,162.6,162.6,Orthodox,,,,,,,,ufcstats,http://ufcstats.com/fighter-details/f65dcb22dada2223,
Robert Sanchez,1986-03-05,167.6,167.6,Orthodox,,,,,,,,ufcstats,http://ufcstats.com/fighter-details/546f8599a63c29da,
Samuel Sanches,2003-01-28,177.8,188.0,Orthodox,,,,,,,,ufcstats,http://ufcstats.com/fighter-details/438d497617ecb16e,
Diego Sanchez,1981-12-31,177.8,182.9,Southpaw,,,,,,,,ufcstats,http://ufcstats.com/fighter-details/82e7929bf6c2b689,
Eddie Sanchez,1982-11-04,188.0,188.0,Orthodox,,,,,,,,ufcstats,http://ufcstats.com/fighter-details/7f0b4a75ef3039a3,
Jonathan Santa Maria,,175.3,,,,,,,,,,ufcstats,http://ufcstats.com/fighter-details/3143e5daff9e5b71,
Martin Sano,1991-05-30,180.3,190.5,Orthodox,,,,,,,,ufcstats,http://ufcstats.com/fighter-details/16a64f93f6678b7b,
Hugo Sandoval,,,,,,,,,,,,ufcstats,http://ufcstats.com/fighter-details/9d51bcc281aa0514,
Raul Sandoval,,,,,,,,,,,,ufcstats,http://ufcstats.com/fighter-details/f9ad10f6a49e5452,
Joseph Sandoval,1986-05-11,170.2,,Southpaw,,,,,,,,ufcstats,http://ufcstats.com/fighter-details/696002b59f09d73b,
Julian Sanchez,,190.5,,Orthodox,,,,,,,,ufcstats,http://ufcstats.com/fighter-details/c6da1c24fe473418,
Erick Sanchez,1990-10-04,177.8,,,,,,,,,,ufcstats,http://ufcstats.com/fighter-details/ef3663798164adf0,
Emmanuel Sanchez,1990-08-11,175.3,180.3,,,,,,,,,ufcstats,http://ufcstats.com/fighter-details/243a336eaa2d2eb4,
Donald Sanchez,1984-08-18,177.8,,,,,,,,,,ufcstats,http://ufcstats.com/fighter-details/bb140b121283acbb,
Joby Sanchez,1991-06-24,167.6,172.7,Orthodox,,,,,,,,ufcstats,http://ufcstats.com/fighter-details/b12fc8a41e82d3a2,
Hector Sandoval,1986-07-19,157.5,162.6,Orthodox,,,,,,,,ufcstats,http://ufcstats.com/fighter-details/449c890bd90f3374,
Silvestre Sanchez,2001-11-15,,,,,,,,,,,ufcstats,http://ufcstats.com/fighter-details/acdefc52a4b6c576,
Roldan Sangcha'an,1990-12-04,162.6,,Orthodox,,,,,,,,ufcstats,http://ufcstats.com/fighter-details/57887765f831e228,
Chris Sanford,1968-03-12,180.3,,Orthodox,,,,,,,,ufcstats,http://ufcstats.com/fighter-details/29f935654825331b,
Yuhi Sano,1965-02-02,180.3,,Orthodox,,,,,,,,ufcstats,http://ufcstats.com/fighter-details/4c12aa7ca246e7a4,
Andrew Sanchez,1988-04-08,185.4,188.0,Orthodox,,,,,,,,ufcstats,http://ufcstats.com/fighter-details/fccf811c1e8b01c7,
Cory Sandhagen,1992-04-20,180.3,177.8,Switch,,,,,,,,ufcstats,http://ufcstats.com/fighter-details/65f09bacd3957381,
Sean Santella,1984-10-25,165.1,,,,,,,,,,ufcstats,http://ufcstats.com/fighter-details/39792c2f42c9f527,
Shaheen Santana,1991-06-04,185.4,190.5,Orthodox,,,,,,,,ufcstats,http://ufcstats.com/fighter-details/19809d475ed832d5,
Neemias Santana,1996-07-10,188.0,193.0,Orthodox,,,,,,,,ufcstats,http://ufcstats.com/fighter-details/86989ee8fe97884d,
Duda Santana,1996-01-10,170.2,185.4,Orthodox,,,,,,,,ufcstats,http://ufcstats.com/fighter-details/d6ead04919a894b1,
Mike Santiago,1989-07-28,177.8,175.3,Orthodox,,,,,,,,ufcstats,http://ufcstats.com/fighter-details/bc656db347f31e19,
Jorge Santiago,1980-10-09,185.4,190.5,Orthodox,,,,,,,,ufcstats,http://ufcstats.com/fighter-details/f8dc544e7077d014,
Will Santiago,1983-02-08,170.2,,Orthodox,,,,,,,,ufcstats,http://ufcstats.com/fighter-details/4920292f5d9b76df,
Andre Santos,,182.9,,,,,,,,,,ufcstats,http://ufcstats.com/fighter-details/5b5b78116d1fc3eb,
Jose Santibanez,1980-01-18,,,,,,,,,,,ufcstats,http://ufcstats.com/fighter-details/8299206ccebc44a7,
Richie Santiago,1992-10-10,170.2,170.2,Southpaw,,,,,,,,ufcstats,http://ufcstats.com/fighter-details/9f95d6b5b459cc6b,
Paulo Santos,,,,,,,,,,,,ufcstats,http://ufcstats.com/fighter-details/7ca4c3f8aa8bacae,
Art Santore,1972-10-26,188.0,,,,,,,,,,ufcstats,http://ufcstats.com/fighter-details/012fc7cd0779c09a,
Adriano Santos,,,,,,,,,,,,ufcstats,http://ufcstats.com/fighter-details/c6e6926a81adcd00,
Taila Santos,1993-06-22,167.6,172.7,Orthodox,,,,,,,,ufcstats,http://ufcstats.com/fighter-details/f7467152fd9f18a2,
Yana Santos,1989-11-11,167.6,172.7,Orthodox,,,,,,,,ufcstats,http://ufcstats.com/fighter-details/3143bf892608139a,
Gleristone Santos,1988-08-20,175.3,,,,,,,,,,ufcstats,http://ufcstats.com/fighter-details/d12ee718fb35c35c,
Djorden Santos,1997-08-01,182.9,190.5,Orthodox,,,,,,,,ufcstats,http://ufcstats.com/fighter-details/312f7d7b2b2f7de4,
Mairon Santos,2000-06-10,170.2,182.9,Orthodox,,,,,,,,ufcstats,http://ufcstats.com/fighter-details/480779d7f9a424d3,
Luis Santos,1980-01-02,185.4,,Southpaw,,,,,,,,ufcstats,http://ufcstats.com/fighter-details/7701377be464d2ef,
Daniel Santos,1995-03-12,170.2,170.2,Orthodox,,,,,,,,ufcstats,http://ufcstats.com/fighter-details/b67d6bacc68d4c92,
Edivan Santos,1992-05-03,193.0,198.1,Orthodox,,,,,,,,ufcstats,http://ufcstats.com/fighter-details/78719f6663ad9160,
Iliarde Santos,1980-09-25,165.1,170.2,Orthodox,,,,,,,,ufcstats,http://ufcstats.com/fighter-details/14aa21bc82cac57d,
Evangelista Santos,1977-12-12,177.8,193.0,Orthodox,,,,,,,,ufcstats,http://ufcstats.com/fighter-details/99bf06f20491cb54,
Bruno Santos,1987-07-17,175.3,,Orthodox,,,,,,,,ufcstats,http://ufcstats.com/fighter-details/da1d8d76404bb6b5,
Leonardo Santos,1980-02-05,182.9,190.5,Orthodox,,,,,,,,ufcstats,http://ufcstats.com/fighter-details/9c65736747ca92ec,
Thiago Santos,1984-01-07,188.0,193.0,Orthodox,,,,,,,,ufcstats,http://ufcstats.com/fighter-details/dea070ed4a2a8281,
Marilia Santos,1992-12-12,162.6,,Orthodox,,,,,,,,ufcstats,http://ufcstats.com/fighter-details/4cb79988b2a9bd07,
Gabriel Santos,1996-11-28,175.3,177.8,Orthodox,,,,,,,,ufcstats,http://ufcstats.com/fighter-details/f2f140ce7532e327,
Luana Santos,2000-04-16,167.6,170.2,Orthodox,,,,,,,,ufcstats,http://ufcstats.com/fighter-details/5078e1dacf9d25f4,
Nick Sanzo,1963-01-16,175.3,,,,,,,,,,ufcstats,http://ufcstats.com/fighter-details/1d147d4163a6989b,
Bob Sapp,1974-09-22,195.6,,Orthodox,,,,,,,,ufcstats,http://ufcstats.com/fighter-details/9f3d6ddef3d3cccc,
Daniel Sarafian,1982-08-21,175.3,185.4,Orthodox,,,,,,,,ufcstats,http://ufcstats.com/fighter-details/7e47047d0971d566,
Jeka Saragih,1995-01-01,172.7,175.3,Orthodox,,,,,,,,ufcstats,http://ufcstats.com/fighter-details/57186c150c645200,
Alexander Sarnavskiy,1989-01-17,180.3,,,,,,,,,,ufcstats,http://ufcstats.com/fighter-details/2097b1a5ff47dfb0,
Gokhan Saricam,1991-02-28,190.5,190.5,Orthodox,,,,,,,,ufcstats,http://ufcstats.com/fighter-details/1a97a3ef4c758fae,
Diego Saraiva,1982-04-23,167.6,,Orthodox,,,,,,,,ufcstats,http://ufcstats.com/fighter-details/4f4dac51adc1af4f,
Harris Sarmiento,1983-09-09,175.3,,Orthodox,,,,,,,,ufcstats,http://ufcstats.com/fighter-details/026b4f7049085842,
Keisuke Sasu,1994-09-30,165.1,175.3,Switch,,,,,,,,ufcstats,http://ufcstats.com/fighter-details/b7bcf6dfbbb7c16c,
Takenori Sato,1985-06-08,177.8,,Southpaw,,,,,,,,ufcstats,http://ufcstats.com/fighter-details/276c60b14b571dd4,
Paul Sass,1988-08-04,182.9,185.4,Orthodox,,,,,,,,ufcstats,http://ufcstats.com/fighter-details/7b143a54451263d9,
Yuta Sasaki,1989-10-07,177.8,180.3,Southpaw,,,,,,,,ufcstats,http://ufcstats.com/fighter-details/7c3c48cf54a2848e,
Masaaki Satake,1965-08-17,185.4,,Orthodox,,,,,,,,ufcstats,http://ufcstats.com/fighter-details/f4a031ac205ac580,
Jeimeson Saudino,1991-03-05,167.6,,,,,,,,,,ufcstats,http://ufcstats.com/fighter-details/f6f9d41669dd3eaa,
Shogo Sato,1993-06-08,170.2,167.6,Southpaw,,,,,,,,ufcstats,http://ufcstats.com/fighter-details/c982b98d33825763,
Yuki Sasaki,1976-09-12,188.0,,Orthodox,,,,,,,,ufcstats,http://ufcstats.com/fighter-details/e5c38954c006f15c,
Uran Satybaldiev,1994-08-10,193.0,200.7,Orthodox,,,,,,,,ufcstats,http://ufcstats.com/fighter-details/02f484417a6fa69d,
Kyosuke Sasaki,1979-10-07,170.2,,Southpaw,,,,,,,,ufcstats,http://ufcstats.com/fighter-details/23bd78c3f89bdb54,
Takashi Sato,1990-06-09,177.8,185.4,Southpaw,,,,,,,,ufcstats,http://ufcstats.com/fighter-details/8abac218746e04ca,
Townsend Saunders,,165.1,,Orthodox,,,,,,,,ufcstats,http://ufcstats.com/fighter-details/20bd6c3e03c46ee6,
Tom Sauer,1970-11-11,185.4,,,,,,,,,,ufcstats,http://ufcstats.com/fighter-details/36ab6af06e312b41,
Matt Sayles,1994-02-21,170.2,172.7,Orthodox,,,,,,,,ufcstats,http://ufcstats.com/fighter-details/5b8ba8f5512893b1,
Brandon Sayles,1981-04-23,195.6,,,,,,,,,,ufcstats,http://ufcstats.com/fighter-details/72b7c071910990b1,
Lumumba Sayers,1978-06-30,182.9,,,,,,,,,,ufcstats,http://ufcstats.com/fighter-details/402ea3b5ee233852,
Chris Saunders,1986-03-11,172.7,,,,,,,,,,ufcstats,http://ufcstats.com/fighter-details/b35a159f525764eb,
Christien Savoie,1992-08-29,180.3,182.9,Orthodox,,,,,,,,ufcstats,http://ufcstats.com/fighter-details/67f0d1b1b0b39bec,
Chad W. Saunders,,177.8,,Orthodox,,,,,,,,ufcstats,http://ufcstats.com/fighter-details/4fe9492959834bf7,
Ben Saunders,1983-04-13,188.0,195.6,Orthodox,,,,,,,,ufcstats,http://ufcstats.com/fighter-details/484acc7b0f856ce9,
Mikheil Sazhiniani,1996-10-05,182.9,180.3,Orthodox,,,,,,,,ufcstats,http://ufcstats.com/fighter-details/22a1f83edb865aee,
Eric Schafer,1977-09-20,190.5,193.0,Orthodox,,,,,,,,ufcstats,http://ufcstats.com/fighter-details/f59f1d3a2ff13edd,
Eric Schambari,1978-04-22,180.3,,Orthodox,,,,,,,,ufcstats,http://ufcstats.com/fighter-details/66e981516e2476d1,
Mark Scanlon,,175.3,,Orthodox,,,,,,,,ufcstats,http://ufcstats.com/fighter-details/771b60ff889661c8,
Kerry Schall,1971-08-09,188.0,,Orthodox,,,,,,,,ufcstats,http://ufcstats.com/fighter-details/030f08370fd1c2bb,
Matheus Scheffel,1992-11-04,188.0,190.5,Orthodox,,,,,,,,ufcstats,http://ufcstats.com/fighter-details/a296ad1d238d97df,
Brendan Schaub,1983-03-18,193.0,198.1,Orthodox,,,,,,,,ufcstats,http://ufcstats.com/fighter-details/89a407032911e27e,
Samy Schiavo,1975-12-24,172.7,,Orthodox,,,,,,,,ufcstats,http://ufcstats.com/fighter-details/1208ffc5be6e31ad,
Antonio Schembri,1974-06-01,175.3,,Orthodox,,,,,,,,ufcstats,http://ufcstats.com/fighter-details/a3244e3238541482,
Fabiano Scherner,1972-06-30,190.5,,Orthodox,,,,,,,,ufcstats,http://ufcstats.com/fighter-details/0bc7e61d204f2137,
Joe Schilling,,190.5,,,,,,,,,,ufcstats,http://ufcstats.com/fighter-details/f41fad444939056b,
Pat Schilling,1988-08-28,172.7,,Orthodox,,,,,,,,ufcstats,http://ufcstats.com/fighter-details/de12bd65e2f46478,
Adam Schindler,1983-05-19,172.7,,,,,,,,,,ufcstats,http://ufcstats.com/fighter-details/89ea01f5a7ada40c,
Ollie Schmid,2000-12-28,182.9,180.3,Orthodox,,,,,,,,ufcstats,http://ufcstats.com/fighter-details/b701f095e6ccb149,
Semmy Schilt,1973-10-27,208.3,,Orthodox,,,,,,,,ufcstats,http://ufcstats.com/fighter-details/d5ed14b2153c6ed2,
Greg Scott,,175.3,,,,,,,,,,ufcstats,http://ufcstats.com/fighter-details/0b235384fe23fc9c,
Justin Scoggins,1992-05-02,170.2,167.6,Southpaw,,,,,,,,ufcstats,http://ufcstats.com/fighter-details/9fa568ad2bf2cb0b,
Colleen Schneider,1982-03-12,,,,,,,,,,,ufcstats,http://ufcstats.com/fighter-details/aa943b9bc00cb0ed,
Daniel Schmitt,,,,,,,,,,,,ufcstats,http://ufcstats.com/fighter-details/bd02e222a6166d50,
Lacey Schuckman,1988-07-16,160.0,,,,,,,,,,ufcstats,http://ufcstats.com/fighter-details/e44c679c30403cba,
Darrill Schoonover,1985-07-18,188.0,,Orthodox,,,,,,,,ufcstats,http://ufcstats.com/fighter-details/5a558ba1ff5e9121,
Brian Schwartz,,190.5,,Orthodox,,,,,,,,ufcstats,http://ufcstats.com/fighter-details/99c80d2bd5dbe5a9,
Eric Schwartz,,,,,,,,,,,,ufcstats,http://ufcstats.com/fighter-details/79cbdf233e5e0496,
Bailey Schoenfelder,1997-09-22,190.5,193.0,Orthodox,,,,,,,,ufcstats,http://ufcstats.com/fighter-details/b0353e7f5038dd09,
Nate Schroeder,1973-06-02,185.4,,,,,,,,,,ufcstats,http://ufcstats.com/fighter-details/040426baba8a45e8,
Bob Schrijber,1965-03-03,182.9,,Orthodox,,,,,,,,ufcstats,http://ufcstats.com/fighter-details/d86e913c548c07c2,
Alex Schoenauer,1976-05-05,190.5,,Orthodox,,,,,,,,ufcstats,http://ufcstats.com/fighter-details/fdfef29ba17ee525,
Matt Schnell,1990-01-15,172.7,177.8,Orthodox,,,,,,,,ufcstats,http://ufcstats.com/fighter-details/67c1d46f4ed16f9e,
Wes Schultz,1996-08-09,185.4,195.6,Orthodox,,,,,,,,ufcstats,http://ufcstats.com/fighter-details/b4443fae47e7eb9d,
Mark Schultz,1960-10-26,175.3,,Orthodox,,,,,,,,ufcstats,http://ufcstats.com/fighter-details/c1684f00c626f4c0,
Mike Seal,1977-07-30,193.0,,Orthodox,,,,,,,,ufcstats,http://ufcstats.com/fighter-details/0c01568b1ac77bff,
Louis Lee Scott,2000-02-26,172.7,177.8,Orthodox,,,,,,,,ufcstats,http://ufcstats.com/fighter-details/4327506eb9ee342f,
Zachary Scroggin,1996-03-09,190.5,188.0,Orthodox,,,,,,,,ufcstats,http://ufcstats.com/fighter-details/03dee485905dbc9f,
Brad Scott,1989-06-24,185.4,193.0,Orthodox,,,,,,,,ufcstats,http://ufcstats.com/fighter-details/34e552520a934063,
Demba Seck,1993-07-07,185.4,188.0,Orthodox,,,,,,,,ufcstats,http://ufcstats.com/fighter-details/b9af9f8834e39d3e,
Kenneth Seegrist,1980-10-21,182.9,,Orthodox,,,,,,,,ufcstats,http://ufcstats.com/fighter-details/55e94a9b525dcf45,
Neil Seery,1979-08-30,162.6,162.6,Orthodox,,,,,,,,ufcstats,http://ufcstats.com/fighter-details/49a74b9fb2e45fdf,
Matt Secor,1986-09-26,182.9,,,,,,,,,,ufcstats,http://ufcstats.com/fighter-details/d1ce40aca99a9b70,
Brendan Seguin,1976-07-03,182.9,,,,,,,,,,ufcstats,http://ufcstats.com/fighter-details/e4bb7e483c4ad318,
Ray Sefo,1971-02-15,182.9,,Orthodox,,,,,,,,ufcstats,http://ufcstats.com/fighter-details/646d5dbe509accd4,
Rony Sefo,1972-04-10,175.3,,Orthodox,,,,,,,,ufcstats,http://ufcstats.com/fighter-details/d6b68eaf4b68b160,
Stefan Sekulic,1992-02-12,182.9,190.5,Southpaw,,,,,,,,ufcstats,http://ufcstats.com/fighter-details/348dff4e03bd18c6,
Pete Sell,1982-08-05,180.3,190.5,Orthodox,,,,,,,,ufcstats,http://ufcstats.com/fighter-details/0359313549d230a1,
Tetsuya Seki,1994-02-08,177.8,,,,,,,,,,ufcstats,http://ufcstats.com/fighter-details/5e1062e066c601e6,
Brandon Sene,1981-05-21,180.3,,,,,,,,,,ufcstats,http://ufcstats.com/fighter-details/3ed134d85dfbd7b4,
Matthew Semelsberger,1992-11-23,185.4,190.5,Switch,,,,,,,,ufcstats,http://ufcstats.com/fighter-details/4aa58269d0664b5b,
YeDam Seo,1992-03-20,160.0,160.0,Orthodox,,,,,,,,ufcstats,http://ufcstats.com/fighter-details/762572d67204fadb,
Andrei Semenov,1977-06-17,182.9,,Orthodox,,,,,,,,ufcstats,http://ufcstats.com/fighter-details/5f2f0da6fd6a84fd,
DongHyun Seo,1990-08-22,170.2,170.2,Orthodox,,,,,,,,ufcstats,http://ufcstats.com/fighter-details/0505e27a5d00704a,
Mackens Semerzier,1980-11-03,175.3,182.9,Orthodox,,,,,,,,ufcstats,http://ufcstats.com/fighter-details/51b1e2fd9872005b,
Ray Seraille,1979-06-23,190.5,,,,,,,,,,ufcstats,http://ufcstats.com/fighter-details/2f04c4183523be2e,
Kim In Seok,1980-10-10,167.6,,Orthodox,,,,,,,,ufcstats,http://ufcstats.com/fighter-details/88b250ba222c3a98,
Igor Severino,2003-04-21,170.2,175.3,Orthodox,,,,,,,,ufcstats,http://ufcstats.com/fighter-details/6ad8e4296f7522d9,
Nicholas Sergiacomi,,,,,,,,,,,,ufcstats,http://ufcstats.com/fighter-details/efab191f204ffa17,
Ivan Serati,,182.9,,Orthodox,,,,,,,,ufcstats,http://ufcstats.com/fighter-details/b23fca14c7b79935,
Alex Serdyukov,1980-05-24,188.0,188.0,Orthodox,,,,,,,,ufcstats,http://ufcstats.com/fighter-details/253d3f9e97ca149a,
Adrian Serrano,1963-12-23,172.7,,,,,,,,,,ufcstats,http://ufcstats.com/fighter-details/e7ec11096eac0282,
Nick Serra,1978-03-27,175.3,,Orthodox,,,,,,,,ufcstats,http://ufcstats.com/fighter-details/1975c2272ba40e71,
Carl Seumanutafa,1983-06-15,185.4,,Orthodox,,,,,,,,ufcstats,http://ufcstats.com/fighter-details/dadaeb402526dca5,
Fredy Serrano,1979-09-22,160.0,165.1,Orthodox,,,,,,,,ufcstats,http://ufcstats.com/fighter-details/0ccab7c889ede9ea,
Matt Serra,1974-06-02,167.6,172.7,Orthodox,,,,,,,,ufcstats,http://ufcstats.com/fighter-details/86dfed7cc24a9fa7,
Liliya Shakirova,1991-10-24,162.6,165.1,Orthodox,,,,,,,,ufcstats,http://ufcstats.com/fighter-details/f300763147320d12,
Leon Shahbazyan,1995-11-18,193.0,188.0,Orthodox,,,,,,,,ufcstats,http://ufcstats.com/fighter-details/9eed2bcc9e0b92af,
Rosi Sexton,1977-07-16,160.0,,Orthodox,,,,,,,,ufcstats,http://ufcstats.com/fighter-details/5dfe71ade71f3a4b,
Scott Shaffer,,170.2,,Orthodox,,,,,,,,ufcstats,http://ufcstats.com/fighter-details/5c38639f860a5542,
Don Shainis,1990-09-16,167.6,170.2,Orthodox,,,,,,,,ufcstats,http://ufcstats.com/fighter-details/da4628f173337902,
Rodrigo Sezinando,1997-12-11,175.3,180.3,Orthodox,,,,,,,,ufcstats,http://ufcstats.com/fighter-details/c06d6b18862f9a53,
Edmen Shahbazyan,1997-11-20,188.0,188.0,Orthodox,,,,,,,,ufcstats,http://ufcstats.com/fighter-details/4144798612ef96e5,
Dan Severn,1958-06-08,188.0,,Southpaw,,,,,,,,ufcstats,http://ufcstats.com/fighter-details/c670aa48827d6be6,
Kamal Shalorus,1972-08-27,172.7,172.7,Orthodox,,,,,,,,ufcstats,http://ufcstats.com/fighter-details/ece280745f8727b8,
Shang Zhifa,1986-03-15,170.2,160.0,Orthodox,,,,,,,,ufcstats,http://ufcstats.com/fighter-details/5a7350645bc9bd6e,
Sean Sharaf,1993-07-11,190.5,195.6,Orthodox,,,,,,,,ufcstats,http://ufcstats.com/fighter-details/0f3a990526c5e706,
Frank Shamrock,1972-12-08,177.8,,Orthodox,,,,,,,,ufcstats,http://ufcstats.com/fighter-details/fcaae0385b514f11,
Priya Sharma,1991-08-29,154.9,149.9,Orthodox,,,,,,,,ufcstats,http://ufcstats.com/fighter-details/5f23eaf9e9c34667,
Jason Sharp,,,,,,,,,,,,ufcstats,http://ufcstats.com/fighter-details/285e32e41f61a5b1,
Sean Sherk,1973-08-05,167.6,170.2,Orthodox,,,,,,,,ufcstats,http://ufcstats.com/fighter-details/029880cdbf5ca089,
Eric Shelton,1991-02-02,167.6,172.7,Orthodox,,,,,,,,ufcstats,http://ufcstats.com/fighter-details/a0c64f272b65d441,
Chase Sherman,1989-11-16,193.0,198.1,Orthodox,,,,,,,,ufcstats,http://ufcstats.com/fighter-details/01b352b6a9074d5c,
Raja Shippen,1986-10-07,167.6,,,,,,,,,,ufcstats,http://ufcstats.com/fighter-details/d9e1942637bd57a4,
Youmin Shin,,,,,,,,,,,,ufcstats,http://ufcstats.com/fighter-details/b94ac19bad67a389,
Shunichi Shimizu,1985-01-31,165.1,,Orthodox,,,,,,,,ufcstats,http://ufcstats.com/fighter-details/10657c60ce349e0f,
Antonina Shevchenko,1984-11-20,172.7,170.2,Southpaw,,,,,,,,ufcstats,http://ufcstats.com/fighter-details/d7338bcb141abd2c,
Valentina Shevchenko,1988-03-07,165.1,167.6,Southpaw,,,,,,,,ufcstats,http://ufcstats.com/fighter-details/132deb59abae64b1,
Alexander Shlemenko,1984-05-20,180.3,,,,,,,,,,ufcstats,http://ufcstats.com/fighter-details/ed3ea649b34ddb6c,
Henrique Shiguemoto,1989-06-22,180.3,182.9,Orthodox,,,,,,,,ufcstats,http://ufcstats.com/fighter-details/5d1700cfbaafbe06,
Katsuyori Shibata,1979-11-17,182.9,,Orthodox,,,,,,,,ufcstats,http://ufcstats.com/fighter-details/d4da8995fc91e7ef,
Shi Ming,1994-11-14,157.5,152.4,Orthodox,,,,,,,,ufcstats,http://ufcstats.com/fighter-details/d683f4870742b273,
Jake Shields,1979-01-09,182.9,182.9,Orthodox,,,,,,,,ufcstats,http://ufcstats.com/fighter-details/fe435e440b5de0ff,
Ken Shamrock,1964-02-11,185.4,182.9,Orthodox,,,,,,,,ufcstats,http://ufcstats.com/fighter-details/63b65af1c5cb02cb,
Josh Shockman,1980-12-29,193.0,,Southpaw,,,,,,,,ufcstats,http://ufcstats.com/fighter-details/821cd80aab70d5f9,
Josh Shockley,1989-11-15,185.4,,Orthodox,,,,,,,,ufcstats,http://ufcstats.com/fighter-details/1d36f1ac66cf689d,
Akira Shoji,1974-01-31,172.7,,Orthodox,,,,,,,,ufcstats,http://ufcstats.com/fighter-details/b0c95dc8e858452c,
Yuya Shirai,1980-04-02,172.7,,Orthodox,,,,,,,,ufcstats,http://ufcstats.com/fighter-details/a79bfbc01b2264d6,
Wes Shivers,1977-03-08,203.2,,,,,,,,,,ufcstats,http://ufcstats.com/fighter-details/ad863b0d57952c57,
Wade Shipp,1975-02-09,190.5,,Orthodox,,,,,,,,ufcstats,http://ufcstats.com/fighter-details/a9a314cc77d90b6e,
Serhiy Sidey,1996-07-04,180.3,182.9,Switch,,,,,,,,ufcstats,http://ufcstats.com/fighter-details/1a2bf44edb8055b6,
Liudvik Sholinian,1990-01-20,177.8,180.3,Orthodox,,,,,,,,ufcstats,http://ufcstats.com/fighter-details/1a54231796e24a3f,
Jack Shore,1995-02-06,172.7,180.3,Orthodox,,,,,,,,ufcstats,http://ufcstats.com/fighter-details/b8a85389d115e35a,
Ivan Shtyrkov,1988-06-09,182.9,188.0,Orthodox,,,,,,,,ufcstats,http://ufcstats.com/fighter-details/1f4b1d7d12601c5f,
Landon Showalter,1976-06-14,182.9,,,,,,,,,,ufcstats,http://ufcstats.com/fighter-details/35cc17760b06f36d,
Kiril Sidelnikov,1988-08-17,180.3,,,,,,,,,,ufcstats,http://ufcstats.com/fighter-details/cf772fb504842dc3,
Ronal Siahaan,1996-05-05,170.2,180.3,Southpaw,,,,,,,,ufcstats,http://ufcstats.com/fighter-details/762226efa2b01654,
Brandon Shuey,1976-02-01,170.2,,Orthodox,,,,,,,,ufcstats,http://ufcstats.com/fighter-details/585f9ffdb0cd0466,
Sam Sicilia,1986-02-01,172.7,170.2,Orthodox,,,,,,,,ufcstats,http://ufcstats.com/fighter-details/b8aef0faf4ce9b31,
Thiago Silva,1982-11-12,188.0,188.0,Orthodox,,,,,,,,ufcstats,http://ufcstats.com/fighter-details/2924886ee9c4c527,
Xavier Siller,1994-06-06,165.1,,,,,,,,,,ufcstats,http://ufcstats.com/fighter-details/9a08c2753184ac6d,
Siala Siliga,1970-10-08,185.4,,Orthodox,,,,,,,,ufcstats,http://ufcstats.com/fighter-details/3cf68c1d17f66af7,
Assuerio Silva,1974-06-18,177.8,,Orthodox,,,,,,,,ufcstats,http://ufcstats.com/fighter-details/e091482fa6648261,
Steven Siler,1987-02-15,180.3,177.8,Orthodox,,,,,,,,ufcstats,http://ufcstats.com/fighter-details/d188a3b817860ec6,
Fabio Silva,1982-03-31,180.3,,Orthodox,,,,,,,,ufcstats,http://ufcstats.com/fighter-details/2ba479b409011527,
Jay Silva,1981-05-25,188.0,,Southpaw,,,,,,,,ufcstats,http://ufcstats.com/fighter-details/53bb0d40905b87c0,
Sidney Silva,1972-02-27,190.5,,Southpaw,,,,,,,,ufcstats,http://ufcstats.com/fighter-details/a6c32678efd4f434,
Leandro Silva,1985-11-11,175.3,182.9,Orthodox,,,,,,,,ufcstats,http://ufcstats.com/fighter-details/159da492e000afbf,
Erick Silva,1984-06-21,182.9,188.0,Orthodox,,,,,,,,ufcstats,http://ufcstats.com/fighter-details/5866fc86183a9fb8,
Antonio Silva,1979-09-14,193.0,208.3,Orthodox,,,,,,,,ufcstats,http://ufcstats.com/fighter-details/8349d55cdecd393a,
Anderson Silva,1975-04-14,188.0,195.6,Southpaw,,,,,,,,ufcstats,http://ufcstats.com/fighter-details/1f454354805b6f75,
Edson Silva,,,,Orthodox,,,,,,,,ufcstats,http://ufcstats.com/fighter-details/a1153013cb5f628f,
Jean Silva,1977-10-08,167.6,,Orthodox,,,,,,,,ufcstats,http://ufcstats.com/fighter-details/9211aae062b799d6,
Paulo Cesar Silva,1963-07-21,226.1,,Orthodox,,,,,,,,ufcstats,http://ufcstats.com/fighter-details/55b8dc4e54fe2c59,
Rafael Silva,1985-03-20,170.2,,,,,,,,,,ufcstats,http://ufcstats.com/fighter-details/a31358d90d4bb40a,
Wagner Silva,1987-02-07,182.9,,Orthodox,,,,,,,,ufcstats,http://ufcstats.com/fighter-details/fb79582c410d049e,
Claudio Silva,1982-09-06,180.3,180.3,Southpaw,,,,,,,,ufcstats,http://ufcstats.com/fighter-details/6f7c616b98e18c29,
Wanderlei Silva,1976-07-03,180.3,188.0,Orthodox,,,,,,,,ufcstats,http://ufcstats.com/fighter-details/a1f6999fe57236e0,
Joaquim Silva,1989-02-05,172.7,175.3,Southpaw,,,,,,,,ufcstats,http://ufcstats.com/fighter-details/ae7fe94f117f98cf,
Dayana Silva,1990-08-27,170.2,,Orthodox,,,,,,,,ufcstats,http://ufcstats.com/fighter-details/b19aecbfbb5508cc,
Felipe Silva,1984-05-08,182.9,195.6,Orthodox,,,,,,,,ufcstats,http://ufcstats.com/fighter-details/1b38a2b897f6209c,
Jansey Silva,1995-05-30,188.0,170.2,Orthodox,,,,,,,,ufcstats,http://ufcstats.com/fighter-details/0d09efd31eb9fadf,
Gabriel Silva,1994-08-26,167.6,180.3,Orthodox,,,,,,,,ufcstats,http://ufcstats.com/fighter-details/002ca196477ce572,
Jacob Silva,1988-02-23,165.1,170.2,Orthodox,,,,,,,,ufcstats,http://ufcstats.com/fighter-details/f6f2ea21a67be3a7,
Maria Silva,1995-12-19,160.0,162.6,Orthodox,,,,,,,,ufcstats,http://ufcstats.com/fighter-details/4408865b4e65e374,
Karine Silva,1993-12-02,165.1,170.2,Orthodox,,,,,,,,ufcstats,http://ufcstats.com/fighter-details/9d62c2d8ee151f08,
Bruno Silva,1989-07-13,182.9,188.0,Orthodox,,,,,,,,ufcstats,http://ufcstats.com/fighter-details/12ebd7d157e91701,
Natalia Silva,1997-02-03,162.6,165.1,Southpaw,,,,,,,,ufcstats,http://ufcstats.com/fighter-details/262d32ebda89efc4,
Bruno Silva,1990-03-16,162.6,165.1,Orthodox,,,,,,,,ufcstats,http://ufcstats.com/fighter-details/294aa73dbf37d281,
Janaina Silva,1992-02-16,154.9,152.4,Orthodox,,,,,,,,ufcstats,http://ufcstats.com/fighter-details/4784a5b4a452464a,
Erik Silva,1987-03-16,175.3,180.3,Orthodox,,,,,,,,ufcstats,http://ufcstats.com/fighter-details/21b813b919776d90,
Jean Silva,1996-12-27,170.2,175.3,Orthodox,,,,,,,,ufcstats,http://ufcstats.com/fighter-details/52ef95b5860fb28c,
Frank Silva,2004-08-25,,,,,,,,,,,ufcstats,http://ufcstats.com/fighter-details/79f60d34ad48d7a3,
Jhonata Silva,1997-04-24,165.1,167.6,Orthodox,,,,,,,,ufcstats,http://ufcstats.com/fighter-details/4e33534d1e036444,
Danny Silva,1997-01-30,170.2,175.3,Switch,,,,,,,,ufcstats,http://ufcstats.com/fighter-details/d964a59c48381cb6,
Jamey Simmons,1992-09-11,167.6,177.8,Orthodox,,,,,,,,ufcstats,http://ufcstats.com/fighter-details/f0fad0e9f3b65752,
Sim Kai Xiong,1997-09-06,167.6,170.2,Orthodox,,,,,,,,ufcstats,http://ufcstats.com/fighter-details/79e2cb1e813f881b,
Elias Silverio,1986-09-22,180.3,185.4,Orthodox,,,,,,,,ufcstats,http://ufcstats.com/fighter-details/52ba464d9068d871,
Samuel Silva,1996-01-02,182.9,182.9,Orthodox,,,,,,,,ufcstats,http://ufcstats.com/fighter-details/04e0507b94014dbb,
Marcus Silveira,1964-12-09,190.5,,Orthodox,,,,,,,,ufcstats,http://ufcstats.com/fighter-details/f717b6002486f73f,
Douglas Silva de Andrade,1985-06-22,170.2,172.7,Orthodox,,,,,,,,ufcstats,http://ufcstats.com/fighter-details/3a314d9fa7c6825d,
Leonardo Silva de Oliveira,1992-04-23,188.0,,Orthodox,,,,,,,,ufcstats,http://ufcstats.com/fighter-details/28e088bbcaaa6366,
Marlon Sims,1974-01-18,,,,,,,,,,,ufcstats,http://ufcstats.com/fighter-details/9eedac48b497de5a,
Aaron Simpson,1974-07-20,182.9,185.4,Orthodox,,,,,,,,ufcstats,http://ufcstats.com/fighter-details/d5f820c11a121050,
Ricky Simon,1992-08-31,167.6,175.3,Orthodox,,,,,,,,ufcstats,http://ufcstats.com/fighter-details/5987b2458f4b5290,
Kiran Singh,2000-07-25,154.9,165.1,Orthodox,,,,,,,,ufcstats,http://ufcstats.com/fighter-details/f985ca2370a37078,
Rana Rudra Pratap Singh,1997-05-09,177.8,175.3,Orthodox,,,,,,,,ufcstats,http://ufcstats.com/fighter-details/254ed71756cfd18c,
Mitchell Sipe,1996-04-09,188.0,,Orthodox,,,,,,,,ufcstats,http://ufcstats.com/fighter-details/71ef1111bf829b82,
Wes Sims,1979-08-04,208.3,,Orthodox,,,,,,,,ufcstats,http://ufcstats.com/fighter-details/e0f7c4f3f67bc808,
Elvis Sinosic,1971-02-13,190.5,195.6,Orthodox,,,,,,,,ufcstats,http://ufcstats.com/fighter-details/817e0bdf08efce2e,
Rob Sinclair,1980-02-20,172.7,,,,,,,,,,ufcstats,http://ufcstats.com/fighter-details/3b65c9dd39741bc4,
Everett Sims,1988-09-04,195.6,195.6,Southpaw,,,,,,,,ufcstats,http://ufcstats.com/fighter-details/59c6d5af765df641,
Tony Sims,1985-10-14,180.3,177.8,Southpaw,,,,,,,,ufcstats,http://ufcstats.com/fighter-details/57bad6a84230f0c9,
Lodune Sincaid,1973-05-07,175.3,,Orthodox,,,,,,,,ufcstats,http://ufcstats.com/fighter-details/265589bdd93e7ce5,
Rory Singer,1976-05-28,188.0,195.6,Orthodox,,,,,,,,ufcstats,http://ufcstats.com/fighter-details/546015aa2ad945fd,
AJ Siscoe,,170.2,,,,,,,,,,ufcstats,http://ufcstats.com/fighter-details/fce9b4056a8ef559,
Yokthai Sithoar,1974-12-25,170.2,,,,,,,,,,ufcstats,http://ufcstats.com/fighter-details/436cdea7bdfdc016,
Matt Skelton,1967-01-23,190.5,,Orthodox,,,,,,,,ufcstats,http://ufcstats.com/fighter-details/caced97768818230,
Jeremia Siregar,1991-07-27,157.5,160.0,Orthodox,,,,,,,,ufcstats,http://ufcstats.com/fighter-details/a7ac3b1b0c4146db,
Jeri Sitzes,,165.1,,,,,,,,,,ufcstats,http://ufcstats.com/fighter-details/44a1dd0ef4373edc,
Chas Skelly,1985-05-11,180.3,182.9,Orthodox,,,,,,,,ufcstats,http://ufcstats.com/fighter-details/4bd6b4800070b069,
Dennis Siver,1979-01-13,167.6,177.8,Orthodox,,,,,,,,ufcstats,http://ufcstats.com/fighter-details/5f87a5c00b3d17ed,
Gian Siqueira,1994-06-23,185.4,188.0,Orthodox,,,,,,,,ufcstats,http://ufcstats.com/fighter-details/a46fdda658fee832,
Jamie Siraj,1994-06-28,170.2,167.6,Orthodox,,,,,,,,ufcstats,http://ufcstats.com/fighter-details/e6679e38e7fab7a8,
Zach Skinner,,167.6,,Orthodox,,,,,,,,ufcstats,http://ufcstats.com/fighter-details/c337c3c85b1871e0,
Brian Sleeman,,172.7,,,,,,,,,,ufcstats,http://ufcstats.com/fighter-details/9db861c26b63daa8,
Ray Sloan,1985-07-14,185.4,,,,,,,,,,ufcstats,http://ufcstats.com/fighter-details/a2d1d3d144fed708,
Joe Slick,1977-10-17,182.9,,Orthodox,,,,,,,,ufcstats,http://ufcstats.com/fighter-details/80e6d71e14c1d356,
Kestutis Smirnovas,1976-04-08,177.8,,Orthodox,,,,,,,,ufcstats,http://ufcstats.com/fighter-details/1979c80150f630c4,
Patrick Smith,1963-08-28,188.0,,Orthodox,,,,,,,,ufcstats,http://ufcstats.com/fighter-details/46c8ec317aff28ac,
Maurice Smith,1961-12-13,188.0,,Orthodox,,,,,,,,ufcstats,http://ufcstats.com/fighter-details/33e33d51f289d2a1,
Eric Smith,,,,Southpaw,,,,,,,,ufcstats,http://ufcstats.com/fighter-details/9114c8ded5ccd71d,
Josh Smith,1982-07-02,182.9,,Orthodox,,,,,,,,ufcstats,http://ufcstats.com/fighter-details/f626aa1c85f8af03,
David Smith,,,,,,,,,,,,ufcstats,http://ufcstats.com/fighter-details/e955046551f8c7dd,
Adam Smith,,,,,,,,,,,,ufcstats,http://ufcstats.com/fighter-details/754968e325d6f60d,
Dillon Smith,1984-01-07,182.9,,,,,,,,,,ufcstats,http://ufcstats.com/fighter-details/ffee353f55e3aa2c,
Scott Smith,1979-05-21,182.9,177.8,Orthodox,,,,,,,,ufcstats,http://ufcstats.com/fighter-details/3410cf010558dc8b,
Trevor Smith,1981-01-05,190.5,190.5,Orthodox,,,,,,,,ufcstats,http://ufcstats.com/fighter-details/f797f0c57a83353e,
Hunter Smith,1998-10-27,,,,,,,,,,,ufcstats,http://ufcstats.com/fighter-details/c3217a727e43b0cd,
Colton Smith,1987-08-14,182.9,180.3,Orthodox,,,,,,,,ufcstats,http://ufcstats.com/fighter-details/2e25c1d983c26311,
Jacobe Smith,1996-01-17,177.8,182.9,Southpaw,,,,,,,,ufcstats,http://ufcstats.com/fighter-details/85497ffd934ecf7e,
Gilbert Smith,1981-10-19,175.3,,Southpaw,,,,,,,,ufcstats,http://ufcstats.com/fighter-details/54ed8dc6f8c31207,
Cole Smith,1989-04-05,180.3,170.2,Orthodox,,,,,,,,ufcstats,http://ufcstats.com/fighter-details/56709e66f1c6008f,
Anthony Smith,1988-07-26,193.0,193.0,Orthodox,,,,,,,,ufcstats,http://ufcstats.com/fighter-details/d4c9dcd330403612,
Nate Smith,1995-04-09,167.6,175.3,Switch,,,,,,,,ufcstats,http://ufcstats.com/fighter-details/0bbb69f69c9a2eea,
Braxton Smith,1990-01-01,180.3,182.9,Orthodox,,,,,,,,ufcstats,http://ufcstats.com/fighter-details/eaa9402e5a7990ad,
Elijah Smith,2002-09-05,175.3,180.3,Orthodox,,,,,,,,ufcstats,http://ufcstats.com/fighter-details/7478b7f959ba61f5,
Leslie Smith,1982-08-17,175.3,167.6,Orthodox,,,,,,,,ufcstats,http://ufcstats.com/fighter-details/76984112f697631f,
Devonte Smith,1993-07-30,175.3,193.0,Orthodox,,,,,,,,ufcstats,http://ufcstats.com/fighter-details/207773daeb4afa7b,
Richie Smullen,1991-08-17,175.3,172.7,Orthodox,,,,,,,,ufcstats,http://ufcstats.com/fighter-details/f75c5ca0d91b9115,
Shimon Smotritsky,2000-08-22,188.0,188.0,Orthodox,,,,,,,,ufcstats,http://ufcstats.com/fighter-details/1b0491ef0f9c965e,
Cameron Smotherman,1997-09-17,175.3,175.3,Orthodox,,,,,,,,ufcstats,http://ufcstats.com/fighter-details/5c84f673b7bb7c15,
Louis Smolka,1991-07-16,175.3,172.7,Orthodox,,,,,,,,ufcstats,http://ufcstats.com/fighter-details/d2bc285ead803db0,
Justin Smitley,,,,,,,,,,,,ufcstats,http://ufcstats.com/fighter-details/c5776fa8f4bf77aa,
Walter Smith-Cotito,,172.7,,,,,,,,,,ufcstats,http://ufcstats.com/fighter-details/625b65b45c1c6888,
Dmitrii Smoliakov,1982-08-05,188.0,188.0,Switch,,,,,,,,ufcstats,http://ufcstats.com/fighter-details/75afb06215a07341,
Devin Smyth,1995-07-21,177.8,182.9,Switch,,,,,,,,ufcstats,http://ufcstats.com/fighter-details/7684c8137b4545ba,
Denis Sobolev,1975-08-26,190.5,,Orthodox,,,,,,,,ufcstats,http://ufcstats.com/fighter-details/03b1e846b09f721d,
Rameau Thierry Sokoudjou,1984-04-18,177.8,198.1,Orthodox,,,,,,,,ufcstats,http://ufcstats.com/fighter-details/d1152823307d7e7c,
Renato Sobral,1975-09-07,185.4,190.5,Orthodox,,,,,,,,ufcstats,http://ufcstats.com/fighter-details/d468288756ae3982,
Axel Sola,1997-09-17,182.9,188.0,Southpaw,,,,,,,,ufcstats,http://ufcstats.com/fighter-details/1d2d98ddd05b38fb,
Peter Sobotta,1987-01-11,182.9,190.5,Southpaw,,,,,,,,ufcstats,http://ufcstats.com/fighter-details/1fcfc3709fe58151,
Chris Solomon,,180.3,,,,,,,,,,ufcstats,http://ufcstats.com/fighter-details/324c7a749128df8d,
Alexander Soldatkin,1993-06-10,188.0,190.5,Orthodox,,,,,,,,ufcstats,http://ufcstats.com/fighter-details/f1451d605bad178e,
Sean Soriano,1989-10-06,175.3,177.8,Orthodox,,,,,,,,ufcstats,http://ufcstats.com/fighter-details/bd5403efbaa445c0,
Joe Solecki,1993-08-27,175.3,177.8,Orthodox,,,,,,,,ufcstats,http://ufcstats.com/fighter-details/af65aa688d13eedf,
Joe Son,1970-11-22,162.6,,Orthodox,,,,,,,,ufcstats,http://ufcstats.com/fighter-details/83b743fedde154fb,
Paul Song,1987-01-20,,,,,,,,,,,ufcstats,http://ufcstats.com/fighter-details/9775eabcb1be1a00,
Benardo Sopaj,2000-09-25,167.6,167.6,Orthodox,,,,,,,,ufcstats,http://ufcstats.com/fighter-details/b6c37948cb226e8c,
Jin Soo Son,1993-04-01,167.6,175.3,Orthodox,,,,,,,,ufcstats,http://ufcstats.com/fighter-details/7c9c6a884be167fe,
Song Kenan,1990-03-10,182.9,180.3,Orthodox,,,,,,,,ufcstats,http://ufcstats.com/fighter-details/32490e80ddab1e5a,
Song Yadong,1997-12-02,172.7,170.2,Orthodox,,,,,,,,ufcstats,http://ufcstats.com/fighter-details/efb96bf3e9ada36f,
Emrah Sonmez,1992-06-26,177.8,180.3,Orthodox,,,,,,,,ufcstats,http://ufcstats.com/fighter-details/fe759b24e344d7eb,
Hyeonjong Song,2002-04-23,,,,,,,,,,,ufcstats,http://ufcstats.com/fighter-details/c5dc1bf9b78f262c,
Cody Sons,,175.3,,,,,,,,,,ufcstats,http://ufcstats.com/fighter-details/3324129f3745b300,
YoungJae Song,1996-01-03,172.7,177.8,Orthodox,,,,,,,,ufcstats,http://ufcstats.com/fighter-details/0efb0d4ebb950fcb,
Chael Sonnen,1977-04-03,185.4,185.4,Southpaw,,,,,,,,ufcstats,http://ufcstats.com/fighter-details/48d1f690b763934c,
Punahele Soriano,1992-11-22,180.3,182.9,Southpaw,,,,,,,,ufcstats,http://ufcstats.com/fighter-details/64facb6cc564262d,
Hecher Sosa,1995-08-25,175.3,177.8,Orthodox,,,,,,,,ufcstats,http://ufcstats.com/fighter-details/ec3bd30378d63dd1,
Dmitry Sosnovskiy,1989-07-06,190.5,195.6,Orthodox,,,,,,,,ufcstats,http://ufcstats.com/fighter-details/85ff1b9471d35238,
Ben Sosoli,1989-12-10,182.9,182.9,Southpaw,,,,,,,,ufcstats,http://ufcstats.com/fighter-details/326f94d6cfb1bf25,
Emiliano Sordi,1991-02-15,188.0,,Orthodox,,,,,,,,ufcstats,http://ufcstats.com/fighter-details/4c9b84d559822830,
Mario Soto,,182.9,,,,,,,,,,ufcstats,http://ufcstats.com/fighter-details/cac3aaa66c20bee1,
Greg Soto,1986-06-03,180.3,185.4,Orthodox,,,,,,,,ufcstats,http://ufcstats.com/fighter-details/9c669abd35b2522f,
Alex Soto,1984-02-15,172.7,,Southpaw,,,,,,,,ufcstats,http://ufcstats.com/fighter-details/d18dbcb0f8e2b55d,
Krzysztof Soszynski,1977-08-02,185.4,195.6,Open Stance,,,,,,,,ufcstats,http://ufcstats.com/fighter-details/59583ff832fe9d68,
Manoel Sousa,1997-06-04,175.3,177.8,Orthodox,,,,,,,,ufcstats,http://ufcstats.com/fighter-details/5870c541798124ae,
Mario Sousa,1996-10-20,190.5,200.7,Orthodox,,,,,,,,ufcstats,http://ufcstats.com/fighter-details/72782745eb47161a,
Joe Soto,1987-03-22,167.6,165.1,Orthodox,,,,,,,,ufcstats,http://ufcstats.com/fighter-details/a4e85a58fbce64b2,
Andre Soukhamthath,1988-10-23,175.3,177.8,Orthodox,,,,,,,,ufcstats,http://ufcstats.com/fighter-details/d0e50a3d1b250708,
George Sotiropoulos,1977-07-09,177.8,180.3,Orthodox,,,,,,,,ufcstats,http://ufcstats.com/fighter-details/896c322f56b8be5a,
Marina Spasic,1994-07-11,162.6,162.6,Orthodox,,,,,,,,ufcstats,http://ufcstats.com/fighter-details/5847c1a960bb23af,
Patrick Speight,,185.4,,Orthodox,,,,,,,,ufcstats,http://ufcstats.com/fighter-details/ae4650eb56ab6a11,
Tommy Speer,1984-08-20,177.8,180.3,Orthodox,,,,,,,,ufcstats,http://ufcstats.com/fighter-details/1411c630ba711b64,
Ryan Spann,1991-08-24,195.6,200.7,Orthodox,,,,,,,,ufcstats,http://ufcstats.com/fighter-details/a67f5afa8d6a1b80,
Bruno Souza,1996-03-07,177.8,177.8,Orthodox,,,,,,,,ufcstats,http://ufcstats.com/fighter-details/0e5c4e72237461bb,
Edimilson Souza,1984-10-17,182.9,188.0,Orthodox,,,,,,,,ufcstats,http://ufcstats.com/fighter-details/6c7020b859c7a3ce,
Bobby Southworth,1969-12-16,188.0,,Orthodox,,,,,,,,ufcstats,http://ufcstats.com/fighter-details/aee8eecfc4bfb1e7,
Livinha Souza,1991-03-11,160.0,160.0,Orthodox,,,,,,,,ufcstats,http://ufcstats.com/fighter-details/dab8cfbb6b1db10a,
Jacare Souza,1979-12-07,185.4,182.9,Orthodox,,,,,,,,ufcstats,http://ufcstats.com/fighter-details/7a703c565ccaa18f,
Charon Spain,1988-03-11,175.3,,,,,,,,,,ufcstats,http://ufcstats.com/fighter-details/c278e8843b8abfec,
Heraldo Souza,1994-12-15,180.3,185.4,Orthodox,,,,,,,,ufcstats,http://ufcstats.com/fighter-details/22b43be04d7454d0,
Jose Souza,2002-05-23,190.5,200.7,Orthodox,,,,,,,,ufcstats,http://ufcstats.com/fighter-details/20a0e4cc5227c117,
Ketlen Souza,1994-08-18,160.0,160.0,Orthodox,,,,,,,,ufcstats,http://ufcstats.com/fighter-details/8bd4200561c77a62,
Chris Spang,1987-11-26,188.0,,Orthodox,,,,,,,,ufcstats,http://ufcstats.com/fighter-details/411d012af19ecb59,
Andreas Spang,1978-11-07,185.4,,,,,,,,,,ufcstats,http://ufcstats.com/fighter-details/b9eb5b4ed07d1525,
Ron Sparks,,195.6,,,,,,,,,,ufcstats,http://ufcstats.com/fighter-details/743fd9080892501d,
Sean Spencer,1987-06-25,177.8,188.0,Orthodox,,,,,,,,ufcstats,http://ufcstats.com/fighter-details/ab850a77a0fa487d,
Felicia Spencer,1990-11-29,167.6,172.7,Orthodox,,,,,,,,ufcstats,http://ufcstats.com/fighter-details/39d91e95949de3d9,
Nick Sperling,,,,,,,,,,,,ufcstats,http://ufcstats.com/fighter-details/7d68f3bec89e08ec,
Mario Sperry,1966-09-28,188.0,,Orthodox,,,,,,,,ufcstats,http://ufcstats.com/fighter-details/5f2197acaba7d5ef,
Waachiim Spiritwolf,1976-01-01,172.7,,,,,,,,,,ufcstats,http://ufcstats.com/fighter-details/71caa995674203aa,
Eric Spicely,1986-09-29,185.4,185.4,Orthodox,,,,,,,,ufcstats,http://ufcstats.com/fighter-details/b9664eae2ac75262,
Sam Spengler,1976-04-04,180.3,,Orthodox,,,,,,,,ufcstats,http://ufcstats.com/fighter-details/221b2a3070c7ce3e,
Daniel Spohn,1984-10-12,193.0,200.7,Southpaw,,,,,,,,ufcstats,http://ufcstats.com/fighter-details/87f3bbf52e6c9dc9,
Austin Springer,1987-05-12,172.7,180.3,Orthodox,,,,,,,,ufcstats,http://ufcstats.com/fighter-details/37cc294027f55e4d,
Bobby Stack,,175.3,,Orthodox,,,,,,,,ufcstats,http://ufcstats.com/fighter-details/6436029b50a9c255,
Pete Spratt,1971-01-09,175.3,,Orthodox,,,,,,,,ufcstats,http://ufcstats.com/fighter-details/c3ea8deeba00462b,
Serghei Spivac,1995-01-24,190.5,198.1,Orthodox,,,,,,,,ufcstats,http://ufcstats.com/fighter-details/e2f6b2769aaedd6c,
Brian Stann,1980-09-24,185.4,188.0,Orthodox,,,,,,,,ufcstats,http://ufcstats.com/fighter-details/579fcdfcabd23a7b,
Georges St-Pierre,1981-05-19,180.3,193.0,Orthodox,,,,,,,,ufcstats,http://ufcstats.com/fighter-details/6506c1d34da9c013,
Andreas Stahl,1988-05-20,180.3,,Orthodox,,,,,,,,ufcstats,http://ufcstats.com/fighter-details/69a400af4420cd6a,
Cristina Stanciu,1994-03-29,160.0,,Orthodox,,,,,,,,ufcstats,http://ufcstats.com/fighter-details/175852708cb55776,
Ron Stallings,1983-01-25,188.0,190.5,Southpaw,,,,,,,,ufcstats,http://ufcstats.com/fighter-details/6dd758d34da8d254,
Daniel Spitz,1990-07-31,200.7,208.3,Orthodox,,,,,,,,ufcstats,http://ufcstats.com/fighter-details/f86cb5f25d545e0e,
Cody Stamann,1989-11-09,167.6,162.6,Orthodox,,,,,,,,ufcstats,http://ufcstats.com/fighter-details/bf7ad5628363eec9,
Adam Steele,,,,,,,,,,,,ufcstats,http://ufcstats.com/fighter-details/16044bd8762cf794,
Damian Stasiak,1990-02-20,165.1,177.8,Orthodox,,,,,,,,ufcstats,http://ufcstats.com/fighter-details/42a7e90605df3c8a,
Clifford Starks,1981-04-25,182.9,198.1,Orthodox,,,,,,,,ufcstats,http://ufcstats.com/fighter-details/5abf827d62f98fee,
Laureano Staropoli,1993-02-27,185.4,180.3,Orthodox,,,,,,,,ufcstats,http://ufcstats.com/fighter-details/a12a8314adc1c1c9,
Kalib Starnes,1975-01-06,190.5,188.0,Orthodox,,,,,,,,ufcstats,http://ufcstats.com/fighter-details/c8136ab8aa32c974,
Dion Staring,1978-06-09,185.4,,Orthodox,,,,,,,,ufcstats,http://ufcstats.com/fighter-details/289a57039d742bfe,
Lucas Stark,,,,,,,,,,,,ufcstats,http://ufcstats.com/fighter-details/93e4754d0984c82f,
Josh Stansbury,1984-11-19,188.0,188.0,Orthodox,,,,,,,,ufcstats,http://ufcstats.com/fighter-details/30ea504870f8597b,
Ricky Steele,1988-05-26,175.3,188.0,Orthodox,,,,,,,,ufcstats,http://ufcstats.com/fighter-details/09a6ed4ee97a5606,
Dominique Steele,1988-01-27,177.8,188.0,Orthodox,,,,,,,,ufcstats,http://ufcstats.com/fighter-details/68c11c27d4d56572,
Eric Steenberg,1983-06-22,,,,,,,,,,,ufcstats,http://ufcstats.com/fighter-details/377bc9dc0b2745f9,
Kody Steele,1995-04-21,175.3,180.3,Orthodox,,,,,,,,ufcstats,http://ufcstats.com/fighter-details/aebaa8cec15b083d,
Steve Steinbeiss,1981-05-05,190.5,190.5,Orthodox,,,,,,,,ufcstats,http://ufcstats.com/fighter-details/0b5b6876c2a4723f,
Dmitri Stepanov,,190.5,,Orthodox,,,,,,,,ufcstats,http://ufcstats.com/fighter-details/738acab0c6934dd8,
Ray Steinbeiss,1979-09-12,180.3,,Orthodox,,,,,,,,ufcstats,http://ufcstats.com/fighter-details/6000b5ae6c462142,
Aljamain Sterling,1989-07-31,170.2,180.3,Orthodox,,,,,,,,ufcstats,http://ufcstats.com/fighter-details/cb696ebfb6598724,
Marc Stevens,1985-05-28,175.3,,,,,,,,,,ufcstats,http://ufcstats.com/fighter-details/310c4d4b2b32796b,
Maia Stevenson,1982-03-19,162.6,157.5,Orthodox,,,,,,,,ufcstats,http://ufcstats.com/fighter-details/2fee10d5cf86bfca,
Gable Steveson,2000-05-31,180.3,188.0,Orthodox,,,,,,,,ufcstats,http://ufcstats.com/fighter-details/f7e856a73c96048e,
Luke Stewart,,180.3,,Orthodox,,,,,,,,ufcstats,http://ufcstats.com/fighter-details/27b1a406ac171b19,
Joe Stevenson,1982-06-15,170.2,177.8,Orthodox,,,,,,,,ufcstats,http://ufcstats.com/fighter-details/79899ecf62020f6d,
Jeremy Stephens,1986-05-25,175.3,180.3,Orthodox,,,,,,,,ufcstats,http://ufcstats.com/fighter-details/18968f97ad34f15c,
Dan Stittgen,1980-11-17,185.4,,Orthodox,,,,,,,,ufcstats,http://ufcstats.com/fighter-details/cc3147b49c7d7d92,
Kyle Stewart,1989-01-31,182.9,193.0,Orthodox,,,,,,,,ufcstats,http://ufcstats.com/fighter-details/bb61823f76361297,
Tyler Stinson,1986-01-17,190.5,,,,,,,,,,ufcstats,http://ufcstats.com/fighter-details/2cf520143e76cd2e,
Alex Stiebling,1976-12-26,188.0,,Southpaw,,,,,,,,ufcstats,http://ufcstats.com/fighter-details/df5a77121ba84a5d,
Navajo Stirling,1997-11-07,193.0,200.7,Orthodox,,,,,,,,ufcstats,http://ufcstats.com/fighter-details/b4b496ec2197ee3e,
Darren Stewart,1990-12-30,182.9,188.0,Orthodox,,,,,,,,ufcstats,http://ufcstats.com/fighter-details/a17ad5a5048e8c3f,
Lazar Stojadinovic,1989-03-22,170.2,172.7,Southpaw,,,,,,,,ufcstats,http://ufcstats.com/fighter-details/4d25497994da569c,
Denis Stojnic,1980-02-02,182.9,,Orthodox,,,,,,,,ufcstats,http://ufcstats.com/fighter-details/a421465acbe59c77,
Ryan Stonitsch,1977-02-03,175.3,,Southpaw,,,,,,,,ufcstats,http://ufcstats.com/fighter-details/8d477c3fbe001f9d,
Niklas Stolze,1992-12-28,185.4,188.0,Switch,,,,,,,,ufcstats,http://ufcstats.com/fighter-details/62f7097c04311193,
Ken Stone,1982-10-08,172.7,180.3,Southpaw,,,,,,,,ufcstats,http://ufcstats.com/fighter-details/fbf0947399d14323,
Dustin Stoltzfus,1991-11-15,182.9,190.5,Orthodox,,,,,,,,ufcstats,http://ufcstats.com/fighter-details/71505842fb6455c3,
Julija Stoliarenko,1993-04-08,170.2,167.6,Orthodox,,,,,,,,ufcstats,http://ufcstats.com/fighter-details/a78a87d8c2bbb1cb,
Mark Striegl,1988-06-23,172.7,177.8,Southpaw,,,,,,,,ufcstats,http://ufcstats.com/fighter-details/ef1182eb28c17d4e,
Hans Stringer,1987-07-06,190.5,,Orthodox,,,,,,,,ufcstats,http://ufcstats.com/fighter-details/523f6ad11dbe9b53,
Sean Strickland,1991-02-27,185.4,193.0,Orthodox,,,,,,,,ufcstats,http://ufcstats.com/fighter-details/0d8011111be000b2,
Gerald Strebendt,1979-03-01,175.3,,Orthodox,,,,,,,,ufcstats,http://ufcstats.com/fighter-details/04f9fe830cf13482,
Jesse Strader,1991-05-29,170.2,177.8,Orthodox,,,,,,,,ufcstats,http://ufcstats.com/fighter-details/8c39367b53eadf8a,
George Stork,,177.8,,,,,,,,,,ufcstats,http://ufcstats.com/fighter-details/61dd409cb40d1a55,
Gennaro Strangis,,,,,,,,,,,,ufcstats,http://ufcstats.com/fighter-details/495add4fbede0a44,
Dave Strasser,1969-07-13,177.8,,Orthodox,,,,,,,,ufcstats,http://ufcstats.com/fighter-details/980b4e712489098e,
Darko Stosic,1992-02-09,182.9,193.0,Orthodox,,,,,,,,ufcstats,http://ufcstats.com/fighter-details/025f0b1b58fbad01,
Greg Stott,,170.2,,Southpaw,,,,,,,,ufcstats,http://ufcstats.com/fighter-details/91181b29be041f1c,
Curtis Stout,1973-11-07,185.4,,Southpaw,,,,,,,,ufcstats,http://ufcstats.com/fighter-details/e09dbbd5fe3f0fe2,
Daniel Straus,1984-07-27,170.2,180.3,,,,,,,,,ufcstats,http://ufcstats.com/fighter-details/15347cd4cdf01b03,
Tim Stout,1979-02-09,180.3,,,,,,,,,,ufcstats,http://ufcstats.com/fighter-details/e1a4568fec1fc24f,
Rick Story,1984-08-28,175.3,180.3,Southpaw,,,,,,,,ufcstats,http://ufcstats.com/fighter-details/5b5307450405abf0,
Sam Stout,1984-04-23,175.3,177.8,Orthodox,,,,,,,,ufcstats,http://ufcstats.com/fighter-details/501b07aec9b8fc2d,
Mike Stumpf,1986-08-01,177.8,,,,,,,,,,ufcstats,http://ufcstats.com/fighter-details/c0c36a5b3d5bbdd5,
Kyle Sturgeon,1963-02-01,190.5,,Switch,,,,,,,,ufcstats,http://ufcstats.com/fighter-details/d30415ec5e8783cd,
Josh Stuart,,175.3,,,,,,,,,,ufcstats,http://ufcstats.com/fighter-details/601cf40c09090853,
Stefan Struve,1988-02-18,210.8,213.4,Orthodox,,,,,,,,ufcstats,http://ufcstats.com/fighter-details/ebc1f40e00e0c481,
Tatiana Suarez,1990-12-19,165.1,167.6,Southpaw,,,,,,,,ufcstats,http://ufcstats.com/fighter-details/b08012bbe542592a,
Daisuke Sugie,1980-10-12,167.6,,Orthodox,,,,,,,,ufcstats,http://ufcstats.com/fighter-details/8215e4fe24e8e81b,
Genki Sudo,1978-03-08,175.3,,Orthodox,,,,,,,,ufcstats,http://ufcstats.com/fighter-details/99dd0147dc4ef80c,
Masanori Suda,,175.3,,Orthodox,,,,,,,,ufcstats,http://ufcstats.com/fighter-details/3a7513372f79c8c8,
Lucasz Sudolski,1993-06-15,193.0,190.5,Orthodox,,,,,,,,ufcstats,http://ufcstats.com/fighter-details/b160e4f251283d70,
Takashi Sugiura,1970-05-31,180.3,,Southpaw,,,,,,,,ufcstats,http://ufcstats.com/fighter-details/06c60fc2c8dcd7bd,
Naho Sugiyuma,1978-02-03,154.9,,,,,,,,,,ufcstats,http://ufcstats.com/fighter-details/b205d4f2ff44bc89,
Sulangrangbo,2005-07-17,175.3,167.6,Southpaw,,,,,,,,ufcstats,http://ufcstats.com/fighter-details/1dd1a3aacde66f72,
Takaya Suzuki,2004-09-08,170.2,172.7,Southpaw,,,,,,,,ufcstats,http://ufcstats.com/fighter-details/81d59c1e07478361,
Martin Svensson,1985-04-25,185.4,,,,,,,,,,ufcstats,http://ufcstats.com/fighter-details/bcad7223af3c19da,
Daniel Swain,1991-01-30,175.3,177.8,Orthodox,,,,,,,,ufcstats,http://ufcstats.com/fighter-details/cc39185f2d7d89e4,
Cub Swanson,1983-11-02,172.7,177.8,Orthodox,,,,,,,,ufcstats,http://ufcstats.com/fighter-details/d247691a6c0e9034,
Mike Swick,1979-06-19,185.4,195.6,Orthodox,,,,,,,,ufcstats,http://ufcstats.com/fighter-details/9fe85152f351e737,
Joel Sutton,1969-07-07,180.3,,Orthodox,,,,,,,,ufcstats,http://ufcstats.com/fighter-details/a6a9ab5a824e8f66,
Danilo Suzart,1991-12-04,182.9,,Orthodox,,,,,,,,ufcstats,http://ufcstats.com/fighter-details/3d99e5aa85d7576a,
Chad Sutton,1982-08-07,185.4,,,,,,,,,,ufcstats,http://ufcstats.com/fighter-details/556347e2b0e33979,
Justin Sumter,1989-11-16,188.0,203.2,Southpaw,,,,,,,,ufcstats,http://ufcstats.com/fighter-details/31f9a1f56cbb6ac5,
Magomed Sultanakhmedov,1984-05-11,188.0,,Southpaw,,,,,,,,ufcstats,http://ufcstats.com/fighter-details/fe1fdc6be470f773,
Amar Suloev,1976-07-01,175.3,,Orthodox,,,,,,,,ufcstats,http://ufcstats.com/fighter-details/7aa88401f93ce836,
Rama Supandhi,1991-11-07,165.1,167.6,Southpaw,,,,,,,,ufcstats,http://ufcstats.com/fighter-details/6d537248fe7cccf1,
Aji Susilo,,177.8,,,,,,,,,,ufcstats,http://ufcstats.com/fighter-details/22af3546bd967280,
George Sullivan,1981-03-13,182.9,185.4,Orthodox,,,,,,,,ufcstats,http://ufcstats.com/fighter-details/6c7e25571490aa3b,
Sumudaerji,1996-01-20,172.7,182.9,Southpaw,,,,,,,,ufcstats,http://ufcstats.com/fighter-details/3cf18e01cb6cbde3,
Jason Suttie,1973-08-07,182.9,,Orthodox,,,,,,,,ufcstats,http://ufcstats.com/fighter-details/cc5834a495d1ea08,
Baisangur Susurkaev,2001-01-08,188.0,200.7,Orthodox,,,,,,,,ufcstats,http://ufcstats.com/fighter-details/d1feea7a4bdcd503,
Louie Sutherland,1994-02-08,190.5,193.0,Orthodox,,,,,,,,ufcstats,http://ufcstats.com/fighter-details/cdb7b38b1b357f26,
Floyd Sword,1976-08-24,182.9,,Orthodox,,,,,,,,ufcstats,http://ufcstats.com/fighter-details/5330fe7e4c3af81c,
Klaudia Sygula,1998-12-30,172.7,175.3,Orthodox,,,,,,,,ufcstats,http://ufcstats.com/fighter-details/9f5e3c20ce40b344,
Oumar Sy,1995-11-21,193.0,210.8,Orthodox,,,,,,,,ufcstats,http://ufcstats.com/fighter-details/46e2011d92463b7e,
Tony Sylvester,1978-01-27,185.4,,Southpaw,,,,,,,,ufcstats,http://ufcstats.com/fighter-details/87b7df65c30008c4,
Joao Zaiden,1993-03-16,,,,,,,,,,,ufcstats,http://ufcstats.com/fighter-details/6b614bda982f5214,
Anton Zafir,1987-05-10,180.3,,Orthodox,,,,,,,,ufcstats,http://ufcstats.com/fighter-details/8c822811eedc11ad,
Luke Zachrich,1981-12-19,188.0,188.0,Orthodox,,,,,,,,ufcstats,http://ufcstats.com/fighter-details/2284092f8b63273b,
Kevin Syler,1993-07-29,175.3,180.3,Switch,,,,,,,,ufcstats,http://ufcstats.com/fighter-details/9094a881a7513de3,
Youssef Zalal,1996-09-04,177.8,182.9,Switch,,,,,,,,ufcstats,http://ufcstats.com/fighter-details/52c2ae6d2f2d2613,
Bentley Syler,1982-12-22,162.6,,Orthodox,,,,,,,,ufcstats,http://ufcstats.com/fighter-details/abd2109bc4cb0291,
Aiemann Zahabi,1987-11-19,172.7,172.7,Orthodox,,,,,,,,ufcstats,http://ufcstats.com/fighter-details/24656ef4d605c96f,
Craig Zellner,1976-09-09,188.0,,Orthodox,,,,,,,,ufcstats,http://ufcstats.com/fighter-details/3794e5e0bb0defb6,
Roman Zentsov,1973-09-10,185.4,,Orthodox,,,,,,,,ufcstats,http://ufcstats.com/fighter-details/3144121470023e9a,
Elizeu Zaleski dos Santos,1986-12-11,180.3,185.4,Orthodox,,,,,,,,ufcstats,http://ufcstats.com/fighter-details/8adcbd525fab8d9b,
Zach Zane,1989-12-14,170.2,175.3,Southpaw,,,,,,,,ufcstats,http://ufcstats.com/fighter-details/cc3878d1ab41a5fa,
Magomed Zaynukov,1995-01-02,177.8,172.7,Orthodox,,,,,,,,ufcstats,http://ufcstats.com/fighter-details/04ff3a711504d6b3,
Bartosz Szewczyk,1997-09-18,193.0,185.4,Orthodox,,,,,,,,ufcstats,http://ufcstats.com/fighter-details/224050896306f00c,
Roger Zapata,1986-05-09,180.3,,Southpaw,,,,,,,,ufcstats,http://ufcstats.com/fighter-details/fe5ca7ef93c3f6a7,
Kevin Szaflarski,1994-12-30,195.6,195.6,Orthodox,,,,,,,,ufcstats,http://ufcstats.com/fighter-details/d2d05dda5f887f87,
Sebastian Szalay,1994-02-03,167.6,167.6,Orthodox,,,,,,,,ufcstats,http://ufcstats.com/fighter-details/f201f21cf2c79eb2,
Leo Sylvest,1973-09-03,180.3,,Orthodox,,,,,,,,ufcstats,http://ufcstats.com/fighter-details/58a36b4ccf5dc30e,
Marius Zaromskis,1980-07-30,175.3,,Orthodox,,,,,,,,ufcstats,http://ufcstats.com/fighter-details/abcf7e55a0a9ed89,
Tim Sylvia,1976-03-05,203.2,203.2,Orthodox,,,,,,,,ufcstats,http://ufcstats.com/fighter-details/2a542ee8a8b83559,
Manolo Zecchini,1996-10-22,172.7,172.7,Orthodox,,,,,,,,ufcstats,http://ufcstats.com/fighter-details/fd7ab338e4953644,
Daniel Zellhuber,1999-07-07,185.4,195.6,Switch,,,,,,,,ufcstats,http://ufcstats.com/fighter-details/4148802ae4a50768,
David Zawada,1990-08-01,182.9,190.5,Orthodox,,,,,,,,ufcstats,http://ufcstats.com/fighter-details/3bb2dc8e87b10a46,
Joao Zeferino,1986-01-15,180.3,,Orthodox,,,,,,,,ufcstats,http://ufcstats.com/fighter-details/be4076c9e8d791e3,
Rickson Zenidim,1999-02-17,170.2,170.2,Orthodox,,,,,,,,ufcstats,http://ufcstats.com/fighter-details/c879d8620261b1a3,
Carlos Zevallos,1978-09-05,182.9,,Orthodox,,,,,,,,ufcstats,http://ufcstats.com/fighter-details/cbf69fa846c7e3ee,
Zhang Tiequan,1978-07-25,172.7,175.3,Orthodox,,,,,,,,ufcstats,http://ufcstats.com/fighter-details/c23e3d4875340d8d,
Zhang Lipeng,1990-03-10,180.3,180.3,Southpaw,,,,,,,,ufcstats,http://ufcstats.com/fighter-details/7b310409440c9102,
Zhang Mingyang,1998-08-16,188.0,190.5,Orthodox,,,,,,,,ufcstats,http://ufcstats.com/fighter-details/8a65fd9ba31fd3f7,
Zhang Weili,1989-08-13,162.6,160.0,Switch,,,,,,,,ufcstats,http://ufcstats.com/fighter-details/1ebe20ebbfa15e29,
Zhang Zhenyang,,,,,,,,,,,,ufcstats,http://ufcstats.com/fighter-details/286e1d61fb315355,
Zhang Qinghe,2001-11-05,170.2,170.2,Southpaw,,,,,,,,ufcstats,http://ufcstats.com/fighter-details/45c7979c71751fcf,
Daermisi Zhawupasi,1999-09-15,172.7,172.7,Switch,,,,,,,,ufcstats,http://ufcstats.com/fighter-details/fd52e5f9ab25c94c,
Yao Zhikui,1991-02-07,165.1,162.6,Orthodox,,,,,,,,ufcstats,http://ufcstats.com/fighter-details/5ea918ea81b7dee2,
Zhou Kun,,,,,,,,,,,,ufcstats,http://ufcstats.com/fighter-details/d027fff39a34a9df,
Daria Zhelezniakova,1996-01-23,175.3,172.7,Orthodox,,,,,,,,ufcstats,http://ufcstats.com/fighter-details/07047eb7d17fb0a2,
Virgil Zwicker,1982-06-26,188.0,188.0,,,,,,,,,ufcstats,http://ufcstats.com/fighter-details/0c277f3ff66b0208,
Zhu Kangjie,1996-01-16,167.6,177.8,Orthodox,,,,,,,,ufcstats,http://ufcstats.com/fighter-details/6f4ec5aa3eced219,
Brahyam Zurcher,1996-03-10,177.8,177.8,Orthodox,,,,,,,,ufcstats,http://ufcstats.com/fighter-details/392878af4680849f,
James Zikic,1977-03-01,188.0,,Orthodox,,,,,,,,ufcstats,http://ufcstats.com/fighter-details/4b4fc3ddc307bc73,
Mike Zichelle,,,,,,,,,,,,ufcstats,http://ufcstats.com/fighter-details/6d3398b910461f2f,
Allan Zuniga,1992-04-04,170.2,177.8,Orthodox,,,,,,,,ufcstats,http://ufcstats.com/fighter-details/523af801b3429015,
Zhalgas Zhumagulov,1988-08-29,162.6,167.6,Switch,,,,,,,,ufcstats,http://ufcstats.com/fighter-details/55fa6ce3e522c8bb,
Fares Ziam,1997-03-21,185.4,190.5,Orthodox,,,,,,,,ufcstats,http://ufcstats.com/fighter-details/1e4f273069fb9e85,
Errol Zimmerman,1986-04-20,190.5,,Orthodox,,,,,,,,ufcstats,http://ufcstats.com/fighter-details/0aa74d04c196800c,
Dave Zitanick,1980-03-05,,,,,,,,,,,ufcstats,http://ufcstats.com/fighter-details/be124bdd60fab7d5,
Alex Zuniga,,,,,,,,,,,,ufcstats,http://ufcstats.com/fighter-details/02d808afb96669de,
Igor Zinoviev,1966-05-23,185.4,,Orthodox,,,,,,,,ufcstats,http://ufcstats.com/fighter-details/108afe61a26bcbf4,
Cat Zingano,1982-07-01,167.6,172.7,Southpaw,,,,,,,,ufcstats,http://ufcstats.com/fighter-details/3ecd936bd8814108,
George Zuniga,,175.3,,,,,,,,,,ufcstats,http://ufcstats.com/fighter-details/1291dd6b8ab4d952,
