date,event,weight_class,fighter_a,fighter_b,winner,method,round,time,scheduled_rounds,title_fight,a_sig_landed,a_sig_attempted,a_td_landed,a_td_attempted,a_sub_attempts,a_knockdowns,a_ctrl_seconds,b_sig_landed,b_sig_attempted,b_td_landed,b_td_attempted,b_sub_attempts,b_knockdowns,b_ctrl_seconds,a_odds,b_odds
2004-03-09,Desafio - Natal vs. Nordeste,,Patricio Freire,Dida Dida,Patricio Freire,KO/TKO,1,5:00,3,0,,,,,,,,,,,,,,,,
2004-10-21,BC 2 - Brazilian Challenger 2,,Patricio Freire,Marlon Silva,Patricio Freire,DEC,3,5:00,3,0,,,,,,,,,,,,,,,,
2005-02-24,OF - Octagon Fight,,Patricio Freire,Tarcisio Jardim,Patricio Freire,SUB,2,N/A,3,0,,,,,,,,,,,,,,,,
2005-09-08,FSLB - Fight Ship Looking Boy 1,,Patricio Freire,Joao Paulo Rodrigues de Souza,Patricio Freire,SUB,2,N/A,3,0,,,,,,,,,,,,,,,,
2006-04-06,TC - Tridenium Combat,,Patricio Freire,Rafael Silva,Patricio Freire,SUB,2,3:05,3,0,,,,,,,,,,,,,,,,
2007-01-24,BSB 2 - Bourbon Street Brawl 2,,Darren Elkins,Jeremy Markam,Darren Elkins,KO/TKO,1,0:00,3,0,,,,,,,,,,,,,,,,
2007-02-25,FCP 3 - Khalidov vs. Troeng,,Jan Blachowicz,Marcin Krysztofiak,Marcin Krysztofiak,DEC,2,5:00,3,0,,,,,,,,,,,,,,,,
2007-04-04,BSB 3 - Bourbon Street Brawl 3,,Darren Elkins,Matt Joseph,Darren Elkins,KO/TKO,1,0:00,3,0,,,,,,,,,,,,,,,,
2007-04-21,IMMAC 2 - Attack,,Darren Elkins,Daniel Wanderley,Darren Elkins,KO/TKO,1,5:00,3,0,,,,,,,,,,,,,,,,
2007-07-05,Leal Combat - Natal,,Patricio Freire,Jadyson Costa,Patricio Freire,SUB,1,4:34,3,0,,,,,,,,,,,,,,,,
2007-07-21,VF - Vila Fight,,Alexandre Pantoja,Antonio Carlos,Alexandre Pantoja,SUB,1,0:00,3,0,,,,,,,,,,,,,,,,
2007-08-24,Bodog Fight - Vancouver,,Darren Elkins,Atsuhiro Tsuboi,Darren Elkins,SUB,1,1:55,3,0,,,,,,,,,,,,,,,,
2007-09-15,KSW - Elimination,,Jan Blachowicz,Daniel Dowda,Jan Blachowicz,KO/TKO,1,1:35,3,0,,,,,,,,,,,,,,,,
2007-09-15,KSW - Elimination,,Jan Blachowicz,Pawel Gasinski,Jan Blachowicz,KO/TKO,1,2:36,3,0,,,,,,,,,,,,,,,,
2007-09-15,KSW - Elimination,,Jan Blachowicz,Sebastian Olchawa,Jan Blachowicz,DEC,2,5:00,3,0,,,,,,,,,,,,,,,,
2007-09-27,RFC - Rino's FC 4,,Patricio Freire,Paulo Dantas,Patricio Freire,SUB,1,2:21,3,0,,,,,,,,,,,,,,,,
2007-11-03,FTP - Global Showdown,,Chidi Njokuani,George Cortez,Chidi Njokuani,KO/TKO,1,1:30,3,0,,,,,,,,,,,,,,,,
2007-11-10,KSW 8 - Konfrontacja,,Jan Blachowicz,Andre Fyeet,Andre Fyeet,SUB,1,1:57,3,0,,,,,,,,,,,,,,,,
2008-04-26,C3 - Corral Combat Classic 2,,Darren Elkins,Decarlo Johnson,Darren Elkins,SUB,2,0:24,3,0,,,,,,,,,,,,,,,,
2008-05-09,KSW 9 - Konfrontacja,,Jan Blachowicz,Aziz Karaoglu,Jan Blachowicz,SUB,1,4:13,3,0,,,,,,,,,,,,,,,,
2008-05-09,KSW 9 - Konfrontacja,,Jan Blachowicz,Antoni Chmielewski,Jan Blachowicz,SUB,2,2:54,3,0,,,,,,,,,,,,,,,,
2008-05-09,KSW 9 - Konfrontacja,,Jan Blachowicz,Martin Zawada,Jan Blachowicz,DEC,2,5:00,3,0,,,,,,,,,,,,,,,,
2008-06-05,Leal Combat - Premium,,Patricio Freire,Fernando Vieira,Patricio Freire,DEC,3,5:00,3,0,,,,,,,,,,,,,,,,
2008-07-19,CD - Copa Desafio,,Santiago Ponzinibbio,Gaston Micucci,Santiago Ponzinibbio,KO/TKO,3,3:13,3,0,,,,,,,,,,,,,,,,
2008-08-02,RF - Rocinha Fight,,Alexandre Pantoja,Peterson Maffort,Alexandre Pantoja,KO/TKO,2,0:00,3,0,,,,,,,,,,,,,,,,
2008-08-15,C3 - Summer Fight Fest 3,,Darren Elkins,Kenny Klein,Darren Elkins,KO/TKO,1,1:36,3,0,,,,,,,,,,,,,,,,
2008-09-13,KSW - Extra,,Jan Blachowicz,Christian M'Pumbu,Jan Blachowicz,SUB,2,3:12,3,0,,,,,,,,,,,,,,,,
2008-09-19,SWC 1 - Inception,,Chidi Njokuani,Andrew Moncriefe,Chidi Njokuani,KO/TKO,1,0:22,3,0,,,,,,,,,,,,,,,,
2008-09-25,WOCS - Watch Out Combat Show 2,,Alexandre Pantoja,Willian Viana,Willian Viana,S-DEC,3,5:00,3,0,,,,,,,,,,,,,,,,
2008-10-05,CDM - Cupide del MMA 1,,Santiago Ponzinibbio,Lucas Funes,Santiago Ponzinibbio,KO/TKO,1,1:30,3,0,,,,,,,,,,,,,,,,
2008-10-18,Fighting Spirit MMA - Superfights,,Kyle Prepolec,Justin Potter,Kyle Prepolec,KO/TKO,1,0:30,3,0,,,,,,,,,,,,,,,,
2008-11-07,CDM - Cupide del MMA 2,,Santiago Ponzinibbio,Emiliano Candau,Santiago Ponzinibbio,KO/TKO,2,3:12,3,0,,,,,,,,,,,,,,,,
2008-11-10,Xian Sports University - Ultimate Wrestle,,Xiaonan Yan,Unknown Fighter,Xiaonan Yan,KO/TKO,1,N/A,3,0,,,,,,,,,,,,,,,,
2008-11-22,C3 - Domination,,Darren Elkins,Pat Curran,Darren Elkins,DEC,3,5:00,3,0,,,,,,,,,,,,,,,,
2008-12-12,KSW 10 - Dekalog,,Jan Blachowicz,Maro Perak,Jan Blachowicz,SUB,2,1:51,3,0,,,,,,,,,,,,,,,,
2009-02-18,Fighting Spirit MMA - Bloody Valentine,,Kyle Prepolec,Jay Dawns,Kyle Prepolec,SUB,2,4:04,3,0,,,,,,,,,,,,,,,,
2009-03-07,SCF 2 - Supremacy Cage Fighting 2,,Dan Hooker,Mike Taylor,Dan Hooker,SUB,1,0:48,3,0,,,,,,,,,,,,,,,,
2009-03-28,Shooto Brazil 11 - Miranda vs. Matos,,Alexandre Pantoja,Gabriel Wolff,Alexandre Pantoja,KO/TKO,2,5:00,3,0,,,,,,,,,,,,,,,,
2009-04-02,BNC - Brazil Nordeste Combat,,Patricio Freire,Gleristone Santos,Patricio Freire,KO/TKO,1,2:16,3,0,,,,,,,,,,,,,,,,
2009-04-17,RFC 17 - Street Kings,,Edson Barboza,Aaron Steadman,Edson Barboza,KO/TKO,1,3:34,3,0,,,,,,,,,,,,,,,,
2009-05-08,BB - Bricktown Brawl 1,,Tim Elliott,Jerod Spoon,draw,DRAW,3,5:00,3,0,,,,,,,,,,,,,,,,
2009-05-30,Shooto Brazil 12 - Ramos vs. Fernandes,,Alexandre Pantoja,Bruno Moreno,Alexandre Pantoja,KO/TKO,3,4:09,3,0,,,,,,,,,,,,,,,,
2009-05-30,TFC 15 - Total Fight Challenge 15,,Darren Elkins,Danny Rodriguez,Darren Elkins,SUB,1,1:36,3,0,,,,,,,,,,,,,,,,
2009-05-30,Fighting Spirit MMA - Under Fire,,Kyle Prepolec,Pete Brown,Kyle Prepolec,DEC,3,5:00,3,0,,,,,,,,,,,,,,,,
2009-06-13,RMMA - Renaissance MMA 12,,Edson Barboza,Lee King,Edson Barboza,KO/TKO,2,1:14,3,0,,,,,,,,,,,,,,,,
2009-06-27,HFN - Harrah Fight Night,,Tim Elliott,Shane Howell,Shane Howell,SUB,3,2:25,3,0,,,,,,,,,,,,,,,,
2009-06-27,FC300 - Fight Club 300,,Vicente Luque,Andre Playboy,Vicente Luque,KO/TKO,1,2:52,3,0,,,,,,,,,,,,,,,,
2009-07-25,SCF 3 - Supremacy Cage Fighting 3,,Dan Hooker,Adam Calver,Adam Calver,S-DEC,3,5:00,3,0,,,,,,,,,,,,,,,,
2009-08-13,PFB - Platinum Fight Brazil,,Patricio Freire,Giovanni Diniz,Patricio Freire,SUB,1,2:20,3,0,,,,,,,,,,,,,,,,
2009-08-27,Shooto Brazil 13 - Bahadurzada vs. Batata,,Alexandre Pantoja,Michael William Costa,Alexandre Pantoja,DEC,3,5:00,3,0,,,,,,,,,,,,,,,,
2009-08-28,BB - Bricktown Brawl 2,,Tim Elliott,Jacky Brandon Bryant,Jacky Brandon Bryant,KO/TKO,1,0:52,3,0,,,,,,,,,,,,,,,,
2009-09-12,DC 6 - Duneland Classic 6,,Darren Elkins,Ted Worthington,Ted Worthington,KO/TKO,1,0:13,3,0,,,,,,,,,,,,,,,,
2009-09-25,BFN 3 - Bangkok Fight Night 3,,Chidi Njokuani,Warren Thompson,Warren Thompson,SUB,1,1:05,3,0,,,,,,,,,,,,,,,,
2009-09-26,EFC - Eagle Fighting Championship,,Patricio Freire,Vinicius Zani,Patricio Freire,KO/TKO,1,1:24,3,0,,,,,,,,,,,,,,,,
2009-09-27,WOCS - Watch Out Combat Show 5,,Alexandre Pantoja,Magno Alves,Alexandre Pantoja,KO/TKO,1,0:00,3,0,,,,,,,,,,,,,,,,
2009-09-27,Real Fights 6 - Respect,,Santiago Ponzinibbio,Matias Sosa Campi,Santiago Ponzinibbio,SUB,0,0:00,3,0,,,,,,,,,,,,,,,,
2009-10-10,TFC 17 - Total Fight Challenge 17,,Darren Elkins,Bryan Neville,Darren Elkins,KO/TKO,1,1:27,3,0,,,,,,,,,,,,,,,,
2009-10-24,TG - The Gladiators 2,,Vicente Luque,Pedro Borges dos Santos,Vicente Luque,SUB,1,3:58,3,0,,,,,,,,,,,,,,,,
2009-11-01,EFN - Explotion Fight Night 2,,Santiago Ponzinibbio,Diego Lopez,Santiago Ponzinibbio,SUB,1,2:31,3,0,,,,,,,,,,,,,,,,
2009-11-14,SCF 4 - Legends Rise,,Dan Hooker,Adam Calver,Dan Hooker,SUB,1,2:52,3,0,,,,,,,,,,,,,,,,
2009-11-20,RMMA - Renaissance MMA 15,,Edson Barboza,Lee King,Edson Barboza,SUB,1,2:04,3,0,,,,,,,,,,,,,,,,
2009-11-20,Hoosier FC 1 - Raise Up,,Darren Elkins,Gideon Ray,Darren Elkins,DEC,3,5:00,3,0,,,,,,,,,,,,,,,,
2009-11-21,Xian Sports University - Ultimate Wrestle,,Xiaonan Yan,Jin Tang,Xiaonan Yan,KO/TKO,1,0:29,3,0,,,,,,,,,,,,,,,,
2009-11-29,Grachan - Grachan 3,,Doo Ho Choi,Takashi Matsuoka,Doo Ho Choi,SUB,1,1:05,3,0,,,,,,,,,,,,,,,,
2009-12-05,PFB - Platinum Fight Brazil 2,,Patricio Freire,Johnny Iwasaki,Patricio Freire,SUB,2,3:27,3,0,,,,,,,,,,,,,,,,
2009-12-05,Rize 3 - Ascension,,Dan Hooker,Ken Yasuda,Dan Hooker,KO/TKO,1,3:12,3,0,,,,,,,,,,,,,,,,
2009-12-11,BB 3 - Holiday Havoc,,Tim Elliott,Victor Veloquio,Tim Elliott,KO/TKO,1,0:33,3,0,,,,,,,,,,,,,,,,
2009-12-12,WOCS - Watch Out Combat Show 6,,Alexandre Pantoja,Ralph Alves,Alexandre Pantoja,S-DEC,3,5:00,3,0,,,,,,,,,,,,,,,,
2009-12-27,AFC 2 - Argentina Fighting Championships 2,,Santiago Ponzinibbio,Andrez Jimenez,Santiago Ponzinibbio,SUB,1,0:00,3,0,,,,,,,,,,,,,,,,
2010-02-19,ROC 28 - Ring of Combat 28,,Edson Barboza,Nabih Barakat,Edson Barboza,KO/TKO,1,1:09,3,0,,,,,,,,,,,,,,,,
2010-03-05,M-1 Selection 2010 - Asia Round 1,,Doo Ho Choi,Jong Hwa Lee,Doo Ho Choi,KO/TKO,2,3:20,3,0,,,,,,,,,,,,,,,,
2010-03-05,RMMA - Renaissance MMA 16,,Edson Barboza,Jose Figueroa,Edson Barboza,KO/TKO,1,3:55,3,0,,,,,,,,,,,,,,,,
2010-03-21,UFC Live 1 - Vera vs. Jones,,Darren Elkins,Duane Ludwig,Darren Elkins,KO/TKO,1,0:44,3,0,,,,,,,,,,,,,,,,
2010-03-27,Rize 4 - Crowning Glory,,Dan Hooker,Sonny Brown,Sonny Brown,SUB,2,2:00,3,0,,,,,,,,,,,,,,,,
2010-03-27,Real Fights 7 - Apocalypse Night,,Santiago Ponzinibbio,Ezequiel Ricci,Santiago Ponzinibbio,DEC,3,5:00,3,0,,,,,,,,,,,,,,,,
2010-04-02,BB - Bricktown Brawl 4,,Tim Elliott,Michael Casteel,Tim Elliott,SUB,1,2:01,3,0,,,,,,,,,,,,,,,,
2010-04-22,BFC - Bellator Fighting Championships 15,,Patricio Freire,Will Romero,Patricio Freire,SUB,1,2:01,3,0,,,,,,,,,,,,,,,,
2010-04-24,HK - Hero Kombat 1,,Santiago Ponzinibbio,Henrique Inseto,Santiago Ponzinibbio,KO/TKO,2,4:53,3,0,,,,,,,,,,,,,,,,
2010-05-07,KSW 13 - Kumite,,Jan Blachowicz,Wojciech Orlowski,Jan Blachowicz,SUB,1,1:37,3,0,,,,,,,,,,,,,,,,
2010-05-07,KSW 13 - Kumite,,Jan Blachowicz,Julio Cezar de Lima,Jan Blachowicz,KO/TKO,1,3:40,3,0,,,,,,,,,,,,,,,,
2010-05-13,BFC - Bellator Fighting Championships 18,,Patricio Freire,Wilson Reis,Patricio Freire,DEC,3,5:00,3,0,,,,,,,,,,,,,,,,
2010-05-22,MMA Xplosion - Next Generation Fighter,,Chidi Njokuani,Jorge Lopez,Jorge Lopez,KO/TKO,1,4:15,3,0,,,,,,,,,,,,,,,,
2010-06-05,CF - Capital Fight 2,,Vicente Luque,Felipe Portela,Felipe Portela,SUB,3,3:00,3,0,,,,,,,,,,,,,,,,
2010-06-06,Deep - Cage Impact 2010 in Osaka,,Doo Ho Choi,Yusuke Kagiyama,Yusuke Kagiyama,S-DEC,2,5:00,3,0,,,,,,,,,,,,,,,,
2010-06-11,ROC 30 - Ring of Combat 30,,Edson Barboza,Marcelo Giudici,Edson Barboza,KO/TKO,1,3:01,3,0,,,,,,,,,,,,,,,,
2010-06-12,Shooto Brazil 16 - Formiga vs. Pantoja,,Alexandre Pantoja,Jussier Formiga,Jussier Formiga,DEC,3,5:00,3,0,,,,,,,,,,,,,,,,
2010-06-20,SRC - Sengoku Raiden Championship 13,,Doo Ho Choi,Ikuo Usuda,Doo Ho Choi,S-DEC,3,5:00,3,0,,,,,,,,,,,,,,,,
2010-06-24,BFC - Bellator Fighting Championships 23,,Patricio Freire,Joe Warren,Joe Warren,S-DEC,3,5:00,3,0,,,,,,,,,,,,,,,,
2010-06-24,WAFC - World Absolute FC,,Jan Blachowicz,Nikolai Onikienko,Jan Blachowicz,SUB,2,2:32,3,0,,,,,,,,,,,,,,,,
2010-06-25,BB - Bricktown Brawl 5,,Tim Elliott,Cody Fuller,Tim Elliott,SUB,3,2:34,3,0,,,,,,,,,,,,,,,,
2010-06-27,Gladiator - Gladiator 7,,Doo Ho Choi,Yuichiro Ono,Doo Ho Choi,KO/TKO,1,N/A,3,0,,,,,,,,,,,,,,,,
2010-07-03,SCF 6 - Southern Supremacy,,Dan Hooker,Rob Lisita,Rob Lisita,S-DEC,3,5:00,3,0,,,,,,,,,,,,,,,,
2010-07-15,MC - Martial Combat 6,,Xiaonan Yan,Gina Iniong,Xiaonan Yan,DEC,3,5:00,3,0,,,,,,,,,,,,,,,,
2010-07-24,QFC 3 - Quito Fight Club 3,,Marlon Vera,Romel Orosco,Marlon Vera,SUB,2,1:12,3,0,,,,,,,,,,,,,,,,
2010-07-31,MMA Xplosion - Vianna vs. Lacy,,Chidi Njokuani,Chris Kennedy,Chidi Njokuani,KO/TKO,1,0:52,3,0,,,,,,,,,,,,,,,,
2010-08-01,TFC 4 - Tsumada Fighting Championship,,Islam Makhachev,Magomed Bekbolatov,Islam Makhachev,DEC,2,5:00,3,0,,,,,,,,,,,,,,,,
2010-08-01,UFC Live 2 - Jones vs. Matyushenko,,Darren Elkins,Charles Oliveira,Charles Oliveira,SUB,1,0:41,3,0,,,,,,,,,,,,,,,,
2010-08-07,C3 Fights - Slammin Jammin Weekend 5,,Neil Magny,Nolan Norwood,Neil Magny,SUB,2,2:44,3,0,,,,,,,,,,,,,,,,
2010-08-21,EFC - Expo Fighting Championship,,Santiago Ponzinibbio,Felipe Santos,Santiago Ponzinibbio,KO/TKO,1,4:25,3,0,,,,,,,,,,,,,,,,
2010-09-05,Deep - clubDeep Nagoya: Kobudo Fight,,Doo Ho Choi,Atsuhiro Tsuboi,Doo Ho Choi,KO/TKO,1,4:53,3,0,,,,,,,,,,,,,,,,
2010-09-16,MC - Martial Combat 10,,Xiaonan Yan,Karina Hallinan,Karina Hallinan,SUB,1,3:29,3,0,,,,,,,,,,,,,,,,
2010-09-17,Shooto Brazil 18 - Inocente vs. Moia,,Alexandre Pantoja,Bruno Azevedo,Alexandre Pantoja,SUB,1,0:00,3,0,,,,,,,,,,,,,,,,
2010-09-17,Shooto Brazil 18 - Inocente vs. Moia,,Vicente Luque,Rodrigo Medeiros,draw,DRAW,3,5:00,3,0,,,,,,,,,,,,,,,,
2010-09-18,KSW 14 - Judgment Day,,Jan Blachowicz,Daniel Tabera,Jan Blachowicz,KO/TKO,2,4:19,3,0,,,,,,,,,,,,,,,,
2010-10-14,AF - Amazon Fight 5,,Santiago Ponzinibbio,Yuri Fraga,Santiago Ponzinibbio,DEC,3,5:00,3,0,,,,,,,,,,,,,,,,
2010-10-22,C3 Fights - Slammin Jammin Weekend 6,,Tim Elliott,Victor Dominguez,Tim Elliott,DEC,3,5:00,3,0,,,,,,,,,,,,,,,,
2010-10-22,C3 Fights - Slammin Jammin Weekend 6,,Neil Magny,Nate Pratt,Neil Magny,DEC,3,5:00,3,0,,,,,,,,,,,,,,,,
2010-10-30,Xian Sports University - Ultimate Wrestle,,Xiaonan Yan,Xiaoying Wang,Xiaonan Yan,KO/TKO,2,0:29,3,0,,,,,,,,,,,,,,,,
2010-11-06,Cut Throat MMA - Supremacy,,Neil Magny,Lawrence Dunning,Neil Magny,KO/TKO,2,3:09,3,0,,,,,,,,,,,,,,,,
2010-11-06,BFL - Brazilian Fight League 9,,Santiago Ponzinibbio,Geverson Pereira Bergamo,Santiago Ponzinibbio,SUB,1,0:00,3,0,,,,,,,,,,,,,,,,
2010-11-13,KOTC - Infusion,,Chidi Njokuani,Jack Montgomery,Chidi Njokuani,SUB,1,1:35,3,0,,,,,,,,,,,,,,,,
2010-11-19,RTP - Rumble Time Promotions,,Neil Magny,Darion Terry,Neil Magny,KO/TKO,3,2:13,3,0,,,,,,,,,,,,,,,,
2010-11-20,UFC 123 - Rampage vs. Machida,,Edson Barboza,Mike Lullo,Edson Barboza,KO/TKO,3,0:26,3,0,,,,,,,,,,,,,,,,
2010-11-27,CCCW - Capital City Cage Wars,,Dustin Jacoby,Dan McGlasson,Dustin Jacoby,KO/TKO,1,2:09,3,0,,,,,,,,,,,,,,,,
2010-12-22,WFC 3 - Pantoja Vs Souza,,Alexandre Pantoja,Samuel de Souza,Alexandre Pantoja,KO/TKO,1,1:23,3,0,,,,,,,,,,,,,,,,
2011-01-29,CCCW 6 - Capital City Cage Wars,,Dustin Jacoby,David Gaston,Dustin Jacoby,KO/TKO,1,0:54,3,0,,,,,,,,,,,,,,,,
2011-02-12,M-1 Selection Ukraine 2010 - The Finals,,Islam Makhachev,Tengiz Khuchua,Islam Makhachev,KO/TKO,1,0:30,3,0,,,,,,,,,,,,,,,,
2011-02-26,AOWCF - Art of War Cage Fights,,Tim Elliott,John McDowell,Tim Elliott,KO/TKO,1,2:56,3,0,,,,,,,,,,,,,,,,
2011-03-12,Disorderly Conduct 1 - St. Patty's Day Showdown 1,,Dustin Jacoby,Ryan Braun,Dustin Jacoby,SUB,1,1:05,3,0,,,,,,,,,,,,,,,,
2011-03-19,BFC - Bellator Fighting Championships 37,,Patricio Freire,Georgi Karakhanyan,Patricio Freire,KO/TKO,3,0:56,3,0,,,,,,,,,,,,,,,,
2011-03-19,UFC 128 - Shogun vs. Jones,,Edson Barboza,Anthony Njokuani,Edson Barboza,DEC,3,5:00,3,0,,,,,,,,,,,,,,,,
2011-03-19,KSW 15 - Konfrontacja,,Jan Blachowicz,Rameau Thierry Sokoudjou,Rameau Thierry Sokoudjou,KO/TKO,2,5:00,3,0,,,,,,,,,,,,,,,,
2011-04-09,Hoosier FC 7 - Validation,,Neil Magny,Kevin Nowaczyk,Neil Magny,DEC,3,5:00,3,0,,,,,,,,,,,,,,,,
2011-04-15,STFC 15 - Nature of the Beast,,Diego Ferreira,Joseph Daily,Diego Ferreira,S-DEC,3,3:00,3,0,,,,,,,,,,,,,,,,
2011-04-16,BFC - Bellator Fighting Championships 41,,Patricio Freire,Wilson Reis,Patricio Freire,KO/TKO,3,3:29,3,0,,,,,,,,,,,,,,,,
2011-04-21,Jungle Fight 27 - Brasilia,,Vicente Luque,Marcos Antonio Santana,Marcos Antonio Santana,DEC,3,5:00,3,0,,,,,,,,,,,,,,,,
2011-04-30,UWC Mexico 9.5 - Iguana,,Brandon Moreno,Atiq Jihad,Brandon Moreno,SUB,1,2:30,3,0,,,,,,,,,,,,,,,,
2011-04-30,CCCW - Fight Night 3,,Dustin Jacoby,Oscar Glover,Dustin Jacoby,KO/TKO,1,2:25,3,0,,,,,,,,,,,,,,,,
2011-05-06,TPF 9 - The Contenders,,Alex Perez,Jesus Castro,Alex Perez,KO/TKO,1,1:56,3,0,,,,,,,,,,,,,,,,
2011-05-06,ProFC - Union Nation Cup 15,,Islam Makhachev,Martiros Grigoryan,Islam Makhachev,KO/TKO,1,2:52,3,0,,,,,,,,,,,,,,,,
2011-05-06,TPF 9 - The Contenders,,Chidi Njokuani,Alan Jouban,Chidi Njokuani,KO/TKO,3,1:27,3,0,,,,,,,,,,,,,,,,
2011-05-14,Combat USA - Illinois State Finals,,Neil Magny,Quartius Stitt,Neil Magny,SUB,2,0:38,3,0,,,,,,,,,,,,,,,,
2011-05-14,Ringside MMA - Rising Star 3,,Kyle Prepolec,Keven Pellerin,Kyle Prepolec,KO/TKO,1,3:36,3,0,,,,,,,,,,,,,,,,
2011-05-21,BFC - Bellator Fighting Championships 45,,Patricio Freire,Daniel Straus,Patricio Freire,DEC,3,5:00,3,0,,,,,,,,,,,,,,,,
2011-05-21,Cowboy MMA - Caged Cowboys,,Tim Elliott,Kashiff Solarin,Tim Elliott,SUB,1,0:57,3,0,,,,,,,,,,,,,,,,
2011-05-21,KSW 16 - Konfrontacja,,Jan Blachowicz,Toni Valtonen,Jan Blachowicz,SUB,2,1:23,3,0,,,,,,,,,,,,,,,,
2011-06-11,UFC 131 - Dos Santos vs. Carwin,,Darren Elkins,Michihiro Omigawa,Darren Elkins,DEC,3,5:00,3,0,,,,,,,,,,,,,,,,
2011-06-18,EMMA 2 - Extreme FC: Conflicto,,Marlon Vera,Cesar Moreno,Marlon Vera,DEC,3,5:00,3,0,,,,,,,,,,,,,,,,
2011-06-24,UPC Unlimited - Up & Comers 4,,Alex Perez,Ruben Trujillo,Alex Perez,DEC,3,5:00,3,0,,,,,,,,,,,,,,,,
2011-06-25,UWC Mexico 10 - To the Edge,,Brandon Moreno,Marco Beristain,Marco Beristain,DEC,3,5:00,3,0,,,,,,,,,,,,,,,,
2011-06-25,XFO - Xtreme Fighting Organization 40,,Dustin Jacoby,Ryan Sturdy,Dustin Jacoby,KO/TKO,2,2:31,3,0,,,,,,,,,,,,,,,,
2011-07-01,TFC 5 - Tsumada Fighting Championship,,Islam Makhachev,Magomed Ibragimov,Islam Makhachev,SUB,2,3:15,3,0,,,,,,,,,,,,,,,,
2011-07-02,ProFC - Union Nation Cup Final,,Islam Makhachev,Vladimir Egoyan,Islam Makhachev,S-DEC,2,5:00,3,0,,,,,,,,,,,,,,,,
2011-07-09,CMMA - Centurion Mixed Martial Arts 2,,Santiago Ponzinibbio,Leonardo Mafra Teixeira,Leonardo Mafra Teixeira,KO/TKO,1,3:17,3,0,,,,,,,,,,,,,,,,
2011-07-21,Combat USA - Wisconsin vs. Illinois Championship,,Neil Magny,Andrew Trace,Andrew Trace,SUB,1,3:10,3,0,,,,,,,,,,,,,,,,
2011-07-22,TFC 2 - Top of the Forbidden City 2,,Muslim Salikhov,Hongtao Wang,Muslim Salikhov,KO/TKO,1,0:51,3,0,,,,,,,,,,,,,,,,
2011-07-30,SFC 8 - Triple Threat,,Dan Hooker,Scott MacGregor,Dan Hooker,SUB,1,4:42,3,0,,,,,,,,,,,,,,,,
2011-08-13,RMMA - Rockstrike MMA 2,,Ismael Bonfim,Lucas Oyapock,Ismael Bonfim,DEC,3,5:00,3,0,,,,,,,,,,,,,,,,
2011-08-19,TFC 4 - Top of the Forbidden City 4,,Muslim Salikhov,Dankao Sakda,Muslim Salikhov,KO/TKO,1,6:56,3,0,,,,,,,,,,,,,,,,
2011-08-20,ROF 41 - Bragging Rights,,Chidi Njokuani,Brandon Thatch,Brandon Thatch,KO/TKO,1,0:53,3,0,,,,,,,,,,,,,,,,
2011-08-27,UFC 134 - Silva vs. Okami,,Edson Barboza,Ross Pearson,Edson Barboza,S-DEC,3,5:00,3,0,,,,,,,,,,,,,,,,
2011-09-03,Gladiator - Gladiator 23,,Doo Ho Choi,Hisaki Hiraishi,Doo Ho Choi,DEC,2,5:00,3,0,,,,,,,,,,,,,,,,
2011-09-03,AFC 2 - Lombard vs. Taylor,,Dan Hooker,Yuma Ishizuka,Dan Hooker,DEC,3,5:00,3,0,,,,,,,,,,,,,,,,
2011-09-04,AP - Riverfists 2011,,Dustin Jacoby,Billy Horne,Dustin Jacoby,KO/TKO,1,0:37,3,0,,,,,,,,,,,,,,,,
2011-09-04,PC - Precol Combat 5,,Ismael Bonfim,Adriano Moraes,Adriano Moraes,SUB,1,2:55,3,0,,,,,,,,,,,,,,,,
2011-09-10,UPC Unlimited - Up & Comers 6,,Alex Perez,Sam Milo,Alex Perez,DEC,3,5:00,3,0,,,,,,,,,,,,,,,,
2011-09-17,NCF - Nitrix Champion Fight 8,,Santiago Ponzinibbio,Lucas Nascimento,Santiago Ponzinibbio,KO/TKO,1,1:30,3,0,,,,,,,,,,,,,,,,
2011-09-17,NCF - Nitrix Champion Fight 8,,Santiago Ponzinibbio,Deivid Daniel dos Santos,Santiago Ponzinibbio,KO/TKO,3,0:15,3,0,,,,,,,,,,,,,,,,
2011-09-18,KWFN - Kazimierza Wielka Fight Night,,Robert Bryczek,Lukasz Christ,Robert Bryczek,SUB,1,2:17,3,0,,,,,,,,,,,,,,,,
2011-10-01,UGC 28 - Montreal,,Kyle Prepolec,Benoit Guionnet,Kyle Prepolec,KO/TKO,1,2:19,3,0,,,,,,,,,,,,,,,,
2011-10-01,SJSF - Sao Jose Super Fight 1,,Santiago Ponzinibbio,Sebastian de Oliveira Jr.,Santiago Ponzinibbio,KO/TKO,1,2:00,3,0,,,,,,,,,,,,,,,,
2011-10-08,UFC 136 - Edgar vs. Maynard 3,,Darren Elkins,Tiequan Zhang,Darren Elkins,DEC,3,5:00,3,0,,,,,,,,,,,,,,,,
2011-10-09,WMMAF - WMAC 2011 Finals,,Rizvan Kuniev,Ivan Gayvanovich,draw,DRAW,2,5:00,3,0,,,,,,,,,,,,,,,,
2011-10-15,RTC - Rock the Cage 2,,Aleksandar Rakic,Christian Radke,Christian Radke,SUB,1,4:34,3,0,,,,,,,,,,,,,,,,
2011-10-28,Wreck MMA - Unfinished Business,,Kyle Prepolec,Mustafa Khalil,Mustafa Khalil,DEC,3,5:00,3,0,,,,,,,,,,,,,,,,
2011-10-29,"Deep - Cage Impact 2011 in Tokyo, 2nd Round",,Doo Ho Choi,Nobuhiro Obiya,Doo Ho Choi,KO/TKO,3,0:55,3,0,,,,,,,,,,,,,,,,
2011-10-29,UFC 137 - Penn vs. Diaz,,Dustin Jacoby,Clifford Starks,Clifford Starks,DEC,3,5:00,3,0,,,,,,,,,,,,,,,,
2011-10-29,Rockstrike - MMA 4,,Ismael Bonfim,Jeferson Lucas,Jeferson Lucas,SUB,1,4:12,3,0,,,,,,,,,,,,,,,,
2011-11-05,PMMAF - Polish MMA Championships Finals,,Marcin Tybura,Adam Wieczorek,Marcin Tybura,DEC,2,5:00,3,0,,,,,,,,,,,,,,,,
2011-11-05,PMMAF - Polish MMA Championships Finals,,Marcin Tybura,Robert Marcok,Marcin Tybura,SUB,1,3:48,3,0,,,,,,,,,,,,,,,,
2011-11-13,OEF - Carphatian Primus Belt Round 1,,Marcin Tybura,Stanislaw Slusakowicz,Marcin Tybura,SUB,1,3:20,3,0,,,,,,,,,,,,,,,,
2011-11-19,DF - Demo Fight 6,,Vicente Luque,Darlan Almeida,Vicente Luque,SUB,1,3:25,3,0,,,,,,,,,,,,,,,,
2011-11-26,UWF 1 - Huerta vs. War Machine,,Diego Ferreira,Clint Roberts,Diego Ferreira,SUB,2,0:39,3,0,,,,,,,,,,,,,,,,
2011-11-26,KSW 17 - Revenge,,Jan Blachowicz,Rameau Thierry Sokoudjou,Jan Blachowicz,DEC,3,5:00,3,0,,,,,,,,,,,,,,,,
2011-12-02,TPF 11 - Redemption,,Alex Perez,Edgar Diaz,Edgar Diaz,SUB,1,0:43,3,0,,,,,,,,,,,,,,,,
2011-12-09,FA - Fatality Arena Fight Night 1,,Alexandre Pantoja,Sandro Gemaque de Souza,Alexandre Pantoja,KO/TKO,3,3:58,3,0,,,,,,,,,,,,,,,,
2011-12-12,MBC - Monster Black Combat,,Santiago Ponzinibbio,William Dias,Santiago Ponzinibbio,KO/TKO,2,5:00,3,0,,,,,,,,,,,,,,,,
2011-12-15,SFC - Siberian Fighting Championship 1,,Islam Makhachev,Migel Grigoryan,Islam Makhachev,SUB,1,4:25,3,0,,,,,,,,,,,,,,,,
2011-12-16,Deep - 56 Impact,,Doo Ho Choi,Mitsuhiro Ishida,Doo Ho Choi,KO/TKO,1,1:33,3,0,,,,,,,,,,,,,,,,
2011-12-16,RFA 1 - Elliott vs. Pulver,,Tim Elliott,Jens Pulver,Tim Elliott,KO/TKO,2,2:12,3,0,,,,,,,,,,,,,,,,
2012-01-07,WFC - Bruvado Bash,,Alex Perez,Jonathan MaCalolooy,Jonathan MaCalolooy,DEC,3,5:00,3,0,,,,,,,,,,,,,,,,
2012-01-14,UFC 142 - Aldo vs. Mendes,,Edson Barboza,Terry Etim,Edson Barboza,KO/TKO,3,2:02,3,0,,,,,,,,,,,,,,,,
2012-01-20,VMC - Voronezh Mixfight Cup,,Rizvan Kuniev,Mikhail Istomin,Rizvan Kuniev,KO/TKO,2,0:00,3,0,,,,,,,,,,,,,,,,
2012-01-28,CA Fight Syndicate - Rivalry,,Alex Perez,Kevin Michel,Alex Perez,DEC,3,3:00,3,0,,,,,,,,,,,,,,,,
2012-01-28,UFC on Fox 2 - Evans vs. Davis,,Dustin Jacoby,Chris Camozzi,Chris Camozzi,SUB,3,1:08,3,0,,,,,,,,,,,,,,,,
2012-01-29,UWC Mexico - New Blood 1,,Brandon Moreno,Luis Garcia,Brandon Moreno,SUB,1,2:21,3,0,,,,,,,,,,,,,,,,
2012-02-04,UCMMA 26 - The Real Deal,,Michael Page,Ben Dishman,Michael Page,KO/TKO,1,1:05,3,0,,,,,,,,,,,,,,,,
2012-02-04,XFS - Night of Champions 3,,Mateusz Gamrot,Arbi Shamaev,Mateusz Gamrot,KO/TKO,2,3:59,3,0,,,,,,,,,,,,,,,,
2012-02-04,FFA - New Talents 15,,Aleksandar Rakic,Carsten Lorenz,Aleksandar Rakic,KO/TKO,1,1:42,3,0,,,,,,,,,,,,,,,,
2012-02-11,HFC 10 - Hoosier Fight Club 10,,Neil Magny,Daniel Sandmann,Neil Magny,DEC,3,5:00,3,0,,,,,,,,,,,,,,,,
2012-02-20,Samurai FC 7 - Peace and War,,Marlon Vera,Jack Guzman,Marlon Vera,SUB,1,0:00,3,0,,,,,,,,,,,,,,,,
2012-02-24,LFC 10 - Legacy Fighting Championship 10,,Chidi Njokuani,Jonathan Harris,Chidi Njokuani,KO/TKO,1,1:54,3,0,,,,,,,,,,,,,,,,
2012-02-24,OEF - Carphatian Primus Belt Round 2,,Marcin Tybura,Andrzej Kosecki,Marcin Tybura,SUB,1,3:17,3,0,,,,,,,,,,,,,,,,
2012-02-25,KSW 18 - Unfinished Sympathy,,Jan Blachowicz,Mario Miranda,Jan Blachowicz,DEC,3,5:00,3,0,,,,,,,,,,,,,,,,
2012-03-02,Insano Empalux - Grand Prix,,Santiago Ponzinibbio,Sebastian de Oliveira Jr.,Santiago Ponzinibbio,KO/TKO,1,2:12,3,0,,,,,,,,,,,,,,,,
2012-03-02,Insano Empalux - Grand Prix,,Santiago Ponzinibbio,Diego Vieira,Santiago Ponzinibbio,SUB,1,1:59,3,0,,,,,,,,,,,,,,,,
2012-03-03,MEZ Sports - Pandemonium 6,,Brandon Moreno,Ron Scolesdang,Ron Scolesdang,DEC,3,3:00,3,0,,,,,,,,,,,,,,,,
2012-03-09,TPF 12 - Second Coming,,Alex Perez,Edgar Diaz,Alex Perez,SUB,1,2:33,3,0,,,,,,,,,,,,,,,,
2012-03-10,Shooto Brazil 28 - Cachorrao vs. Orellana,,Raoni Barcelos,Vitor Riso,Raoni Barcelos,KO/TKO,1,5:00,3,0,,,,,,,,,,,,,,,,
2012-03-18,VFN 3 - Vendetta 3,,Aleksandar Rakic,Richard Longhimo,Aleksandar Rakic,KO/TKO,2,4:30,3,0,,,,,,,,,,,,,,,,
2012-03-24,SFC 9 - Supremacy Fighting Championship 9,,Israel Adesanya,James Griffiths,Israel Adesanya,KO/TKO,1,2:09,3,0,,,,,,,,,,,,,,,,
2012-03-30,RFA 2 - Yvel vs. Alexander,,Tim Elliott,Josh Rave,Tim Elliott,SUB,1,0:28,3,0,,,,,,,,,,,,,,,,
2012-03-30,Legend FC - Legend Fighting Championship 8,,Dan Hooker,Haotian Wu,Haotian Wu,SUB,2,4:52,3,0,,,,,,,,,,,,,,,,
2012-04-06,BFC - Bellator Fighting Championships 64,,Kyle Prepolec,Lance Snow,Kyle Prepolec,SUB,1,2:54,3,0,,,,,,,,,,,,,,,,
2012-04-07,UCMMA 27 - Ultimate Challenge MMA 27,,Michael Page,Miguel Bernard,Michael Page,SUB,1,1:43,3,0,,,,,,,,,,,,,,,,
2012-04-14,AFC 3 - Australian Fighting Championship 3,,Dan Hooker,Rusty McBride,Dan Hooker,KO/TKO,2,3:57,3,0,,,,,,,,,,,,,,,,
2012-04-21,XFS - Night of Champions 4,,Mateusz Gamrot,Tomasz Matuszewski,Mateusz Gamrot,SUB,1,1:11,3,0,,,,,,,,,,,,,,,,
2012-04-26,Shooto Brazil 29 - Cachorrao vs. Pezao,,Raoni Barcelos,Gilmar Silva Milhorance,Raoni Barcelos,SUB,1,1:16,3,0,,,,,,,,,,,,,,,,
2012-04-27,MMA Attack 2 - Grabowski vs Sanchez,,Robert Bryczek,Livio Victoriano,Livio Victoriano,SUB,1,1:38,3,0,,,,,,,,,,,,,,,,
2012-04-28,Spartan MMA - Spartan MMA 2012,,Vicente Luque,Thiago Santos,Vicente Luque,KO/TKO,1,0:00,3,0,,,,,,,,,,,,,,,,
2012-05-04,UWF - Tournament of Warriors Round 1,,Diego Ferreira,Hector Munoz,Diego Ferreira,SUB,1,3:38,3,0,,,,,,,,,,,,,,,,
2012-05-05,UFC on Fox 3 - Diaz vs. Miller,,Tim Elliott,John Dodson,John Dodson,DEC,3,5:00,3,0,,,,,,,,,,,,,,,,
2012-05-10,TPF 13 - Unfinished Business,,Chidi Njokuani,John Reedy,Chidi Njokuani,KO/TKO,1,0:55,3,0,,,,,,,,,,,,,,,,
2012-05-19,Xplode Fight Series - Hunted,,Brandon Moreno,Jonathan Carter,Brandon Moreno,SUB,1,1:15,3,0,,,,,,,,,,,,,,,,
2012-05-26,Punisher 4 - Punisher Machala 4,,Marlon Vera,Alexis Patino Pinos,Marlon Vera,SUB,1,0:00,3,0,,,,,,,,,,,,,,,,
2012-05-26,UFC 146 - Dos Santos vs. Mir,,Edson Barboza,Jamie Varner,Jamie Varner,KO/TKO,1,3:23,3,0,,,,,,,,,,,,,,,,
2012-05-26,UFC 146 - Dos Santos vs. Mir,,Darren Elkins,Diego Brandao,Darren Elkins,DEC,3,5:00,3,0,,,,,,,,,,,,,,,,
2012-06-01,Prime FC 1 - Bajor vs. Tybura,,Marcin Tybura,Szymon Bajor,Marcin Tybura,S-DEC,3,3:00,3,0,,,,,,,,,,,,,,,,
2012-06-02,HFC 11 - Hoosier Fight Club 11,,Dustin Jacoby,Billy Johnson,Dustin Jacoby,KO/TKO,1,0:45,3,0,,,,,,,,,,,,,,,,
2012-06-03,WFC - Challengers 3,,Aleksandar Rakic,Laszlo Czene,Aleksandar Rakic,KO/TKO,1,0:00,3,0,,,,,,,,,,,,,,,,
2012-06-09,SJSF - Sao Jose Super Fight 2,,Santiago Ponzinibbio,Cleiton Duarte,Santiago Ponzinibbio,SUB,1,2:38,3,0,,,,,,,,,,,,,,,,
2012-06-16,Legend FC - Legend Fighting Championship 9,,Dan Hooker,Chengjie Wu,Dan Hooker,KO/TKO,1,3:44,3,0,,,,,,,,,,,,,,,,
2012-06-30,RFA 3 - Stevenson vs. Cochrane,,Chidi Njokuani,Bobby Cooper,Chidi Njokuani,DEC,3,5:00,3,0,,,,,,,,,,,,,,,,
2012-06-30,UWF - Tournament of Warriors Finale,,Diego Ferreira,Travonne Hobbs,Diego Ferreira,SUB,2,1:57,3,0,,,,,,,,,,,,,,,,
2012-06-30,RadMer 2 - 2 Round,,Abubakar Vagaev,Aleksandr Rudijanskiy,Abubakar Vagaev,DEC,2,5:00,3,0,,,,,,,,,,,,,,,,
2012-07-03,LK - Liga Kavkaz 2012,,Saygid Izagakhmaev,Soslanbek Malbakhov,Saygid Izagakhmaev,SUB,1,2:30,3,0,,,,,,,,,,,,,,,,
2012-07-06,ECC 2 - Elite Cage Championships 2,,Tai Tuivasa,Simon Osborne,Tai Tuivasa,KO/TKO,1,0:20,3,0,,,,,,,,,,,,,,,,
2012-07-14,Shooto Brazil 32 - Olivieri vs. Ferro,,Raoni Barcelos,Fabricio Batista,Raoni Barcelos,KO/TKO,1,0:21,3,0,,,,,,,,,,,,,,,,
2012-07-14,Shooto Brazil 32 - Olivieri vs. Ferro,,Alexandre Pantoja,Lincoln de Sa Oliveira,Alexandre Pantoja,DEC,3,5:00,3,0,,,,,,,,,,,,,,,,
2012-07-28,CITC 11 - Xtreme Couture vs. Southern California,,Brandon Moreno,Brenson Hansen,Brenson Hansen,DEC,3,3:00,3,0,,,,,,,,,,,,,,,,
2012-08-04,CPMMAF - Champion Fights,,Vicente Luque,Alfredo Souza,Alfredo Souza,S-DEC,3,5:00,3,0,,,,,,,,,,,,,,,,
2012-08-18,Deep - 59 Impact,,Doo Ho Choi,Kosuke Umeda,Doo Ho Choi,KO/TKO,1,2:49,3,0,,,,,,,,,,,,,,,,
2012-08-24,CFFC 16 - Williams vs. Jacoby,,Dustin Jacoby,Tim Williams,Dustin Jacoby,KO/TKO,1,4:04,3,0,,,,,,,,,,,,,,,,
2012-08-25,SFS 5 - Fraser vs. Hill,,Kyle Prepolec,Jason Meisel,Kyle Prepolec,SUB,2,2:58,3,0,,,,,,,,,,,,,,,,
2012-08-31,Gladiators Cage Fighting - Gladiators 2,,Tai Tuivasa,Aaron Nieborak,Tai Tuivasa,KO/TKO,1,0:40,3,0,,,,,,,,,,,,,,,,
2012-09-02,Lion's Fights 2 - Battle of Two Capitals,,Islam Makhachev,Anatoly Kormilkin,Islam Makhachev,SUB,1,3:17,3,0,,,,,,,,,,,,,,,,
2012-09-07,TPF 14 - Validation,,Alex Perez,Javier Galas,Alex Perez,SUB,1,1:37,3,0,,,,,,,,,,,,,,,,
2012-09-15,KSW 20 - Fighting Symphony,,Jan Blachowicz,Houston Alexander,Jan Blachowicz,DEC,3,5:00,3,0,,,,,,,,,,,,,,,,
2012-09-16,Deep - Cage Impact 2012 in Hamamatsu,,Kai Asakura,Tomoya Suzuki,Kai Asakura,SUB,1,2:34,3,0,,,,,,,,,,,,,,,,
2012-09-21,Shooto Brazil 34 - Jorjao vs. Raoni,,Raoni Barcelos,Jorge Rodrigues Silva,Raoni Barcelos,DEC,3,5:00,3,0,,,,,,,,,,,,,,,,
2012-09-22,Driller Promotions / SEG - Caged Chaos,,John Castaneda,Brandon Abrego,John Castaneda,KO/TKO,1,0:36,3,0,,,,,,,,,,,,,,,,
2012-09-22,Xplode Fight Series - Anarchy,,Brandon Moreno,Jesse Cruz,Brandon Moreno,S-DEC,3,5:00,3,0,,,,,,,,,,,,,,,,
2012-10-06,Big Dawg Promotions - In the Cage I Trust,,Jamall Emmers,James Gonzalez,Jamall Emmers,SUB,2,0:54,3,0,,,,,,,,,,,,,,,,
2012-10-12,BFC - Bellator Fighting Championships 76,,Kyle Prepolec,Jason Fischer,Jason Fischer,SUB,3,3:19,3,0,,,,,,,,,,,,,,,,
2012-10-13,Shuriken MMA - Clash of the Continents,,Dan Hooker,Sboh Ceeh Khuboni,Dan Hooker,SUB,1,2:53,3,0,,,,,,,,,,,,,,,,
2012-10-13,PACF - PA Cage Fight 14,,Jeremiah Wells,Quinton Stephens,Jeremiah Wells,KO/TKO,1,4:40,3,0,,,,,,,,,,,,,,,,
2012-10-20,XFS - Night of Champions 5,,Mateusz Gamrot,Tomas Deak,Mateusz Gamrot,DEC,2,5:00,3,0,,,,,,,,,,,,,,,,
2012-11-02,SFL 7 - Super Fight League 7,,Michael Page,Haitham El-Sayed,Michael Page,KO/TKO,1,2:15,3,0,,,,,,,,,,,,,,,,
2012-11-02,RFA 4 - Griffin vs. Escudero,,Chidi Njokuani,Phil Dace,Chidi Njokuani,KO/TKO,3,0:41,3,0,,,,,,,,,,,,,,,,
2012-11-03,WSOF 1 - Arlovski vs. Cole,,Dustin Jacoby,David Branch,David Branch,DEC,3,5:00,3,0,,,,,,,,,,,,,,,,
2012-11-09,Gladiators Cage Fighting - Gladiators 3,,Tai Tuivasa,Erik Nosa,Tai Tuivasa,KO/TKO,1,0:28,3,0,,,,,,,,,,,,,,,,
2012-11-15,TPF 15 - Collision Course,,Alex Perez,Carlos DeSoto,Alex Perez,KO/TKO,1,1:52,3,0,,,,,,,,,,,,,,,,
2012-11-17,ABG - Promotions,,Jamall Emmers,Matt Mazurek,Matt Mazurek,S-DEC,3,3:00,3,0,,,,,,,,,,,,,,,,
2012-11-17,UFC 154 - St. Pierre vs. Condit,,Darren Elkins,Steven Siler,Darren Elkins,DEC,3,5:00,3,0,,,,,,,,,,,,,,,,
2012-11-24,PLMMA 9 - Chelm,,Robert Bryczek,Pawel Krzeszowiec,Robert Bryczek,KO/TKO,1,1:39,3,0,,,,,,,,,,,,,,,,
2012-12-07,STFC 23 - Ferreira vs. Cortez,,Diego Ferreira,Jorge Cortez,Diego Ferreira,SUB,1,0:43,3,0,,,,,,,,,,,,,,,,
2012-12-08,GA - Gladiator Arena 4,,Marcin Tybura,Krystian Kopytowski,Marcin Tybura,KO/TKO,3,1:53,3,0,,,,,,,,,,,,,,,,
2012-12-15,UFC - The Ultimate Fighter 16 Finale,,Tim Elliott,Jared Papazian,Tim Elliott,DEC,3,5:00,3,0,,,,,,,,,,,,,,,,
2012-12-15,Beirut Elite Fighting Championship - First Blood,,Muslim Salikhov,Kris Hocum,Kris Hocum,SUB,1,1:40,3,0,,,,,,,,,,,,,,,,
2012-12-15,WLMMA - We Love MMA 4,,Nasrat Haqparast,Adrian Ruf,Adrian Ruf,SUB,1,3:30,3,0,,,,,,,,,,,,,,,,
2012-12-19,GEX - Old Jack's Fight Night,,Alexa Grasso,Sandra del Rincon,Alexa Grasso,KO/TKO,1,0:15,3,0,,,,,,,,,,,,,,,,
2012-12-29,PLMMA 10 - 2012 Final,,Robert Bryczek,Mateusz Pogudz,Robert Bryczek,DEC,3,5:00,3,0,,,,,,,,,,,,,,,,
2013-01-12,PC - Precol Combat 9,,Ismael Bonfim,Vinicius Luiz da Silva,Ismael Bonfim,SUB,1,3:56,3,0,,,,,,,,,,,,,,,,
2013-01-17,Bellator MMA - Bellator 85,,Patricio Freire,Pat Curran,Pat Curran,S-DEC,5,5:00,5,0,,,,,,,,,,,,,,,,
2013-01-18,Panama Fight League - Ultimate Combat Challenge 13,,Marlon Vera,Javier Umana Munoz,Marlon Vera,SUB,2,4:44,3,0,,,,,,,,,,,,,,,,
2013-01-19,UFC on FX 7 - Belfort vs. Bisping,,Edson Barboza,Lucas Martins,Edson Barboza,KO/TKO,1,2:38,3,0,,,,,,,,,,,,,,,,
2013-01-26,Driller Promotions / SEG - Downtown Showdown 12,,John Castaneda,Bruce Johnson,John Castaneda,SUB,1,2:32,3,0,,,,,,,,,,,,,,,,
2013-01-27,WFC - Web Fight Combat,,Raoni Barcelos,Joao Herdy Jr.,Raoni Barcelos,KO/TKO,2,0:00,3,0,,,,,,,,,,,,,,,,
2013-02-01,LFC 17 - Legacy Fighting Championship 17,,Jamall Emmers,Ernest de la Cruz,Jamall Emmers,DEC,3,5:00,3,0,,,,,,,,,,,,,,,,
2013-02-09,Fusion Fighting Championship - Reality Check,,Nathaniel Wood,Damo Weeden,Nathaniel Wood,KO/TKO,2,2:10,3,0,,,,,,,,,,,,,,,,
2013-02-15,Fight Time 13 - MMA Kings,,Billy Quarantillo,John de Jesus,Billy Quarantillo,S-DEC,3,5:00,3,0,,,,,,,,,,,,,,,,
2013-02-16,Deep - 61 Impact,,Doo Ho Choi,Tatsunao Nagakura,Doo Ho Choi,KO/TKO,2,4:15,3,0,,,,,,,,,,,,,,,,
2013-02-16,Vengeance Fighting Alliance - Round 1,,Ryan Spann,Aaron Lebrun,Ryan Spann,SUB,1,N/A,3,0,,,,,,,,,,,,,,,,
2013-02-22,STFC 24 - Bad Blood,,Diego Ferreira,Danny Salinas,Diego Ferreira,SUB,2,1:41,3,0,,,,,,,,,,,,,,,,
2013-02-23,UFC 157 - Rousey vs. Carmouche,,Neil Magny,Jon Manley,Neil Magny,DEC,3,5:00,3,0,,,,,,,,,,,,,,,,
2013-02-27,M-1 Challenge 37 - Khamanaev vs. Puhakka,,Marcin Tybura,Denis Komkin,Marcin Tybura,KO/TKO,1,5:00,3,0,,,,,,,,,,,,,,,,
2013-03-02,CCCW - The Uprising,,Dustin Jacoby,Andrew Sanchez,Dustin Jacoby,S-DEC,3,5:00,3,0,,,,,,,,,,,,,,,,
2013-03-09,Imperium - MMA Pro 2,,Vicente Luque,Yuri Moura,Vicente Luque,SUB,2,1:07,3,0,,,,,,,,,,,,,,,,
2013-03-16,MMA Fight Show - Summer Edition,,Alexandre Pantoja,Rodrigo Favacho dos Santos,Alexandre Pantoja,SUB,1,4:29,3,0,,,,,,,,,,,,,,,,
2013-03-16,EODV - El Orgullo del Valle,,Ryan Spann,Steven Zamora,Ryan Spann,SUB,1,2:25,3,0,,,,,,,,,,,,,,,,
2013-03-16,UFC 158 - St. Pierre vs. Diaz,,Darren Elkins,Antonio Carvalho,Darren Elkins,KO/TKO,1,3:06,3,0,,,,,,,,,,,,,,,,
2013-03-16,KSW 22 - Pride Time,,Jan Blachowicz,Goran Reljic,Jan Blachowicz,DEC,3,5:00,3,0,,,,,,,,,,,,,,,,
2013-03-21,Bellator MMA - Bellator 93,,Michael Page,Ryan Sanders,Michael Page,KO/TKO,1,0:10,3,0,,,,,,,,,,,,,,,,
2013-03-22,RFA 7 - Thatch vs. Rhodes,,Chidi Njokuani,Jeremy Kimball,Jeremy Kimball,SUB,2,1:51,3,0,,,,,,,,,,,,,,,,
2013-03-23,MEZ Sports - Pandemonium 8,,Brandon Moreno,Jason Carbajal,Brandon Moreno,KO/TKO,3,1:52,3,0,,,,,,,,,,,,,,,,
2013-03-23,MEZ Sports - Pandemonium 8,,Alex Perez,Peter Baltimore,Alex Perez,DEC,3,5:00,3,0,,,,,,,,,,,,,,,,
2013-04-09,M-1 Challenge 38 - Spring Battle,,Muslim Salikhov,Deyan Topalski,Muslim Salikhov,DEC,3,5:00,3,0,,,,,,,,,,,,,,,,
2013-04-09,M-1 Challenge 38 - Spring Battle,,Islam Makhachev,Mansour Barnaoui,Islam Makhachev,DEC,3,5:00,3,0,,,,,,,,,,,,,,,,
2013-04-12,SFL 15 - Super Fight League 15,,Michael Page,Ramdan Mohamed,Michael Page,SUB,1,3:48,3,0,,,,,,,,,,,,,,,,
2013-04-13,MFL 29 - Michiana Fight League 29,,Kyle Prepolec,Kevin Lee,Kevin Lee,SUB,2,2:17,3,0,,,,,,,,,,,,,,,,
2013-04-20,UFC on Fox 7 - Henderson vs. Melendez,,Darren Elkins,Chad Mendes,Chad Mendes,KO/TKO,1,1:08,3,0,,,,,,,,,,,,,,,,
2013-04-24,300 Sparta 1 - MMA,,Marlon Vera,Joel Iglesias,Marlon Vera,KO/TKO,1,4:04,3,0,,,,,,,,,,,,,,,,
2013-05-10,AFC 5 - Australian Fighting Championship 5,,Dan Hooker,Rusty McBride,Dan Hooker,SUB,1,1:31,3,0,,,,,,,,,,,,,,,,
2013-05-10,CF - Capital Fight 5,,Vicente Luque,Marcelo Lisboa,Vicente Luque,KO/TKO,1,0:00,3,0,,,,,,,,,,,,,,,,
2013-05-11,FHC 3 - Fight Hard Championship 3,,Alexa Grasso,Lupita Hernandez,Alexa Grasso,KO/TKO,1,0:12,3,0,,,,,,,,,,,,,,,,
2013-05-18,RUFF 9 - Ranik Ultimate Fighting Federation 9,,Yadong Song,Wuheng Zhao,nc,NC,1,N/A,3,0,,,,,,,,,,,,,,,,
2013-05-25,FMP 16 - We Don't Stop,,Marlon Vera,Luis Roberto Herrera,Marlon Vera,SUB,1,1:50,3,0,,,,,,,,,,,,,,,,
2013-05-26,Paranoa Fight - MMA,,Ismael Bonfim,Arthur Alencar,Ismael Bonfim,KO/TKO,2,3:45,3,0,,,,,,,,,,,,,,,,
2013-05-28,Azerbaijan MMA Federation - Azerbaijan vs. Turkey,,Tofiq Musayev,Yavuz Selim Kazanci,Tofiq Musayev,SUB,1,2:33,3,0,,,,,,,,,,,,,,,,
2013-05-31,LFC 20 - Legacy Fighting Championship 20,,Diego Ferreira,Carlo Prater,Diego Ferreira,DEC,3,5:00,3,0,,,,,,,,,,,,,,,,
2013-06-01,GFC - Gladiators Fighting Championship 2,,Reinier de Ridder,Marco Wuest,Reinier de Ridder,SUB,1,4:09,3,0,,,,,,,,,,,,,,,,
2013-06-01,SFC 13 - First Defense,,Nasrat Haqparast,Iles Ganijev,Nasrat Haqparast,KO/TKO,1,0:00,3,0,,,,,,,,,,,,,,,,
2013-06-08,KSW 23 - Khalidov vs. Manhoef,,Mateusz Gamrot,Mateusz Zawadzki,Mateusz Gamrot,KO/TKO,2,5:00,3,0,,,,,,,,,,,,,,,,
2013-06-15,Deep - Cage Impact 2013,,Doo Ho Choi,Shoji Maruyama,Doo Ho Choi,KO/TKO,2,2:33,3,0,,,,,,,,,,,,,,,,
2013-06-15,SHC - Striker's House Cup 27,,Lerryan Douglas,Leonardo Daldegan,Lerryan Douglas,SUB,1,4:00,3,0,,,,,,,,,,,,,,,,
2013-06-15,PACF - PA Cage Fight 16,,Jeremiah Wells,Scott Hudson,Jeremiah Wells,SUB,2,0:56,3,0,,,,,,,,,,,,,,,,
2013-06-15,Shuriken MMA - Best of the Best,,Israel Adesanya,John Vake,Israel Adesanya,KO/TKO,1,4:43,3,0,,,,,,,,,,,,,,,,
2013-06-21,Hero FC - Pride of the Valley 2,,Ryan Spann,Brandon Atkins,Ryan Spann,SUB,1,0:44,3,0,,,,,,,,,,,,,,,,
2013-06-21,Hero FC - Pride of the Valley 2,,Jamall Emmers,Alexander Hernandez,Jamall Emmers,S-DEC,3,5:00,3,0,,,,,,,,,,,,,,,,
2013-06-27,RadMer 4 - 2 Round,,Abubakar Vagaev,Adlan Abdulatipov,Abubakar Vagaev,DEC,2,5:00,3,0,,,,,,,,,,,,,,,,
2013-06-29,Inka 22 - Reiter vs. De Lima,,Marlon Vera,Fabio Bispo,draw,DRAW,3,5:00,3,0,,,,,,,,,,,,,,,,
2013-07-06,UFC 162 - Silva vs. Weidman,,Edson Barboza,Rafaello Oliveira,Edson Barboza,KO/TKO,2,1:44,3,0,,,,,,,,,,,,,,,,
2013-07-06,Vendetta - Rookies 2,,Aleksandar Rakic,Peter Rozmaring,Aleksandar Rakic,SUB,1,1:32,3,0,,,,,,,,,,,,,,,,
2013-07-07,WFC - Web Fight Combat 2,,Raoni Barcelos,Erinaldo dos Santos Rodrigues,Raoni Barcelos,KO/TKO,1,3:25,3,0,,,,,,,,,,,,,,,,
2013-07-07,Liga Kavkaz - Grand Umakhan Battle,,Saygid Izagakhmaev,Abdurakhman Aliev,Saygid Izagakhmaev,SUB,1,3:05,3,0,,,,,,,,,,,,,,,,
2013-07-12,Shooto Brazil 41 - Gilberto vs. Ricardinho,,Ismael Bonfim,Marcio Cesar,Ismael Bonfim,KO/TKO,1,0:25,3,0,,,,,,,,,,,,,,,,
2013-07-13,Smash - Smash Fight 2,,Vicente Luque,Carlos Alexandre Pereira,Carlos Alexandre Pereira,SUB,3,0:44,3,0,,,,,,,,,,,,,,,,
2013-07-26,MEZ Sports - Pandemonium 9,,Brandon Moreno,Paul Amaro,Brandon Moreno,SUB,2,3:01,3,0,,,,,,,,,,,,,,,,
2013-07-26,RFC 28 - Battle of the Bay,,Billy Quarantillo,Howard Reece,Billy Quarantillo,SUB,1,1:45,3,0,,,,,,,,,,,,,,,,
2013-07-31,Bellator MMA - Bellator 97,,Patricio Freire,Jared Downing,Patricio Freire,KO/TKO,2,0:54,3,0,,,,,,,,,,,,,,,,
2013-08-03,UCMMA 35 - Ultimate Challenge MMA 35,,Nathaniel Wood,Grisha Adams,Nathaniel Wood,SUB,1,3:01,3,0,,,,,,,,,,,,,,,,
2013-08-03,UFC 163 - Aldo vs. Korean Zombie,,Neil Magny,Sergio Moraes,Sergio Moraes,SUB,1,3:13,3,0,,,,,,,,,,,,,,,,
2013-08-10,011 MMA Team - 011 MMA Challenge 1,,Bruno Lopes,William Medeiros,Bruno Lopes,KO/TKO,1,5:00,3,0,,,,,,,,,,,,,,,,
2013-08-15,Liga Kavkaz - Battle in Khiv 1,,Saygid Izagakhmaev,Artem Savov,Saygid Izagakhmaev,SUB,1,0:50,3,0,,,,,,,,,,,,,,,,
2013-08-16,SFS - Shinzo Fight Sport,,Chidi Njokuani,LeVon Maynard,Chidi Njokuani,KO/TKO,1,4:40,3,0,,,,,,,,,,,,,,,,
2013-08-21,M-1 Global - M-1 Challenge 41,,Islam Makhachev,Rander Junio,Islam Makhachev,DEC,3,5:00,3,0,,,,,,,,,,,,,,,,
2013-08-21,M-1 Global - M-1 Challenge 41,,Marcin Tybura,Chaban Ka,Marcin Tybura,KO/TKO,1,2:05,3,0,,,,,,,,,,,,,,,,
2013-08-22,TPF 16 - The Return,,Alex Perez,Jeff Carson,Alex Perez,SUB,1,0:48,3,0,,,,,,,,,,,,,,,,
2013-08-24,Inka 23 - Pequeno vs. Owens,,Marlon Vera,Bruno Leandro Soares Lobato,Bruno Leandro Soares Lobato,DEC,3,5:00,3,0,,,,,,,,,,,,,,,,
2013-08-24,AFC 6 - Australian Fighting Championship 6,,Dan Hooker,Nick Patterson,Dan Hooker,KO/TKO,3,0:34,3,0,,,,,,,,,,,,,,,,
2013-08-24,RUFF 10 - Ranik Ultimate Fighting Federation 10,,Yadong Song,Baheibieke Wulalibieke,Yadong Song,DEC,3,5:00,3,0,,,,,,,,,,,,,,,,
2013-08-25,ODFC - Open Dag Fighting Championship 3,,Saygid Izagakhmaev,Temir-Sultan Ismailov,Saygid Izagakhmaev,SUB,1,3:20,3,0,,,,,,,,,,,,,,,,
2013-08-28,UFC Fight Night 27 - Condit vs. Kampmann 2,,Darren Elkins,Hatsu Hioki,Darren Elkins,DEC,3,5:00,3,0,,,,,,,,,,,,,,,,
2013-08-31,XK 20 - Xtreme Kombat 20,,Alexa Grasso,Karina Rodriguez,Alexa Grasso,DEC,3,3:00,3,0,,,,,,,,,,,,,,,,
2013-08-31,XK 20 - Xtreme Kombat 20,,Alexa Grasso,Alejandra Alvarez,Alexa Grasso,KO/TKO,1,0:36,3,0,,,,,,,,,,,,,,,,
2013-08-31,UFC 164 - Henderson vs. Pettis 2,,Tim Elliott,Louis Gaudinot,Tim Elliott,DEC,3,5:00,3,0,,,,,,,,,,,,,,,,
2013-09-07,IFC - Iron Fight Combat 4,,Lerryan Douglas,Jardel Evangelista,Lerryan Douglas,DEC,3,5:00,3,0,,,,,,,,,,,,,,,,
2013-09-13,Bellator MMA - Bellator 99,,Patricio Freire,Diego Nunes,Patricio Freire,KO/TKO,1,1:19,3,0,,,,,,,,,,,,,,,,
2013-09-20,ODFC - Open Dag Fighting Championship 5,,Saygid Izagakhmaev,Timur Ismailov,Saygid Izagakhmaev,SUB,1,2:40,3,0,,,,,,,,,,,,,,,,
2013-09-21,OC - Oplot Challenge 80,,Tofiq Musayev,Emilbek Beknazarov,Tofiq Musayev,SUB,1,3:26,3,0,,,,,,,,,,,,,,,,
2013-09-21,ID MMA Promotion - ID MMA 6,,Saygid Izagakhmaev,Artur Magomedov,Saygid Izagakhmaev,SUB,1,2:36,3,0,,,,,,,,,,,,,,,,
2013-09-21,ID MMA Promotion - ID MMA 6,,Saygid Izagakhmaev,Valeriy Eliseev,Saygid Izagakhmaev,KO/TKO,2,2:30,3,0,,,,,,,,,,,,,,,,
2013-09-28,Hero FC - Texas Pride,,Ryan Spann,Jhonoven Pati,Ryan Spann,SUB,1,2:32,3,0,,,,,,,,,,,,,,,,
2013-09-28,Hero FC - Texas Pride,,Jamall Emmers,Brett Ewing,Jamall Emmers,KO/TKO,2,0:54,3,0,,,,,,,,,,,,,,,,
2013-09-28,KSW 24 - Clash of the Giants,,Mateusz Gamrot,Andre Winner,Mateusz Gamrot,DEC,3,5:00,3,0,,,,,,,,,,,,,,,,
2013-10-11,Bellator MMA - Bellator 103,,Patricio Freire,Fabricio Silva,Patricio Freire,DEC,3,5:00,3,0,,,,,,,,,,,,,,,,
2013-10-11,LFC 24 - Legacy Fighting Championship 24,,Diego Ferreira,Chris Feist,Diego Ferreira,DEC,3,5:00,3,0,,,,,,,,,,,,,,,,
2013-10-19,IRFA - International Ring Fight Arena 5,,Robert Bryczek,Sadibou Sy,Sadibou Sy,DEC,3,5:00,3,0,,,,,,,,,,,,,,,,
2013-10-20,Real - Real Fight MMA Championship 3,,Heili Alateng,Woong Hee Lee,Heili Alateng,DEC,2,5:00,3,0,,,,,,,,,,,,,,,,
2013-10-20,M-1 Global - M-1 Challenge 42,,Marcin Tybura,Konstantin Gluhov,Marcin Tybura,SUB,1,4:30,3,0,,,,,,,,,,,,,,,,
2013-10-23,Inka 24 - Inka Fighting Championship 24,,Marlon Vera,D'Juan Owens,Marlon Vera,SUB,1,1:54,3,0,,,,,,,,,,,,,,,,
2013-10-26,PFC 1 - Unrivaled,,Kyle Prepolec,Adam Assenza,Kyle Prepolec,KO/TKO,2,4:40,3,0,,,,,,,,,,,,,,,,
2013-11-01,WOCS 31 - Watch Out Combat Show 31,,Alexandre Pantoja,Daniel Araujo,Alexandre Pantoja,SUB,1,2:13,3,0,,,,,,,,,,,,,,,,
2013-11-02,Driller Promotions - Mecca 2,,John Castaneda,Adam Schumacher,John Castaneda,KO/TKO,1,3:32,3,0,,,,,,,,,,,,,,,,
2013-11-02,Elite Boxing Germany - Elite Fight Night,,Alexander Poppeck,Andreas Muehlbayer,Alexander Poppeck,DQ,1,0:00,3,0,,,,,,,,,,,,,,,,
2013-11-06,UFC Fight Night 31 - Fight for the Troops 3,,Neil Magny,Seth Baczynski,Seth Baczynski,DEC,3,5:00,3,0,,,,,,,,,,,,,,,,
2013-11-08,BWF - Big Way Fight 3,,Joanderson Brito,Rafael Moreira,Rafael Moreira,SUB,1,2:40,3,0,,,,,,,,,,,,,,,,
2013-11-08,RFC 29 - Heavy Hitters,,Billy Quarantillo,J.P. Reese,J.P. Reese,DEC,3,5:00,3,0,,,,,,,,,,,,,,,,
2013-11-09,CMMAL - China MMA League,,Bo Meng,Weili Zhang,Bo Meng,DEC,2,5:00,3,0,,,,,,,,,,,,,,,,
2013-11-09,UFC Fight Night 32 - Belfort vs. Henderson,,Santiago Ponzinibbio,Ryan LaFlare,Ryan LaFlare,DEC,3,5:00,3,0,,,,,,,,,,,,,,,,
2013-11-11,KAMA - Korean All MMA Association 5,,Young Jae Song,Yong Ho Kim,draw,DRAW,3,3:00,3,0,,,,,,,,,,,,,,,,
2013-11-15,Bellator MMA - Bellator 108,,Patricio Freire,Justin Wilcox,Patricio Freire,KO/TKO,1,2:23,3,0,,,,,,,,,,,,,,,,
2013-11-15,LFC 25 - Legacy Fighting Championship 25,,Diego Ferreira,Jorge Patino,Diego Ferreira,DEC,5,5:00,5,0,,,,,,,,,,,,,,,,
2013-11-16,UFC 167 - St. Pierre vs. Hendricks,,Tim Elliott,Ali Bagautinov,Ali Bagautinov,DEC,3,5:00,3,0,,,,,,,,,,,,,,,,
2013-11-22,RFA 11 - Manzanares vs. Makovsky,,Raoni Barcelos,Tyler Toner,Raoni Barcelos,DEC,3,5:00,3,0,,,,,,,,,,,,,,,,
2013-11-30,FNL - Fight Night Lobez,,Robert Bryczek,Dawid Nowak,Robert Bryczek,KO/TKO,2,4:15,3,0,,,,,,,,,,,,,,,,
2013-11-30,RUFF 11 - Ranik Ultimate Fighting Federation 11,,Heili Alateng,Yadong Song,Yadong Song,DEC,3,5:00,3,0,,,,,,,,,,,,,,,,
2013-11-30,M-1 Global - M-1 Challenge 44,,Muslim Salikhov,Filip Kotarlic,Muslim Salikhov,KO/TKO,1,3:05,3,0,,,,,,,,,,,,,,,,
2013-11-30,OC - Oplot Challenge 90,,Tofiq Musayev,Mukhamed Berkhamov,Mukhamed Berkhamov,SUB,1,4:09,3,0,,,,,,,,,,,,,,,,
2013-12-07,Jungle Fight 62 - Sao Paulo,,Ismael Bonfim,Denis Silva,Ismael Bonfim,KO/TKO,3,2:42,3,0,,,,,,,,,,,,,,,,
2013-12-14,RF 10 - Real Fight 10,,Lerryan Douglas,Ricardo Sattelmayer,Lerryan Douglas,SUB,1,0:00,3,0,,,,,,,,,,,,,,,,
2013-12-14,UFC on Fox 9 - Johnson vs. Benavidez 2,,Edson Barboza,Danny Castillo,Edson Barboza,S-DEC,3,5:00,3,0,,,,,,,,,,,,,,,,
2013-12-20,Shooto Brazil 45 - Sa vs. Pantoja,,Alexandre Pantoja,Lincoln de Sa Oliveira,Alexandre Pantoja,DEC,3,5:00,3,0,,,,,,,,,,,,,,,,
2013-12-28,Txurdinaga Sutan - Pro Boxing & MMA,,Joel Alvarez,Aratz Garmendia,Joel Alvarez,SUB,1,3:19,3,0,,,,,,,,,,,,,,,,
2014-01-18,Main Event Sports - Main Event MMA 1,,Ricky Simon,Alex Eastman,Ricky Simon,KO/TKO,1,1:34,3,0,,,,,,,,,,,,,,,,
2014-01-18,OC - Oplot Challenge 96,,Magomed Ankalaev,Vasily Babich,Magomed Ankalaev,S-DEC,3,5:00,3,0,,,,,,,,,,,,,,,,
2014-01-25,UFC on Fox 10 - Henderson vs. Thomson,,Darren Elkins,Jeremy Stephens,Jeremy Stephens,DEC,3,5:00,3,0,,,,,,,,,,,,,,,,
2014-02-01,Hero FC - Best of the Best 1,,Ryan Spann,Randy McCarty,Ryan Spann,DEC,3,5:00,3,0,,,,,,,,,,,,,,,,
2014-02-01,UCMMA 38 - Ultimate Challenge MMA 38,,Nathaniel Wood,Abdullah Saleh,Nathaniel Wood,KO/TKO,1,0:22,3,0,,,,,,,,,,,,,,,,
2014-02-01,Hero FC - Best of the Best 1,,Jamall Emmers,Brett Ewing,Jamall Emmers,DEC,3,3:00,3,0,,,,,,,,,,,,,,,,
2014-02-01,UFC 169 - Barao vs. Faber 2,,Neil Magny,Gasan Umalatov,Neil Magny,DEC,3,5:00,3,0,,,,,,,,,,,,,,,,
2014-02-06,TPF 18 - Martinez vs. Culley,,Alex Perez,Eloy Garza,Alex Perez,DEC,3,5:00,3,0,,,,,,,,,,,,,,,,
2014-02-22,Driller Promotions / SEG - Caged Chaos at Canterbury Park 5,,John Castaneda,Derrick Mandell,John Castaneda,DEC,3,5:00,3,0,,,,,,,,,,,,,,,,
2014-02-22,Talent MMA Circuit 6 - Curitiba 2014,,Lerryan Douglas,Thiago Misael,Lerryan Douglas,DEC,3,5:00,3,0,,,,,,,,,,,,,,,,
2014-02-23,AFC - Anatolia Fighting Championship,,Nasrat Haqparast,Jiri Flajsar,Nasrat Haqparast,KO/TKO,1,0:38,3,0,,,,,,,,,,,,,,,,
2014-02-27,ID MMA Promotion - ID MMA 8,,Saygid Izagakhmaev,Muslim Tsitskiev,Saygid Izagakhmaev,SUB,2,2:22,3,0,,,,,,,,,,,,,,,,
2014-03-01,MMA Star in the Ring - Shamil vs. Renat,,Tofiq Musayev,Musulman Muslimov,Tofiq Musayev,KO/TKO,1,N/A,3,0,,,,,,,,,,,,,,,,
2014-03-07,RFA 13 - Cochrane vs. Escudero,,Chidi Njokuani,Chris Heatherly,nc,NC,1,3:31,3,0,,,,,,,,,,,,,,,,
2014-03-08,PFC 2 - Fight Night,,Kyle Prepolec,Keven Morin,Kyle Prepolec,DEC,3,5:00,3,0,,,,,,,,,,,,,,,,
2014-03-22,Xplode Fight Series - Fire,,Chris Padilla,Marko Damiani,Chris Padilla,KO/TKO,1,0:44,3,0,,,,,,,,,,,,,,,,
2014-03-22,LCS - Hysteria,,Gianni Vazquez,Carlos Apodaca,Gianni Vazquez,DEC,3,5:00,3,0,,,,,,,,,,,,,,,,
2014-03-29,RUFF 12 - Ranik Ultimate Fighting Federation 12,,Heili Alateng,Tom Ni,Heili Alateng,SUB,1,N/A,3,0,,,,,,,,,,,,,,,,
2014-03-29,RUFF 12 - Ranik Ultimate Fighting Federation 12,,Yadong Song,Baasankhuu Damnlanpurev,Yadong Song,SUB,1,3:01,3,0,,,,,,,,,,,,,,,,
2014-04-04,Shooto Brazil 47 - Rio Bonito,,Kaue Fernandes,Emanuel Souza Goncalves,Kaue Fernandes,SUB,1,0:22,3,0,,,,,,,,,,,,,,,,
2014-04-04,M-1 Global - M-1 Challenge 47,,Marcin Tybura,Maro Perak,Marcin Tybura,KO/TKO,3,3:26,3,0,,,,,,,,,,,,,,,,
2014-04-05,DFD - Duel for Domination 7,,Drakkar Klose,Nolan McLaughlin,Drakkar Klose,KO/TKO,1,3:10,3,0,,,,,,,,,,,,,,,,
2014-04-05,BAMMA 15 - Thompson vs. Selmani,,Nathaniel Wood,Ed Arthur,Ed Arthur,SUB,3,1:48,3,0,,,,,,,,,,,,,,,,
2014-04-05,GA 1 - Gryf Arena Fight Night 1,,Mateusz Rebecki,Pawel Zegar,Mateusz Rebecki,SUB,1,0:49,3,0,,,,,,,,,,,,,,,,
2014-04-11,RFA 14 - Manzanares vs. Maranhao,,Raoni Barcelos,Mark Dickman,Mark Dickman,SUB,2,2:06,3,0,,,,,,,,,,,,,,,,
2014-04-12,MMA Espana - Bandog Challenge 2,,Joel Alvarez,Hicham Rachid,Joel Alvarez,SUB,2,2:01,3,0,,,,,,,,,,,,,,,,
2014-04-19,Main Event Sports - Main Event MMA 2,,Ricky Simon,Kendell Ward,Ricky Simon,KO/TKO,1,0:49,3,0,,,,,,,,,,,,,,,,
2014-04-19,UFC on Fox 11 - Werdum vs. Browne,,Edson Barboza,Donald Cerrone,Donald Cerrone,SUB,1,3:15,3,0,,,,,,,,,,,,,,,,
2014-04-20,Siberian League - Pankration in Yugra,,Tofiq Musayev,Evgeny Lakhin,Evgeny Lakhin,SUB,1,1:12,3,0,,,,,,,,,,,,,,,,
2014-04-26,UFC 172 - Jones vs. Teixeira,,Tim Elliott,Joseph Benavidez,Joseph Benavidez,SUB,1,4:08,3,0,,,,,,,,,,,,,,,,
2014-05-03,UCMMA 39 - Ultimate Challenge MMA 39,,Nathaniel Wood,Oleksandr Bilobrovaka,Nathaniel Wood,KO/TKO,1,0:34,3,0,,,,,,,,,,,,,,,,
2014-05-03,Jungle Fight 69 - Itu,,Ismael Bonfim,Leonardo Carvalho Muller,Ismael Bonfim,KO/TKO,3,3:18,3,0,,,,,,,,,,,,,,,,
2014-05-10,UFC Fight Night 40 - Brown vs. Silva,,Neil Magny,Tim Means,Neil Magny,DEC,3,5:00,3,0,,,,,,,,,,,,,,,,
2014-05-16,STFC 29 - MayDay,,Gilbert Urbina,Salvador Gonzalez,Gilbert Urbina,DEC,3,3:00,3,0,,,,,,,,,,,,,,,,
2014-05-17,Bellator MMA - Bellator 120,,Michael Page,Ricky Rainey,Michael Page,KO/TKO,1,4:29,3,0,,,,,,,,,,,,,,,,
2014-05-17,Xplode Fight Series - Adrenaline,,Chris Padilla,Julian Hernandez,Chris Padilla,KO/TKO,1,0:08,3,0,,,,,,,,,,,,,,,,
2014-05-17,KSW 27 - Cage Time,,Mateusz Gamrot,Jefferson George,Mateusz Gamrot,DEC,3,5:00,3,0,,,,,,,,,,,,,,,,
2014-05-17,URF - Ultimate Reborn Fight 3,,Bruno Lopes,Kleber Ferreira Braz,Bruno Lopes,DEC,3,5:00,3,0,,,,,,,,,,,,,,,,
2014-05-31,Driller Promotions - Mecca 5,,John Castaneda,Matt Brown,Matt Brown,KO/TKO,1,2:22,3,0,,,,,,,,,,,,,,,,
2014-05-31,XFO 51 - Xtreme Fighting Organization 51,,Curtis Blaydes,Lorenzo Hood,Curtis Blaydes,KO/TKO,1,1:42,3,0,,,,,,,,,,,,,,,,
2014-06-07,RUFF Fu - Ranik Ultimate Fighting Federation Fu,,Heili Alateng,Baasankhuu Damnlanpurev,Baasankhuu Damnlanpurev,KO/TKO,2,2:03,3,0,,,,,,,,,,,,,,,,
2014-06-07,RUFF Fu - Ranik Ultimate Fighting Federation Fu,,Yadong Song,Yafei Zhao,Yadong Song,S-DEC,3,5:00,3,0,,,,,,,,,,,,,,,,
2014-06-07,M-1 Challenge 49 - Battle in the Mountains,,Islam Makhachev,Yuri Ivlev,Islam Makhachev,SUB,1,3:10,3,0,,,,,,,,,,,,,,,,
2014-06-07,SOFC - Strike Off 1,,Billy Quarantillo,Sandro da Silva,Billy Quarantillo,SUB,1,0:49,3,0,,,,,,,,,,,,,,,,
2014-06-07,BA 6 - Exped Cup,,Mateusz Rebecki,Semen Tyrlya,Mateusz Rebecki,SUB,1,2:35,3,0,,,,,,,,,,,,,,,,
2014-06-13,MMA Star in the Ring - Guseinov vs. Kalych,,Tofiq Musayev,Said Khalilov,Tofiq Musayev,KO/TKO,1,3:33,3,0,,,,,,,,,,,,,,,,
2014-06-14,SEC - Star Elite Cage Fighting,,Dan Ige,Spencer Higa,Dan Ige,SUB,3,3:07,3,0,,,,,,,,,,,,,,,,
2014-06-14,Hero FC - Best of the Best 2,,Jamall Emmers,Chris Pecero,Jamall Emmers,KO/TKO,3,3:39,3,0,,,,,,,,,,,,,,,,
2014-06-14,TFC - Tesla Fighting Championship 4,,Magomed Ankalaev,Denic Strahinja,Magomed Ankalaev,DEC,3,5:00,3,0,,,,,,,,,,,,,,,,
2014-06-14,TFC - Tesla Fighting Championship 4,,Rizvan Kuniev,Darko Stosic,Darko Stosic,DEC,3,5:00,3,0,,,,,,,,,,,,,,,,
2014-06-19,TPF 19 - Throwback Thursday,,Alex Perez,Del Hawkins,Alex Perez,KO/TKO,1,2:23,3,0,,,,,,,,,,,,,,,,
2014-06-20,Xplode Fight Series - Twentynine Palms Fight Night,,Chris Padilla,Kenny Wyckoff,Chris Padilla,KO/TKO,1,1:01,3,0,,,,,,,,,,,,,,,,
2014-06-21,ADJF - Acai do Japa Fight,,Vicente Luque,Paulistenio Rocha,Vicente Luque,DEC,3,5:00,3,0,,,,,,,,,,,,,,,,
2014-06-22,Absolute Championship Berkut - Grand Prix Berkut 9,,Abubakar Vagaev,Farhad Medzhidov,Abubakar Vagaev,SUB,1,3:18,3,0,,,,,,,,,,,,,,,,
2014-06-28,WFF - World Fighting Federation 14,,Brandon Moreno,Alex Contreras,Brandon Moreno,SUB,3,1:04,3,0,,,,,,,,,,,,,,,,
2014-06-28,UFC Fight Night 43 - Te Huna vs. Marquardt,,Dan Hooker,Ian Entwistle,Dan Hooker,KO/TKO,1,3:34,3,0,,,,,,,,,,,,,,,,
2014-06-28,UFC Fight Night 43 - Te Huna vs. Marquardt,,Neil Magny,Rodrigo Goiana de Lima,Neil Magny,KO/TKO,2,2:32,3,0,,,,,,,,,,,,,,,,
2014-06-28,UFC Fight Night 44 - Swanson vs. Stephens,,Diego Ferreira,Colton Smith,Diego Ferreira,SUB,1,0:38,3,0,,,,,,,,,,,,,,,,
2014-07-11,RFC 31 - New Breed,,Billy Quarantillo,Isaac Figueroa,Billy Quarantillo,SUB,2,3:34,3,0,,,,,,,,,,,,,,,,
2014-07-12,24/7 Entertainment 14 & 15 - New Regime and Cold War,,Miles Johns,Tyler Pacheco,Miles Johns,KO/TKO,2,1:27,3,0,,,,,,,,,,,,,,,,
2014-07-16,UFC Fight Night 45 - Cerrone vs. Miller,,Edson Barboza,Evan Dunham,Edson Barboza,KO/TKO,1,3:06,3,0,,,,,,,,,,,,,,,,
2014-07-17,FDAM - Fusao de Artes Marciais 3,,Amanda Lemos,Laura Falcao,Amanda Lemos,KO/TKO,1,4:23,3,0,,,,,,,,,,,,,,,,
2014-07-19,Xplode Fight Series - Cerebral,,Chris Padilla,Aaron Neveu,Chris Padilla,DEC,3,5:00,3,0,,,,,,,,,,,,,,,,
2014-07-19,Jungle Fight 71 - Sao Paulo,,Ismael Bonfim,Renato Carneiro,Renato Carneiro,SUB,1,2:59,3,0,,,,,,,,,,,,,,,,
2014-07-26,Driller Promotions - Live MMA at 7 Clans Casino,,John Castaneda,Ruddy Gray,John Castaneda,KO/TKO,2,3:17,3,0,,,,,,,,,,,,,,,,
2014-08-09,MMA Koszalin - Poland vs. Ukraine,,Mateusz Rebecki,Oleg Obrevko,Mateusz Rebecki,SUB,1,1:45,3,0,,,,,,,,,,,,,,,,
2014-08-15,M-1 Challenge 50 - Battle of Neva,,Marcin Tybura,Damian Grabowski,Marcin Tybura,SUB,1,1:28,3,0,,,,,,,,,,,,,,,,
2014-08-16,Main Event Sports - Main Event MMA 3,,Ricky Simon,John Martinez,Ricky Simon,KO/TKO,1,3:41,3,0,,,,,,,,,,,,,,,,
2014-08-16,Alash Pride - Selection 4,,Nursulton Ruziboev,Shamil Rafikov,Nursulton Ruziboev,SUB,2,1:53,3,0,,,,,,,,,,,,,,,,
2014-08-22,Titan FC 29 - Titan Fighting Championship 29,,Dustin Jacoby,Lucas Lopes,Dustin Jacoby,KO/TKO,1,4:15,3,0,,,,,,,,,,,,,,,,
2014-08-23,UFC Fight Night 49 - Henderson vs. dos Anjos,,Neil Magny,Alex Garcia,Neil Magny,DEC,3,5:00,3,0,,,,,,,,,,,,,,,,
2014-08-30,UFC 177 - Dillashaw vs. Soto,,Diego Ferreira,Ramsey Nijem,Diego Ferreira,KO/TKO,2,1:53,3,0,,,,,,,,,,,,,,,,
2014-08-31,Kunlun Fight 9 - World Tour,,Jingnan Xiong,Inna Hutsal,Jingnan Xiong,SUB,1,0:50,3,0,,,,,,,,,,,,,,,,
2014-09-05,Bellator MMA - Bellator 123,,Patricio Freire,Pat Curran,Patricio Freire,DEC,5,5:00,5,0,,,,,,,,,,,,,,,,
2014-09-05,Bellator MMA - Bellator 123,,Dustin Jacoby,Muhammed Lawal,Muhammed Lawal,KO/TKO,2,1:13,3,0,,,,,,,,,,,,,,,,
2014-09-06,Invicta FC 8 - Waterson vs. Tamada,,Alexa Grasso,Ashley Cummins,Alexa Grasso,DEC,3,5:00,3,0,,,,,,,,,,,,,,,,
2014-09-06,Invicta FC 8 - Waterson vs. Tamada,,J.J. Aldrich,Delaney Owen,J.J. Aldrich,DEC,3,5:00,3,0,,,,,,,,,,,,,,,,
2014-09-06,Jungle Fight 73 - 18th Anniversary,,Gregory Rodrigues,Bruno Lopes,Bruno Lopes,KO/TKO,1,1:05,3,0,,,,,,,,,,,,,,,,
2014-09-07,M-1 Challenge 51 - Fightspirit,,Islam Makhachev,Ivica Truscek,Islam Makhachev,SUB,3,4:45,3,0,,,,,,,,,,,,,,,,
2014-09-07,Aggrelin 6 - Cage Fight Bavaria,,Alexander Poppeck,Per Ahrens,Alexander Poppeck,KO/TKO,2,2:50,3,0,,,,,,,,,,,,,,,,
2014-09-12,RFA 18 - Manzanares vs. Pantoja,,Alexandre Pantoja,Matt Manzanares,Alexandre Pantoja,SUB,2,2:38,3,0,,,,,,,,,,,,,,,,
2014-09-12,Hero FC - Best of the Best 3,,Ryan Spann,Brandon Farran,Brandon Farran,KO/TKO,1,0:21,3,0,,,,,,,,,,,,,,,,
2014-09-12,Hero FC - Best of the Best 3,,Jamall Emmers,Michael Rodriguez,Jamall Emmers,KO/TKO,1,0:27,3,0,,,,,,,,,,,,,,,,
2014-09-12,RFA 18 - Manzanares vs. Pantoja,,Chidi Njokuani,Steve Hanna,Chidi Njokuani,DEC,3,5:00,3,0,,,,,,,,,,,,,,,,
2014-09-13,WFC 11 - Mitchell vs. Major,,Anthony Hernandez,Trey Williams,Anthony Hernandez,KO/TKO,1,0:51,3,0,,,,,,,,,,,,,,,,
2014-09-13,CWFC 72 - Cage Warriors Fighting Championship 72,,Mateusz Gamrot,Tim Newman,Mateusz Gamrot,SUB,1,1:37,3,0,,,,,,,,,,,,,,,,
2014-09-13,HG - Heimgala 2,,Aleksandar Rakic,Norbert Peter,Aleksandar Rakic,KO/TKO,1,4:57,3,0,,,,,,,,,,,,,,,,
2014-09-13,UFC Fight Night 51 - Bigfoot vs. Arlovski 2,,Santiago Ponzinibbio,Wendell de Oliveira Marques,Santiago Ponzinibbio,KO/TKO,1,1:20,3,0,,,,,,,,,,,,,,,,
2014-09-20,WFF - World Fighting Federation 16,,Brandon Moreno,C.J. Soliven,Brandon Moreno,SUB,1,0:58,3,0,,,,,,,,,,,,,,,,
2014-09-20,UFC Fight Night 52 - Hunt vs. Nelson,,Dan Hooker,Maximo Blanco,Maximo Blanco,DEC,3,5:00,3,0,,,,,,,,,,,,,,,,
2014-09-20,GA - Fight Night 2,,Mateusz Rebecki,Pawel Kielek,Pawel Kielek,KO/TKO,2,1:30,3,0,,,,,,,,,,,,,,,,
2014-09-21,CKFC - Chinese Kung Fu Championships,,Bo Meng,Yanan Wu,Yanan Wu,DEC,5,3:00,5,0,,,,,,,,,,,,,,,,
2014-09-25,JOF - Jurunense Open Fight MMA 8,,Amanda Lemos,Alenice Correa Costa,Amanda Lemos,KO/TKO,1,4:15,3,0,,,,,,,,,,,,,,,,
2014-09-27,XFCI - XFC International 6,,Lerryan Douglas,Daniel Virginio,Daniel Virginio,SUB,1,3:22,3,0,,,,,,,,,,,,,,,,
2014-09-27,WLMMA - We Love MMA 9,,Nasrat Haqparast,Tolga Ozgun,Nasrat Haqparast,KO/TKO,1,2:20,3,0,,,,,,,,,,,,,,,,
2014-09-27,SOFC - Strike Off 2,,Billy Quarantillo,Terrell Hobbs,Billy Quarantillo,SUB,3,2:13,3,0,,,,,,,,,,,,,,,,
2014-09-28,RFP 17 - Galychyny Cup,,Serghei Spivac,Andrey Serebrianikov,Serghei Spivac,KO/TKO,1,4:31,3,0,,,,,,,,,,,,,,,,
2014-10-04,UFC Fight Night 53 - Nelson vs. Story,,Jan Blachowicz,Ilir Latifi,Jan Blachowicz,KO/TKO,1,1:58,3,0,,,,,,,,,,,,,,,,
2014-10-04,ACB 10 - Coliseum Time,,Abubakar Vagaev,Piotr Wolowik,Abubakar Vagaev,DEC,2,5:00,3,0,,,,,,,,,,,,,,,,
2014-10-10,RFA 19 - Checco vs. Collier,,John Castaneda,Matt Brown,Matt Brown,S-DEC,3,5:00,3,0,,,,,,,,,,,,,,,,
2014-10-10,Bellator MMA - Bellator 128,,Michael Page,Nah-Shon Burrell,Michael Page,DEC,3,5:00,3,0,,,,,,,,,,,,,,,,
2014-10-11,XFO 53 - Xtreme Fighting Organization 53,,Curtis Blaydes,William Baptiste,Curtis Blaydes,KO/TKO,1,2:14,3,0,,,,,,,,,,,,,,,,
2014-10-18,EFC 4 - Extreme Full Contact 4,,Rafa Garcia,Dante Ramos,Rafa Garcia,SUB,1,2:06,3,0,,,,,,,,,,,,,,,,
2014-10-18,PFC 3 - Showdown In The Downtown,,Kyle Prepolec,Damion Hill,Kyle Prepolec,SUB,2,0:00,3,0,,,,,,,,,,,,,,,,
2014-10-18,OC - Oplot Challenge 103,,Magomed Ankalaev,Dovletdzhan Yagshimuradov,Magomed Ankalaev,DEC,3,5:00,3,0,,,,,,,,,,,,,,,,
2014-10-25,UFC 179 - Aldo vs. Mendes 2,,Neil Magny,William Macario,Neil Magny,KO/TKO,3,2:40,3,0,,,,,,,,,,,,,,,,
2014-10-25,GCS 1 - The Commencement,,Ramiz Brahimaj,Richard Bailey,Ramiz Brahimaj,SUB,1,2:17,3,0,,,,,,,,,,,,,,,,
2014-10-25,UFC 179 - Aldo vs. Mendes 2,,Diego Ferreira,Beneil Dariush,Beneil Dariush,DEC,3,5:00,3,0,,,,,,,,,,,,,,,,
2014-10-25,UFC 179 - Aldo vs. Mendes 2,,Darren Elkins,Lucas Martins,Darren Elkins,S-DEC,3,5:00,3,0,,,,,,,,,,,,,,,,
2014-10-26,Alash Pride - Selection 5,,Nursulton Ruziboev,Kiamrian Abbasov,Nursulton Ruziboev,SUB,2,1:10,3,0,,,,,,,,,,,,,,,,
2014-10-31,NS - New Stream,,Tofiq Musayev,Aigun Akhmedov,Aigun Akhmedov,DEC,2,5:00,3,0,,,,,,,,,,,,,,,,
2014-11-07,STFC 32 - Elizondo vs. Martinez,,Gilbert Urbina,Jared Perez,Gilbert Urbina,KO/TKO,1,2:44,3,0,,,,,,,,,,,,,,,,
2014-11-08,Xplode Fight Series - Wasteland,,Chris Padilla,Kris Armbrister,Chris Padilla,SUB,1,0:39,3,0,,,,,,,,,,,,,,,,
2014-11-08,WLMMA - We Love MMA 10,,Dustin Stoltzfus,Kyril Kolomcec,Dustin Stoltzfus,S-DEC,2,5:00,3,0,,,,,,,,,,,,,,,,
2014-11-11,CKFC - Chinese Kung Fu Championships,,Heili Alateng,Chao Huang,Heili Alateng,SUB,2,1:44,3,0,,,,,,,,,,,,,,,,
2014-11-14,ACB 11 - Vol. 1,,Abubakar Vagaev,Artur Odilbekov,Abubakar Vagaev,KO/TKO,2,1:12,3,0,,,,,,,,,,,,,,,,
2014-11-15,UFC 180 - Werdum vs. Hunt,,Marlon Vera,Marco Beltran,Marco Beltran,DEC,3,5:00,3,0,,,,,,,,,,,,,,,,
2014-11-15,SCS 23 - Redemption,,Curtis Blaydes,Brad Faylor,Curtis Blaydes,KO/TKO,2,0:45,3,0,,,,,,,,,,,,,,,,
2014-11-15,CWFC 74 - Cage Warriors Fighting Championship 74,,Nathaniel Wood,Steve McCombe,Nathaniel Wood,KO/TKO,1,2:23,3,0,,,,,,,,,,,,,,,,
2014-11-16,Kunlun Fight 13 - World Tour,,Heili Alateng,Denis Puric,Denis Puric,KO/TKO,2,2:05,3,0,,,,,,,,,,,,,,,,
2014-11-19,WWFC - Ukraine Selection 1,,Serghei Spivac,Evgeniy Bova,Serghei Spivac,SUB,1,0:00,3,0,,,,,,,,,,,,,,,,
2014-11-22,UFC Fight Night 57 - Edgar vs. Swanson,,Doo Ho Choi,Juan Manuel Puig,Doo Ho Choi,KO/TKO,1,0:18,3,0,,,,,,,,,,,,,,,,
2014-11-22,WFF - World Fighting Federation 17,,Drakkar Klose,Jeff Fletcher,Drakkar Klose,KO/TKO,2,3:43,3,0,,,,,,,,,,,,,,,,
2014-11-22,LFC - Lyon Fighting Championship 4,,Fares Ziam,Mathias Guerra,Fares Ziam,SUB,1,4:12,3,0,,,,,,,,,,,,,,,,
2014-11-22,UFC Fight Night 57 - Edgar vs. Swanson,,Edson Barboza,King Green,Edson Barboza,DEC,3,5:00,3,0,,,,,,,,,,,,,,,,
2014-11-25,M-1 Challenge 53 - Battle in the Celestial Empire,,Muslim Salikhov,Victor Sckoteski,Muslim Salikhov,KO/TKO,1,4:27,3,0,,,,,,,,,,,,,,,,
2014-11-25,M-1 Challenge 53 - Battle in the Celestial Empire,,Marcin Tybura,Denis Smoldarev,Marcin Tybura,SUB,1,3:35,3,0,,,,,,,,,,,,,,,,
2014-11-28,PS MMA 1 - Pilsen Submission MMA 1,,Lerryan Douglas,Jose Luis Alegre,Lerryan Douglas,SUB,1,1:40,3,0,,,,,,,,,,,,,,,,
2014-11-29,Jungle Fight 74 - Sao Paulo,,Bruno Lopes,Willian Kuraca,Bruno Lopes,SUB,1,3:06,3,0,,,,,,,,,,,,,,,,
2014-12-05,Invicta FC 10 - Waterson vs. Tiburcio,,Alexa Grasso,Alida Gray,Alexa Grasso,KO/TKO,1,1:47,3,0,,,,,,,,,,,,,,,,
2014-12-06,KSW 29 - Reload,,Mateusz Gamrot,Lukasz Chlewicki,Mateusz Gamrot,DEC,3,5:00,3,0,,,,,,,,,,,,,,,,
2014-12-06,FFC - Final Fight Championship 16,,Aleksandar Rakic,Marcin Prachnio,Aleksandar Rakic,KO/TKO,3,3:00,3,0,,,,,,,,,,,,,,,,
2014-12-13,WSOF 16 - Palhares vs. Fitch,,Joseph Morales,Christian Espinosa,Joseph Morales,DEC,3,5:00,3,0,,,,,,,,,,,,,,,,
2014-12-13,Alash Pride - Royal Plaza Volume 1,,Nursulton Ruziboev,Daniyar Babakulov,Daniyar Babakulov,KO/TKO,2,0:32,3,0,,,,,,,,,,,,,,,,
2014-12-13,ASV 6 - Diouf vs. Benzha,,Morgan Charriere,Karim Kondua,Morgan Charriere,KO/TKO,1,2:05,3,0,,,,,,,,,,,,,,,,
2014-12-13,CFFC 44 - Bezerra vs. Makashvili 2,,Jeremiah Wells,Bradley Desir,Jeremiah Wells,SUB,2,4:35,3,0,,,,,,,,,,,,,,,,
2014-12-19,One FC 24 - Dynasty of Champions,,Yadong Song,Xian Ji,Xian Ji,DEC,3,5:00,3,0,,,,,,,,,,,,,,,,
2014-12-19,FTF 9 - Face To Face 9 - Big Monster vs. Gigantinho,,Gregory Rodrigues,Douglas Carvalho Alves,Gregory Rodrigues,SUB,1,2:09,3,0,,,,,,,,,,,,,,,,
2014-12-20,WLMMA - We Love MMA 11,,Dustin Stoltzfus,Rasul Alautdinov,Dustin Stoltzfus,DEC,2,5:00,3,0,,,,,,,,,,,,,,,,
2014-12-20,UFC Fight Night 58 - Machida vs. Dollaway,,Darren Elkins,Hacran Dias,Hacran Dias,DEC,3,5:00,3,0,,,,,,,,,,,,,,,,
2014-12-20,PCF 11 - Young Blood,,Ludovit Klein,Martin Mihalik,Ludovit Klein,SUB,1,0:27,3,0,,,,,,,,,,,,,,,,
2014-12-23,CKFC - Chinese Kung Fu Championships,,Heili Alateng,Zhikang Zhao,Zhikang Zhao,DEC,3,3:00,3,0,,,,,,,,,,,,,,,,
2014-12-25,Alash Pride - Selection 6,,Nursulton Ruziboev,Aziz Ibragimov,Nursulton Ruziboev,SUB,1,0:38,3,0,,,,,,,,,,,,,,,,
2015-01-04,"Kunlun Fight 16 - The Dragon Wars, Day 2",,Jingnan Xiong,Liubov Tiupina,Jingnan Xiong,KO/TKO,1,2:19,3,0,,,,,,,,,,,,,,,,
2015-01-09,RFA 22 - Smith vs. Njokuani,,Chidi Njokuani,Gilbert Smith,Chidi Njokuani,DEC,5,5:00,5,0,,,,,,,,,,,,,,,,
2015-01-16,Bellator 132 - Pitbull vs. Straus 2,,Patricio Freire,Daniel Straus,Patricio Freire,SUB,4,4:49,5,0,,,,,,,,,,,,,,,,
2015-01-16,Bellator 132 - Pitbull vs. Straus 2,,Dustin Jacoby,John Salter,John Salter,SUB,2,3:33,3,0,,,,,,,,,,,,,,,,
2015-01-17,Hero FC - Best of the Best 4,,Jamall Emmers,Rey Trujillo,Rey Trujillo,SUB,2,1:48,3,0,,,,,,,,,,,,,,,,
2015-01-17,Hero FC - Best of the Best 4,,Gilbert Urbina,Roldan Abundis,Gilbert Urbina,DEC,3,3:00,3,0,,,,,,,,,,,,,,,,
2015-01-23,R1 Uzbekistan - Grand Prix Heavyweights,,Nursulton Ruziboev,Shahvalat Yusubov,Nursulton Ruziboev,SUB,1,3:59,3,0,,,,,,,,,,,,,,,,
2015-01-24,FCFF - Rumble at the Roseland 80,,Ricky Simon,Cole Milani,Ricky Simon,KO/TKO,1,0:55,3,0,,,,,,,,,,,,,,,,
2015-01-24,Alash Pride - Royal Plaza Volume 2,,Nursulton Ruziboev,Elshon Muhtarov,Nursulton Ruziboev,SUB,1,0:31,3,0,,,,,,,,,,,,,,,,
2015-01-26,IPC 6 - International Pro Combat 6,,Joel Alvarez,Helson Henriques,Joel Alvarez,SUB,2,1:23,3,0,,,,,,,,,,,,,,,,
2015-01-30,AOC 4 - Age of Cage 4,,Dustin Stoltzfus,Abu Dzamaldaev,Dustin Stoltzfus,DEC,3,5:00,3,0,,,,,,,,,,,,,,,,
2015-01-31,OFC - Octagon Fighting Club 10,,Morgan Charriere,Herve Rosa,Morgan Charriere,KO/TKO,1,1:45,3,0,,,,,,,,,,,,,,,,
2015-01-31,WWFC - Ukraine Selection 4,,Serghei Spivac,Yuri Gorbenko,Serghei Spivac,SUB,1,3:38,3,0,,,,,,,,,,,,,,,,
2015-01-31,XK 28 - Xtreme Kombat 28,,Gianni Vazquez,Isaac Ruelas,Gianni Vazquez,DEC,3,5:00,3,0,,,,,,,,,,,,,,,,
2015-02-01,Kunlun Fight 19 - Clash of the Titans,,Jingnan Xiong,Liliya Kazak,Jingnan Xiong,KO/TKO,3,1:22,3,0,,,,,,,,,,,,,,,,
2015-02-05,TPF 22 - Champions Collide 2,,Alex Perez,Anthony Figueroa,Alex Perez,DEC,5,5:00,5,0,,,,,,,,,,,,,,,,
2015-02-06,RFA 23 - Murphy vs. Ware,,Raoni Barcelos,Jamal Parks,Raoni Barcelos,KO/TKO,1,2:31,3,0,,,,,,,,,,,,,,,,
2015-02-06,RFA 23 - Murphy vs. Ware,,Dan Ige,Ian Millan,Dan Ige,SUB,1,1:51,3,0,,,,,,,,,,,,,,,,
2015-02-07,WFF - World Fighting Federation 18,,Brandon Moreno,Matt Betzold,Brandon Moreno,DEC,3,5:00,3,0,,,,,,,,,,,,,,,,
2015-02-13,Fury FC 4 - Fury Fighting Championship 4,,Ryan Spann,Artenas Young,Ryan Spann,SUB,3,2:32,3,0,,,,,,,,,,,,,,,,
2015-02-14,UFC Fight Night 60 - Henderson vs. Thatch,,Tim Elliott,Zach Makovsky,Zach Makovsky,DEC,3,5:00,3,0,,,,,,,,,,,,,,,,
2015-02-14,UFC Fight Night 60 - Henderson vs. Thatch,,Neil Magny,Kiichi Kunimoto,Neil Magny,SUB,3,1:22,3,0,,,,,,,,,,,,,,,,
2015-02-21,BAMMA 18 - Duquesnoy vs. Klaczek,,Nathaniel Wood,Mike Cutting,Mike Cutting,SUB,1,3:26,3,0,,,,,,,,,,,,,,,,
2015-02-21,KSW 30 - Genesis,,Mateusz Gamrot,Rodrigo Correia,Mateusz Gamrot,KO/TKO,3,4:54,3,0,,,,,,,,,,,,,,,,
2015-02-22,UFC Fight Night 61 - Bigfoot vs. Mir,,Edson Barboza,Michael Johnson,Michael Johnson,DEC,3,5:00,3,0,,,,,,,,,,,,,,,,
2015-02-22,UFC Fight Night 61 - Bigfoot vs. Mir,,Santiago Ponzinibbio,Sean Strickland,Santiago Ponzinibbio,DEC,3,5:00,3,0,,,,,,,,,,,,,,,,
2015-02-27,Invicta FC 11 - Cyborg vs. Tweet,,Alexa Grasso,Mizuki Inoue,Alexa Grasso,DEC,3,5:00,3,0,,,,,,,,,,,,,,,,
2015-02-27,Invicta FC 11 - Cyborg vs. Tweet,,J.J. Aldrich,Jamie Moyle,Jamie Moyle,SUB,1,2:20,3,0,,,,,,,,,,,,,,,,
2015-02-28,WFC 13 - Huckaba vs. Mitchell,,Joseph Morales,Roque Reyes,Joseph Morales,KO/TKO,1,1:43,3,0,,,,,,,,,,,,,,,,
2015-02-28,SOFC - Strike Off 4,,Billy Quarantillo,Khama Worthy,Billy Quarantillo,KO/TKO,2,0:10,3,0,,,,,,,,,,,,,,,,
2015-03-07,RITC - Rage in the Cage 176,,Drakkar Klose,Preston Harris,Drakkar Klose,DEC,3,5:00,3,0,,,,,,,,,,,,,,,,
2015-03-07,MMA Espana - Desafio Burgos Pro Fight 2015,,Joel Alvarez,Jose Luis Bravo,Joel Alvarez,SUB,1,3:20,3,0,,,,,,,,,,,,,,,,
2015-03-14,WLMMA - We Love MMA 13,,Nasrat Haqparast,Patrick Schwellnus,Nasrat Haqparast,KO/TKO,1,2:57,3,0,,,,,,,,,,,,,,,,
2015-03-14,WFCA 1 - Grozny Battle,,Abubakar Vagaev,Thibaud Larchet,Abubakar Vagaev,DEC,3,5:00,3,0,,,,,,,,,,,,,,,,
2015-03-15,WEF - World Ertaymash Federation 2,,Nursulton Ruziboev,Rakhmanberdi Tologon,Nursulton Ruziboev,SUB,1,1:56,3,0,,,,,,,,,,,,,,,,
2015-03-21,ICW 2 / PLMMA 52 - Bytom,,Robert Bryczek,Mateusz Rycak,Robert Bryczek,KO/TKO,1,3:19,3,0,,,,,,,,,,,,,,,,
2015-03-21,KOTC - Warrior's Spirit,,Ricky Simon,Paul Njoku,Ricky Simon,DEC,3,5:00,3,0,,,,,,,,,,,,,,,,
2015-03-21,Full House - Battle Home 9,,Djorden Santos,Bruno Fernandes,Djorden Santos,SUB,1,2:51,3,0,,,,,,,,,,,,,,,,
2015-03-21,GKO 3 - Global Knockout 3,,Anthony Hernandez,Kenny Ento,Anthony Hernandez,SUB,1,3:30,3,0,,,,,,,,,,,,,,,,
2015-03-21,Xplode Fight Series - Taco,,Chris Padilla,George Hernandez,Chris Padilla,SUB,1,3:52,3,0,,,,,,,,,,,,,,,,
2015-03-21,Fightstar Promotions - Rage in the Cage 3,,Joel Alvarez,Graham Turner,Joel Alvarez,SUB,3,0:00,3,0,,,,,,,,,,,,,,,,
2015-03-28,Fair FC 3 - Fair Fighting Championship 3,,Dustin Stoltzfus,Christian Skorzik,Christian Skorzik,DEC,3,5:00,3,0,,,,,,,,,,,,,,,,
2015-04-04,Kunlun Fight - Cage Series 2,,Heili Alateng,Altynbek Bazhimov,Altynbek Bazhimov,SUB,1,2:53,3,0,,,,,,,,,,,,,,,,
2015-04-04,100% Fight - Contenders 26,,Morgan Charriere,Majdeddine Ayadi,Majdeddine Ayadi,DEC,2,5:00,3,0,,,,,,,,,,,,,,,,
2015-04-04,UFC Fight Night 63 - Mendes vs. Lamas,,Diego Ferreira,Dustin Poirier,Dustin Poirier,KO/TKO,1,3:45,3,0,,,,,,,,,,,,,,,,
2015-04-10,RDMMA - Battle in the South 10,,Curtis Blaydes,Allen Crowder,Curtis Blaydes,KO/TKO,2,2:30,3,0,,,,,,,,,,,,,,,,
2015-04-10,M-1 Global - M-1 Challenge 56,,Joel Alvarez,Ali Abdulkhalikov,Ali Abdulkhalikov,KO/TKO,1,0:34,3,0,,,,,,,,,,,,,,,,
2015-04-11,Jungle Fight 76 - Itu,,Bruno Lopes,Jose Diaz,Bruno Lopes,DEC,3,5:00,3,0,,,,,,,,,,,,,,,,
2015-04-11,UFC Fight Night 64 - Gonzaga vs. Cro Cop 2,,Jan Blachowicz,Jimi Manuwa,Jimi Manuwa,DEC,3,5:00,3,0,,,,,,,,,,,,,,,,
2015-04-12,Kunlun Fight 22 - World Tour,,Jingnan Xiong,Marina Lvova,Jingnan Xiong,KO/TKO,1,1:52,3,0,,,,,,,,,,,,,,,,
2015-04-12,Aggrelin 7 - Backstage Brawl,,Alexander Poppeck,Johannes Baier,Alexander Poppeck,KO/TKO,1,2:25,3,0,,,,,,,,,,,,,,,,
2015-04-18,CKF World Federation - Zhong Wu Ultimate Fighting,,Muslim Salikhov,Gele Qing,Muslim Salikhov,KO/TKO,1,3:50,3,0,,,,,,,,,,,,,,,,
2015-04-18,WBK - WBK 3: Day 2,,Yadong Song,Rae Yoon Ok,Yadong Song,KO/TKO,1,1:21,3,0,,,,,,,,,,,,,,,,
2015-04-24,FTF 11 - Face To Face 11 - Borrachinha vs. Wagnao,,Gregory Rodrigues,Renato Rangel,Renato Rangel,S-DEC,3,5:00,3,0,,,,,,,,,,,,,,,,
2015-04-26,Kunlun Fight 23 - The Battle of Changsha,,Jingnan Xiong,Victoria Godumchuk,Jingnan Xiong,KO/TKO,1,1:43,3,0,,,,,,,,,,,,,,,,
2015-05-02,ACB 17 - Grand Prix Berkut 2015 Stage 4,,Nursulton Ruziboev,Islam Yashaev,Nursulton Ruziboev,SUB,2,3:15,3,0,,,,,,,,,,,,,,,,
2015-05-02,UCMMA 43 - Ultimate Challenge MMA 43,,Modestas Bukauskas,Arvydas Juska,Modestas Bukauskas,DEC,3,5:00,3,0,,,,,,,,,,,,,,,,
2015-05-02,Coliseu MMA - Coliseu Fight Night,,Eduardo Henrique,Kelvin Redriano Junho,Eduardo Henrique,SUB,2,3:42,3,0,,,,,,,,,,,,,,,,
2015-05-02,M-1 Challenge 57 - Battle in the Heart of the Continent,,Marcin Tybura,Stephan Puetz,Stephan Puetz,KO/TKO,3,3:48,3,0,,,,,,,,,,,,,,,,
2015-05-07,TPF 23 - Cinco de Mayhem,,Jamall Emmers,Merwyn Rivera,Jamall Emmers,SUB,1,0:34,3,0,,,,,,,,,,,,,,,,
2015-05-07,TPF 23 - Cinco de Mayhem,,Chidi Njokuani,Max Griffin,Chidi Njokuani,S-DEC,5,5:00,5,0,,,,,,,,,,,,,,,,
2015-05-08,AXS TV Fights - RFA vs. Legacy Superfight,,Alexandre Pantoja,Damacio Page,Alexandre Pantoja,SUB,2,5:00,3,0,,,,,,,,,,,,,,,,
2015-05-09,Vengeance Fighting Alliance - Round 5,,Ryan Spann,Dwight Gipson,Ryan Spann,SUB,1,4:39,3,0,,,,,,,,,,,,,,,,
2015-05-09,Jungle Fight 77 - Foz do Iguacu,,Amanda Lemos,Debora Dias Nascimento,Amanda Lemos,KO/TKO,1,3:23,3,0,,,,,,,,,,,,,,,,
2015-05-10,UFC Fight Night 65 - Miocic vs. Hunt,,Dan Hooker,Hatsu Hioki,Dan Hooker,KO/TKO,2,4:13,3,0,,,,,,,,,,,,,,,,
2015-05-16,KOTC - Total Dominance,,John Castaneda,Pedro Velasco,John Castaneda,SUB,1,2:42,3,0,,,,,,,,,,,,,,,,
2015-05-16,UFC Fight Night 66 - Edgar vs. Faber,,Neil Magny,Hyun Gyu Lim,Neil Magny,KO/TKO,2,1:24,3,0,,,,,,,,,,,,,,,,
2015-05-16,PCF 12 - Poland vs. Slovakia,,Ludovit Klein,Kamil Tarnawski,Ludovit Klein,SUB,2,1:35,3,0,,,,,,,,,,,,,,,,
2015-05-17,Rings - The Outsider 35,,Kai Asakura,Satoru Date,Kai Asakura,KO/TKO,2,3:36,3,0,,,,,,,,,,,,,,,,
2015-05-22,One Championship 27 - Warrior's Quest,,Heili Alateng,Stephen Langdown,Heili Alateng,KO/TKO,2,0:51,3,0,,,,,,,,,,,,,,,,
2015-05-23,UFC 187 - Johnson vs. Cormier,,Islam Makhachev,Leo Kuntz,Islam Makhachev,SUB,2,2:38,3,0,,,,,,,,,,,,,,,,
2015-05-30,WFC 14 - Berkovic vs. Bailey,,Joseph Morales,Benji Gomez,Joseph Morales,SUB,2,2:21,3,0,,,,,,,,,,,,,,,,
2015-05-30,Global Warriors FC 2 - Coming Home,,Kyle Prepolec,Alessandro Ricci,Alessandro Ricci,DEC,3,5:00,3,0,,,,,,,,,,,,,,,,
2015-06-05,WBK 4 - Battle of Kings,,Heili Alateng,Nam Jin Jo,Nam Jin Jo,DEC,3,5:00,3,0,,,,,,,,,,,,,,,,
2015-06-06,RITC - Rage in the Cage 178,,Drakkar Klose,Gabe Rodriguez,Drakkar Klose,KO/TKO,1,0:31,3,0,,,,,,,,,,,,,,,,
2015-06-06,Kunlun Fight - Cage Series 3,,Jingnan Xiong,Colleen Schneider,Colleen Schneider,DEC,3,5:00,3,0,,,,,,,,,,,,,,,,
2015-06-06,Hero FC - Best of the Best 5,,Gilbert Urbina,Anthony Tatum,Gilbert Urbina,SUB,2,1:32,3,0,,,,,,,,,,,,,,,,
2015-06-11,Fight Nights - Battle of Moscow 19,,Saygid Izagakhmaev,Magomedrasul Gasanov,Saygid Izagakhmaev,SUB,3,1:15,3,0,,,,,,,,,,,,,,,,
2015-06-11,CF - Capital Fight 6,,Ismael Bonfim,Lucas Caio,Ismael Bonfim,DEC,3,5:00,3,0,,,,,,,,,,,,,,,,
2015-06-12,MMA Espana - Bandog Challenge 3,,Joel Alvarez,Carlos Villar,Joel Alvarez,SUB,1,4:20,3,0,,,,,,,,,,,,,,,,
2015-06-13,WFCA 3 - Grozny Battle,,Abubakar Vagaev,Yasubey Enomoto,Yasubey Enomoto,S-DEC,3,5:00,3,0,,,,,,,,,,,,,,,,
2015-06-14,KOTC - Sanctioned,,Osman Diaz,Leon Klee,Osman Diaz,SUB,1,2:31,3,0,,,,,,,,,,,,,,,,
2015-06-14,GDFC - Guerreiros da Fe Combat,,Joanderson Brito,Marcio de Oliveira,Joanderson Brito,SUB,1,1:26,3,0,,,,,,,,,,,,,,,,
2015-06-14,KOTC - Sanctioned,,Daniel Rodriguez,Christopher Gates,Daniel Rodriguez,SUB,1,4:54,3,0,,,,,,,,,,,,,,,,
2015-06-19,PLMMA 56 - Bielsko-Biala,,Robert Bryczek,Lukasz Witos,Robert Bryczek,DEC,3,5:00,3,0,,,,,,,,,,,,,,,,
2015-06-19,Bellator 138 - Unfinished Business,,Patricio Freire,Daniel Weichel,Patricio Freire,KO/TKO,2,0:32,3,0,,,,,,,,,,,,,,,,
2015-06-19,Seven Fight Promotion - Seven Fight 2015,,Nursulton Ruziboev,Anvar Chergesov,Anvar Chergesov,DEC,2,5:00,3,0,,,,,,,,,,,,,,,,
2015-06-20,100% Fight - Contenders 29,,Salahdine Parnasse,Jordan Berger,Salahdine Parnasse,SUB,2,1:44,3,0,,,,,,,,,,,,,,,,
2015-06-20,100% Fight - Contenders 29,,Morgan Charriere,Jean Loua,Jean Loua,SUB,1,1:55,3,0,,,,,,,,,,,,,,,,
2015-06-20,Jungle Fight 78 - Sao Paulo,,Bruno Lopes,Matias Genes,Bruno Lopes,SUB,1,0:50,3,0,,,,,,,,,,,,,,,,
2015-06-20,AFC - Austrian Fight Challenge 1,,Aleksandar Rakic,Martin Batur,Aleksandar Rakic,KO/TKO,1,0:26,3,0,,,,,,,,,,,,,,,,
2015-06-26,LFC 42 - Legacy Fighting Championship 42,,Ryan Spann,Larry Crowe,Ryan Spann,KO/TKO,1,0:08,3,0,,,,,,,,,,,,,,,,
2015-06-27,JFL 8 - Jasaji Fighting League 8,,Gianni Vazquez,Jordan Beltran,Gianni Vazquez,SUB,3,N/A,3,0,,,,,,,,,,,,,,,,
2015-06-27,UFC Fight Night 70 - Machida vs. Romero,,Santiago Ponzinibbio,Lorenz Larkin,Lorenz Larkin,KO/TKO,2,3:07,3,0,,,,,,,,,,,,,,,,
2015-07-04,100% Fight 25 - Ten Years,,Morgan Charriere,Christian Nkongo,Christian Nkongo,DEC,2,5:00,3,0,,,,,,,,,,,,,,,,
2015-07-04,WLMMA - We Love MMA 15,,Dustin Stoltzfus,Arda Adas,Dustin Stoltzfus,DQ,2,0:00,3,0,,,,,,,,,,,,,,,,
2015-07-04,HC 27 - Hanuman Cup 27,,Ludovit Klein,Adam Nemeth,Ludovit Klein,SUB,1,1:00,3,0,,,,,,,,,,,,,,,,
2015-07-12,UFC - The Ultimate Fighter 21 Finale,,Vicente Luque,Michael Graves,Michael Graves,DEC,3,5:00,3,0,,,,,,,,,,,,,,,,
2015-07-17,Bellator 140 - Lima vs. Koreshkov,,Michael Page,Rudy Bears,Michael Page,KO/TKO,1,1:05,3,0,,,,,,,,,,,,,,,,
2015-07-18,Titan FC 34 - Healy vs. Edwards,,Tim Elliott,Iliarde Santos,Tim Elliott,DEC,5,5:00,5,0,,,,,,,,,,,,,,,,
2015-07-18,W.I.N. FC - W.I.N. Fighting Championship,,Muslim Salikhov,Takashi Yamashita,Muslim Salikhov,KO/TKO,1,N/A,3,0,,,,,,,,,,,,,,,,
2015-07-18,WCF 6 - Warrior Championship Fighting 6,,Rafa Garcia,Mike Sandoval,Rafa Garcia,SUB,1,0:14,3,0,,,,,,,,,,,,,,,,
2015-07-19,Rings - The Outsider 36,,Kai Asakura,Keigo Takayama,Kai Asakura,KO/TKO,1,0:40,3,0,,,,,,,,,,,,,,,,
2015-07-25,WFF - World Fighting Federation 22,,Brandon Moreno,Tyler Bialecki,Brandon Moreno,SUB,1,3:09,3,0,,,,,,,,,,,,,,,,
2015-07-25,M-1 Global - Road to M-1 China,,Yadong Song,Giovanni Moljo,Giovanni Moljo,DQ,2,5:00,3,0,,,,,,,,,,,,,,,,
2015-07-25,URCC 26 - Domination,,Xiaonan Yan,Dolores Meek,Xiaonan Yan,KO/TKO,1,3:25,3,0,,,,,,,,,,,,,,,,
2015-07-25,UFC on Fox 16 - Dillashaw vs. Barao 2,,Edson Barboza,Paul Felder,Edson Barboza,DEC,3,5:00,3,0,,,,,,,,,,,,,,,,
2015-07-27,MFC 3 - Montenegro Fighting Championship 3,,Milos Janicic,Aleksandar Brajkovic,Milos Janicic,SUB,1,3:27,3,0,,,,,,,,,,,,,,,,
2015-07-31,FEN 8 - Summer Edition,,Mateusz Rebecki,Jacek Kreft,Mateusz Rebecki,SUB,1,4:12,3,0,,,,,,,,,,,,,,,,
2015-08-01,UFC 190 - Rousey vs. Correia,,Neil Magny,Demian Maia,Demian Maia,SUB,2,2:52,3,0,,,,,,,,,,,,,,,,
2015-08-06,TPF 24 - Summer Brawl,,Ricky Simon,Jeremiah Labiano,Ricky Simon,S-DEC,3,5:00,3,0,,,,,,,,,,,,,,,,
2015-08-06,TPF 24 - Summer Brawl,,Alex Perez,Martin Sandoval,Alex Perez,DEC,3,5:00,3,0,,,,,,,,,,,,,,,,
2015-08-08,UFC Fight Night 73 - Teixeira vs. St. Preux,,Marlon Vera,Roman Salazar,Marlon Vera,SUB,2,2:15,3,0,,,,,,,,,,,,,,,,
2015-08-08,EGF - EnerGym Fight,,Felipe Lima,Ivan Luiz,Ivan Luiz,SUB,2,3:39,3,0,,,,,,,,,,,,,,,,
2015-08-08,WFC - The Legend Of Emei 3,,Israel Adesanya,Kenan Song,Israel Adesanya,KO/TKO,1,1:59,3,0,,,,,,,,,,,,,,,,
2015-08-21,RFA 29 - USA vs. Brazil,,Raoni Barcelos,Ricky Musgrave,Raoni Barcelos,DEC,5,5:00,5,0,,,,,,,,,,,,,,,,
2015-08-21,Shooto Brazil 56 - Gaucho vs. Alves,,Kaue Fernandes,Luiz Felipe Oliveira,Kaue Fernandes,KO/TKO,1,0:26,3,0,,,,,,,,,,,,,,,,
2015-08-22,KOTC - Power Surge,,John Castaneda,Joe Pearson,John Castaneda,KO/TKO,1,2:47,3,0,,,,,,,,,,,,,,,,
2015-08-22,WFF - World Fighting Federation 23,,Drakkar Klose,Alejandro Garcia,Drakkar Klose,KO/TKO,2,4:08,3,0,,,,,,,,,,,,,,,,
2015-08-22,WFCA 6 - Grozny Battle,,Abubakar Vagaev,Ivica Truscek,Abubakar Vagaev,DEC,3,5:00,3,0,,,,,,,,,,,,,,,,
2015-08-23,UFC Fight Night 74 - Holloway vs. Oliveira,,Neil Magny,Erick Silva,Neil Magny,S-DEC,3,5:00,3,0,,,,,,,,,,,,,,,,
2015-08-29,GKO 4 - Global Knockout 4,,Joseph Morales,Gerald Bailey,Joseph Morales,SUB,1,2:30,3,0,,,,,,,,,,,,,,,,
2015-08-29,GKO 4 - Global Knockout 4,,Anthony Hernandez,Preston Snook,Anthony Hernandez,SUB,1,1:45,3,0,,,,,,,,,,,,,,,,
2015-08-29,IGF - Inoki Genome Fight 4,,Rizvan Kuniev,Justin Willis,Justin Willis,DEC,2,5:00,3,0,,,,,,,,,,,,,,,,
2015-09-04,Kunlun Fight 30 - Muay Thai Night,,Jingnan Xiong,Daria Chibisova,Jingnan Xiong,KO/TKO,1,4:48,3,0,,,,,,,,,,,,,,,,
2015-09-05,UCMMA 44 - Ultimate Challenge MMA 44,,Modestas Bukauskas,Nelson Lima,Modestas Bukauskas,KO/TKO,2,2:14,3,0,,,,,,,,,,,,,,,,
2015-09-05,UFC 191 - Johnson vs. Dodson 2,,Jan Blachowicz,Corey Anderson,Corey Anderson,DEC,3,5:00,3,0,,,,,,,,,,,,,,,,
2015-09-05,FPF - Fair Pay Fighting 1,,Israel Adesanya,Maui Tuigamala,Israel Adesanya,KO/TKO,2,1:25,3,0,,,,,,,,,,,,,,,,
2015-09-06,Rings - The Outsider 37,,Kai Asakura,Jung Bin Choi,Kai Asakura,SUB,1,2:21,3,0,,,,,,,,,,,,,,,,
2015-09-06,Aggrelin 8 - Backstage Brawl 2,,Alexander Poppeck,Sami Heyoun,Alexander Poppeck,KO/TKO,2,5:00,3,0,,,,,,,,,,,,,,,,
2015-09-12,Invicta FC 14 - Evinger vs. Kianzad,,J.J. Aldrich,Rosa Acevedo,J.J. Aldrich,KO/TKO,1,2:24,3,0,,,,,,,,,,,,,,,,
2015-09-12,PFN - Phoenix Fight Night 27,,Nathaniel Wood,Thiago Aguiar dos Santos,Nathaniel Wood,DEC,3,5:00,3,0,,,,,,,,,,,,,,,,
2015-09-12,XKO - Xtreme Knockout 27,,Miles Johns,David Miramontes,Miles Johns,DEC,3,3:00,3,0,,,,,,,,,,,,,,,,
2015-09-17,Combate Americas - Road to the Championship 1,,John Castaneda,Justin Governale,John Castaneda,DEC,3,5:00,3,0,,,,,,,,,,,,,,,,
2015-09-18,SOW - Selection of Warriors,,Tofiq Musayev,Magomed Alkuliev,Tofiq Musayev,KO/TKO,1,2:53,3,0,,,,,,,,,,,,,,,,
2015-09-19,Titan FC 35 - Healy vs. Hawn,,Ricky Simon,Alex Soto,Ricky Simon,DEC,3,5:00,3,0,,,,,,,,,,,,,,,,
2015-09-19,Titan FC 35 - Healy vs. Hawn,,Tim Elliott,Felipe Efrain,Tim Elliott,SUB,2,2:30,3,0,,,,,,,,,,,,,,,,
2015-09-19,SBC 6 - Serbian Battle Championship 6,,Dusko Todorovic,Srdjan Knezevic,Dusko Todorovic,SUB,1,0:44,3,0,,,,,,,,,,,,,,,,
2015-09-19,WLF - Wu Lin Feng 2015: New Zealand vs. China,,Israel Adesanya,Gele Qing,Israel Adesanya,KO/TKO,2,3:37,3,0,,,,,,,,,,,,,,,,
2015-09-20,M-1 Challenge 61 - Battle of Narts,,Marcin Tybura,Ante Delija,Marcin Tybura,KO/TKO,1,2:21,3,0,,,,,,,,,,,,,,,,
2015-09-25,MFP - Assault Nights of Spassk 2015,,Arman Tsarukyan,Shamil Olokhanov,Arman Tsarukyan,KO/TKO,1,2:47,3,0,,,,,,,,,,,,,,,,
2015-09-26,FDAM - Fusao de Artes Marciais 5,,Amanda Lemos,Carol Abdon,Amanda Lemos,KO/TKO,1,3:20,3,0,,,,,,,,,,,,,,,,
2015-09-26,HC 28 - Hanuman Cup 28,,Ludovit Klein,Samuel Ribansky,Ludovit Klein,SUB,2,0:00,3,0,,,,,,,,,,,,,,,,
2015-09-28,Kunlun Fight 31 - Bangkok Fight Night,,Heili Alateng,Jessie Rafols,Heili Alateng,SUB,2,1:31,3,0,,,,,,,,,,,,,,,,
2015-10-02,Azerbaijan MMA Federation - National Open Cup,,Tofiq Musayev,Shamil Magomedzagidov,Tofiq Musayev,KO/TKO,1,3:42,3,0,,,,,,,,,,,,,,,,
2015-10-03,UFC 192 - Cormier vs. Gustafsson,,Dan Hooker,Yair Rodriguez,Yair Rodriguez,DEC,3,5:00,3,0,,,,,,,,,,,,,,,,
2015-10-03,UFC 192 - Cormier vs. Gustafsson,,Islam Makhachev,Adriano Martins,Adriano Martins,KO/TKO,1,1:46,3,0,,,,,,,,,,,,,,,,
2015-10-04,N1 Pro - MMA Nomad,,Serghei Spivac,Dimitriy Mikutsa,Serghei Spivac,SUB,2,4:34,3,0,,,,,,,,,,,,,,,,
2015-10-04,WFCA 9 - Grozny Battle,,Abubakar Vagaev,David Castillo,Abubakar Vagaev,KO/TKO,1,2:18,3,0,,,,,,,,,,,,,,,,
2015-10-10,Rostocker & Benefiz Fight Night - 2 in 1 Fight Night,,Reinier de Ridder,Rene Hoppe,Reinier de Ridder,SUB,2,1:54,3,0,,,,,,,,,,,,,,,,
2015-10-10,WLMMA - We Love MMA 16,,Nasrat Haqparast,Fabrice Kindombe,Nasrat Haqparast,KO/TKO,1,0:53,3,0,,,,,,,,,,,,,,,,
2015-10-23,Bellator 144 - Halsey vs. Carvalho,,Michael Page,Charlie Ontiveros,Michael Page,KO/TKO,1,3:20,3,0,,,,,,,,,,,,,,,,
2015-10-23,Fight of Gladiators - Night of Champions 2,,Dusko Todorovic,Frantisek Boban,Dusko Todorovic,SUB,1,1:37,3,0,,,,,,,,,,,,,,,,
2015-10-24,UFC Fight Night 76 - Holohan vs. Smolka,,Darren Elkins,Robert Whiteford,Darren Elkins,DEC,3,5:00,3,0,,,,,,,,,,,,,,,,
2015-10-24,Jungle Fight 82 - Sao Paulo,,Amanda Lemos,Carolina Cunha,Amanda Lemos,SUB,1,2:15,3,0,,,,,,,,,,,,,,,,
2015-10-29,AT - Amazon Talent 3,,Felipe Lima,Tiago Santos,Felipe Lima,SUB,1,3:25,3,0,,,,,,,,,,,,,,,,
2015-10-30,WKF - Zhong Wu Fight Night,,Xiaonan Yan,Bayarmaa Munkhgerel,Xiaonan Yan,KO/TKO,1,2:34,3,0,,,,,,,,,,,,,,,,
2015-10-31,100% Fight - Contenders 30,,Salahdine Parnasse,Mathieu Guinard,Salahdine Parnasse,SUB,2,2:06,3,0,,,,,,,,,,,,,,,,
2015-10-31,100% Fight - Contenders 30,,Salahdine Parnasse,Helder Fernandes,Salahdine Parnasse,SUB,1,1:36,3,0,,,,,,,,,,,,,,,,
2015-10-31,KSW 32 - Road to Wembley,,Mateusz Gamrot,Marif Piraev,Mateusz Gamrot,KO/TKO,2,3:21,3,0,,,,,,,,,,,,,,,,
2015-11-06,Bellator 145 - Vengeance,,Patricio Freire,Daniel Straus,Daniel Straus,DEC,5,5:00,5,0,,,,,,,,,,,,,,,,
2015-11-06,Chinese Kung Fu Championships - CKF 3,,Qileng Aori,Guoqing Zhong,Qileng Aori,DEC,3,5:00,3,0,,,,,,,,,,,,,,,,
2015-11-07,UCMMA 45 - Ultimate Challenge MMA 45,,Modestas Bukauskas,Kester Mamba,Modestas Bukauskas,KO/TKO,2,1:03,3,0,,,,,,,,,,,,,,,,
2015-11-13,LFC 48 - Legacy Fighting Championship 48,,Ryan Spann,Leo Leite,Leo Leite,DEC,5,5:00,5,0,,,,,,,,,,,,,,,,
2015-11-14,BAMMA 23 - Night of Champions,,Nathaniel Wood,Bryan Creighton,Nathaniel Wood,DEC,3,5:00,3,0,,,,,,,,,,,,,,,,
2015-11-19,TPF 25 - Tachi Palace Fights 25,,Alex Perez,Adam Antolin,Adam Antolin,SUB,1,1:15,3,0,,,,,,,,,,,,,,,,
2015-11-19,TPF 25 - Tachi Palace Fights 25,,Jamall Emmers,Ray Cervera,Jamall Emmers,DEC,3,5:00,3,0,,,,,,,,,,,,,,,,
2015-11-20,Bellator 146 - Kato vs. Manhoef,,Alonzo Menifield,Zach Rosol,Alonzo Menifield,KO/TKO,1,0:38,3,0,,,,,,,,,,,,,,,,
2015-11-20,Bellator 146 - Kato vs. Manhoef,,Chidi Njokuani,Ricky Rainey,Chidi Njokuani,DEC,3,5:00,3,0,,,,,,,,,,,,,,,,
2015-11-21,Square Ring Promotions - Island Fights 36,,Ignacio Bahamondes,Craig McAlpine,Ignacio Bahamondes,KO/TKO,1,2:31,3,0,,,,,,,,,,,,,,,,
2015-11-21,UFC Fight Night 78 - Magny vs. Gastelum,,Neil Magny,Kelvin Gastelum,Neil Magny,S-DEC,5,5:00,5,0,,,,,,,,,,,,,,,,
2015-11-27,IKFC - TKF: Matan Tesco Cup,,Tofiq Musayev,Yincang Bao,Tofiq Musayev,KO/TKO,1,3:55,3,0,,,,,,,,,,,,,,,,
2015-11-28,UFC Fight Night 79 - Henderson vs. Masvidal,,Doo Ho Choi,Sam Sicilia,Doo Ho Choi,KO/TKO,1,1:33,3,0,,,,,,,,,,,,,,,,
2015-11-28,Pancrase - 272,,Dan Ige,Taichi Nakajima,Taichi Nakajima,S-DEC,3,5:00,3,0,,,,,,,,,,,,,,,,
2015-11-28,WSFC 3 - The Third Strike,,Fares Ziam,Dominic Yeo,Fares Ziam,KO/TKO,2,4:58,3,0,,,,,,,,,,,,,,,,
2015-11-28,TMT MMA - Too Much Talent: Fight Night 6,,Modestas Bukauskas,Dave Rintoul,Modestas Bukauskas,KO/TKO,1,4:17,3,0,,,,,,,,,,,,,,,,
2015-11-28,WLMMA - We Love MMA 17,,Dustin Stoltzfus,Eugen Weber,Dustin Stoltzfus,SUB,1,1:45,3,0,,,,,,,,,,,,,,,,
2015-11-28,JFL 10 - Jasaji Fighting League 10,,Gianni Vazquez,Daniel Lezama,Daniel Lezama,SUB,2,3:59,3,0,,,,,,,,,,,,,,,,
2015-12-05,XKO - Xtreme Knockout 28,,Miles Johns,Omar Benjar,Miles Johns,SUB,3,1:20,3,0,,,,,,,,,,,,,,,,
2015-12-05,Jungle Fight 84 - Sao Paulo,,Ismael Bonfim,Fabio Lima,Ismael Bonfim,DEC,3,5:00,3,0,,,,,,,,,,,,,,,,
2015-12-10,UFC Fight Night 80 - Namajunas vs. VanZant,,Santiago Ponzinibbio,Andreas Stahl,Santiago Ponzinibbio,KO/TKO,1,4:25,3,0,,,,,,,,,,,,,,,,
2015-12-11,RFA 33 - Townsend vs. Chavez,,Chris Padilla,Mike Segura,Chris Padilla,SUB,1,4:07,3,0,,,,,,,,,,,,,,,,
2015-12-11,UFC - The Ultimate Fighter 22 Finale,,Edson Barboza,Tony Ferguson,Tony Ferguson,SUB,2,2:54,3,0,,,,,,,,,,,,,,,,
2015-12-11,NFC - Naissus Fighting Championship 2,,Dusko Todorovic,Toni Markulev,Dusko Todorovic,KO/TKO,2,1:54,3,0,,,,,,,,,,,,,,,,
2015-12-12,SFC - Special Edition,,Robert Bryczek,Alexander Bergman,Robert Bryczek,KO/TKO,1,1:32,3,0,,,,,,,,,,,,,,,,
2015-12-12,MFP - Eastern Rubicon,,Arman Tsarukyan,Alexander Belikh,Alexander Belikh,KO/TKO,1,0:30,3,0,,,,,,,,,,,,,,,,
2015-12-12,UFN 5 - Urban Fight Night 5,,Tai Tuivasa,Gul Pohatu,Tai Tuivasa,KO/TKO,1,0:44,3,0,,,,,,,,,,,,,,,,
2015-12-12,HFC - Noche de Campeones 14,,Esteban Ribovics,Lautaro Iturbe,Esteban Ribovics,SUB,3,2:35,3,0,,,,,,,,,,,,,,,,
2015-12-13,Rings - The Outsider 38: Ota City General Gymnasium Special,,Kai Asakura,Jong Hyun Kwak,Kai Asakura,KO/TKO,1,4:04,3,0,,,,,,,,,,,,,,,,
2015-12-13,Aggrelin 9 - Cage Fight Bavaria,,Alexander Poppeck,Csaba Horvath,Alexander Poppeck,KO/TKO,1,1:44,3,0,,,,,,,,,,,,,,,,
2015-12-16,Combate Americas - Road to the Championship 2,,John Castaneda,Federico Lopez,John Castaneda,SUB,3,4:49,3,0,,,,,,,,,,,,,,,,
2015-12-18,CFV - Clube Fight Vitória,,Joanderson Brito,Henrique Gomes,Henrique Gomes,KO/TKO,1,N/A,3,0,,,,,,,,,,,,,,,,
2015-12-18,WSOF 26 - Palmer vs. Almeida,,Giga Chikadze,Gil Guardado,Gil Guardado,DEC,3,5:00,3,0,,,,,,,,,,,,,,,,
2015-12-19,Chinese Kung Fu Championships - CKF 4: Day 1,,Bo Meng,Heqin Lin,Bo Meng,DEC,5,3:00,5,0,,,,,,,,,,,,,,,,
2015-12-19,UFC on Fox 17 - Dos Anjos vs. Cerrone 2,,Vicente Luque,Hayder Hassan,Vicente Luque,SUB,1,2:13,3,0,,,,,,,,,,,,,,,,
2015-12-19,EFC - Emperor Fighting Championship 10,,Ramazonbek Temirov,Saykhan Elmurzaev,Ramazonbek Temirov,KO/TKO,1,2:25,3,0,,,,,,,,,,,,,,,,
2015-12-20,Chinese Kung Fu Championships - CKF 4: Day 2,,Qileng Aori,Minghui Bai,Qileng Aori,DEC,3,5:00,3,0,,,,,,,,,,,,,,,,
2015-12-20,RMMAF - Federation Cup 2015,,Bogdan Guskov,Biksultan Sabyrzhanov,Bogdan Guskov,KO/TKO,1,1:13,3,0,,,,,,,,,,,,,,,,
2015-12-24,Asian Fighting Championship Akhmat 2 - Battle in Samarkand,,Nursulton Ruziboev,Orzubek Seytimbetov,Nursulton Ruziboev,SUB,1,2:01,3,0,,,,,,,,,,,,,,,,
2015-12-26,Road FC 27 - Road Fighting Championship 27,,Xiaonan Yan,Ye Hyun Nam,Xiaonan Yan,DEC,2,5:00,3,0,,,,,,,,,,,,,,,,
2015-12-26,WFCA 13 - Grozny Battle,,Abubakar Vagaev,Tiago Varejao Lacerda,Abubakar Vagaev,DEC,3,5:00,3,0,,,,,,,,,,,,,,,,
2015-12-31,WBK 10 / Dacheng Wuyi - Chinese MMA Super League Season 3: Finals,,Meng Ding,Shining Sun,Meng Ding,KO/TKO,1,5:00,3,0,,,,,,,,,,,,,,,,
2016-01-13,WLF - E.P.I.C.: Elevation Power in Cage 1,,Heili Alateng,Emil Abbasov,Heili Alateng,DEC,3,5:00,3,0,,,,,,,,,,,,,,,,
2016-01-13,WLF - E.P.I.C.: Elevation Power in Cage 1,,Yadong Song,Alexander Zaitsev,Yadong Song,DEC,3,5:00,3,0,,,,,,,,,,,,,,,,
2016-01-13,WLF - E.P.I.C.: Elevation Power in Cage 1,,Su Mudaerji,Seung Heon Lim,Su Mudaerji,KO/TKO,1,2:44,3,0,,,,,,,,,,,,,,,,
2016-01-13,WLF - E.P.I.C.: Elevation Power in Cage 1,,Israel Adesanya,Vladimir Katykhin,Israel Adesanya,KO/TKO,2,N/A,3,0,,,,,,,,,,,,,,,,
2016-01-16,BFFC - Bullet Fly Fighting Championship 3,,Muslim Salikhov,Tuluosibake Kuerbanjiang,Muslim Salikhov,KO/TKO,1,0:18,3,0,,,,,,,,,,,,,,,,
2016-01-21,Sunkin International Fight Club - 2016 Oriental Summit International MMA Tournament,,Bo Meng,Seul Gi Jeon,Bo Meng,SUB,1,3:13,3,0,,,,,,,,,,,,,,,,
2016-01-23,Jungle Fight 85 - Sao Paulo,,Amanda Lemos,Mayra Cantuaria Rodrigues,draw,DRAW,3,5:00,3,0,,,,,,,,,,,,,,,,
2016-01-28,Dacheng Wuyi - Chinese MMA Super League Season 4: Day 1,,Meng Ding,Yusheng Wang,Meng Ding,KO/TKO,1,1:51,3,0,,,,,,,,,,,,,,,,
2016-01-29,Dacheng Wuyi - Chinese MMA Super League Season 4: Day 2,,Meng Ding,Nuerdebieke Bahetihan,Meng Ding,KO/TKO,2,3:55,3,0,,,,,,,,,,,,,,,,
2016-01-29,AFC - Absolute Fighting Champonship 24,,Billy Quarantillo,Marc Stevens,Billy Quarantillo,DEC,3,5:00,3,0,,,,,,,,,,,,,,,,
2016-01-30,NCE 4 - New Corpore Extreme 4,,Valesca Machado,Nayara Hemily,nc,NC,3,5:00,3,0,,,,,,,,,,,,,,,,
2016-01-30,Dacheng Wuyi - Chinese MMA Super League Season 4: Day 3,,Meng Ding,Tuluosibake Kuerbanjiang,Tuluosibake Kuerbanjiang,SUB,2,1:54,3,0,,,,,,,,,,,,,,,,
2016-01-30,CKF 2016 - China vs. Russia,,Bo Meng,Angela Angela,Bo Meng,SUB,1,0:59,3,0,,,,,,,,,,,,,,,,
2016-01-30,UFC on Fox 18 - Johnson vs. Bader,,Diego Ferreira,Olivier Aubin-Mercier,Diego Ferreira,DEC,3,5:00,3,0,,,,,,,,,,,,,,,,
2016-01-31,Road FC 28 - Road Fighting Championship 28,,Heili Alateng,Min Seok Kwon,Heili Alateng,S-DEC,3,5:00,3,0,,,,,,,,,,,,,,,,
2016-01-31,IWFC - Beat365: Changbai Mountain Hero List,,Xiaonan Yan,Omnia Gamal,Xiaonan Yan,KO/TKO,1,0:23,3,0,,,,,,,,,,,,,,,,
2016-02-04,100% Fight 27 - Last Man Standing,,Salahdine Parnasse,William Gomis,Salahdine Parnasse,DEC,3,5:00,3,0,,,,,,,,,,,,,,,,
2016-02-04,100% Fight 27 - Last Man Standing,,Fares Ziam,Jean Dutriaux,Fares Ziam,SUB,1,1:50,3,0,,,,,,,,,,,,,,,,
2016-02-04,100% Fight 27 - Last Man Standing,,Morgan Charriere,Dryce Bouremel,Morgan Charriere,DEC,2,5:00,3,0,,,,,,,,,,,,,,,,
2016-02-12,CDL Promotions - CDL Super Card,,Steve Erceg,Ryan Robertson,Steve Erceg,SUB,2,0:00,3,0,,,,,,,,,,,,,,,,
2016-02-13,NEC 23 - North Extreme Cagefighting 23,,Marcio Barbosa,Celso Henrique Silva Susarte,Marcio Barbosa,KO/TKO,1,3:04,3,0,,,,,,,,,,,,,,,,
2016-02-18,TPF 26 - Brawl in the Hall,,Drakkar Klose,Joshua Aveles,draw,DRAW,3,5:00,3,0,,,,,,,,,,,,,,,,
2016-02-19,RFA 35 - Moises vs. Castillo,,Curtis Blaydes,Luis Cortez,Curtis Blaydes,KO/TKO,3,0:41,3,0,,,,,,,,,,,,,,,,
2016-02-20,XK 31 - Bonebreakers vs. A.D.A.M.,,David Martinez,Erick Espitia,David Martinez,KO/TKO,2,2:11,3,0,,,,,,,,,,,,,,,,
2016-02-20,Ravage - Ravage Series 2,,Nasrat Haqparast,Lampros Pistikos,Nasrat Haqparast,KO/TKO,1,3:36,3,0,,,,,,,,,,,,,,,,
2016-02-20,WSOF 28 - Moraes vs. Barajas,,Jalin Turner,Eric Steans,Jalin Turner,KO/TKO,1,0:32,3,0,,,,,,,,,,,,,,,,
2016-02-20,Triple X Cagefighting - Legends 7,,Kyle Prepolec,Adrian Hadribeaj,Kyle Prepolec,KO/TKO,4,4:01,5,0,,,,,,,,,,,,,,,,
2016-02-21,Kunlun Fight 38 - Clash of the Titans 2,,Heili Alateng,Kana Hyatt,Heili Alateng,DEC,3,5:00,3,0,,,,,,,,,,,,,,,,
2016-02-27,UFC Fight Night 84 - Silva vs. Bisping,,Marlon Vera,Davey Grant,Davey Grant,DEC,3,5:00,3,0,,,,,,,,,,,,,,,,
2016-02-27,BAMMA 24 - Kone vs. Phillips,,Nathaniel Wood,Alan Philpott,Alan Philpott,KO/TKO,3,2:00,3,0,,,,,,,,,,,,,,,,
2016-02-27,Eagles FC - Eagles Fighting Championship,,Serghei Spivac,Artem Cherkov,Serghei Spivac,KO/TKO,1,1:52,3,0,,,,,,,,,,,,,,,,
2016-02-27,CFFC 56 - Wells vs. Walo,,Jeremiah Wells,Emmanuel Walo,Emmanuel Walo,DEC,5,5:00,5,0,,,,,,,,,,,,,,,,
2016-03-04,Titan FC 37 - Simon vs. Dos Santos,,Ricky Simon,Anderson dos Santos,Anderson dos Santos,SUB,2,2:38,3,0,,,,,,,,,,,,,,,,
2016-03-04,Titan FC 37 - Simon vs. Dos Santos,,Tim Elliott,Pedro Nobre,Tim Elliott,DEC,5,5:00,5,0,,,,,,,,,,,,,,,,
2016-03-05,GFA - Gladiator Fighting Arena 3,,Fares Ziam,Laid Zerhouni,Fares Ziam,SUB,3,2:32,3,0,,,,,,,,,,,,,,,,
2016-03-05,UFC 196 - McGregor vs. Diaz,,Darren Elkins,Chas Skelly,Darren Elkins,DEC,3,5:00,3,0,,,,,,,,,,,,,,,,
2016-03-05,HC 30 - Hanuman Cup 30,,Ludovit Klein,Michal Stefek,Ludovit Klein,SUB,1,0:40,3,0,,,,,,,,,,,,,,,,
2016-03-11,Square Ring Promotions - Island Fights 37,,Ignacio Bahamondes,Rodrigo Tavares,Ignacio Bahamondes,KO/TKO,1,1:03,3,0,,,,,,,,,,,,,,,,
2016-03-11,Square Ring Promotions - Island Fights 37,,Gillian Robertson,Hannah Goldy,Hannah Goldy,DEC,3,5:00,3,0,,,,,,,,,,,,,,,,
2016-03-12,HDH 69 / Revelation FC - Hombres de Honor 69,,Joanderson Brito,Rogerio Furtado,Joanderson Brito,KO/TKO,1,0:22,3,0,,,,,,,,,,,,,,,,
2016-03-12,FTF 13 - Face To Face 13 - Batista vs. Teixeira,,Gregory Rodrigues,Marco Aurelio Ligeiro,Gregory Rodrigues,SUB,2,0:54,3,0,,,,,,,,,,,,,,,,
2016-03-13,WLF - E.P.I.C.: Elevation Power in Cage 2,,Yadong Song,Artak Nazaryan,Yadong Song,KO/TKO,2,0:59,3,0,,,,,,,,,,,,,,,,
2016-03-13,WLF - E.P.I.C.: Elevation Power in Cage 2,,Qileng Aori,Grigory Popov,Grigory Popov,SUB,2,4:35,3,0,,,,,,,,,,,,,,,,
2016-03-13,WLF - E.P.I.C.: Elevation Power in Cage 2,,Su Mudaerji,Yusuke Uehara,Yusuke Uehara,SUB,1,2:41,3,0,,,,,,,,,,,,,,,,
2016-03-13,WLF - E.P.I.C.: Elevation Power in Cage 2,,Long Xiao,Won Seok Jung,Long Xiao,S-DEC,3,5:00,3,0,,,,,,,,,,,,,,,,
2016-03-13,WLF - E.P.I.C.: Elevation Power in Cage 2,,Bo Meng,Kseniya Lachkova,Bo Meng,S-DEC,3,5:00,3,0,,,,,,,,,,,,,,,,
2016-03-13,WLF - E.P.I.C.: Elevation Power in Cage 2,,Israel Adesanya,Dibir Zagirov,Israel Adesanya,KO/TKO,2,2:23,3,0,,,,,,,,,,,,,,,,
2016-03-19,UFC Fight Night 85 - Hunt vs. Mir,,Dan Hooker,Mark Eddiva,Dan Hooker,SUB,1,1:24,3,0,,,,,,,,,,,,,,,,
2016-03-19,UFC Fight Night 85 - Hunt vs. Mir,,Neil Magny,Hector Lombard,Neil Magny,KO/TKO,3,0:46,3,0,,,,,,,,,,,,,,,,
2016-03-25,LFC 52 - Legacy Fighting Championship 52,,Ryan Spann,Aaron Davis,Ryan Spann,SUB,1,2:53,3,0,,,,,,,,,,,,,,,,
2016-03-26,GKO 6 - Global Knockout 6,,Joseph Morales,Sammy Saunders,Joseph Morales,SUB,1,3:50,3,0,,,,,,,,,,,,,,,,
2016-03-26,BFFC - Bullet Fly Fighting Championship 4,,Zhu Rong,Roman Lutsenko,Zhu Rong,DQ,2,2:06,3,0,,,,,,,,,,,,,,,,
2016-03-27,Luxury Fighter - Oktogon Luxury Fighter 1,,Morgan Charriere,Jonathan Hilderald,Morgan Charriere,DEC,3,5:00,3,0,,,,,,,,,,,,,,,,
2016-04-01,AFC - Absolute Fighting Championship 25,,Billy Quarantillo,Michel Quinones,Michel Quinones,KO/TKO,1,2:51,3,0,,,,,,,,,,,,,,,,
2016-04-02,Cage Fighting - Dagestan,,Muslim Salikhov,Artem Shokalo,Muslim Salikhov,KO/TKO,1,2:31,3,0,,,,,,,,,,,,,,,,
2016-04-09,FoG - Fight of Gladiators 5,,Ludovit Klein,Aleksandar Jankovic,Ludovit Klein,SUB,1,N/A,3,0,,,,,,,,,,,,,,,,
2016-04-09,WFCA 17 - Grand Prix Akhmat,,Magomed Ankalaev,Lloyd Marshbanks,Magomed Ankalaev,KO/TKO,1,0:15,3,0,,,,,,,,,,,,,,,,
2016-04-09,WFCA 17 - Grand Prix Akhmat,,Abubakar Vagaev,Michel Pereira,Abubakar Vagaev,DEC,3,5:00,3,0,,,,,,,,,,,,,,,,
2016-04-10,UFC Fight Night 86 - Rothwell vs. Dos Santos,,Curtis Blaydes,Francis Ngannou,Francis Ngannou,KO/TKO,2,5:00,3,0,,,,,,,,,,,,,,,,
2016-04-10,UFC Fight Night 86 - Rothwell vs. Dos Santos,,Jan Blachowicz,Igor Pokrajac,Jan Blachowicz,DEC,3,5:00,3,0,,,,,,,,,,,,,,,,
2016-04-10,UFC Fight Night 86 - Rothwell vs. Dos Santos,,Marcin Tybura,Tim Johnson,Tim Johnson,DEC,3,5:00,3,0,,,,,,,,,,,,,,,,
2016-04-16,Road FC 30 - Road Fighting Championship 30,,Heili Alateng,Fumiya Sasaki,Heili Alateng,KO/TKO,1,4:04,3,0,,,,,,,,,,,,,,,,
2016-04-16,WFF - World Fighting Federation 27,,Brandon Moreno,Isaac Camarillo,Brandon Moreno,SUB,1,1:53,3,0,,,,,,,,,,,,,,,,
2016-04-16,SF - Shogun Fights 14,,Dan Ige,James Jones,Dan Ige,KO/TKO,1,3:56,3,0,,,,,,,,,,,,,,,,
2016-04-16,Road FC 30 - Road Fighting Championship 30,,Xiaonan Yan,Seo Hee Lim,Xiaonan Yan,KO/TKO,1,3:28,3,0,,,,,,,,,,,,,,,,
2016-04-16,SBC 9 - Serbian Battle Championship 9,,Dusko Todorovic,Albert Micura,Dusko Todorovic,KO/TKO,1,1:09,3,0,,,,,,,,,,,,,,,,
2016-04-16,SBC 9 - Serbian Battle Championship 9,,Milos Janicic,Vladimir Prodanovic,Vladimir Prodanovic,DEC,3,5:00,3,0,,,,,,,,,,,,,,,,
2016-04-16,Liechtensteiner Fight Night - Fight Night 2016,,Alexander Poppeck,Vincent Heloise,Alexander Poppeck,KO/TKO,1,3:21,3,0,,,,,,,,,,,,,,,,
2016-04-16,UFC on Fox 19 - Teixeira vs. Evans,,Santiago Ponzinibbio,Court McGee,Santiago Ponzinibbio,KO/TKO,1,4:15,3,0,,,,,,,,,,,,,,,,
2016-04-17,Luxury Fighter 2 - La Finale,,Morgan Charriere,Ivan Dutchak,Morgan Charriere,KO/TKO,1,3:28,3,0,,,,,,,,,,,,,,,,
2016-04-17,Luxury Fighter 2 - La Finale,,Morgan Charriere,Banjougou Sidibe,Morgan Charriere,S-DEC,2,5:00,3,0,,,,,,,,,,,,,,,,
2016-04-22,Bellator 153 - Koreshkov vs. Henderson,,Patricio Freire,Henry Corrales,Patricio Freire,SUB,2,4:09,3,0,,,,,,,,,,,,,,,,
2016-04-22,Bellator 153 - Koreshkov vs. Henderson,,Michael Page,Jeremie Holloway,Michael Page,SUB,1,2:15,3,0,,,,,,,,,,,,,,,,
2016-04-23,WLF - E.P.I.C.: Elevation Power in Cage 3,,Zhu Rong,Vadim Khristoforov,Zhu Rong,KO/TKO,1,3:39,3,0,,,,,,,,,,,,,,,,
2016-04-23,WLF - E.P.I.C.: Elevation Power in Cage 3,,Su Mudaerji,Leonid Malozemov,Su Mudaerji,KO/TKO,2,0:06,3,0,,,,,,,,,,,,,,,,
2016-04-23,WLF - E.P.I.C.: Elevation Power in Cage 3,,Long Xiao,Daisuke Yamaguchi,Daisuke Yamaguchi,DEC,3,5:00,3,0,,,,,,,,,,,,,,,,
2016-04-23,UFC 197 - Jones vs. St. Preux,,Edson Barboza,Anthony Pettis,Edson Barboza,DEC,3,5:00,3,0,,,,,,,,,,,,,,,,
2016-04-25,Combate Americas - Road to the Championship 4,,John Castaneda,Gabriel Solorio,John Castaneda,S-DEC,3,5:00,3,0,,,,,,,,,,,,,,,,
2016-05-01,Mr.Cage Championship - Mr. Cage 22,,Elves Brener,Thales Moraes,Elves Brener,SUB,1,3:16,3,0,,,,,,,,,,,,,,,,
2016-05-04,CKF - CKF 65,,Qileng Aori,Husiman Siwuhaer,Husiman Siwuhaer,SUB,1,1:24,3,0,,,,,,,,,,,,,,,,
2016-05-06,MFP - Cup of Administration in Modern Pankration,,Arman Tsarukyan,Ali Khaibulaev,Arman Tsarukyan,KO/TKO,1,0:33,3,0,,,,,,,,,,,,,,,,
2016-05-07,FF - Fury Fight,,Valesca Machado,Cleudilene Costa,Valesca Machado,S-DEC,3,5:00,3,0,,,,,,,,,,,,,,,,
2016-05-07,UCMMA 47 - Ultimate Challenge MMA 47,,Modestas Bukauskas,Pavel Doroftei,Pavel Doroftei,SUB,1,0:18,3,0,,,,,,,,,,,,,,,,
2016-05-07,Glory of Heroes 2 - Shenzhen,,Israel Adesanya,Andrew Flores Smith,Israel Adesanya,KO/TKO,1,5:00,3,0,,,,,,,,,,,,,,,,
2016-05-14,Road FC 31 - Road Fighting Championship 31,,Heili Alateng,Mu Song Choi,Heili Alateng,DEC,2,5:00,3,0,,,,,,,,,,,,,,,,
2016-05-14,100% Fight 28 - Fights for the Belts,,Morgan Charriere,Pierre Sauvage,Pierre Sauvage,DEC,2,5:00,3,0,,,,,,,,,,,,,,,,
2016-05-14,Kunlun Fight 44 - Mayor's Cup 2016,,Yadong Song,Alexey Polpudnikov,Alexey Polpudnikov,KO/TKO,2,0:50,3,0,,,,,,,,,,,,,,,,
2016-05-14,WKG - International MMA Tournament 1,,Bo Meng,Ilona Daurova,Bo Meng,KO/TKO,2,2:03,3,0,,,,,,,,,,,,,,,,
2016-05-19,TPF 27 - Tachi Palace Fights 27,,Alex Perez,Jared Papazian,Jared Papazian,SUB,1,3:26,3,0,,,,,,,,,,,,,,,,
2016-05-21,LAMMQ - Quebec Mixed Martial Arts League 5,,Charles Jourdain,Thomas Sumantri,Charles Jourdain,KO/TKO,1,4:32,3,0,,,,,,,,,,,,,,,,
2016-05-21,SF - Superstar Fight 3,,Muslim Salikhov,Gang Zhang,Muslim Salikhov,SUB,1,N/A,3,0,,,,,,,,,,,,,,,,
2016-05-21,Superior FC 14 - The Comeback,,Reinier de Ridder,Michaelis Efstratiou,Reinier de Ridder,SUB,1,1:32,3,0,,,,,,,,,,,,,,,,
2016-05-22,Battle Cage 1 - Ortiz vs. Braganza,,Esteban Ribovics,Fernando Garcia,Esteban Ribovics,KO/TKO,2,2:30,3,0,,,,,,,,,,,,,,,,
2016-05-27,KSW 35 - Khalidov vs. Karaoglu,,Mateusz Gamrot,Mansour Barnaoui,Mateusz Gamrot,DEC,3,5:00,3,0,,,,,,,,,,,,,,,,
2016-05-28,WLF - E.P.I.C.: Elevation Power in Cage 4,,Zhu Rong,Andrey Sapa,Zhu Rong,SUB,1,2:18,3,0,,,,,,,,,,,,,,,,
2016-05-28,WLF - E.P.I.C.: Elevation Power in Cage 4,,Bo Meng,Julia Borisova,Bo Meng,DEC,3,5:00,3,0,,,,,,,,,,,,,,,,
2016-05-28,Nokaut Fighting Championship - Knockout Night 2,,Borislav Nikolic,Mislav Major,Borislav Nikolic,SUB,2,2:00,3,0,,,,,,,,,,,,,,,,
2016-05-28,WLF - E.P.I.C.: Elevation Power in Cage 4,,Israel Adesanya,Murad Kuramagomedov,Israel Adesanya,KO/TKO,2,1:05,3,0,,,,,,,,,,,,,,,,
2016-06-03,RFA 38 - Moises vs. Emmers,,Jamall Emmers,Thiago Moises,Thiago Moises,KO/TKO,5,2:52,5,0,,,,,,,,,,,,,,,,
2016-06-03,RFA 38 - Moises vs. Emmers,,Chris Padilla,Jason Gonzalez,Jason Gonzalez,KO/TKO,2,3:14,3,0,,,,,,,,,,,,,,,,
2016-06-03,TBC - Ultimate Blue Corner Battles,,Charles Johnson,Austin Reed,Charles Johnson,KO/TKO,2,2:30,3,0,,,,,,,,,,,,,,,,
2016-06-04,Arena Kombat FC 2 - Arena Kombat Fighting Championship 2,,Joanderson Brito,Jefson Castor,draw,DRAW,3,5:00,3,0,,,,,,,,,,,,,,,,
2016-06-05,CWFL - Chinese Wushu Fight League,,Tofiq Musayev,Ooi Aik Tong,Tofiq Musayev,KO/TKO,1,1:35,3,0,,,,,,,,,,,,,,,,
2016-06-05,CWFL - Chinese Wushu Fight League,,Tofiq Musayev,Jiang Tao,Tofiq Musayev,KO/TKO,1,3:52,3,0,,,,,,,,,,,,,,,,
2016-06-06,Dacheng Wuyi - Chinese MMA Super League Season 5: Day 4,,Meng Ding,Wenquan Qiao,Meng Ding,KO/TKO,1,2:01,3,0,,,,,,,,,,,,,,,,
2016-06-07,Dacheng Wuyi - Chinese MMA Super League Season 5: Day 5,,Meng Ding,Peng Yang,Meng Ding,KO/TKO,1,1:47,3,0,,,,,,,,,,,,,,,,
2016-06-10,Titan FC 39 - Cavalcante vs. Healy,,Ignacio Bahamondes,Preston Parsons,Preston Parsons,SUB,1,2:59,3,0,,,,,,,,,,,,,,,,
2016-06-10,BAMMA Badbeat 20 - Saunders vs. Culley,,Jalin Turner,Adrian Ajoleza,Jalin Turner,KO/TKO,1,1:40,3,0,,,,,,,,,,,,,,,,
2016-06-10,AFC - Land of the Midnight Sun 3,,Uros Medic,Rob Rivera,Uros Medic,KO/TKO,1,0:00,3,0,,,,,,,,,,,,,,,,
2016-06-11,Legio's Arena 2 - Road to Bellator,,Francesco Nuzzi,Alban Sinani,Francesco Nuzzi,DEC,3,5:00,3,0,,,,,,,,,,,,,,,,
2016-06-11,WFCA 23 - Grand Prix Akhmat,,Magomed Ankalaev,Artur Astakhov,Magomed Ankalaev,DEC,3,5:00,3,0,,,,,,,,,,,,,,,,
2016-06-11,WFCA 23 - Grand Prix Akhmat,,Abubakar Vagaev,Luis Sergio Melo Jr.,Abubakar Vagaev,DEC,3,5:00,3,0,,,,,,,,,,,,,,,,
2016-06-12,MFC - Fight Night,,Milos Janicic,Stefan Negucic,Stefan Negucic,KO/TKO,2,0:00,3,0,,,,,,,,,,,,,,,,
2016-06-12,MFC - Fight Night,,Borislav Nikolic,Marinko Zarubica,Borislav Nikolic,SUB,2,0:00,3,0,,,,,,,,,,,,,,,,
2016-06-17,RFA 39 - Barcelos vs. Moffett,,Raoni Barcelos,Bobby Moffett,Raoni Barcelos,DEC,5,5:00,5,0,,,,,,,,,,,,,,,,
2016-06-17,Minotaur 4 - Demolition,,Jack Jenkins,Alan Hartley,Jack Jenkins,SUB,1,4:50,3,0,,,,,,,,,,,,,,,,
2016-06-17,Bellator 156 - Galvao vs. Dantas 2,,Chidi Njokuani,Thiago Jambo Goncalves,Chidi Njokuani,KO/TKO,3,2:39,3,0,,,,,,,,,,,,,,,,
2016-06-18,AFC 16 - Sosoli vs. Tuivasa,,Tai Tuivasa,Brandon Sosoli,Tai Tuivasa,KO/TKO,1,0:21,3,0,,,,,,,,,,,,,,,,
2016-06-24,LFC 56 - Legacy Fighting Championship 56,,Miles Johns,Eliazar Rodriguez,Miles Johns,KO/TKO,2,0:38,3,0,,,,,,,,,,,,,,,,
2016-06-25,Jungle Fight 88 - Pocos de Caldas,,Amanda Lemos,Mayra Cantuaria Rodrigues,Amanda Lemos,KO/TKO,3,0:28,3,0,,,,,,,,,,,,,,,,
2016-06-26,ZC - Zhenghanfeng Cup,,Xiaonan Yan,Xuanzhen Luo,Xiaonan Yan,SUB,1,N/A,3,0,,,,,,,,,,,,,,,,
2016-06-29,WLF - E.P.I.C.: Elevation Power in Cage 5,,Su Mudaerji,Isaias Celiva,Su Mudaerji,KO/TKO,2,5:00,3,0,,,,,,,,,,,,,,,,
2016-07-01,LFC 57 - Legacy Fighting Championship 57,,Dan Ige,Craig Campbell,Dan Ige,KO/TKO,1,3:31,3,0,,,,,,,,,,,,,,,,
2016-07-01,One Championship - Dynasty of Champions Preliminary Fight Night,,Long Xiao,Hong Gang Tu,Hong Gang Tu,KO/TKO,1,1:54,3,0,,,,,,,,,,,,,,,,
2016-07-02,Road FC 32 - Road Fighting Championship 32,,Kai Asakura,Xiaoyang Liu,Kai Asakura,SUB,1,1:53,3,0,,,,,,,,,,,,,,,,
2016-07-02,SF - Superstar Fight 4,,Bo Meng,Marija Malenica,Bo Meng,SUB,1,N/A,3,0,,,,,,,,,,,,,,,,
2016-07-07,WKG - International MMA Tournament 2,,Meng Ding,Sergey Lesnikov,Sergey Lesnikov,KO/TKO,1,4:09,3,0,,,,,,,,,,,,,,,,
2016-07-07,UFC Fight Night 90 - Dos Anjos vs. Alvarez,,Vicente Luque,Alvaro Herrera,Vicente Luque,SUB,2,3:52,3,0,,,,,,,,,,,,,,,,
2016-07-07,Tech-Krep FC - Prime Selection 9,,Bogdan Guskov,Abdulkhalik Magomedov,Bogdan Guskov,KO/TKO,1,4:35,3,0,,,,,,,,,,,,,,,,
2016-07-08,UFC - The Ultimate Fighter 23 Finale,,Doo Ho Choi,Thiago Tavares,Doo Ho Choi,KO/TKO,1,2:42,3,0,,,,,,,,,,,,,,,,
2016-07-08,CWFC 77 - Cage Warriors Fighting Championship 77,,Modestas Bukauskas,John Redmond,John Redmond,KO/TKO,1,1:12,3,0,,,,,,,,,,,,,,,,
2016-07-08,MMA Casino Fights - Alvarez vs. Bravo,,Joel Alvarez,Jose Luis Bravo,Joel Alvarez,SUB,1,0:49,3,0,,,,,,,,,,,,,,,,
2016-07-09,CLC - Cage League Championship 1,,Esteban Ribovics,Didier Nahuel,Esteban Ribovics,SUB,1,1:49,3,0,,,,,,,,,,,,,,,,
2016-07-10,Apocalypse - White Rex Italian Selection,,Francesco Nuzzi,Claudio Iancu,Claudio Iancu,SUB,1,0:47,3,0,,,,,,,,,,,,,,,,
2016-07-10,NEFC - Nova Estrela Fight Combat 1,,Jose Luiz,Roberio Luiz,Jose Luiz,DEC,3,5:00,3,0,,,,,,,,,,,,,,,,
2016-07-16,Bellator 158 - Daley vs. Lima,,Michael Page,Evangelista Cyborg dos Santos,Michael Page,KO/TKO,2,4:31,3,0,,,,,,,,,,,,,,,,
2016-07-16,Bellator 158 - Daley vs. Lima,,Nathaniel Wood,Chase Morton,Nathaniel Wood,SUB,3,3:55,3,0,,,,,,,,,,,,,,,,
2016-07-22,LFC 58 - Legacy Fighting Championship 58,,Ryan Spann,Robert Drysdale,Robert Drysdale,SUB,2,2:58,3,0,,,,,,,,,,,,,,,,
2016-07-22,LFC 58 - Legacy Fighting Championship 58,,Mackenzie Dern,Kenia Rosas Martinez,Mackenzie Dern,DEC,3,5:00,3,0,,,,,,,,,,,,,,,,
2016-07-23,Panama Fight League - Ultimate Combat Challenge 30: Guatemala,,David Martinez,Josue Lopez,David Martinez,KO/TKO,1,2:50,3,0,,,,,,,,,,,,,,,,
2016-07-23,WLF - E.P.I.C.: Elevation Power in Cage 6,,Zhu Rong,Semen Galushko,Zhu Rong,KO/TKO,1,2:16,3,0,,,,,,,,,,,,,,,,
2016-07-23,WLF - E.P.I.C.: Elevation Power in Cage 6,,Yadong Song,Vachagan Nikogosyan,Yadong Song,KO/TKO,1,3:12,3,0,,,,,,,,,,,,,,,,
2016-07-23,WLF - E.P.I.C.: Elevation Power in Cage 6,,Meng Ding,Rae Yoon Ok,Rae Yoon Ok,DEC,3,5:00,3,0,,,,,,,,,,,,,,,,
2016-07-23,UFC on Fox 20 - Holm vs. Shevchenko,,Edson Barboza,Gilbert Melendez,Edson Barboza,DEC,3,5:00,3,0,,,,,,,,,,,,,,,,
2016-07-23,UFC on Fox 20 - Holm vs. Shevchenko,,Darren Elkins,Godofredo Castro,Darren Elkins,DEC,3,5:00,3,0,,,,,,,,,,,,,,,,
2016-07-24,Fight Star - Sputnik Battle,,Saygid Izagakhmaev,Erbolot Omurzakov,Saygid Izagakhmaev,KO/TKO,2,2:38,3,0,,,,,,,,,,,,,,,,
2016-07-29,Invicta FC 18 - Grasso vs. Esquibel,,Alexa Grasso,Jodie Esquibel,Alexa Grasso,DEC,3,5:00,3,0,,,,,,,,,,,,,,,,
2016-07-29,RFA 41 - Clark vs. Giles,,Jamall Emmers,Rivaldo Junior,Jamall Emmers,DEC,3,5:00,3,0,,,,,,,,,,,,,,,,
2016-07-30,CKF - CKF 86,,Long Xiao,Jian Hu,Long Xiao,SUB,1,1:54,3,0,,,,,,,,,,,,,,,,
2016-07-30,CFL - California Fight League 8,,Jalin Turner,Ronnie Borja,Ronnie Borja,KO/TKO,1,0:11,3,0,,,,,,,,,,,,,,,,
2016-07-31,Kunlun Fight - Kunlun Fight 48,,Jingnan Xiong,Mona Samir,Jingnan Xiong,KO/TKO,1,4:00,3,0,,,,,,,,,,,,,,,,
2016-08-05,Tech-Krep FC - Prime Selection 10,,Bogdan Guskov,Arkadiy Lisin,Arkadiy Lisin,DEC,2,5:00,3,0,,,,,,,,,,,,,,,,
2016-08-06,Spartan Fight 4 - Bryczek vs. Siwy,,Robert Bryczek,Grzegorz Siwy,Robert Bryczek,DEC,3,5:00,3,0,,,,,,,,,,,,,,,,
2016-08-06,UFC Fight Night 92 - Rodriguez vs. Caceres,,Marcin Tybura,Viktor Pesta,Marcin Tybura,KO/TKO,2,0:53,3,0,,,,,,,,,,,,,,,,
2016-08-06,UFC Fight Night 92 - Rodriguez vs. Caceres,,Santiago Ponzinibbio,Zak Cummings,Santiago Ponzinibbio,DEC,3,5:00,3,0,,,,,,,,,,,,,,,,
2016-08-11,Combate Americas - Combate Ocho,,John Castaneda,Angel Cruz,John Castaneda,KO/TKO,2,2:25,3,0,,,,,,,,,,,,,,,,
2016-08-11,Combate Americas - Combate Ocho,,Daniel Rodriguez,Hector Saldana,Daniel Rodriguez,SUB,1,3:45,3,0,,,,,,,,,,,,,,,,
2016-08-13,Square Ring Promotions - Island Fights 38,,Ignacio Bahamondes,Dion Rizzuto,Ignacio Bahamondes,KO/TKO,1,1:03,3,0,,,,,,,,,,,,,,,,
2016-08-13,FFI - Blood and Sand 20,,Gillian Robertson,Monica Medina,Gillian Robertson,DEC,3,5:00,3,0,,,,,,,,,,,,,,,,
2016-08-14,Innferno 2 - Innferno Fighting Championship 2,,Alexander Poppeck,Alexander Takacs,Alexander Poppeck,DEC,3,5:00,3,0,,,,,,,,,,,,,,,,
2016-08-19,RFA 42 - Giagos vs. Estrazulas,,Alex Perez,Ray Elizalde,Alex Perez,S-DEC,3,5:00,3,0,,,,,,,,,,,,,,,,
2016-08-20,WLF - E.P.I.C.: Elevation Power in Cage 7,,Meng Ding,Sung Won Son,Meng Ding,S-DEC,3,5:00,3,0,,,,,,,,,,,,,,,,
2016-08-20,UFC 202 - Diaz vs. McGregor 2,,Neil Magny,Lorenz Larkin,Lorenz Larkin,KO/TKO,1,4:08,3,0,,,,,,,,,,,,,,,,
2016-08-20,Jedinstvo Brcko Sport Club - Brcko Fight Night 2016,,Milos Janicic,Mladen Krndija,Milos Janicic,KO/TKO,1,1:55,3,0,,,,,,,,,,,,,,,,
2016-08-26,Bellator 160 - Henderson vs. Pitbull,,Patricio Freire,Benson Henderson,Benson Henderson,KO/TKO,2,2:26,3,0,,,,,,,,,,,,,,,,
2016-08-27,GKO 7 - Global Knockout 7,,Joseph Morales,Gerald Bailey,Joseph Morales,SUB,1,3:48,3,0,,,,,,,,,,,,,,,,
2016-08-27,GKO 7 - Global Knockout 7,,Anthony Hernandez,Jumoke Hunter,Anthony Hernandez,SUB,1,3:09,3,0,,,,,,,,,,,,,,,,
2016-09-01,AT - Amazon Talent 5,,Elves Brener,Eurides Bandeira,Elves Brener,SUB,3,4:20,3,0,,,,,,,,,,,,,,,,
2016-09-03,Jungle Fight 90 - Sao Paulo,,Norma Dumont,Tainara Lisboa,Norma Dumont,SUB,1,2:58,3,0,,,,,,,,,,,,,,,,
2016-09-03,UFC Fight Night 93 - Arlovski vs. Barnett,,Jan Blachowicz,Alexander Gustafsson,Alexander Gustafsson,DEC,3,5:00,3,0,,,,,,,,,,,,,,,,
2016-09-04,Rings - The Outsider 42,,Kai Asakura,Youichi Ooi,Kai Asakura,KO/TKO,1,4:52,3,0,,,,,,,,,,,,,,,,
2016-09-09,RFA 43 - Camozzi vs. Barnes,,Alonzo Menifield,Brock Combs,Alonzo Menifield,KO/TKO,2,0:22,3,0,,,,,,,,,,,,,,,,
2016-09-10,Kunlun Fight - Kunlun Fight 51,,Jingnan Xiong,Julia Borisova,Jingnan Xiong,DEC,3,5:00,3,0,,,,,,,,,,,,,,,,
2016-09-10,Zanolli Institute - FICOP Fight 2,,Jose Luiz,Rodrigo Maia,Jose Luiz,KO/TKO,1,1:27,3,0,,,,,,,,,,,,,,,,
2016-09-15,Smash Global 4 - Fight Bullying,,Jalin Turner,Andrew Lagdaan,Andrew Lagdaan,S-DEC,3,5:00,3,0,,,,,,,,,,,,,,,,
2016-09-17,FCF - Freestyle Cage Fighting 53,,J.J. Aldrich,Kathina Lowe,J.J. Aldrich,KO/TKO,1,3:01,3,0,,,,,,,,,,,,,,,,
2016-09-17,UFC Fight Night 94 - Poirier vs. Johnson,,Islam Makhachev,Chris Wade,Islam Makhachev,DEC,3,5:00,3,0,,,,,,,,,,,,,,,,
2016-09-17,Zolotoy Vityaz MMA - Golden Knight,,Bogdan Guskov,Dmitry Soloviev,Bogdan Guskov,KO/TKO,1,1:08,3,0,,,,,,,,,,,,,,,,
2016-09-18,PFC - Premium Fight Championship 6,,Mauricio Ruffy,Marlon Paula de Souza,Mauricio Ruffy,KO/TKO,1,0:30,3,0,,,,,,,,,,,,,,,,
2016-09-22,CKF - Fighting League Finals 4: Day 2,,Long Xiao,Xuwei Yan,Long Xiao,SUB,1,2:09,3,0,,,,,,,,,,,,,,,,
2016-09-23,SF - Superstar Fight 5,,Bo Meng,Ganjina Khabibullaeva,Bo Meng,SUB,1,0:26,3,0,,,,,,,,,,,,,,,,
2016-09-24,ACB 46 - Young Eagles 13,,Fares Ziam,Viskhan Magomadov,Viskhan Magomadov,SUB,1,3:58,3,0,,,,,,,,,,,,,,,,
2016-09-24,UFC Fight Night 95 - Cyborg vs. Lansberg,,Vicente Luque,Hector Urbina,Vicente Luque,KO/TKO,1,1:00,3,0,,,,,,,,,,,,,,,,
2016-09-24,KOTC - National Dispute,,Billy Quarantillo,Matt DiMarcantonio,Billy Quarantillo,DEC,3,5:00,3,0,,,,,,,,,,,,,,,,
2016-09-25,EFN - Fight Nights Global 51,,Saygid Izagakhmaev,Aurel Pirtea,Saygid Izagakhmaev,SUB,3,0:42,3,0,,,,,,,,,,,,,,,,
2016-09-28,WLF - E.P.I.C.: Elevation Power in Cage 8,,Qileng Aori,Rishat Kharisov,Qileng Aori,DEC,3,5:00,3,0,,,,,,,,,,,,,,,,
2016-09-28,WLF - E.P.I.C.: Elevation Power in Cage 8,,Su Mudaerji,Teimur Ragimov,Su Mudaerji,SUB,3,1:15,3,0,,,,,,,,,,,,,,,,
2016-09-28,WLF - E.P.I.C.: Elevation Power in Cage 8,,Meng Ding,Batyrmurat Hojamuradov,Meng Ding,DEC,3,5:00,3,0,,,,,,,,,,,,,,,,
2016-09-30,RFA 44 - Moises vs. Freeman,,Drakkar Klose,Hugh Pulley,Drakkar Klose,DEC,3,5:00,3,0,,,,,,,,,,,,,,,,
2016-09-30,RFA 44 - Moises vs. Freeman,,Sean Woodson,Kevin Brown Jr.,Sean Woodson,SUB,1,1:35,3,0,,,,,,,,,,,,,,,,
2016-10-01,UFC Fight Night 96 - Lineker vs. Dodson,,Brandon Moreno,Louis Smolka,Brandon Moreno,SUB,1,2:23,3,0,,,,,,,,,,,,,,,,
2016-10-01,UFC Fight Night 96 - Lineker vs. Dodson,,Curtis Blaydes,Cody East,Curtis Blaydes,KO/TKO,2,2:02,3,0,,,,,,,,,,,,,,,,
2016-10-01,KSW 36 - Materla vs. Palhares,,Mateusz Gamrot,Renato Gomes Gabriel,Mateusz Gamrot,SUB,2,3:46,3,0,,,,,,,,,,,,,,,,
2016-10-01,Euro FC 1 - The New Era,,Alexander Poppeck,Rob Wilkinson,Rob Wilkinson,SUB,1,3:51,3,0,,,,,,,,,,,,,,,,
2016-10-02,N1 Pro Nomad MMA - Asian Fighter Tournament 2016,,Nursulton Ruziboev,Vladimir Katykhin,Nursulton Ruziboev,DEC,3,5:00,3,0,,,,,,,,,,,,,,,,
2016-10-04,WFCA 30 - 2016 WFC Akhmat Grand Prix Final,,Magomed Ankalaev,Maxim Grishin,Magomed Ankalaev,KO/TKO,4,1:13,5,0,,,,,,,,,,,,,,,,
2016-10-08,Champions Fight 5 - Diego vs. Jose Nildo,,Valesca Machado,Elaine Leal,Valesca Machado,S-DEC,3,5:00,3,0,,,,,,,,,,,,,,,,
2016-10-08,AFC - Aspera Fighting Championship 45,,Djorden Santos,Eduardo Silva,Djorden Santos,SUB,2,2:31,3,0,,,,,,,,,,,,,,,,
2016-10-08,MMA Casino Fights - Alvarez vs. Ed-Doukani,,Joel Alvarez,Moncef Ed Doukani,Joel Alvarez,SUB,1,1:45,3,0,,,,,,,,,,,,,,,,
2016-10-08,Night of the Eternal - Forever with You,,Milos Janicic,Igor Lazarevski,Milos Janicic,SUB,1,N/A,3,0,,,,,,,,,,,,,,,,
2016-10-14,Combate Americas - Empire Rising,,John Castaneda,Gustavo Lopez,John Castaneda,KO/TKO,4,2:24,5,0,,,,,,,,,,,,,,,,
2016-10-14,Fight King - Xindu Ultimate Fight League,,Long Xiao,Bowen Liu,Long Xiao,DEC,3,5:00,3,0,,,,,,,,,,,,,,,,
2016-10-14,Dacheng Wuyi - Chinese MMA Super League Season 6: Day 4,,Meng Ding,Byeong Ha Lim,Meng Ding,KO/TKO,2,2:55,3,0,,,,,,,,,,,,,,,,
2016-10-14,LFC 61 - Legacy Fighting Championship 61,,Mackenzie Dern,Montana De La Rosa,Mackenzie Dern,SUB,1,3:25,3,0,,,,,,,,,,,,,,,,
2016-10-15,AFC 17 - Australian Fighting Championship 17,,Tai Tuivasa,James McSweeney,Tai Tuivasa,KO/TKO,1,5:00,3,0,,,,,,,,,,,,,,,,
2016-10-15,Dacheng Wuyi - Chinese MMA Super League Season 6: Day 5,,Meng Ding,Farzad Ghaderi,Meng Ding,KO/TKO,2,2:05,3,0,,,,,,,,,,,,,,,,
2016-10-15,WLMMA - We Love MMA 24,,Nasrat Haqparast,Patrik Berisha,Nasrat Haqparast,KO/TKO,2,0:18,3,0,,,,,,,,,,,,,,,,
2016-10-15,HFC - Noche de Campeones 18,,Esteban Ribovics,Maximiliano Ortiz,Esteban Ribovics,SUB,3,0:00,3,0,,,,,,,,,,,,,,,,
2016-10-15,Tru Rev MMA - True Revelation MMA 31,,Charles Johnson,Alex Stephens,Charles Johnson,KO/TKO,1,N/A,3,0,,,,,,,,,,,,,,,,
2016-10-21,MFP - Governor's Pankration Cup 2016,,Arman Tsarukyan,Alexander Merezhko,Arman Tsarukyan,SUB,2,1:28,3,0,,,,,,,,,,,,,,,,
2016-10-21,Kunlun Fight - Cage Series 6,,Muslim Salikhov,Ivan Jorge,Muslim Salikhov,KO/TKO,1,1:04,3,0,,,,,,,,,,,,,,,,
2016-10-22,WEF 6 - Grand Prix 2016,,Nursulton Ruziboev,Daniyar Abdibaev,Daniyar Abdibaev,SUB,2,4:41,3,0,,,,,,,,,,,,,,,,
2016-10-22,AF 29 - Atlas Fights 29,,Gillian Robertson,Miki Rogers,Gillian Robertson,SUB,1,4:16,3,0,,,,,,,,,,,,,,,,
2016-10-24,WLF - E.P.I.C.: Elevation Power in Cage 9,,Zhu Rong,Shamil Nasrudinov,Shamil Nasrudinov,SUB,1,4:01,3,0,,,,,,,,,,,,,,,,
2016-10-24,WLF - E.P.I.C.: Elevation Power in Cage 9,,Yadong Song,Renat Ondar,Renat Ondar,DEC,3,5:00,3,0,,,,,,,,,,,,,,,,
2016-10-24,WLF - E.P.I.C.: Elevation Power in Cage 9,,Qileng Aori,Ahmad Davlatov,Qileng Aori,KO/TKO,1,1:29,3,0,,,,,,,,,,,,,,,,
2016-10-24,WLF - E.P.I.C.: Elevation Power in Cage 9,,Meng Ding,Artur Temishev,Meng Ding,DEC,3,5:00,3,0,,,,,,,,,,,,,,,,
2016-10-27,AT - Amazon Talent 6,,Elves Brener,Bruno Quintanilha,Elves Brener,SUB,1,1:44,3,0,,,,,,,,,,,,,,,,
2016-10-28,RFA 45 - Meerschaert vs. Waldon,,Raoni Barcelos,Dan Moret,Raoni Barcelos,KO/TKO,2,0:51,3,0,,,,,,,,,,,,,,,,
2016-10-29,FFC - Faith Fighting Championship 4,,Bo Meng,Farida Anvarova,Bo Meng,KO/TKO,1,1:29,3,0,,,,,,,,,,,,,,,,
2016-10-29,Superior FC 15 - Superior Fighting Championship 15,,Reinier de Ridder,Alexander Heinrich,Reinier de Ridder,KO/TKO,1,4:52,3,0,,,,,,,,,,,,,,,,
2016-11-04,PLMMA 70 - Championships Torwar,,Robert Bryczek,Artur Kaminski,Robert Bryczek,DEC,3,5:00,3,0,,,,,,,,,,,,,,,,
2016-11-04,TKO 36 - Resurrection,,Charles Jourdain,Marc-Antoine Lidji,Charles Jourdain,KO/TKO,3,4:02,3,0,,,,,,,,,,,,,,,,
2016-11-04,Bellator 163 - McGeary vs. Davis,,Tyrell Fortune,Cody Miskell,Tyrell Fortune,KO/TKO,1,2:22,3,0,,,,,,,,,,,,,,,,
2016-11-05,MFP 204 - International Pankration Tournament,,Arman Tsarukyan,Dmitriy Shkrabiy,Arman Tsarukyan,KO/TKO,1,2:21,3,0,,,,,,,,,,,,,,,,
2016-11-05,UFC Fight Night 98 - Dos Anjos vs. Ferguson,,Alexa Grasso,Heather Clark,Alexa Grasso,DEC,3,5:00,3,0,,,,,,,,,,,,,,,,
2016-11-05,XKO - Xtreme Knockout 33,,Kennedy Nzechukwu,Matt Foster,Kennedy Nzechukwu,KO/TKO,2,2:06,3,0,,,,,,,,,,,,,,,,
2016-11-06,"CWM MMA - Chin Woo Men: 2016-2017 Season, Stage 1",,Long Xiao,Qingtuan Wu,Long Xiao,SUB,2,4:21,3,0,,,,,,,,,,,,,,,,
2016-11-11,LFC 62 - Legacy Fighting Championship 62,,Dan Ige,Diego Pichilingue,Dan Ige,SUB,2,0:52,3,0,,,,,,,,,,,,,,,,
2016-11-12,Guerra Campal 3 - Bahamondes vs. Carolino,,Ignacio Bahamondes,Rafael Carolino,Ignacio Bahamondes,KO/TKO,1,3:01,3,0,,,,,,,,,,,,,,,,
2016-11-12,OFC - Octagon Fighting Club 16,,Morgan Charriere,Alex Kherfallah,Morgan Charriere,SUB,1,2:10,3,0,,,,,,,,,,,,,,,,
2016-11-12,UFC 205 - Alvarez vs. McGregor,,Vicente Luque,Belal Muhammad,Vicente Luque,KO/TKO,1,1:19,3,0,,,,,,,,,,,,,,,,
2016-11-18,Invicta FC 20 - Evinger vs. Kunitskaya,,J.J. Aldrich,Lynn Alvarez,J.J. Aldrich,DEC,3,5:00,3,0,,,,,,,,,,,,,,,,
2016-11-18,Square Ring Promotions - Island Fights 39,,Gregory Rodrigues,Robert Reed,Gregory Rodrigues,KO/TKO,2,1:12,3,0,,,,,,,,,,,,,,,,
2016-11-19,Road FC 34 - Road Fighting Championship 34,,Heili Alateng,Nam Jin Jo,draw,DRAW,3,5:00,3,0,,,,,,,,,,,,,,,,
2016-11-19,AFC - Aspera Fighting Championship 48,,Jean Silva,Lorenzo Rodrigues,Jean Silva,KO/TKO,1,0:15,3,0,,,,,,,,,,,,,,,,
2016-11-19,GKO 8 - Global Knockout 8,,Joseph Morales,Josh Paiva,Joseph Morales,DEC,5,5:00,5,0,,,,,,,,,,,,,,,,
2016-11-19,LFC - Lyon Fighting Championship 7,,Fares Ziam,Damien Lapilus,Fares Ziam,KO/TKO,1,N/A,3,0,,,,,,,,,,,,,,,,
2016-11-19,Bellator 165 - Chandler vs. Henderson,,Michael Page,Fernando Gonzalez,Michael Page,S-DEC,3,5:00,3,0,,,,,,,,,,,,,,,,
2016-11-19,Road FC 34 - Road Fighting Championship 34,,Xiaonan Yan,Emi Fujino,nc,NC,1,2:49,3,0,,,,,,,,,,,,,,,,
2016-11-19,GKO 8 - Global Knockout 8,,Gillian Robertson,Cynthia Calvillo,Cynthia Calvillo,DEC,3,5:00,3,0,,,,,,,,,,,,,,,,
2016-11-19,SFC 4 - Spartacus Fighting Championship 4,,Borislav Nikolic,Vasil Ivanov,Borislav Nikolic,KO/TKO,1,2:30,3,0,,,,,,,,,,,,,,,,
2016-11-19,WFCA 32 - Grozny Battle,,Abubakar Vagaev,Beslan Ushukov,Beslan Ushukov,KO/TKO,4,1:54,5,0,,,,,,,,,,,,,,,,
2016-11-26,UFC Fight Night 101 - Whittaker vs. Brunson,,Marlon Vera,Guangyou Ning,Marlon Vera,DEC,3,5:00,3,0,,,,,,,,,,,,,,,,
2016-11-26,FGC - Federal Gladiators Combat 2,,Djorden Santos,Cristiano Bonis,Djorden Santos,SUB,1,2:18,3,0,,,,,,,,,,,,,,,,
2016-11-26,UFC Fight Night 101 - Whittaker vs. Brunson,,Dan Hooker,Jason Knight,Jason Knight,DEC,3,5:00,3,0,,,,,,,,,,,,,,,,
2016-11-26,100% Fight - Contenders 33,,Morgan Charriere,William Gomis,Morgan Charriere,SUB,2,1:06,3,0,,,,,,,,,,,,,,,,
2016-11-26,WLF - W.A.R.S. 10,,Yadong Song,Shamil Nasrudinov,Yadong Song,SUB,2,3:19,3,0,,,,,,,,,,,,,,,,
2016-11-26,WLF - W.A.R.S. 10,,Meng Ding,Brokken Howell,Meng Ding,KO/TKO,1,5:00,3,0,,,,,,,,,,,,,,,,
2016-11-26,WLMMA - We Love MMA 26,,Dustin Stoltzfus,David Moscatelli,Dustin Stoltzfus,DEC,3,5:00,3,0,,,,,,,,,,,,,,,,
2016-11-26,WLMMA - We Love MMA 26,,Robert Valentin,Paul Batomene,Robert Valentin,SUB,1,3:05,3,0,,,,,,,,,,,,,,,,
2016-11-26,WLF - W.A.R.S. 10,,Ramazonbek Temirov,Laqie Sun,Ramazonbek Temirov,KO/TKO,1,0:44,3,0,,,,,,,,,,,,,,,,
2016-11-26,FGC - Federal Gladiators Combat 2,,Ismael Bonfim,Joao Lucas Neto,Ismael Bonfim,SUB,2,2:39,3,0,,,,,,,,,,,,,,,,
2016-11-27,TFC Danghara 2016 - Battle for the Title of Ismoil Somoni 5,,Nursulton Ruziboev,Suyarbek Saifov,Nursulton Ruziboev,KO/TKO,1,3:14,5,1,,,,,,,,,,,,,,,,
2016-11-27,Slam FC - Underdog 1,,Francesco Nuzzi,Alessio Esposito,Francesco Nuzzi,KO/TKO,1,3:54,3,0,,,,,,,,,,,,,,,,
2016-12-02,HFS - Hex Fight Series 7,,Jack Jenkins,George Milliaras,Jack Jenkins,KO/TKO,1,1:32,3,0,,,,,,,,,,,,,,,,
2016-12-02,Glory of Heroes - Conquest of Heroes 1,,Long Xiao,Vadim Buseev,Vadim Buseev,DEC,3,5:00,3,0,,,,,,,,,,,,,,,,
2016-12-03,UFC - The Ultimate Fighter 24 Finale,,Brandon Moreno,Ryan Benoit,Brandon Moreno,S-DEC,3,5:00,3,0,,,,,,,,,,,,,,,,
2016-12-03,UFC - The Ultimate Fighter 24 Finale,,Tim Elliott,Demetrious Johnson,Demetrious Johnson,DEC,5,5:00,5,0,,,,,,,,,,,,,,,,
2016-12-03,WCF 8 - Warrior Championship Fighting 8,,Edgar Chairez,Enrique Diarte,Edgar Chairez,KO/TKO,1,0:45,3,0,,,,,,,,,,,,,,,,
2016-12-03,WCF 8 - Warrior Championship Fighting 8,,Rafa Garcia,Jovany Amador,Rafa Garcia,SUB,1,3:21,3,0,,,,,,,,,,,,,,,,
2016-12-03,Glory of Heroes - Conquest of Heroes 2,,Bo Meng,Ola Ahmed,Bo Meng,SUB,1,N/A,3,0,,,,,,,,,,,,,,,,
2016-12-03,Bellator 167 - Taimanglo vs. Caldwell 2,,Chidi Njokuani,Andre Fialho,Chidi Njokuani,KO/TKO,1,0:21,3,0,,,,,,,,,,,,,,,,
2016-12-09,UFC Fight Night 102 - Lewis vs. Abdurakhimov,,J.J. Aldrich,Juliana Lima,Juliana Lima,DEC,3,5:00,3,0,,,,,,,,,,,,,,,,
2016-12-09,RFP 53 - West Fight 23,,Roman Dolidze,Alexander Kovbel,Roman Dolidze,SUB,1,0:42,3,0,,,,,,,,,,,,,,,,
2016-12-10,MFP - Eastern Rubicon 2,,Arman Tsarukyan,Alexander Belikh,Arman Tsarukyan,SUB,1,2:51,3,0,,,,,,,,,,,,,,,,
2016-12-10,UFC 206 - Holloway vs. Pettis,,Doo Ho Choi,Cub Swanson,Cub Swanson,DEC,3,5:00,3,0,,,,,,,,,,,,,,,,
2016-12-10,PFC - Predador FC 37,,Eduardo Henrique,Wilherson Rithieri,Eduardo Henrique,SUB,3,1:57,3,0,,,,,,,,,,,,,,,,
2016-12-11,MFC 4 - Montenegro Fighting Championship 4,,Milos Janicic,Branislav Dosenovic,Milos Janicic,KO/TKO,1,1:26,3,0,,,,,,,,,,,,,,,,
2016-12-15,Kunlun Fight - Kunlun Fight MMA 7,,Fares Ziam,Haotian Wu,Haotian Wu,SUB,1,3:41,3,0,,,,,,,,,,,,,,,,
2016-12-15,Kunlun Fight - Kunlun Fight MMA 7,,Jingnan Xiong,Alena Gondasova,Jingnan Xiong,KO/TKO,2,3:21,3,0,,,,,,,,,,,,,,,,
2016-12-16,EFN - Fight Nights Global 57,,Umar Nurmagomedov,Rishat Kharisov,Umar Nurmagomedov,SUB,2,3:28,3,0,,,,,,,,,,,,,,,,
2016-12-16,EFN - Fight Nights Global 57,,Saygid Izagakhmaev,Nikolay Aleksakhin,Saygid Izagakhmaev,DEC,3,5:00,3,0,,,,,,,,,,,,,,,,
2016-12-17,Gladiator Challenge - Season's Beatings,,Giga Chikadze,Joe Bear,Giga Chikadze,KO/TKO,1,1:50,3,0,,,,,,,,,,,,,,,,
2016-12-17,100% Fight - Contenders 34: France vs. China,,Qileng Aori,Martial Seguy,Qileng Aori,DEC,3,5:00,3,0,,,,,,,,,,,,,,,,
2016-12-17,100% Fight - Contenders 34: France vs. China,,Qileng Aori,Willy Zancanaro,Qileng Aori,DEC,2,5:00,3,0,,,,,,,,,,,,,,,,
2016-12-18,KOTC - Warranted Aggression,,Alex Perez,Ralph Acosta,Alex Perez,DEC,3,5:00,3,0,,,,,,,,,,,,,,,,
2016-12-18,KOTC - Warranted Aggression,,Chris Padilla,Christian Aguilera,Christian Aguilera,DEC,3,5:00,3,0,,,,,,,,,,,,,,,,
2016-12-18,Shooto Brazil 68 - Filho vs. Dos Santos,,Kaue Fernandes,Eduardo Santiago,Kaue Fernandes,DEC,3,5:00,3,0,,,,,,,,,,,,,,,,
2016-12-22,Mr. Cage Championship - Mr. Cage 25,,Elves Brener,Janaildo Marinho de Oliveira,Elves Brener,SUB,1,2:46,3,0,,,,,,,,,,,,,,,,
2016-12-30,UFC 207 - Nunes vs. Rousey,,Neil Magny,Johny Hendricks,Neil Magny,DEC,3,5:00,3,0,,,,,,,,,,,,,,,,
2016-12-31,Azerbaijan MMA Federation - Azerbaijan vs. Iran,,Tofiq Musayev,Ayub Fahimi,Tofiq Musayev,KO/TKO,1,3:56,3,0,,,,,,,,,,,,,,,,
2017-01-05,Fight Star - Battle on Sura 6,,Umar Nurmagomedov,Ulukbek Amanbaev,Umar Nurmagomedov,SUB,1,4:12,3,0,,,,,,,,,,,,,,,,
2017-01-07,WLF - WLF World Championship,,Yadong Song,Renat Ondar,Renat Ondar,DEC,5,5:00,5,0,,,,,,,,,,,,,,,,
2017-01-07,"CWM MMA - Chin Woo Men: 2016-2017 Season, Stage 3",,Long Xiao,Getumuji Wu,Long Xiao,S-DEC,3,5:00,3,0,,,,,,,,,,,,,,,,
2017-01-07,WLF - WLF World Championship,,Meng Ding,Tuluosibake Kuerbanjiang,Meng Ding,DEC,5,5:00,5,0,,,,,,,,,,,,,,,,
2017-01-07,FHMMA - Fight Hard MMA,,Charles Johnson,Ray Allard,Charles Johnson,SUB,2,2:20,3,0,,,,,,,,,,,,,,,,
2017-01-08,"CWM MMA - Chin Woo Men: 2016-2017 Season, Stage 4",,Zhu Rong,Feng Kai Niu,Zhu Rong,SUB,1,1:43,3,0,,,,,,,,,,,,,,,,
2017-01-13,TKO 37 - Rivals,,Charles Jourdain,Michael Cyr,Charles Jourdain,SUB,2,1:29,3,0,,,,,,,,,,,,,,,,
2017-01-13,WLF - WLF World Championship,,Su Mudaerji,Junye Gao,Su Mudaerji,KO/TKO,1,3:38,3,0,,,,,,,,,,,,,,,,
2017-01-13,WXC 66 - Night of Champions 9,,Kyle Prepolec,David Newport,Kyle Prepolec,KO/TKO,3,3:49,3,0,,,,,,,,,,,,,,,,
2017-01-14,FEN 15 - Final Strike,,Mateusz Rebecki,Adam Golonkiewicz,Mateusz Rebecki,DEC,3,5:00,3,0,,,,,,,,,,,,,,,,
2017-01-15,UFC Fight Night 103 - Rodriguez vs. Penn,,Drakkar Klose,Devin Powell,Drakkar Klose,DEC,3,5:00,3,0,,,,,,,,,,,,,,,,
2017-01-19,Combate Americas - Combate 10,,Rafa Garcia,Raul Najera Ocampo,Rafa Garcia,SUB,1,1:04,3,0,,,,,,,,,,,,,,,,
2017-01-21,Bellator 170 - Sonnen vs. Ortiz,,Jalin Turner,Gabriel Green,Jalin Turner,KO/TKO,1,0:36,3,0,,,,,,,,,,,,,,,,
2017-01-21,Bellator 170 - Sonnen vs. Ortiz,,Daniel Rodriguez,Christian Gonzalez,Daniel Rodriguez,KO/TKO,2,3:55,3,0,,,,,,,,,,,,,,,,
2017-01-24,KFWC - Kung Fu World Cup 2017: Day 1,,Qileng Aori,Max Leali,Qileng Aori,DEC,3,5:00,3,0,,,,,,,,,,,,,,,,
2017-01-24,KFWC - Kung Fu World Cup 2017: Day 1,,Francesco Nuzzi,Chenjin Wei,Francesco Nuzzi,SUB,1,3:23,3,0,,,,,,,,,,,,,,,,
2017-01-25,KFWC - Kung Fu World Cup 2017: Day 2,,Salahdine Parnasse,Jose Luis Verdugo,Salahdine Parnasse,KO/TKO,3,4:50,3,0,,,,,,,,,,,,,,,,
2017-01-27,Bellator 171 - Guillard vs. Njokuani,,Chidi Njokuani,Melvin Guillard,Chidi Njokuani,DEC,3,5:00,3,0,,,,,,,,,,,,,,,,
2017-01-27,Bellator 171 - Guillard vs. Njokuani,,Tyrell Fortune,Will Johnson,Tyrell Fortune,KO/TKO,2,4:27,3,0,,,,,,,,,,,,,,,,
2017-01-28,UFC on Fox 23 - Shevchenko vs. Pena,,Alexandre Pantoja,Eric Shelton,Alexandre Pantoja,S-DEC,3,5:00,3,0,,,,,,,,,,,,,,,,
2017-01-28,X-1 45 - Live,,Punahele Soriano,Jon Ferrell,Punahele Soriano,SUB,1,2:20,3,0,,,,,,,,,,,,,,,,
2017-01-28,Shamrock FC - Shamrock 283,,Sean Woodson,Coltin Cole,Sean Woodson,KO/TKO,1,2:38,3,0,,,,,,,,,,,,,,,,
2017-01-28,XKO - Xtreme Knockout 34,,Kennedy Nzechukwu,Thai Walwyn,Kennedy Nzechukwu,DEC,3,5:00,3,0,,,,,,,,,,,,,,,,
2017-01-28,XKO - Xtreme Knockout 34,,Ramiz Brahimaj,David Lopez,Ramiz Brahimaj,SUB,1,0:20,3,0,,,,,,,,,,,,,,,,
2017-02-02,TPF 30 - Tachi Palace Fights 30,,Alex Perez,Andrew Natividad,Alex Perez,SUB,1,2:27,3,0,,,,,,,,,,,,,,,,
2017-02-04,KOTC - Heavy Trauma,,Ricky Simon,Eduardo Torres,Ricky Simon,DEC,3,5:00,3,0,,,,,,,,,,,,,,,,
2017-02-04,UFC Fight Night 104 - Bermudez vs. Korean Zombie,,Alexa Grasso,Felice Herrig,Felice Herrig,DEC,3,5:00,3,0,,,,,,,,,,,,,,,,
2017-02-04,UFC Fight Night 104 - Bermudez vs. Korean Zombie,,Curtis Blaydes,Adam Milstead,nc,NC,2,0:59,3,0,,,,,,,,,,,,,,,,
2017-02-10,AFGC - Arzalet Fighting Globe Championship 1,,Rodolfo Vieira,Zarylbek Daniyar,Rodolfo Vieira,SUB,1,2:27,3,0,,,,,,,,,,,,,,,,
2017-02-10,LFA 3 - Spann vs. Giles,,Ryan Spann,Trevin Giles,Trevin Giles,S-DEC,3,5:00,3,0,,,,,,,,,,,,,,,,
2017-02-11,UFC 208 - Holm vs. De Randamie,,Islam Makhachev,Nik Lentz,Islam Makhachev,DEC,3,5:00,3,0,,,,,,,,,,,,,,,,
2017-02-11,VFN 12 - Vendetta 12,,Borislav Nikolic,Rafael Rutscheck,Borislav Nikolic,KO/TKO,1,1:23,3,0,,,,,,,,,,,,,,,,
2017-02-18,"CWM MMA - Chin Woo Men: 2016-2017 Season, Stage 5",,Long Xiao,Huositan Nuerxiati,Long Xiao,SUB,1,3:42,3,0,,,,,,,,,,,,,,,,
2017-02-19,"CWM MMA - Chin Woo Men: 2016-2017 Season, Stage 6",,Zhu Rong,Shanati Shamaiti,Zhu Rong,DEC,3,5:00,3,0,,,,,,,,,,,,,,,,
2017-02-19,UFC Fight Night 105 - Lewis vs. Browne,,Santiago Ponzinibbio,Nordine Taleb,Santiago Ponzinibbio,DEC,3,5:00,3,0,,,,,,,,,,,,,,,,
2017-02-24,LFA 5 - Edwards vs. Townsend,,Jamall Emmers,Cory Sandhagen,Jamall Emmers,DEC,3,5:00,3,0,,,,,,,,,,,,,,,,
2017-02-24,A-Fight MMA - A-Fight 5,,Ludovit Klein,Igor Tarytsa,Igor Tarytsa,KO/TKO,1,4:58,3,0,,,,,,,,,,,,,,,,
2017-02-25,CXF 6 - Meryl Streep Showcase,,Edmen Shahbazyan,Selah Williams,Edmen Shahbazyan,KO/TKO,1,0:43,3,0,,,,,,,,,,,,,,,,
2017-02-25,KOTC - Raw Deal,,Billy Quarantillo,Ryan Fillingame,Billy Quarantillo,KO/TKO,2,5:00,3,0,,,,,,,,,,,,,,,,
2017-02-25,WFCA 34 - Battle in Moscow,,Tofiq Musayev,Murad Shakhbanov,Tofiq Musayev,KO/TKO,3,2:16,3,0,,,,,,,,,,,,,,,,
2017-02-25,WFCA 34 - Battle in Moscow,,Abubakar Vagaev,Luiz Jorge Dutra Jr.,Abubakar Vagaev,KO/TKO,1,0:21,3,0,,,,,,,,,,,,,,,,
2017-02-26,CFC 3 - Oaza Fight Night 3,,Milos Janicic,Ivan Karacic,Milos Janicic,SUB,1,3:01,3,0,,,,,,,,,,,,,,,,
2017-03-03,KOTC - Violent Confrontation,,Darrius Flowers,Thomas Powell,Darrius Flowers,DEC,3,5:00,3,0,,,,,,,,,,,,,,,,
2017-03-03,WLF - W.A.R.S. 11,,Ramazonbek Temirov,Ru Ze,Ramazonbek Temirov,KO/TKO,1,4:29,3,0,,,,,,,,,,,,,,,,
2017-03-04,AT - Amazon Talent 7,,Elves Brener,Samuel Silva,Elves Brener,KO/TKO,3,4:45,3,0,,,,,,,,,,,,,,,,
2017-03-04,OFS 11 - Octagon Fighting Sensation 11,,Arman Tsarukyan,Gustavo Wurlitzer,Arman Tsarukyan,SUB,1,3:22,3,0,,,,,,,,,,,,,,,,
2017-03-04,AT - Amazon Talent 7,,Felipe Lima,Dionatan Carvalho,Felipe Lima,SUB,1,2:33,3,0,,,,,,,,,,,,,,,,
2017-03-04,Glory of Heroes 7 - Glory of Heroes Brazil,,Bo Meng,Aline Sattelmayer,Aline Sattelmayer,KO/TKO,2,1:36,3,0,,,,,,,,,,,,,,,,
2017-03-04,UFC 209 - Woodley vs. Thompson 2,,Darren Elkins,Mirsad Bektic,Darren Elkins,KO/TKO,3,3:19,3,0,,,,,,,,,,,,,,,,
2017-03-04,AFC - Austrian Fight Challenge 5,,Aleksandar Rakic,Sergio Souza,Aleksandar Rakic,KO/TKO,1,N/A,3,0,,,,,,,,,,,,,,,,
2017-03-04,UFC 209 - Woodley vs. Thompson 2,,Marcin Tybura,Luis Henrique,Marcin Tybura,KO/TKO,3,3:46,3,0,,,,,,,,,,,,,,,,
2017-03-10,URF - Ultimate Reborn Fight 5,,Joanderson Brito,Wanderley Rosa Ferreira Levandovski,Joanderson Brito,SUB,1,1:42,3,0,,,,,,,,,,,,,,,,
2017-03-10,LFA 6 - Junior vs. Rodriguez,,Mackenzie Dern,Katherine Roy,Mackenzie Dern,DEC,3,5:00,3,0,,,,,,,,,,,,,,,,
2017-03-11,Road FC 37 - Road Fighting Championship 37,,Heili Alateng,Kai Asakura,Kai Asakura,KO/TKO,1,0:29,3,0,,,,,,,,,,,,,,,,
2017-03-11,WLF - W.A.R.S. 12,,Qileng Aori,Kirill Tropinin,Qileng Aori,DEC,3,5:00,3,0,,,,,,,,,,,,,,,,
2017-03-11,WLF - W.A.R.S. 12,,Meng Ding,Rogelio Andres Gonzalez Rojas,Rogelio Andres Gonzalez Rojas,SUB,1,2:48,3,0,,,,,,,,,,,,,,,,
2017-03-11,Superior FC 16 - Superior Fighting Championship 16,,Reinier de Ridder,Marcus Plodek,Reinier de Ridder,KO/TKO,2,0:51,3,0,,,,,,,,,,,,,,,,
2017-03-11,UFC Fight Night 106 - Belfort vs. Gastelum,,Edson Barboza,Beneil Dariush,Edson Barboza,KO/TKO,2,3:35,3,0,,,,,,,,,,,,,,,,
2017-03-17,100% Fight 29 - Killer Instinct,,Salahdine Parnasse,Morgan Charriere,Salahdine Parnasse,DEC,3,5:00,3,0,,,,,,,,,,,,,,,,
2017-03-17,100% Fight 29 - Killer Instinct,,Salahdine Parnasse,Suleiman Bouhata,Salahdine Parnasse,DEC,3,5:00,3,0,,,,,,,,,,,,,,,,
2017-03-17,100% Fight 29 - Killer Instinct,,Morgan Charriere,Ciro Ruotolo,Morgan Charriere,KO/TKO,1,4:30,3,0,,,,,,,,,,,,,,,,
2017-03-18,UFC Fight Night 107 - Manuwa vs. Anderson,,Marlon Vera,Brad Pickett,Marlon Vera,KO/TKO,3,3:50,3,0,,,,,,,,,,,,,,,,
2017-03-18,Aspera FC 50 - Aspera Fighting Championship 50,,Jean Silva,Anderson Renan Kraus,Jean Silva,KO/TKO,2,3:11,3,0,,,,,,,,,,,,,,,,
2017-03-18,GKO 9 - Global Knockout 9,,Anthony Hernandez,Mike Persons,Anthony Hernandez,SUB,1,1:54,3,0,,,,,,,,,,,,,,,,
2017-03-18,FNS - Fight Night Series 2,,Joel Alvarez,Anthony Muller,Joel Alvarez,KO/TKO,1,0:33,3,0,,,,,,,,,,,,,,,,
2017-03-18,UFC Fight Night 107 - Manuwa vs. Anderson,,Vicente Luque,Leon Edwards,Leon Edwards,DEC,3,5:00,3,0,,,,,,,,,,,,,,,,
2017-03-23,CKF - Fighting League Finals 5: Day 1,,Long Xiao,Wei Xie,Wei Xie,S-DEC,3,5:00,3,0,,,,,,,,,,,,,,,,
2017-03-24,SibForce 2 - Battle of Bagaturs,,Long Xiao,Vadim Buseev,Vadim Buseev,KO/TKO,2,3:25,3,0,,,,,,,,,,,,,,,,
2017-03-24,LFA 7 - Sanchez vs. Mai,,Gilbert Urbina,Noel Ligon,Gilbert Urbina,SUB,1,3:01,3,0,,,,,,,,,,,,,,,,
2017-03-25,Gladiator Challenge - Absolute Beatdown,,Giga Chikadze,Anthony Ross,Giga Chikadze,KO/TKO,1,0:10,3,0,,,,,,,,,,,,,,,,
2017-03-25,CFFC 64 - Sayles vs. Aguilera,,Joseph Morales,Sean Santella,Joseph Morales,KO/TKO,2,3:24,3,0,,,,,,,,,,,,,,,,
2017-03-25,CFFC 64 - Sayles vs. Aguilera,,Dan Ige,Fernando Padilla,Dan Ige,DEC,3,5:00,3,0,,,,,,,,,,,,,,,,
2017-03-25,CFFC 64 - Sayles vs. Aguilera,,Alex Perez,Tyler Bialecki,Alex Perez,DEC,3,5:00,3,0,,,,,,,,,,,,,,,,
2017-03-26,Shooto Italy - Bushido 20: Wolf Fighting Championship,,Francesco Nuzzi,Claudio Iancu,Francesco Nuzzi,SUB,1,1:45,3,0,,,,,,,,,,,,,,,,
2017-03-29,WWFC - Cage Encounter 6,,Serghei Spivac,Luke Morton,Serghei Spivac,KO/TKO,1,0:40,3,0,,,,,,,,,,,,,,,,
2017-03-29,WWFC - Cage Encounter 6,,Roman Dolidze,Remi Delcampe,Roman Dolidze,SUB,1,0:56,3,0,,,,,,,,,,,,,,,,
2017-03-30,Combate Americas - Combate 12,,Edgar Chairez,Oscar Quintero,Edgar Chairez,SUB,1,1:19,3,0,,,,,,,,,,,,,,,,
2017-03-31,Zero 11 Bar - Zero 11 Fight,,Djorden Santos,Jeronimo Ribeiro de Oliveira,Djorden Santos,SUB,1,2:00,3,0,,,,,,,,,,,,,,,,
2017-03-31,FNG - Fight Nights Global 62,,Umar Nurmagomedov,Alym Isabaev,Umar Nurmagomedov,KO/TKO,2,3:32,3,0,,,,,,,,,,,,,,,,
2017-03-31,HFS - Hex Fight Series 8,,Jack Jenkins,Jordan Wallace,Jack Jenkins,KO/TKO,2,2:46,3,0,,,,,,,,,,,,,,,,
2017-04-01,CWFC 82 - Cage Warriors Fighting Championship 82,,Nathaniel Wood,Vaughan Lee,Nathaniel Wood,KO/TKO,2,4:22,3,0,,,,,,,,,,,,,,,,
2017-04-01,ACB 56 - Minsk: Young Eagles 16,,Ludovit Klein,Khusein Maltsagov,Ludovit Klein,KO/TKO,2,3:29,3,0,,,,,,,,,,,,,,,,
2017-04-01,Liechtensteiner Fight Night - Fight Night 2017,,Alexander Poppeck,Fitim Ukelli,Alexander Poppeck,DEC,3,5:00,3,0,,,,,,,,,,,,,,,,
2017-04-01,WFCA 35 - Battle in Astana,,Abubakar Vagaev,Jorge Filho,Abubakar Vagaev,DEC,3,5:00,3,0,,,,,,,,,,,,,,,,
2017-04-06,Kunlun Fight - Kunlun Fight MMA 10,,Yadong Song,Edgars Skrivers,Yadong Song,DEC,3,5:00,3,0,,,,,,,,,,,,,,,,
2017-04-07,TKO 38 - Ascension,,Charles Jourdain,Mathieu Morciano,Charles Jourdain,KO/TKO,2,1:42,3,0,,,,,,,,,,,,,,,,
2017-04-07,"CWM MMA - Chin Woo Men: 2016-2017 Season, Stage 7",,Zhu Rong,Lijiburen Wu,Lijiburen Wu,SUB,1,1:37,3,0,,,,,,,,,,,,,,,,
2017-04-07,"CWM MMA - Chin Woo Men: 2016-2017 Season, Stage 7",,Su Mudaerji,Pengshuai Liu,Su Mudaerji,KO/TKO,1,4:28,3,0,,,,,,,,,,,,,,,,
2017-04-08,100% Fight 30 - Gisei,,Michael Aljarouj,Charly Hoang,Michael Aljarouj,SUB,1,4:59,3,0,,,,,,,,,,,,,,,,
2017-04-08,360 Promotion - Volition,,Reinier de Ridder,Lamine Talbi,Reinier de Ridder,SUB,3,0:41,3,0,,,,,,,,,,,,,,,,
2017-04-08,UFC 210 - Cormier vs. Johnson 2,,Jan Blachowicz,Patrick Cummins,Patrick Cummins,S-DEC,3,5:00,3,0,,,,,,,,,,,,,,,,
2017-04-14,Square Ring Promotions - Island Fights 40,,Ignacio Bahamondes,Matt McKeon,Matt McKeon,SUB,1,3:08,3,0,,,,,,,,,,,,,,,,
2017-04-14,AFC 18 - Australian Fighting Championship 18,,Long Xiao,Chris Wase,Long Xiao,DEC,3,5:00,3,0,,,,,,,,,,,,,,,,
2017-04-15,UFC on Fox 24 - Johnson vs. Reis,,Tim Elliott,Louis Smolka,Tim Elliott,DEC,3,5:00,3,0,,,,,,,,,,,,,,,,
2017-04-15,HFC 33 - Hoosier Fight Club 33,,Darrius Flowers,Michael Robinson Jr.,draw,DRAW,3,5:00,3,0,,,,,,,,,,,,,,,,
2017-04-15,WCC - W-Combat 21,,Marcio Barbosa,Iwanderson da Silva Caldas,Marcio Barbosa,KO/TKO,1,2:10,3,0,,,,,,,,,,,,,,,,
2017-04-20,Combate Americas - Combate 13,,Daniel Rodriguez,Joel Champion,Daniel Rodriguez,KO/TKO,1,1:55,3,0,,,,,,,,,,,,,,,,
2017-04-21,Bellator 178 - Straus vs. Pitbull 4,,Patricio Freire,Daniel Straus,Patricio Freire,SUB,2,0:37,3,0,,,,,,,,,,,,,,,,
2017-04-21,Bellator 178 - Straus vs. Pitbull 4,,Tyrell Fortune,Branko Busick,Tyrell Fortune,DEC,3,5:00,3,0,,,,,,,,,,,,,,,,
2017-04-22,UFC Fight Night 108 - Swanson vs. Lobov,,Brandon Moreno,Dustin Ortiz,Brandon Moreno,SUB,2,4:06,3,0,,,,,,,,,,,,,,,,
2017-04-22,WLMMA - We Love MMA 30,,Dustin Stoltzfus,Mario Wittmann,Dustin Stoltzfus,SUB,1,4:36,3,0,,,,,,,,,,,,,,,,
2017-04-22,Alliance Fighting Championships - Battle of Titans,,Bogdan Guskov,Ivan Lunechka,Bogdan Guskov,KO/TKO,1,0:40,3,0,,,,,,,,,,,,,,,,
2017-04-28,Glory of Heroes - Conquest of Heroes 3,,Bo Meng,Gabby Romero,Gabby Romero,SUB,1,4:37,3,0,,,,,,,,,,,,,,,,
2017-04-29,CXF 7 - Locked and Loaded,,Edmen Shahbazyan,Dearmie Street,Edmen Shahbazyan,KO/TKO,1,3:16,3,0,,,,,,,,,,,,,,,,
2017-04-29,WWFC - Road to WWFC 4,,Fares Ziam,Artem Tanshyn,Fares Ziam,KO/TKO,1,3:18,3,0,,,,,,,,,,,,,,,,
2017-04-29,AFC 03 - Angel's Fighting Championship 03,,Young Jae Song,Dae Myung Kim,Young Jae Song,KO/TKO,1,0:35,3,0,,,,,,,,,,,,,,,,
2017-04-29,FSC 9 - FightStar Championship 9,,Sam Patterson,Sean Flynn,Sam Patterson,KO/TKO,1,3:56,3,0,,,,,,,,,,,,,,,,
2017-05-05,Combate Americas - Combate 14,,John Castaneda,Christopher Mario Beal,John Castaneda,KO/TKO,2,0:42,3,0,,,,,,,,,,,,,,,,
2017-05-06,Tru Rev MMA - True Revelation MMA 32,,Darrius Flowers,Adam Cella,Darrius Flowers,S-DEC,3,5:00,3,0,,,,,,,,,,,,,,,,
2017-05-13,MFP 209 - Mayor's Cup 2017,,Arman Tsarukyan,Nizamuddin Ramazanov,Arman Tsarukyan,SUB,1,2:27,3,0,,,,,,,,,,,,,,,,
2017-05-13,WFC - World Fighting Championships 72,,Ryan Spann,Roman Pizzolato,Ryan Spann,SUB,1,0:20,3,0,,,,,,,,,,,,,,,,
2017-05-13,NLFC - Next Level Fight Club 7,,Gillian Robertson,Hannah Cifers,Gillian Robertson,SUB,2,4:12,3,0,,,,,,,,,,,,,,,,
2017-05-13,Power Fight - La Batalla del Puente 1,,Esteban Ribovics,Juan Jose Ibanez,Esteban Ribovics,SUB,3,4:08,3,0,,,,,,,,,,,,,,,,
2017-05-13,ACB 60 - Vienna,,Ludovit Klein,Ahmed Abdulkadirov,Ludovit Klein,SUB,2,0:44,3,0,,,,,,,,,,,,,,,,
2017-05-18,TPF 31 - Tachi Palace Fights 31,,Jalin Turner,Paradise Vaovasa,Jalin Turner,KO/TKO,1,1:30,3,0,,,,,,,,,,,,,,,,
2017-05-19,Titan FC 44 - Torres vs. Sharipov,,Dan Ige,Ronildo Augusto Braga,Dan Ige,DEC,3,5:00,3,0,,,,,,,,,,,,,,,,
2017-05-20,AFCA / Fight Club 777 - Fight Show 777,,Nursulton Ruziboev,Ramazan Gimbatov,Nursulton Ruziboev,SUB,1,1:21,3,0,,,,,,,,,,,,,,,,
2017-05-20,AFCA / Fight Club 777 - Fight Show 777,,Nursulton Ruziboev,Arman Alimov,Nursulton Ruziboev,DEC,2,5:00,3,0,,,,,,,,,,,,,,,,
2017-05-20,AFCA / Fight Club 777 - Fight Show 777,,Nursulton Ruziboev,Artem Reznikov,Nursulton Ruziboev,KO/TKO,1,1:23,3,0,,,,,,,,,,,,,,,,
2017-05-20,100% Fight 31 - Back in Action,,Michael Aljarouj,Ulrich Agbessi,Michael Aljarouj,SUB,1,2:39,3,0,,,,,,,,,,,,,,,,
2017-05-20,WLF - W.A.R.S. 14,,Qileng Aori,Kai Kara-France,Kai Kara-France,DEC,3,5:00,3,0,,,,,,,,,,,,,,,,
2017-05-20,Superior FC 17 - Superior Fighting Championship 17,,Nasrat Haqparast,Ruslan Kalyniuk,Nasrat Haqparast,KO/TKO,3,1:44,3,0,,,,,,,,,,,,,,,,
2017-05-21,Aspera FC 52 - Aspera Fighting Championship 52,,Jean Silva,Pedro Henrique,Pedro Henrique,S-DEC,3,5:00,3,0,,,,,,,,,,,,,,,,
2017-05-21,WFCA 38 - Grozny Battle,,Magomed Ankalaev,Wagner Prado,Magomed Ankalaev,KO/TKO,1,3:33,3,0,,,,,,,,,,,,,,,,
2017-05-21,WFCA 38 - Grozny Battle,,Abubakar Vagaev,Nodar Kudukhashvili,Abubakar Vagaev,KO/TKO,1,2:53,3,0,,,,,,,,,,,,,,,,
2017-05-25,IPFC - YunFeng Showdown 1,,Muslim Salikhov,Akoundou Epelet Evy Johannes,Muslim Salikhov,SUB,1,3:23,3,0,,,,,,,,,,,,,,,,
2017-05-26,Araca Fight Combat - Araca Fight 2017,,Joanderson Brito,Leandro Compri,Joanderson Brito,KO/TKO,1,0:33,3,0,,,,,,,,,,,,,,,,
2017-05-27,KOTC - Headstrong,,Ricky Simon,Charon Spain,Ricky Simon,SUB,1,1:56,3,0,,,,,,,,,,,,,,,,
2017-05-27,WFL MMA - World Fighting League MMA,,Reinier de Ridder,Jaouad Ikan,Reinier de Ridder,SUB,1,N/A,3,0,,,,,,,,,,,,,,,,
2017-05-27,KSW 39 - Colosseum,,Mateusz Gamrot,Norman Parke,Mateusz Gamrot,DEC,3,5:00,3,0,,,,,,,,,,,,,,,,
2017-05-28,Shooto Brazil 73 - Jesus vs. Manchinha,,Ismael Bonfim,Glaucio Eliziario,Ismael Bonfim,KO/TKO,1,0:28,3,0,,,,,,,,,,,,,,,,
2017-06-01,Kunlun Fight - Kunlun Fight MMA 12,,Muslim Salikhov,Melvin Guillard,Muslim Salikhov,KO/TKO,1,1:33,3,0,,,,,,,,,,,,,,,,
2017-06-02,LFA 13 - Millender vs. Holland,,Alonzo Menifield,Khadzhimurat Bestaev,Alonzo Menifield,KO/TKO,1,4:01,3,0,,,,,,,,,,,,,,,,
2017-06-02,CWFC 84 - Cage Warriors Fighting Championship 84,,Nathaniel Wood,Marko Kovacevic,Nathaniel Wood,KO/TKO,1,3:41,3,0,,,,,,,,,,,,,,,,
2017-06-02,Shamrock FC - Shamrock 290,,Sean Woodson,Rashard Lovelace,Sean Woodson,DEC,3,5:00,3,0,,,,,,,,,,,,,,,,
2017-06-03,AFL 12 - Warcelona,,Joel Alvarez,Jekson Poleza dos Santos,Joel Alvarez,SUB,1,1:57,3,0,,,,,,,,,,,,,,,,
2017-06-04,SFC 5 - Unbeatable Spirit,,Borislav Nikolic,Panko Panchev,Borislav Nikolic,SUB,1,4:25,3,0,,,,,,,,,,,,,,,,
2017-06-08,MFC 5 - Montenegro Fighting Championship 5,,Milos Janicic,Ivan Skoko,Milos Janicic,KO/TKO,2,N/A,3,0,,,,,,,,,,,,,,,,
2017-06-10,A&FC - Angels & Fight Contest,,Valesca Machado,Maria Oliveira,Maria Oliveira,S-DEC,3,5:00,3,0,,,,,,,,,,,,,,,,
2017-06-10,Gladiator Challenge - Summer Feud,,Giga Chikadze,Julian Hernandez,Giga Chikadze,KO/TKO,1,0:49,3,0,,,,,,,,,,,,,,,,
2017-06-10,UFC Fight Night 110 - Hunt vs. Lewis,,Tim Elliott,Ben Nguyen,Ben Nguyen,SUB,1,0:49,3,0,,,,,,,,,,,,,,,,
2017-06-10,UFC Fight Night 110 - Hunt vs. Lewis,,J.J. Aldrich,Chanmi Jeon,J.J. Aldrich,DEC,3,5:00,3,0,,,,,,,,,,,,,,,,
2017-06-10,UFC Fight Night 110 - Hunt vs. Lewis,,Dan Hooker,Ross Pearson,Dan Hooker,KO/TKO,2,3:02,3,0,,,,,,,,,,,,,,,,
2017-06-10,Road FC 39 - Road Fighting Championship 39,,Kai Asakura,Jae Hoon Moon,Jae Hoon Moon,KO/TKO,3,2:39,3,0,,,,,,,,,,,,,,,,
2017-06-10,"CWM MMA - Chin Woo Men: 2016-2017 Season, Stage 9",,Long Xiao,Keremuaili Maimaitituoheti,Keremuaili Maimaitituoheti,KO/TKO,1,2:19,3,0,,,,,,,,,,,,,,,,
2017-06-10,XKO - Xtreme Knockout 36,,Ramiz Brahimaj,Andrew Sosa,Ramiz Brahimaj,SUB,1,0:55,3,0,,,,,,,,,,,,,,,,
2017-06-10,Crococombat - Crococombat 2,,Ravena Oliveira,Amanda Ferreira,draw,DRAW,3,5:00,3,0,,,,,,,,,,,,,,,,
2017-06-14,WWFC - Cage Encounter 7,,Serghei Spivac,Travis Fulton,Serghei Spivac,SUB,1,2:50,3,0,,,,,,,,,,,,,,,,
2017-06-14,WWFC - Cage Encounter 7,,Roman Dolidze,Zhumabek Aijigit,Roman Dolidze,SUB,1,1:21,3,0,,,,,,,,,,,,,,,,
2017-06-16,TKO 39 - Ultimatum,,Charles Jourdain,Will Romero,Charles Jourdain,KO/TKO,3,2:04,3,0,,,,,,,,,,,,,,,,
2017-06-17,CXF 8 - Cali Kings,,Edmen Shahbazyan,Dejon Daniels,Edmen Shahbazyan,KO/TKO,1,2:58,3,0,,,,,,,,,,,,,,,,
2017-06-17,CXF 8 - Cali Kings,,Jalin Turner,Richard LeRoy,Richard LeRoy,KO/TKO,3,4:18,3,0,,,,,,,,,,,,,,,,
2017-06-17,UFC Fight Night 111 - Holm vs. Correia,,Marcin Tybura,Andrei Arlovski,Marcin Tybura,DEC,3,5:00,3,0,,,,,,,,,,,,,,,,
2017-06-19,WLF - W.A.R.S. 15,,Zhu Rong,Ruslan Khairulin,Zhu Rong,KO/TKO,2,4:02,3,0,,,,,,,,,,,,,,,,
2017-06-19,WLF - W.A.R.S. 15,,Qileng Aori,Umidjon Musaev,Umidjon Musaev,SUB,3,1:01,3,0,,,,,,,,,,,,,,,,
2017-06-23,GFS - Gateway Fighting Series 9: Inferno,,Charles Johnson,Michael Graves,Charles Johnson,DEC,3,5:00,3,0,,,,,,,,,,,,,,,,
2017-06-24,Pure FC 7 - Lemminger vs. Schuman,,Montel Jackson,Josh Wiseman,Montel Jackson,KO/TKO,1,1:44,3,0,,,,,,,,,,,,,,,,
2017-06-24,Dark Night Nove Zamky - Dark Night Vol. 2,,Ludovit Klein,Moric Besztercei,Ludovit Klein,SUB,1,4:56,3,0,,,,,,,,,,,,,,,,
2017-06-30,Combate Americas - Combate 15,,Edgar Chairez,Erick Villaluz Orellano,Edgar Chairez,SUB,1,0:18,3,0,,,,,,,,,,,,,,,,
2017-06-30,FNG - Fight Nights Global 69,,Bogdan Guskov,Ilya Gunenko,Bogdan Guskov,KO/TKO,2,0:31,3,0,,,,,,,,,,,,,,,,
2017-07-01,Mr. Cage Championship - Mr. Cage 28,,Elves Brener,Alan Rogerio Soares Junior,Elves Brener,SUB,3,3:13,3,0,,,,,,,,,,,,,,,,
2017-07-01,HFC - Hard Fighting Championship 9,,Michael Aljarouj,Mathieu Morciano,Mathieu Morciano,DEC,3,5:00,3,0,,,,,,,,,,,,,,,,
2017-07-02,WEF 35 - WEF Selection 11: Akbars Cup,,Nursulton Ruziboev,Aylchi Sultanali,Nursulton Ruziboev,SUB,1,1:20,3,0,,,,,,,,,,,,,,,,
2017-07-02,VMMA - Vote MMA 6,,Robert Valentin,Jeroen Mullers,Robert Valentin,SUB,1,1:58,3,0,,,,,,,,,,,,,,,,
2017-07-07,UFC - The Ultimate Fighter 25 Finale,,Drakkar Klose,Marc Diakiese,Drakkar Klose,S-DEC,3,5:00,3,0,,,,,,,,,,,,,,,,
2017-07-08,UFC 213 - Romero vs. Whittaker,,Curtis Blaydes,Daniel Omielanczuk,Curtis Blaydes,DEC,3,5:00,3,0,,,,,,,,,,,,,,,,
2017-07-08,RBFC - Rio Bonito Fighting Championship 7,,Lucas Fernando,Mateus Silva,Lucas Fernando,KO/TKO,1,2:56,3,0,,,,,,,,,,,,,,,,
2017-07-14,WXC 69 - Illuminate,,Darrius Flowers,Devin Smyth,Devin Smyth,SUB,1,2:37,3,0,,,,,,,,,,,,,,,,
2017-07-14,LFA 16 - Bedford vs. Flick,,Miles Johns,Levi Mowles,Miles Johns,DEC,3,5:00,3,0,,,,,,,,,,,,,,,,
2017-07-15,Jungle Fight 91 - Contagem,,Norma Dumont,Patricia Borges Fernandes,Norma Dumont,DEC,3,5:00,3,0,,,,,,,,,,,,,,,,
2017-07-15,CNC 3 - Champions Nights Challengers 3,,Ignacio Bahamondes,Francisco Javier Etchart Diaz,Ignacio Bahamondes,KO/TKO,1,1:20,3,0,,,,,,,,,,,,,,,,
2017-07-15,JFL 16 - Jasaji Fighting League 16,,Gianni Vazquez,Jose Alday,Jose Alday,S-DEC,3,5:00,3,0,,,,,,,,,,,,,,,,
2017-07-16,Leoes da Luta - War Heroes,,Rodolfo Bellato,Guido Guido,Rodolfo Bellato,SUB,1,4:10,3,0,,,,,,,,,,,,,,,,
2017-07-16,UFC Fight Night 113 - Nelson vs. Ponzinibbio,,Alexandre Pantoja,Neil Seery,Alexandre Pantoja,SUB,3,2:31,3,0,,,,,,,,,,,,,,,,
2017-07-16,Fight King - Gold Belt Contest,,Qileng Aori,Vitalii Vitalii,Qileng Aori,KO/TKO,1,1:44,3,0,,,,,,,,,,,,,,,,
2017-07-16,UFC Fight Night 113 - Nelson vs. Ponzinibbio,,Amanda Lemos,Leslie Smith,Leslie Smith,KO/TKO,2,2:53,3,0,,,,,,,,,,,,,,,,
2017-07-16,UFC Fight Night 113 - Nelson vs. Ponzinibbio,,Santiago Ponzinibbio,Gunnar Nelson,Santiago Ponzinibbio,KO/TKO,1,1:22,5,0,,,,,,,,,,,,,,,,
2017-07-22,UFC on Fox 25 - Weidman vs. Gastelum,,Marlon Vera,Brian Kelleher,Marlon Vera,SUB,1,2:18,3,0,,,,,,,,,,,,,,,,
2017-07-22,WLF - W.A.R.S. 16,,Long Xiao,Vladimir Vivdych,Long Xiao,SUB,2,1:45,3,0,,,,,,,,,,,,,,,,
2017-07-22,WLF - W.A.R.S. 16,,Meng Ding,Viktor Kokhno,Meng Ding,KO/TKO,3,2:42,3,0,,,,,,,,,,,,,,,,
2017-07-22,UFC on Fox 25 - Weidman vs. Gastelum,,Darren Elkins,Dennis Bermudez,Darren Elkins,S-DEC,3,5:00,3,0,,,,,,,,,,,,,,,,
2017-07-25,"Dana White's Tuesday Night Contender Series - Season 1, Episode 3",,Alonzo Menifield,Daniel Jolly,Alonzo Menifield,KO/TKO,1,5:00,3,0,,,,,,,,,,,,,,,,
2017-07-25,"Dana White's Tuesday Night Contender Series - Season 1, Episode 3",,Dan Ige,Luis Gomez,Dan Ige,SUB,3,3:23,3,0,,,,,,,,,,,,,,,,
2017-07-25,"Dana White's Tuesday Night Contender Series - Season 1, Episode 3",,Ryan Spann,Karl Roberson,Karl Roberson,KO/TKO,1,0:15,3,0,,,,,,,,,,,,,,,,
2017-07-28,AFC 20 - Australian Fighting Championship 20,,Israel Adesanya,Melvin Guillard,Israel Adesanya,KO/TKO,1,4:49,3,0,,,,,,,,,,,,,,,,
2017-07-29,Professional Fighters League - PFL: Everett,,Punahele Soriano,Jon Gover,Punahele Soriano,KO/TKO,1,2:36,3,0,,,,,,,,,,,,,,,,
2017-07-29,AFC - Arena Fight Championship 3,,Felipe Lima,Isaias Monteiro da Silva,Felipe Lima,DEC,3,5:00,3,0,,,,,,,,,,,,,,,,
2017-07-29,FNG - Fight Nights Global 71,,Umar Nurmagomedov,Valisher Rakhmonov,Umar Nurmagomedov,SUB,2,4:45,3,0,,,,,,,,,,,,,,,,
2017-07-29,Brave CF 7 - Untamed,,Chris Padilla,Ivan Castillo,Chris Padilla,S-DEC,3,5:00,3,0,,,,,,,,,,,,,,,,
2017-07-30,Legion Fighting Championship - Universal Battle Among Professional,,Nursulton Ruziboev,Eler Narmurzaev,draw,DRAW,3,5:00,3,0,,,,,,,,,,,,,,,,
2017-07-30,Legion Fighting Championship - Universal Battle Among Professional,,Ramazonbek Temirov,Alexey Krutoy,Ramazonbek Temirov,DEC,3,5:00,3,0,,,,,,,,,,,,,,,,
2017-08-01,"Dana White's Tuesday Night Contender Series - Season 1, Episode 4",,John Castaneda,Cheyden Leialoha,John Castaneda,DEC,3,5:00,3,0,,,,,,,,,,,,,,,,
2017-08-05,UFC Fight Night 114 - Pettis vs. Moreno,,Brandon Moreno,Sergio Pettis,Sergio Pettis,DEC,5,5:00,5,0,,,,,,,,,,,,,,,,
2017-08-05,UFC Fight Night 114 - Pettis vs. Moreno,,Joseph Morales,Roberto Sanchez,Joseph Morales,SUB,1,3:56,3,0,,,,,,,,,,,,,,,,
2017-08-05,UFC Fight Night 114 - Pettis vs. Moreno,,Alexa Grasso,Randa Markos,Alexa Grasso,S-DEC,3,5:00,3,0,,,,,,,,,,,,,,,,
2017-08-05,KOTC - Second Coming,,Kyle Prepolec,Troy Lamson,Troy Lamson,DEC,3,5:00,3,0,,,,,,,,,,,,,,,,
2017-08-08,"Dana White's Tuesday Night Contender Series - Season 1, Episode 5",,Ricky Simon,Donavon Frelow,Ricky Simon,S-DEC,3,5:00,3,0,,,,,,,,,,,,,,,,
2017-08-08,League S-70 - Plotforma S-70 2017,,Arman Tsarukyan,Marcio Breno Rodrigues Braga,Arman Tsarukyan,SUB,1,2:54,3,0,,,,,,,,,,,,,,,,
2017-08-08,"Dana White's Tuesday Night Contender Series - Season 1, Episode 5",,Alex Perez,Kevin Gray,Alex Perez,SUB,1,2:54,3,0,,,,,,,,,,,,,,,,
2017-08-10,Guan Sheng - International Wushu Culture Festival,,Qileng Aori,Nakouzi Nakouzi,Qileng Aori,KO/TKO,1,2:29,3,0,,,,,,,,,,,,,,,,
2017-08-12,XKO - Xtreme Knockout 37,,Ramiz Brahimaj,Josh Sturgill,Ramiz Brahimaj,SUB,1,0:24,3,0,,,,,,,,,,,,,,,,
2017-08-12,FEN 18 - Summer Edition,,Mateusz Rebecki,Dmitriy Golbaev,Mateusz Rebecki,SUB,3,4:59,3,0,,,,,,,,,,,,,,,,
2017-08-19,Pure FC - Pure Fight Night 1,,Montel Jackson,Sean Huffman,Montel Jackson,KO/TKO,1,1:08,3,0,,,,,,,,,,,,,,,,
2017-08-19,V3 Fights 61 - Quarantillo vs. Reynolds,,Billy Quarantillo,Eric Reynolds,Billy Quarantillo,KO/TKO,1,1:00,3,0,,,,,,,,,,,,,,,,
2017-08-22,"Dana White's Tuesday Night Contender Series - Season 1, Episode 7",,Kennedy Nzechukwu,Anton Berzin,Kennedy Nzechukwu,S-DEC,3,5:00,3,0,,,,,,,,,,,,,,,,
2017-08-25,Bellator 182 - Koreshkov vs. Njokuani,,Chidi Njokuani,Andrey Koreshkov,Andrey Koreshkov,KO/TKO,1,4:08,3,0,,,,,,,,,,,,,,,,
2017-08-26,Gold Fight 9 - Gabriel vs. Escurr,,Mauricio Ruffy,Wendson Santos,Mauricio Ruffy,KO/TKO,1,1:04,3,0,,,,,,,,,,,,,,,,
2017-08-26,ACB 68 - Dushanbe: Young Eagles 21,,Nursulton Ruziboev,Dzhokhar Duraev,Dzhokhar Duraev,DEC,3,5:00,3,0,,,,,,,,,,,,,,,,
2017-08-26,Gold Fight 9 - Gabriel vs. Escurr,,Luis Felipe Dias,Paulo Cesar dos Santos,Luis Felipe Dias,KO/TKO,2,1:24,3,0,,,,,,,,,,,,,,,,
2017-08-27,Shooto Brazil 74 - Sandro vs. Huerto,,Rodolfo Vieira,Fagner Rakchal,Rodolfo Vieira,SUB,3,4:47,3,0,,,,,,,,,,,,,,,,
2017-09-01,Combate Extremo - Flores vs. Baltazar,,Ignacio Bahamondes,Oziel Rodriguez,Ignacio Bahamondes,DEC,3,5:00,3,0,,,,,,,,,,,,,,,,
2017-09-01,HFS - Hex Fight Series 11,,Jack Jenkins,Jesse Medina,Jesse Medina,SUB,2,2:08,3,0,,,,,,,,,,,,,,,,
2017-09-01,LFA 21 - Noblitt vs. Branjao,,Charles Johnson,Jeremiah Cullum,Charles Johnson,S-DEC,3,5:00,3,0,,,,,,,,,,,,,,,,
2017-09-01,HFS - Hex Fight Series 11,,Steve Erceg,Sean Gauci,Sean Gauci,DEC,3,5:00,3,0,,,,,,,,,,,,,,,,
2017-09-02,KOTC - Never Quit,,Jalin Turner,Vytautas Sadauskas,Jalin Turner,SUB,1,3:39,3,0,,,,,,,,,,,,,,,,
2017-09-02,UFC Fight Night 115 - Volkov vs. Struve,,Aleksandar Rakic,Francimar Barroso,Aleksandar Rakic,DEC,3,5:00,3,0,,,,,,,,,,,,,,,,
2017-09-04,FNG - Fight Nights Global 73,,Nursulton Ruziboev,Magomed Abdulvagabov,nc,NC,1,4:12,3,0,,,,,,,,,,,,,,,,
2017-09-08,WEF 38 - WEF Global 9,,Nursulton Ruziboev,Almanbet Nuraly,Nursulton Ruziboev,SUB,1,1:50,3,0,,,,,,,,,,,,,,,,
2017-09-09,Mr. Cage Championship - Mr. Cage 29,,Elves Brener,Joaquim Polonia,Elves Brener,DEC,3,5:00,3,0,,,,,,,,,,,,,,,,
2017-09-09,Aspera FC 57 - Aspera Fighting Championship 57,,Denise Gomes,Gisele Moreira,Gisele Moreira,KO/TKO,2,3:49,3,0,,,,,,,,,,,,,,,,
2017-09-09,ACB 69 - Almaty: Young Eagles 22,,Lerryan Douglas,Saifullah Dzhabrailov,Saifullah Dzhabrailov,KO/TKO,1,1:02,3,0,,,,,,,,,,,,,,,,
2017-09-09,UFC 215 - Nunes vs. Shevchenko 2,,Neil Magny,Rafael dos Anjos,Rafael dos Anjos,SUB,1,3:43,3,0,,,,,,,,,,,,,,,,
2017-09-10,Aggrelin 19 - Backstage Brawl 4,,Robert Valentin,Mario Dengg,Robert Valentin,SUB,2,4:02,3,0,,,,,,,,,,,,,,,,
2017-09-10,ProFC 63 - Gluhov vs. Wallace,,Rizvan Kuniev,Charles Andrade,Rizvan Kuniev,DEC,3,5:00,3,0,,,,,,,,,,,,,,,,
2017-09-15,Combate Americas - El Grito en La Jaula,,Rafa Garcia,Marcos Bonilla,Rafa Garcia,SUB,2,1:07,3,0,,,,,,,,,,,,,,,,
2017-09-16,FMMAMG - Federacao Fight 5,,Norma Dumont,Erica Leidianny Ribeiro,Norma Dumont,SUB,1,3:43,3,0,,,,,,,,,,,,,,,,
2017-09-16,WLF - W.A.R.S. 17,,Zhu Rong,Vincenzo Tagliamonte,Zhu Rong,KO/TKO,1,4:44,3,0,,,,,,,,,,,,,,,,
2017-09-16,CWFC 86 - Cage Warriors Fighting Championship 86,,Nathaniel Wood,Josh Reed,Nathaniel Wood,KO/TKO,1,2:19,3,0,,,,,,,,,,,,,,,,
2017-09-16,WLF - W.A.R.S. 17,,Qileng Aori,Huo You Ga Bu,Qileng Aori,S-DEC,3,5:00,3,0,,,,,,,,,,,,,,,,
2017-09-16,WLF - W.A.R.S. 17,,Su Mudaerji,Jomar Manlangit,Su Mudaerji,KO/TKO,2,1:20,3,0,,,,,,,,,,,,,,,,
2017-09-16,WLF - W.A.R.S. 17,,Long Xiao,Baxier Tenuliuer,Baxier Tenuliuer,DEC,3,5:00,3,0,,,,,,,,,,,,,,,,
2017-09-16,WLF - W.A.R.S. 17,,Meng Ding,Pascal Brice,Meng Ding,DEC,3,5:00,3,0,,,,,,,,,,,,,,,,
2017-09-16,CWM MMA - Chin Woo Men: 2016-2017 Season Final,,Bo Meng,Yulia Kutsenko,Bo Meng,KO/TKO,2,1:25,3,0,,,,,,,,,,,,,,,,
2017-09-22,LFA 23 - Krantz vs. Nakashima,,Ryan Spann,LeMarcus Tucker,Ryan Spann,SUB,1,2:55,3,0,,,,,,,,,,,,,,,,
2017-09-22,Shamrock FC - Shamrock 295,,Sean Woodson,Seth Basler,Sean Woodson,DEC,3,5:00,3,0,,,,,,,,,,,,,,,,
2017-09-23,City Innovative Technologies / Sech Pro - GIT Crimea 2017,,Nursulton Ruziboev,Artem Kazbanov,Nursulton Ruziboev,KO/TKO,1,0:45,3,0,,,,,,,,,,,,,,,,
2017-09-23,SCF - Super Combat Fight 6,,Julia Polastri,Monique Adriane,Monique Adriane,DEC,3,5:00,3,0,,,,,,,,,,,,,,,,
2017-09-27,WWFC - Cage Encounter 8,,Fares Ziam,Alexey Valivakhin,Fares Ziam,KO/TKO,1,3:01,3,0,,,,,,,,,,,,,,,,
2017-09-29,FNG - Fight Nights Global 74,,Bo Meng,Liliya Shakirova,Liliya Shakirova,DEC,3,5:00,3,0,,,,,,,,,,,,,,,,
2017-09-30,Pezao Combate - Raulian vs. Miojo,,Marcio Barbosa,Willian Martins,Marcio Barbosa,KO/TKO,1,4:31,3,0,,,,,,,,,,,,,,,,
2017-10-04,WFCA 43 - Grozny Battle,,Magomed Ankalaev,Celso Ricardo da Silva,Magomed Ankalaev,KO/TKO,1,1:09,3,0,,,,,,,,,,,,,,,,
2017-10-04,WFCA 43 - Grozny Battle,,Abubakar Vagaev,Beslan Ushukov,Abubakar Vagaev,DEC,5,5:00,5,0,,,,,,,,,,,,,,,,
2017-10-07,Gladiator Challenge - Fight Club,,Edmen Shahbazyan,Anthony Thomas,Edmen Shahbazyan,KO/TKO,1,0:14,3,0,,,,,,,,,,,,,,,,
2017-10-07,Fair FC 7 - Fair Fighting Championship 7,,Dustin Stoltzfus,Selim Agaev,Dustin Stoltzfus,DEC,3,5:00,3,0,,,,,,,,,,,,,,,,
2017-10-08,FNG - Fight Nights Global 76,,Umar Nurmagomedov,Nauruz Dzamikhov,Umar Nurmagomedov,DEC,3,5:00,3,0,,,,,,,,,,,,,,,,
2017-10-12,FCOC - Fight Club OC,,Chris Padilla,Quinton McCottrell,Chris Padilla,KO/TKO,1,3:13,3,0,,,,,,,,,,,,,,,,
2017-10-13,LFA 24 - Frincu vs. Millender,,Mackenzie Dern,Mandy Polk,Mackenzie Dern,SUB,1,2:55,3,0,,,,,,,,,,,,,,,,
2017-10-13,FNG - Fight Nights Global 77,,Saygid Izagakhmaev,Valdir Araujo,Saygid Izagakhmaev,DEC,3,5:00,3,0,,,,,,,,,,,,,,,,
2017-10-14,EBD 2 - European Beatdown 2,,Salahdine Parnasse,Hyram Rodriguez,Salahdine Parnasse,SUB,1,0:00,3,0,,,,,,,,,,,,,,,,
2017-10-14,CWFC 87 - Cage Warriors Fighting Championship 87,,Mason Jones,Shaun Luther,Mason Jones,SUB,3,4:48,3,0,,,,,,,,,,,,,,,,
2017-10-14,AFL 13 - Alvarez vs. Gonzalez,,Joel Alvarez,Francisco Gonzalez,Joel Alvarez,SUB,2,1:59,3,0,,,,,,,,,,,,,,,,
2017-10-14,CWFC 87 - Cage Warriors Fighting Championship 87,,Ludovit Klein,Aiden Lee,Aiden Lee,SUB,1,2:34,3,0,,,,,,,,,,,,,,,,
2017-10-21,Impacto Fight - Impacto Fight Night,,Rodolfo Bellato,Maycon Silva,Rodolfo Bellato,KO/TKO,1,0:30,3,0,,,,,,,,,,,,,,,,
2017-10-21,NCE 19 - New Corpore Extreme 19,,Julia Polastri,Nathielly Santos Campahy,Julia Polastri,DEC,3,5:00,3,0,,,,,,,,,,,,,,,,
2017-10-21,ACB 73 - Rio de Janeiro,,Gregory Rodrigues,Umar Gaisumov,Gregory Rodrigues,KO/TKO,1,2:43,3,0,,,,,,,,,,,,,,,,
2017-10-21,Hit-FC - Hit Fighting Championship 4,,Reinier de Ridder,Shota Gvasalia,Reinier de Ridder,SUB,1,3:55,3,0,,,,,,,,,,,,,,,,
2017-10-21,UFC Fight Night 118 - Cerrone vs. Till,,Nasrat Haqparast,Marcin Held,Marcin Held,DEC,3,5:00,3,0,,,,,,,,,,,,,,,,
2017-10-21,CFFC 68 - Cage Fury Fighting Championships 68,,Jeremiah Wells,Bassil Hafez,draw,DRAW,3,5:00,3,0,,,,,,,,,,,,,,,,
2017-10-21,UFC Fight Night 118 - Cerrone vs. Till,,Jan Blachowicz,Devin Clark,Jan Blachowicz,SUB,2,3:02,3,0,,,,,,,,,,,,,,,,
2017-10-21,FFC 30 - Linz,,Dusko Todorovic,Alexander Poppeck,Dusko Todorovic,SUB,2,4:52,3,0,,,,,,,,,,,,,,,,
2017-10-21,Orion Fight Arena - Spectacular Kickboxing-MMA Gala,,Tofiq Musayev,Murat Kocaturk,Tofiq Musayev,KO/TKO,2,2:50,3,0,,,,,,,,,,,,,,,,
2017-10-22,KSW 40 - Dublin,,Mateusz Gamrot,Norman Parke,nc,NC,2,4:15,3,0,,,,,,,,,,,,,,,,
2017-10-27,Shooto Brazil 77 - King vs. Macedo,,Ismael Bonfim,Edilson dos Santos Pires,Ismael Bonfim,KO/TKO,2,5:00,3,0,,,,,,,,,,,,,,,,
2017-10-28,Road FC 43 - Road Fighting Championship 43,,Arman Tsarukyan,Kyung Pyo Kim,Arman Tsarukyan,DEC,3,5:00,3,0,,,,,,,,,,,,,,,,
2017-10-28,UFC Fight Night 119 - Brunson vs. Machida,,Marlon Vera,John Lineker,John Lineker,DEC,3,5:00,3,0,,,,,,,,,,,,,,,,
2017-10-28,WLF - W.A.R.S. 18,,Zhu Rong,Takuma Watabe,Zhu Rong,KO/TKO,1,3:42,3,0,,,,,,,,,,,,,,,,
2017-10-28,OFC - Octagon Fighting Club 17,,Morgan Charriere,Geisym Derouiche,Morgan Charriere,KO/TKO,3,2:00,3,0,,,,,,,,,,,,,,,,
2017-10-28,100% Fight - Contenders 35,,Michael Aljarouj,Franck LeBouyonnec,Michael Aljarouj,KO/TKO,1,4:38,3,0,,,,,,,,,,,,,,,,
2017-10-28,100% Fight - Contenders 35,,Michael Aljarouj,Ulrich Agbessi,Michael Aljarouj,KO/TKO,2,1:50,3,0,,,,,,,,,,,,,,,,
2017-10-28,WLF - W.A.R.S. 18,,Yadong Song,Makoto Yoshida,Yadong Song,KO/TKO,1,1:05,3,0,,,,,,,,,,,,,,,,
2017-10-28,WLF - W.A.R.S. 18,,Su Mudaerji,Ryota Kobayashi,Su Mudaerji,KO/TKO,1,1:19,3,0,,,,,,,,,,,,,,,,
2017-10-28,UFC Fight Night 119 - Brunson vs. Machida,,Vicente Luque,Niko Price,Vicente Luque,SUB,2,4:08,3,0,,,,,,,,,,,,,,,,
2017-11-04,UFC 217 - Bisping vs. St. Pierre,,Curtis Blaydes,Alexey Oleynik,Curtis Blaydes,KO/TKO,2,1:56,3,0,,,,,,,,,,,,,,,,
2017-11-04,GKO 11 - Global Knockout 11,,Jamall Emmers,Chris Avila,Jamall Emmers,DEC,3,5:00,3,0,,,,,,,,,,,,,,,,
2017-11-10,LFA 27 - Watley vs. Wilson,,Ryan Spann,Myron Dennis,Ryan Spann,KO/TKO,1,3:08,3,0,,,,,,,,,,,,,,,,
2017-11-11,Combate Americas - Copa Combate 2017,,John Castaneda,Levy Saul Marroquin,Levy Saul Marroquin,DEC,3,3:00,3,0,,,,,,,,,,,,,,,,
2017-11-11,Combate Americas - Copa Combate 2017,,John Castaneda,Marc Gomez Sariol,John Castaneda,DEC,3,3:00,3,0,,,,,,,,,,,,,,,,
2017-11-11,Combate Americas - Copa Combate 2017,,John Castaneda,Kevin Moreyra,John Castaneda,SUB,1,4:52,3,0,,,,,,,,,,,,,,,,
2017-11-11,RDSC - Rei da Selva Combat 10,,Felipe Lima,Sebastiao da Silva Calixto,Felipe Lima,DEC,3,5:00,3,0,,,,,,,,,,,,,,,,
2017-11-11,WLF - W.A.R.S. 19,,Qileng Aori,Kana Hyatt,Qileng Aori,KO/TKO,1,3:24,3,0,,,,,,,,,,,,,,,,
2017-11-12,Leoes da Luta Championship - Ibiuna Edition,,Rodolfo Bellato,Rafael Calcidoni,Rodolfo Bellato,KO/TKO,2,1:50,3,0,,,,,,,,,,,,,,,,
2017-11-12,Dacheng Wuyi - Chinese MMA Super League: Day 2,,Meng Ding,Qihao Wei,Meng Ding,SUB,1,1:01,3,0,,,,,,,,,,,,,,,,
2017-11-12,Oktagon MMA - Oktagon 4: Challenge Finals 2,,Ludovit Klein,Krzysztof Klaczek,Ludovit Klein,KO/TKO,1,2:00,3,0,,,,,,,,,,,,,,,,
2017-11-17,Brave CF 9 - The Kingdom of Champions,,Sam Patterson,Hardeep Rai,Hardeep Rai,KO/TKO,1,2:15,3,0,,,,,,,,,,,,,,,,
2017-11-18,UFC Fight Night 121 - Werdum vs. Tybura,,Tai Tuivasa,Rashad Coulter,Tai Tuivasa,KO/TKO,1,4:35,3,0,,,,,,,,,,,,,,,,
2017-11-18,AFC / Ratiborets - Ambitions Fighting Championship 21 / Ratiborets 11,,Nursulton Ruziboev,Amhad Dzhanchuraev,Nursulton Ruziboev,KO/TKO,1,1:40,3,0,,,,,,,,,,,,,,,,
2017-11-18,UFC Fight Night 121 - Werdum vs. Tybura,,Marcin Tybura,Fabricio Werdum,Fabricio Werdum,DEC,5,5:00,5,0,,,,,,,,,,,,,,,,
2017-11-22,WEF 44 - WEF Global 10,,Nursulton Ruziboev,Erbolot Omurzakov,draw,DRAW,5,5:00,5,0,,,,,,,,,,,,,,,,
2017-11-24,HFS - Hex Fight Series 12,,Israel Adesanya,Stuart Dare,Israel Adesanya,KO/TKO,1,4:53,3,0,,,,,,,,,,,,,,,,
2017-11-25,UFC Fight Night 122 - Bisping vs. Gastelum,,Muslim Salikhov,Alex Garcia,Alex Garcia,SUB,2,3:22,3,0,,,,,,,,,,,,,,,,
2017-11-25,UFC Fight Night 122 - Bisping vs. Gastelum,,Yadong Song,Bharat Khandare,Yadong Song,SUB,1,4:16,3,0,,,,,,,,,,,,,,,,
2017-11-25,UFC Fight Night 122 - Bisping vs. Gastelum,,Xiaonan Yan,Kailin Curran,Xiaonan Yan,DEC,3,5:00,3,0,,,,,,,,,,,,,,,,
2017-11-25,IPFC - YunFeng Showdown 7,,Su Mudaerji,Kirill Kirill,Su Mudaerji,KO/TKO,1,3:19,3,0,,,,,,,,,,,,,,,,
2017-11-25,MMA Experience 4 - Panthers and Fight Night,,Lucas Fernando,Dailon Farias,Lucas Fernando,KO/TKO,1,2:34,3,0,,,,,,,,,,,,,,,,
2017-11-25,"Megdan 2 - Not on Sky, Not on Earth",,Milos Janicic,Dragutin Milosevic,Milos Janicic,KO/TKO,2,3:48,3,0,,,,,,,,,,,,,,,,
2017-11-25,"Megdan 2 - Not on Sky, Not on Earth",,Borislav Nikolic,Marko Gucu,Borislav Nikolic,KO/TKO,1,4:51,3,0,,,,,,,,,,,,,,,,
2017-11-26,Shooto Brazil 78 - Silva vs. Douglas,,Valesca Machado,Marcela Giantomassi Aguiar,Marcela Giantomassi Aguiar,S-DEC,3,5:00,3,0,,,,,,,,,,,,,,,,
2017-12-01,Combate Extremo - Loco vs. Gallito,,Ignacio Bahamondes,Gerardo Chaparro,Ignacio Bahamondes,KO/TKO,2,3:59,3,0,,,,,,,,,,,,,,,,
2017-12-01,UFC - The Ultimate Fighter 26 Finale,,Gillian Robertson,Emily Whitmire,Gillian Robertson,SUB,1,2:12,3,0,,,,,,,,,,,,,,,,
2017-12-01,Bellator 189 - Budd vs. Blencowe 2,,Chidi Njokuani,Hisaki Kato,Chidi Njokuani,DEC,3,5:00,3,0,,,,,,,,,,,,,,,,
2017-12-01,Combate Americas 19 - Queen Warriors,,Daniel Rodriguez,Victor Reyna,Victor Reyna,S-DEC,3,5:00,3,0,,,,,,,,,,,,,,,,
2017-12-02,MFP 214 - Governor's Cup 2017,,Arman Tsarukyan,Takenori Sato,Arman Tsarukyan,DEC,3,5:00,3,0,,,,,,,,,,,,,,,,
2017-12-02,UFC 218 - Holloway vs. Aldo 2,,Drakkar Klose,David Teymur,David Teymur,DEC,3,5:00,3,0,,,,,,,,,,,,,,,,
2017-12-07,FCOC - Fight Club OC,,Osman Diaz,Saad Ul-Hasan,Osman Diaz,KO/TKO,2,1:54,3,0,,,,,,,,,,,,,,,,
2017-12-08,LFA 28 - Jackson vs. Luna,,Alonzo Menifield,Jose Otavio dos Santos Lacerda,Alonzo Menifield,KO/TKO,2,0:32,3,0,,,,,,,,,,,,,,,,
2017-12-08,TKO 41 - Champions,,Charles Jourdain,T.J. Laramie,T.J. Laramie,DEC,5,5:00,5,0,,,,,,,,,,,,,,,,
2017-12-08,Invicta FC 26 - Maia vs. Niedzwiedz,,Mackenzie Dern,Kaline Medeiros,Mackenzie Dern,SUB,3,4:45,3,0,,,,,,,,,,,,,,,,
2017-12-08,LFA 28 - Jackson vs. Luna,,Ramiz Brahimaj,Sidney Ben Simons,Ramiz Brahimaj,SUB,1,0:46,3,0,,,,,,,,,,,,,,,,
2017-12-08,LFA 28 - Jackson vs. Luna,,Miles Johns,Caio Machado,Miles Johns,DEC,3,5:00,3,0,,,,,,,,,,,,,,,,
2017-12-09,"CWM MMA - Chin Woo Men: 2017-2018 Season, Stage 1",,Qileng Aori,Ailiyaer Didaer,Qileng Aori,DEC,3,5:00,3,0,,,,,,,,,,,,,,,,
2017-12-09,UFC Fight Night 123 - Swanson vs. Ortega,,Alex Perez,Carls John de Tomas,Alex Perez,SUB,2,1:54,3,0,,,,,,,,,,,,,,,,
2017-12-09,One Championship - Warriors of the World,,Jingnan Xiong,April Osenio,Jingnan Xiong,KO/TKO,1,3:44,3,0,,,,,,,,,,,,,,,,
2017-12-09,AFN - Adrenalin Fight Nights,,Mason Jones,Brett Hassett,Mason Jones,SUB,1,1:45,3,0,,,,,,,,,,,,,,,,
2017-12-10,Shooto Brazil 79 - Fernandes vs. Barbosa,,Kaue Fernandes,Evandro Barbosa,Kaue Fernandes,SUB,2,1:36,3,0,,,,,,,,,,,,,,,,
2017-12-14,WWFC - Cage Encounter 9,,Morgan Charriere,Oleksii Oliinyk,Morgan Charriere,KO/TKO,2,4:50,3,0,,,,,,,,,,,,,,,,
2017-12-14,WWFC - Cage Encounter 9,,Roman Dolidze,Amirali Joroev,Roman Dolidze,KO/TKO,1,3:34,3,0,,,,,,,,,,,,,,,,
2017-12-15,LFA 29 - Camus vs. Simon,,Ricky Simon,Chico Camus,Ricky Simon,DEC,5,5:00,5,0,,,,,,,,,,,,,,,,
2017-12-15,Iron Tiger Fight Series / Alliance MMA - IT Fight Series 79,,Vanessa Demopoulos,Emme Weber,Vanessa Demopoulos,SUB,1,4:36,3,0,,,,,,,,,,,,,,,,
2017-12-15,WEF 45 / AFCA - WEF ProfFight 17: Asian Youth Against Drugs,,Diyar Nurgozhay,Almanbet Nuraly,Diyar Nurgozhay,KO/TKO,1,0:18,3,0,,,,,,,,,,,,,,,,
2017-12-16,Thunder Fight 14 - Gameth vs. Wagnao,,Joanderson Brito,Cicero Coutinho,Joanderson Brito,KO/TKO,1,1:25,3,0,,,,,,,,,,,,,,,,
2017-12-16,Gladiator Challenge - Season's Beatings,,Giga Chikadze,Kevin Gratts,Giga Chikadze,KO/TKO,1,1:17,3,0,,,,,,,,,,,,,,,,
2017-12-16,Blackout FC 5 - Blackout Fight Championship 5,,Jean Silva,Lucas Vinicius Razalkiewicz,Jean Silva,KO/TKO,2,3:43,3,0,,,,,,,,,,,,,,,,
2017-12-16,UFC on Fox 26 - Lawler vs. dos Anjos,,Jan Blachowicz,Jared Cannonier,Jan Blachowicz,DEC,3,5:00,3,0,,,,,,,,,,,,,,,,
2017-12-16,WLF - W.A.R.S. 20,,Ramazonbek Temirov,Gexi Sanlang,Gexi Sanlang,DEC,3,5:00,3,0,,,,,,,,,,,,,,,,
2017-12-16,WLF - W.A.R.S. 20,,Ramazonbek Temirov,Zhe Li,Ramazonbek Temirov,KO/TKO,2,0:54,3,0,,,,,,,,,,,,,,,,
2017-12-16,UFC on Fox 26 - Lawler vs. dos Anjos,,Santiago Ponzinibbio,Mike Perry,Santiago Ponzinibbio,DEC,3,5:00,3,0,,,,,,,,,,,,,,,,
2017-12-17,WFCA 44 - Grozny Battle,,Nursulton Ruziboev,Igor Bayer,Nursulton Ruziboev,KO/TKO,1,3:55,3,0,,,,,,,,,,,,,,,,
2017-12-18,"CKF - Chinese Kung Fu Championships: Kunming, Day 2",,Ailinuer Ahejiang,Sen Li,Ailinuer Ahejiang,KO/TKO,2,4:04,3,0,,,,,,,,,,,,,,,,
2017-12-19,"CKF - Chinese Kung Fu Championships: Kunming, Day 3",,Ailinuer Ahejiang,Wilson Djavan,Ailinuer Ahejiang,SUB,2,1:28,3,0,,,,,,,,,,,,,,,,
2017-12-20,"CKF - Chinese Kung Fu Championships: Kunming, Day 4",,Ailinuer Ahejiang,Xi Tian,Ailinuer Ahejiang,KO/TKO,1,3:07,3,0,,,,,,,,,,,,,,,,
2017-12-21,"CKF - Chinese Kung Fu Championships: Kunming, Day 5",,Ailinuer Ahejiang,Maxim Osipov,Ailinuer Ahejiang,KO/TKO,1,3:16,3,0,,,,,,,,,,,,,,,,
2017-12-23,KSW 41 - Mankowski vs. Soldic,,Salahdine Parnasse,Lukasz Rajewski,Salahdine Parnasse,S-DEC,3,5:00,3,0,,,,,,,,,,,,,,,,
2017-12-23,MFC 6 - Montenegro Fighting Championship 6,,Milos Janicic,Mirza Sendic,Milos Janicic,SUB,1,0:00,3,0,,,,,,,,,,,,,,,,
2017-12-24,ProFC 64 - Tibilov vs. Shvets,,Rizvan Kuniev,Konstantin Andreitsev,Rizvan Kuniev,DEC,3,5:00,3,0,,,,,,,,,,,,,,,,
2017-12-29,Rizin Fighting World Grand Prix 2017 - Bantamweight Tournament: 2nd Round,,Kai Asakura,Kizaemon Saiga,Kai Asakura,KO/TKO,2,2:39,3,0,,,,,,,,,,,,,,,,
2017-12-29,RCC 14 - Revolution Combat Championships 14,,Darrius Flowers,Andre Kase,Darrius Flowers,KO/TKO,2,3:24,3,0,,,,,,,,,,,,,,,,
2017-12-30,UFC 219 - Cyborg vs. Holm,,Tim Elliott,Mark De La Rosa,Tim Elliott,SUB,2,1:41,3,0,,,,,,,,,,,,,,,,
2017-12-30,UFC 219 - Cyborg vs. Holm,,Dan Hooker,Marc Diakiese,Dan Hooker,SUB,3,0:42,3,0,,,,,,,,,,,,,,,,
2017-12-30,UFC 219 - Cyborg vs. Holm,,Edson Barboza,Khabib Nurmagomedov,Khabib Nurmagomedov,DEC,3,5:00,3,0,,,,,,,,,,,,,,,,
2017-12-30,UFC 219 - Cyborg vs. Holm,,Neil Magny,Carlos Condit,Neil Magny,DEC,3,5:00,3,0,,,,,,,,,,,,,,,,
2018-01-13,KOTC - Mercenaries 2,,Montel Jackson,Terrence Almond,Montel Jackson,DEC,3,5:00,3,0,,,,,,,,,,,,,,,,
2018-01-13,WLF - W.A.R.S. 21,,Zhu Rong,Guilherme Cadena,Guilherme Cadena,SUB,1,3:32,3,0,,,,,,,,,,,,,,,,
2018-01-13,WLF - W.A.R.S. 21,,Qileng Aori,Maksadzhon Yusupov,Qileng Aori,S-DEC,3,5:00,3,0,,,,,,,,,,,,,,,,
2018-01-13,WLF - W.A.R.S. 21,,Su Mudaerji,Abdula Aliev,Abdula Aliev,SUB,2,3:16,3,0,,,,,,,,,,,,,,,,
2018-01-13,WLF - W.A.R.S. 21,,Ramazonbek Temirov,Longlong Xie,Ramazonbek Temirov,KO/TKO,2,1:05,3,0,,,,,,,,,,,,,,,,
2018-01-14,UFC Fight Night 124 - Stephens vs. Choi,,Doo Ho Choi,Jeremy Stephens,Jeremy Stephens,KO/TKO,2,2:36,5,0,,,,,,,,,,,,,,,,
2018-01-14,UFC Fight Night 124 - Stephens vs. Choi,,J.J. Aldrich,Danielle Taylor,J.J. Aldrich,DEC,3,5:00,3,0,,,,,,,,,,,,,,,,
2018-01-14,UFC Fight Night 124 - Stephens vs. Choi,,Darren Elkins,Michael Johnson,Darren Elkins,SUB,2,2:22,3,0,,,,,,,,,,,,,,,,
2018-01-17,AFC 136 - Cook vs. Mitchell,,Uros Medic,Seth Kroll,Uros Medic,SUB,1,1:46,3,0,,,,,,,,,,,,,,,,
2018-01-18,100% Fight 33 - Ascension,,Michael Aljarouj,Mickael Kanguichiev,Mickael Kanguichiev,KO/TKO,1,2:46,3,0,,,,,,,,,,,,,,,,
2018-01-20,UFC 220 - Miocic vs. Ngannou,,Alexandre Pantoja,Dustin Ortiz,Dustin Ortiz,DEC,3,5:00,3,0,,,,,,,,,,,,,,,,
2018-01-20,UFC 220 - Miocic vs. Ngannou,,Dan Ige,Julio Arce,Julio Arce,DEC,3,5:00,3,0,,,,,,,,,,,,,,,,
2018-01-20,One Championship - Kings of Courage,,Jingnan Xiong,Tiffany Teo,Jingnan Xiong,KO/TKO,4,2:17,5,0,,,,,,,,,,,,,,,,
2018-01-20,Bellator 192 - Jackson vs. Sonnen,,Chris Padilla,Gabriel Green,Gabriel Green,SUB,1,N/A,3,0,,,,,,,,,,,,,,,,
2018-01-20,UFC 220 - Miocic vs. Ngannou,,Islam Makhachev,Gleison Tibau,Islam Makhachev,KO/TKO,1,0:57,3,0,,,,,,,,,,,,,,,,
2018-01-20,Bellator 192 - Jackson vs. Sonnen,,Jalin Turner,Noah Tillis,Jalin Turner,KO/TKO,1,N/A,3,0,,,,,,,,,,,,,,,,
2018-01-20,EFL - Elite Fight League,,Charles Johnson,Marc Tong Van,Charles Johnson,SUB,1,3:20,3,0,,,,,,,,,,,,,,,,
2018-01-21,"CWM MMA - Chin Woo Men: 2017-2018 Season, Stage 4",,Long Xiao,Husiman Siwuhaer,Long Xiao,DEC,3,5:00,3,0,,,,,,,,,,,,,,,,
2018-01-26,LFA 32 - Allen vs. Hernandez,,Ryan Spann,Alex Nicholson,Ryan Spann,KO/TKO,1,4:24,3,0,,,,,,,,,,,,,,,,
2018-01-26,LFA 32 - Allen vs. Hernandez,,Anthony Hernandez,Brendan Allen,Anthony Hernandez,DEC,5,5:00,5,0,,,,,,,,,,,,,,,,
2018-01-26,Bellator 193 - Larkin vs. Gonzalez,,Tyrell Fortune,Joe Hernandez,Tyrell Fortune,DEC,3,5:00,3,0,,,,,,,,,,,,,,,,
2018-02-03,UFC Fight Night 125 - Machida vs. Anders,,Marlon Vera,Douglas Silva de Andrade,Douglas Silva de Andrade,DEC,3,5:00,3,0,,,,,,,,,,,,,,,,
2018-02-03,UFC Fight Night 125 - Machida vs. Anders,,Joseph Morales,Deiveson Figueiredo,Deiveson Figueiredo,KO/TKO,2,4:34,3,0,,,,,,,,,,,,,,,,
2018-02-08,Legion Fighting Championship - Universal Battle 1,,Nursulton Ruziboev,Erzhan Kenzhegulov,Nursulton Ruziboev,SUB,1,3:15,3,0,,,,,,,,,,,,,,,,
2018-02-08,Legion Fighting Championship - Universal Battle 1,,Bogdan Guskov,Taro Blaglo,Bogdan Guskov,KO/TKO,1,2:43,3,0,,,,,,,,,,,,,,,,
2018-02-08,Legion Fighting Championship - Universal Battle 1,,Ramazonbek Temirov,Narik Tonyan,Ramazonbek Temirov,S-DEC,3,5:00,3,0,,,,,,,,,,,,,,,,
2018-02-09,SFL 2018: Clash of the Titans - Mumbai Maniacs vs. Sher-E-Punjab,,Sam Patterson,Rajbir Mehra,Sam Patterson,KO/TKO,1,N/A,3,0,,,,,,,,,,,,,,,,
2018-02-10,Driller Promotions - No Mercy 7,,Montel Jackson,Jesse Wannemacher,Montel Jackson,KO/TKO,2,3:16,3,0,,,,,,,,,,,,,,,,
2018-02-10,UFC 221 - Romero vs. Rockhold,,Tai Tuivasa,Cyril Asker,Tai Tuivasa,KO/TKO,1,2:18,3,0,,,,,,,,,,,,,,,,
2018-02-10,UFC 221 - Romero vs. Rockhold,,Curtis Blaydes,Mark Hunt,Curtis Blaydes,DEC,3,5:00,3,0,,,,,,,,,,,,,,,,
2018-02-10,CageSport 49 - Stolen vs. Swain,,Eric McConico,Dominique Smith,Eric McConico,SUB,1,4:54,3,0,,,,,,,,,,,,,,,,
2018-02-10,UFC 221 - Romero vs. Rockhold,,Israel Adesanya,Rob Wilkinson,Israel Adesanya,KO/TKO,2,3:37,3,0,,,,,,,,,,,,,,,,
2018-02-15,Roy Englebrecht Promotions - Fight Club OC 50,,Osman Diaz,Santiago Diaz,Santiago Diaz,KO/TKO,1,0:15,3,0,,,,,,,,,,,,,,,,
2018-02-16,LFA 33 - Willis vs. Stewart,,Alonzo Menifield,Brice Ritani-Coe,Alonzo Menifield,SUB,1,2:41,3,0,,,,,,,,,,,,,,,,
2018-02-16,LFA 33 - Willis vs. Stewart,,Ramiz Brahimaj,Bilal Williams,Ramiz Brahimaj,SUB,1,4:10,3,0,,,,,,,,,,,,,,,,
2018-02-17,CXF 11 - Alpha Dog,,Edmen Shahbazyan,Aaron Hamilton,Edmen Shahbazyan,KO/TKO,1,1:08,3,0,,,,,,,,,,,,,,,,
2018-02-17,CXF 11 - Alpha Dog,,Daniel Rodriguez,Justin Baesman,Daniel Rodriguez,KO/TKO,2,1:17,3,0,,,,,,,,,,,,,,,,
2018-02-17,Athletic FC 1 - Athletic Fighting Championship 1,,Borislav Nikolic,Ivan Zidar,Borislav Nikolic,SUB,2,4:35,3,0,,,,,,,,,,,,,,,,
2018-02-18,IFC 1 - Biclea vs Nuzzi,,Francesco Nuzzi,Petru Biclea,Francesco Nuzzi,DEC,3,5:00,3,0,,,,,,,,,,,,,,,,
2018-02-18,UFC Fight Night 126 - Cerrone vs. Medeiros,,Diego Ferreira,Jared Gordon,Diego Ferreira,KO/TKO,1,1:58,3,0,,,,,,,,,,,,,,,,
2018-02-18,UFC Fight Night 126 - Cerrone vs. Medeiros,,Marcin Tybura,Derrick Lewis,Derrick Lewis,KO/TKO,3,2:48,3,0,,,,,,,,,,,,,,,,
2018-02-22,FNG - Fight Nights Global 83,,Umar Nurmagomedov,Shyudi Yamauchi,Umar Nurmagomedov,DEC,3,5:00,3,0,,,,,,,,,,,,,,,,
2018-02-24,UFC on Fox 28 - Emmett vs. Stephens,,Alex Perez,Eric Shelton,Alex Perez,DEC,3,5:00,3,0,,,,,,,,,,,,,,,,
2018-02-24,WFCA 45 - Grozny Battle,,Tofiq Musayev,Zurab Betergaraev,Tofiq Musayev,KO/TKO,2,1:28,3,0,,,,,,,,,,,,,,,,
2018-02-24,WFCA 45 - Grozny Battle,,Abubakar Vagaev,Rodrigo Correia,Abubakar Vagaev,DEC,3,5:00,3,0,,,,,,,,,,,,,,,,
2018-03-03,NCE 23 - New Corpore Extreme 23,,Julia Polastri,Vanessa Santos,Julia Polastri,KO/TKO,2,3:55,3,0,,,,,,,,,,,,,,,,
2018-03-03,CW 91 - Cage Warriors 91,,Mason Jones,Lawrence Jordan Tracey,Mason Jones,KO/TKO,2,1:41,3,0,,,,,,,,,,,,,,,,
2018-03-03,UFC 222 - Cyborg vs. Kunitskaya,,Mackenzie Dern,Ashley Yoder,Mackenzie Dern,S-DEC,3,5:00,3,0,,,,,,,,,,,,,,,,
2018-03-03,KSW 42 - Khalidov vs. Narkun,,Mateusz Gamrot,Grzegorz Szulakowski,Mateusz Gamrot,SUB,4,4:15,5,0,,,,,,,,,,,,,,,,
2018-03-09,ACB 82 - Sao Paulo,,Rodolfo Vieira,Alexander Neufang,Rodolfo Vieira,KO/TKO,1,3:42,3,0,,,,,,,,,,,,,,,,
2018-03-10,Driller Promotions - A-Town Throwdown 13,,Montel Jackson,Daron McCyza,Montel Jackson,KO/TKO,1,0:57,3,0,,,,,,,,,,,,,,,,
2018-03-10,Road FC 46 - Road Fighting Championship 46,,Heili Alateng,Ik Hwan Jang,Heili Alateng,KO/TKO,1,3:06,3,0,,,,,,,,,,,,,,,,
2018-03-10,Hit-FC - Hit Fighting Championship 5,,Fares Ziam,Abner Lloveras,Fares Ziam,KO/TKO,2,0:24,3,0,,,,,,,,,,,,,,,,
2018-03-10,AT - Amazon Talent 8,,Felipe Lima,Admilson Pimentel,Felipe Lima,KO/TKO,1,1:38,3,0,,,,,,,,,,,,,,,,
2018-03-10,EFC 67 - EFC Worldwide 67,,Reinier de Ridder,Warren Allison,Reinier de Ridder,SUB,1,2:00,3,0,,,,,,,,,,,,,,,,
2018-03-10,XKO - Xtreme Knockout 40,,Kennedy Nzechukwu,Andre Kavanaugh,Kennedy Nzechukwu,KO/TKO,1,2:40,3,0,,,,,,,,,,,,,,,,
2018-03-10,FEN 20 - Next Level,,Mateusz Rebecki,Marian Ziolkowski,Mateusz Rebecki,KO/TKO,4,3:49,5,0,,,,,,,,,,,,,,,,
2018-03-10,GTC 03 - Golden Team Championship 3,,Bogdan Guskov,Alikhan Magomedov,Bogdan Guskov,SUB,1,N/A,3,0,,,,,,,,,,,,,,,,
2018-03-11,"CWM MMA - Chin Woo Men: 2017-2018 Season, Stage 6",,Qileng Aori,Xiaolong Wu,Xiaolong Wu,S-DEC,3,5:00,3,0,,,,,,,,,,,,,,,,
2018-03-12,AFC 06 - Angel's Fighting Championship 06,,Young Jae Song,Jin Soo Seo,Young Jae Song,SUB,2,1:58,3,0,,,,,,,,,,,,,,,,
2018-03-16,TKO 42 - Nogueira vs. Laramie,,Charles Jourdain,Matar Lo,Charles Jourdain,KO/TKO,1,2:19,3,0,,,,,,,,,,,,,,,,
2018-03-16,Jaguar Combat 1 - Crocota vs. Robocop,,Gregory Rodrigues,Edilberto de Oliveira,Gregory Rodrigues,SUB,1,4:59,3,0,,,,,,,,,,,,,,,,
2018-03-17,WLF - W.A.R.S. 22,,Qileng Aori,Vladislav Doroshenko,Qileng Aori,DEC,3,5:00,3,0,,,,,,,,,,,,,,,,
2018-03-17,WLF - W.A.R.S. 22,,Su Mudaerji,Bidzina Gavashelishvili,Su Mudaerji,KO/TKO,1,2:36,3,0,,,,,,,,,,,,,,,,
2018-03-17,AFL 14 - Outbreak,,Joel Alvarez,Kevin Daniel Delgado,Joel Alvarez,SUB,1,0:26,3,0,,,,,,,,,,,,,,,,
2018-03-17,BFL 54 - Battlefield Fight League,,Eric McConico,Saeid Mirzaei,draw,DRAW,3,5:00,3,0,,,,,,,,,,,,,,,,
2018-03-17,UFC Fight Night 127 - Werdum vs. Volkov,,Jan Blachowicz,Jimi Manuwa,Jan Blachowicz,DEC,3,5:00,3,0,,,,,,,,,,,,,,,,
2018-03-17,Oktagon MMA - Oktagon 5: Kuznik vs. Klein,,Ludovit Klein,Matej Kuznik,Ludovit Klein,KO/TKO,4,5:00,5,0,,,,,,,,,,,,,,,,
2018-03-17,UFC Fight Night 127 - Werdum vs. Volkov,,Magomed Ankalaev,Paul Craig,Paul Craig,SUB,3,4:59,3,0,,,,,,,,,,,,,,,,
2018-03-23,LFA 36 - Simon vs. Zani,,Ricky Simon,Vinicius Zani,Ricky Simon,KO/TKO,1,0:59,3,0,,,,,,,,,,,,,,,,
2018-03-23,HFS - Hex Fight Series 13,,Jack Jenkins,Sang Won Kim,Sang Won Kim,SUB,1,4:06,3,0,,,,,,,,,,,,,,,,
2018-03-23,LFA 36 - Simon vs. Zani,,Jamall Emmers,Guilherme Faria,Jamall Emmers,KO/TKO,3,1:18,3,0,,,,,,,,,,,,,,,,
2018-03-24,GMMA - Gods of War World MMA Championship,,Arman Tsarukyan,Haotian Wu,Arman Tsarukyan,KO/TKO,3,0:31,3,0,,,,,,,,,,,,,,,,
2018-03-24,WWFC 10 - Kyiv,,Morgan Charriere,Ruslan Khazhmurzaev,Ruslan Khazhmurzaev,S-DEC,3,5:00,3,0,,,,,,,,,,,,,,,,
2018-03-24,CW 92 - Cage Warriors 92: Super Saturday,,Modestas Bukauskas,Pelu Adetola,Modestas Bukauskas,SUB,1,4:10,3,0,,,,,,,,,,,,,,,,
2018-03-24,CW 92 - Cage Warriors 92: Super Saturday,,Nathaniel Wood,Luca Iovine,Nathaniel Wood,KO/TKO,1,0:50,3,0,,,,,,,,,,,,,,,,
2018-03-24,WWFC 10 - Kyiv,,Serghei Spivac,Ivo Cuk,Serghei Spivac,KO/TKO,1,2:21,3,0,,,,,,,,,,,,,,,,
2018-03-28,AFC 138 - Lopez vs. Ryan 2,,Uros Medic,Nathan Feitosa,Uros Medic,KO/TKO,2,0:51,3,0,,,,,,,,,,,,,,,,
2018-03-30,NFC 105 - National Fighting Championship 105,,Tresean Gore,Prince Ellerbe,Tresean Gore,S-DEC,3,5:00,3,0,,,,,,,,,,,,,,,,
2018-03-31,PACF - PA Cage Fight 31,,Charles Johnson,Sean Santella,Sean Santella,DEC,3,5:00,3,0,,,,,,,,,,,,,,,,
2018-04-06,Titan FC 49 - Gomez vs. Soares,,Punahele Soriano,Rafael Celestino,Punahele Soriano,KO/TKO,1,0:31,3,0,,,,,,,,,,,,,,,,
2018-04-06,CES MMA 49 - Curtis vs. Norwood,,Chris Padilla,Nate Andrews,Nate Andrews,SUB,2,2:04,3,0,,,,,,,,,,,,,,,,
2018-04-06,CES MMA 49 - Curtis vs. Norwood,,Jeremiah Wells,Gary Balletto Jr.,Jeremiah Wells,KO/TKO,1,0:57,3,0,,,,,,,,,,,,,,,,
2018-04-07,NCE 25 - New Corpore Extreme 25,,Luis Felipe Dias,Willker Lemos,Willker Lemos,DEC,3,5:00,3,0,,,,,,,,,,,,,,,,
2018-04-07,WLMMA - We Love MMA 39,,Dustin Stoltzfus,Roman Kapranov,Dustin Stoltzfus,SUB,1,2:37,3,0,,,,,,,,,,,,,,,,
2018-04-13,Combate Americas - Combate Estrellas 1,,John Castaneda,Jose Alday,Jose Alday,S-DEC,3,5:00,3,0,,,,,,,,,,,,,,,,
2018-04-13,Combate Americas - Combate Estrellas 1,,Rafa Garcia,Chase Gibson,Rafa Garcia,S-DEC,3,5:00,3,0,,,,,,,,,,,,,,,,
2018-04-14,UFC on Fox 29 - Poirier vs. Gaethje,,Muslim Salikhov,Ricky Rainey,Muslim Salikhov,KO/TKO,2,4:12,3,0,,,,,,,,,,,,,,,,
2018-04-14,WLF - W.A.R.S. 23,,Zhu Rong,Arsen Balyants,Zhu Rong,KO/TKO,3,0:55,3,0,,,,,,,,,,,,,,,,
2018-04-14,KSW 43 - Soldic vs. Du Plessis,,Salahdine Parnasse,Artur Sowinski,Salahdine Parnasse,DEC,3,5:00,3,0,,,,,,,,,,,,,,,,
2018-04-14,Alash Pride FC - Alash Pride,,Nursulton Ruziboev,Sultan Kiyalov,Nursulton Ruziboev,SUB,2,1:58,3,0,,,,,,,,,,,,,,,,
2018-04-14,100% Fight 35 - The New Champion,,Michael Aljarouj,Lucas Tenorio,Michael Aljarouj,KO/TKO,1,2:46,3,0,,,,,,,,,,,,,,,,
2018-04-14,"CWM MMA - Chin Woo Men: 2017-2018 Season, Stage 7",,Qileng Aori,Jiaerken Ailimubai,Jiaerken Ailimubai,DEC,3,5:00,3,0,,,,,,,,,,,,,,,,
2018-04-14,WLF - W.A.R.S. 23,,Su Mudaerji,Zelimkhan Makaev,Su Mudaerji,KO/TKO,1,4:01,3,0,,,,,,,,,,,,,,,,
2018-04-14,UFC on Fox 29 - Poirier vs. Gaethje,,Israel Adesanya,Marvin Vettori,Israel Adesanya,S-DEC,3,5:00,3,0,,,,,,,,,,,,,,,,
2018-04-20,Combate Americas - Combate Estrellas 2,,David Martinez,Enrique Barragan,David Martinez,KO/TKO,1,1:10,3,0,,,,,,,,,,,,,,,,
2018-04-20,LFA 37 - Bice vs. Perez,,Darrius Flowers,Jordon Larson,Jordon Larson,SUB,3,2:50,3,0,,,,,,,,,,,,,,,,
2018-04-21,UFC Fight Night 128 - Barboza vs. Lee,,Ricky Simon,Merab Dvalishvili,Ricky Simon,SUB,3,5:00,3,0,,,,,,,,,,,,,,,,
2018-04-21,CXF 12 - Burbank Beatdown,,Edmen Shahbazyan,Daniel McWilliams,Edmen Shahbazyan,KO/TKO,1,0:30,3,0,,,,,,,,,,,,,,,,
2018-04-21,Gladiator Challenge - MMA Fighting Championship,,Giga Chikadze,Kevin Ceron,Giga Chikadze,KO/TKO,1,2:37,3,0,,,,,,,,,,,,,,,,
2018-04-21,Sao Jose Super Fight Qualifying - SJSF,,Jean Silva,Gabriel Schlupp,Gabriel Schlupp,DEC,3,5:00,3,0,,,,,,,,,,,,,,,,
2018-04-21,UFC Fight Night 128 - Barboza vs. Lee,,Dan Hooker,Jim Miller,Dan Hooker,KO/TKO,1,3:00,3,0,,,,,,,,,,,,,,,,
2018-04-21,UFC Fight Night 128 - Barboza vs. Lee,,Edson Barboza,Kevin Lee,Kevin Lee,KO/TKO,5,2:18,5,0,,,,,,,,,,,,,,,,
2018-04-22,Fight Nights Global - Chinese Tryouts,,Meng Ding,Nuerdebieke Bahetihan,Meng Ding,KO/TKO,1,1:05,3,0,,,,,,,,,,,,,,,,
2018-04-26,Megdan Fighting 3 - Serbia vs. Russia,,Milos Janicic,Marko Radakovic,Milos Janicic,KO/TKO,3,N/A,3,0,,,,,,,,,,,,,,,,
2018-04-28,CW 93 - Cage Warriors 93,,Modestas Bukauskas,Kristian Lapsley,Modestas Bukauskas,SUB,1,2:39,3,0,,,,,,,,,,,,,,,,
2018-05-04,WFCA 48 - Zhamaldaev vs. Khasbulaev 2,,Tofiq Musayev,Marif Piraev,Tofiq Musayev,KO/TKO,1,3:24,3,0,,,,,,,,,,,,,,,,
2018-05-05,IFC 3 - Paterno vs. Maguire,,Francesco Nuzzi,Percy Herrera,Francesco Nuzzi,KO/TKO,1,4:28,3,0,,,,,,,,,,,,,,,,
2018-05-05,AFL 15 - Typhoon,,Joel Alvarez,Alexandre Ribeiro,Joel Alvarez,SUB,1,4:17,3,0,,,,,,,,,,,,,,,,
2018-05-06,Rizin FF - Rizin 10,,Kai Asakura,Manel Kape,Kai Asakura,S-DEC,3,5:00,3,0,,,,,,,,,,,,,,,,
2018-05-11,Samara MMA Federation - Battle on the Volga 4,,Umar Nurmagomedov,Fatkhidin Sobirov,Umar Nurmagomedov,DEC,3,5:00,3,0,,,,,,,,,,,,,,,,
2018-05-11,WLF - W.A.R.S. 24,,Ramazonbek Temirov,Biqie Qiu,Ramazonbek Temirov,DEC,3,5:00,3,0,,,,,,,,,,,,,,,,
2018-05-12,Road FC 47 - 2018 Openweight Grand Prix: Opening Round,,Heili Alateng,Jong Hyun Kwak,Heili Alateng,KO/TKO,2,2:40,3,0,,,,,,,,,,,,,,,,
2018-05-12,"CWM MMA - Chin Woo Men: 2017-2018 Season, Stage 9",,Qileng Aori,Sen Yang,Qileng Aori,DEC,3,5:00,3,0,,,,,,,,,,,,,,,,
2018-05-12,Just MMA 4 - Just CKF: Guangzhou,,Ailinuer Ahejiang,Koji Takeuchi,Ailinuer Ahejiang,KO/TKO,1,3:47,3,0,,,,,,,,,,,,,,,,
2018-05-12,CWA - Cage Warriors Academy Wales 2,,Mason Jones,Craig Edwards,Mason Jones,SUB,3,3:23,3,0,,,,,,,,,,,,,,,,
2018-05-12,UFC 224 - Nunes vs. Pennington,,Mackenzie Dern,Amanda Bobby Brundage,Mackenzie Dern,SUB,1,2:27,3,0,,,,,,,,,,,,,,,,
2018-05-12,Alash Pride FC - Alash Pride,,Diyar Nurgozhay,Sultan Musayev,Diyar Nurgozhay,KO/TKO,1,3:12,3,0,,,,,,,,,,,,,,,,
2018-05-12,Innferno 3 - Innferno Fighting Championship 3,,Robert Valentin,Alic Mensur,Robert Valentin,DEC,3,5:00,3,0,,,,,,,,,,,,,,,,
2018-05-18,Combate Americas - Mexico vs. The World,,Edgar Chairez,Alan Cantu,Edgar Chairez,KO/TKO,1,2:58,3,0,,,,,,,,,,,,,,,,
2018-05-18,Combate Americas - Mexico vs. The World,,Daniel Rodriguez,Alex Velasco,Daniel Rodriguez,SUB,3,2:41,3,0,,,,,,,,,,,,,,,,
2018-05-19,ECC - Eco Combat Championship 20,,Rodolfo Bellato,Vanderson de Camp,Rodolfo Bellato,KO/TKO,1,4:25,3,0,,,,,,,,,,,,,,,,
2018-05-19,UFC Fight Night 129 - Maia vs. Usman,,Alexandre Pantoja,Brandon Moreno,Alexandre Pantoja,DEC,3,5:00,3,0,,,,,,,,,,,,,,,,
2018-05-19,UFC Fight Night 129 - Maia vs. Usman,,Alexa Grasso,Tatiana Suarez,Tatiana Suarez,SUB,1,2:44,3,0,,,,,,,,,,,,,,,,
2018-05-19,Iron Boy Promotions - Iron Boy MMA 11,,Waldo Cortes-Acosta,Odell Pantin,Waldo Cortes-Acosta,KO/TKO,2,1:23,3,0,,,,,,,,,,,,,,,,
2018-05-19,UFC Fight Night 129 - Maia vs. Usman,,Vicente Luque,Chad Laprise,Vicente Luque,KO/TKO,1,4:16,3,0,,,,,,,,,,,,,,,,
2018-05-19,FNG - Fight Nights Global 87,,Saygid Izagakhmaev,Elias Silverio,Elias Silverio,DEC,3,5:00,3,0,,,,,,,,,,,,,,,,
2018-05-25,Bellator 200 - Carvalho vs. Mousasi,,Michael Page,David Rickels,Michael Page,KO/TKO,2,0:43,3,0,,,,,,,,,,,,,,,,
2018-05-25,LFA 40 - Aguilar vs. Le,,Kennedy Nzechukwu,Corey Johnson,Kennedy Nzechukwu,KO/TKO,2,1:18,3,0,,,,,,,,,,,,,,,,
2018-05-25,LFA 40 - Aguilar vs. Le,,Ramiz Brahimaj,Evan Cutts,Evan Cutts,DEC,3,5:00,3,0,,,,,,,,,,,,,,,,
2018-05-25,LFA 40 - Aguilar vs. Le,,Miles Johns,Eric Ellington,Miles Johns,SUB,2,4:13,3,0,,,,,,,,,,,,,,,,
2018-05-25,LFA 40 - Aguilar vs. Le,,Hailey Cowan,Victoria Leonardo,Victoria Leonardo,SUB,1,4:27,3,0,,,,,,,,,,,,,,,,
2018-05-26,Shooto Brazil 84 - Dias vs. Machado,,Valesca Machado,Julia Polastri,Valesca Machado,DEC,3,5:00,3,0,,,,,,,,,,,,,,,,
2018-05-26,MFP 220 / KLF - Kunlun Fight vs. Modern Fighting Pankration,,Arman Tsarukyan,Junior Assuncao,Arman Tsarukyan,DEC,3,5:00,3,0,,,,,,,,,,,,,,,,
2018-05-26,Glory of Heroes 31 - Beijing,,Bo Meng,Mellony Geugjes,Bo Meng,DEC,3,5:00,3,0,,,,,,,,,,,,,,,,
2018-05-26,KOTC - Grand Finale,,Eric McConico,Jeramy Burford,Eric McConico,KO/TKO,1,4:16,3,0,,,,,,,,,,,,,,,,
2018-05-27,UFC Fight Night 130 - Thompson vs. Till,,Gillian Robertson,Molly McCann,Gillian Robertson,SUB,2,2:05,3,0,,,,,,,,,,,,,,,,
2018-05-27,UFC Fight Night 130 - Thompson vs. Till,,Neil Magny,Craig White,Neil Magny,KO/TKO,1,4:32,3,0,,,,,,,,,,,,,,,,
2018-06-01,UFC Fight Night 131 - Rivera vs. Moraes,,Nathaniel Wood,Johnny Eduardo,Nathaniel Wood,SUB,2,2:18,3,0,,,,,,,,,,,,,,,,
2018-06-02,UMC 1 - Ciumac vs. Ngeleka,,Rizvan Kuniev,Jose Jimenez,Rizvan Kuniev,KO/TKO,1,2:35,3,0,,,,,,,,,,,,,,,,
2018-06-03,CFL 3 - Collision Fighting League 3,,Dusko Todorovic,Shota Gvasalia,Dusko Todorovic,KO/TKO,1,0:18,3,0,,,,,,,,,,,,,,,,
2018-06-08,LFA 42 - Krantz vs. Kayne,,Charles Johnson,Andrew Kimzey,Charles Johnson,KO/TKO,1,1:41,3,0,,,,,,,,,,,,,,,,
2018-06-09,PFC 3 - Porto Fight Club 3,,Elves Brener,Carlos Eduardo de Azevedo,Elves Brener,SUB,1,1:26,3,0,,,,,,,,,,,,,,,,
2018-06-09,UFC 225 - Whittaker vs. Romero 2,,Tai Tuivasa,Andrei Arlovski,Tai Tuivasa,DEC,3,5:00,3,0,,,,,,,,,,,,,,,,
2018-06-09,SDVF - Strike do Vale Fight 2,,Joanderson Brito,Duilio Aparecido Bueno dos Santos,Joanderson Brito,SUB,1,1:01,3,0,,,,,,,,,,,,,,,,
2018-06-09,UFC 225 - Whittaker vs. Romero 2,,Curtis Blaydes,Alistair Overeem,Curtis Blaydes,KO/TKO,3,2:56,3,0,,,,,,,,,,,,,,,,
2018-06-09,UFC 225 - Whittaker vs. Romero 2,,Dan Ige,Mike Santiago,Dan Ige,KO/TKO,1,0:50,3,0,,,,,,,,,,,,,,,,
2018-06-09,NCE 27 - New Corpore Extreme 27,,Alexia Thainara,Beatriz Ferreira,Alexia Thainara,SUB,2,2:52,3,0,,,,,,,,,,,,,,,,
2018-06-10,"CWM MMA - Chin Woo Men: 2017-2018 Season, Stage 10",,Qileng Aori,Shuo Wang,Shuo Wang,DEC,3,5:00,3,0,,,,,,,,,,,,,,,,
2018-06-12,"Dana White's Tuesday Night Contender Series - Season 2, Episode 1",,Montel Jackson,Rico DiSciullo,Montel Jackson,KO/TKO,3,2:15,3,0,,,,,,,,,,,,,,,,
2018-06-12,"Dana White's Tuesday Night Contender Series - Season 2, Episode 1",,Alonzo Menifield,Dashawn Boatwright,Alonzo Menifield,KO/TKO,1,0:08,3,0,,,,,,,,,,,,,,,,
2018-06-15,CES MMA 50 - Paiva vs. Ewell,,Jeremiah Wells,Jon Manley,Jeremiah Wells,DEC,3,5:00,3,0,,,,,,,,,,,,,,,,
2018-06-16,ACB 88 - Brisbane,,Rodolfo Vieira,Jacob Holyman-Tague,Rodolfo Vieira,SUB,1,3:51,3,0,,,,,,,,,,,,,,,,
2018-06-16,CW 94 - Cage Warriors 94,,Manon Fiorot,Leah McCourt,Leah McCourt,S-DEC,3,5:00,3,0,,,,,,,,,,,,,,,,
2018-06-16,V3 Fights - V3 Fights 69,,Punahele Soriano,James Horne,Punahele Soriano,KO/TKO,1,0:45,3,0,,,,,,,,,,,,,,,,
2018-06-16,WWFC 11 - Kyiv,,Roman Dolidze,Eder de Souza,Roman Dolidze,KO/TKO,2,3:36,3,0,,,,,,,,,,,,,,,,
2018-06-16,MFC 8 - Montenegro Fighting Championship 8,,Milos Janicic,Ivan Vladimir,Milos Janicic,SUB,1,1:10,3,0,,,,,,,,,,,,,,,,
2018-06-19,"Dana White's Tuesday Night Contender Series - Season 2, Episode 2",,Giga Chikadze,Austin Springer,Austin Springer,SUB,3,4:10,3,0,,,,,,,,,,,,,,,,
2018-06-19,"Dana White's Tuesday Night Contender Series - Season 2, Episode 2",,Ryan Spann,Emiliano Sordi,Ryan Spann,SUB,1,0:26,3,0,,,,,,,,,,,,,,,,
2018-06-19,"Dana White's Tuesday Night Contender Series - Season 2, Episode 2",,Anthony Hernandez,Jordan Wright,nc,NC,1,0:40,3,0,,,,,,,,,,,,,,,,
2018-06-22,NFC 108 - National Fighting Championship 108,,Tresean Gore,L.J. Jones,Tresean Gore,KO/TKO,1,5:00,3,0,,,,,,,,,,,,,,,,
2018-06-23,UFC Fight Night 132 - Cerrone vs. Edwards,,Yadong Song,Felipe Arantes,Yadong Song,KO/TKO,2,4:59,3,0,,,,,,,,,,,,,,,,
2018-06-23,UFC Fight Night 132 - Cerrone vs. Edwards,,Xiaonan Yan,Viviane Pereira,Xiaonan Yan,DEC,3,5:00,3,0,,,,,,,,,,,,,,,,
2018-06-23,One Championship - Pinnacle of Power,,Jingnan Xiong,Laura Balin,Jingnan Xiong,DEC,5,5:00,5,0,,,,,,,,,,,,,,,,
2018-06-23,BTC 3 - Prophecy,,Kyle Prepolec,Scott Hudson,Kyle Prepolec,KO/TKO,2,1:44,3,0,,,,,,,,,,,,,,,,
2018-06-26,"Dana White's Tuesday Night Contender Series - Season 2, Episode 3",,Jamall Emmers,Julian Erosa,Julian Erosa,KO/TKO,2,1:10,3,0,,,,,,,,,,,,,,,,
2018-06-27,WLF - W.A.R.S. 25,,Zhu Rong,Aleko Saghliani,Zhu Rong,KO/TKO,2,2:55,3,0,,,,,,,,,,,,,,,,
2018-06-27,WLF - W.A.R.S. 25,,Su Mudaerji,Temirulan Bamadaliev,Su Mudaerji,KO/TKO,1,2:14,3,0,,,,,,,,,,,,,,,,
2018-06-28,XFN 11 - Back to the O2 Arena,,Ludovit Klein,Kamil Selwa,Ludovit Klein,KO/TKO,2,N/A,3,0,,,,,,,,,,,,,,,,
2018-06-29,LFA 44 - Frincu vs. Aguilera,,Darrius Flowers,Anthony Rozema,Darrius Flowers,KO/TKO,1,0:22,3,0,,,,,,,,,,,,,,,,
2018-06-29,Bellator 201 - Macfarlane vs. Lara,,Tyrell Fortune,Giovanni Sarran,Tyrell Fortune,KO/TKO,2,4:35,3,0,,,,,,,,,,,,,,,,
2018-06-30,Batalha MMA 13 - Cuscianna vs Compri,,Mauricio Ruffy,Lucas Costa Jesus,Mauricio Ruffy,KO/TKO,1,1:42,3,0,,,,,,,,,,,,,,,,
2018-06-30,AFC 4 - Arena Fight Championship 4,,Felipe Lima,Adalberto Mota da Silva Jr.,Felipe Lima,KO/TKO,1,0:43,3,0,,,,,,,,,,,,,,,,
2018-07-06,UFC - The Ultimate Fighter 27 Finale,,Israel Adesanya,Brad Tavares,Israel Adesanya,DEC,5,5:00,5,0,,,,,,,,,,,,,,,,
2018-07-07,UFC 226 - Miocic vs. Cormier,,Drakkar Klose,Lando Vannata,Drakkar Klose,DEC,3,5:00,3,0,,,,,,,,,,,,,,,,
2018-07-07,UFC 226 - Miocic vs. Cormier,,Dan Hooker,Gilbert Burns,Dan Hooker,KO/TKO,1,2:28,3,0,,,,,,,,,,,,,,,,
2018-07-07,RBFC - Rio Bonito Fighting Championship 9,,Lucas Fernando,Paulo Henrique Laia,Lucas Fernando,SUB,1,4:15,3,0,,,,,,,,,,,,,,,,
2018-07-10,"Dana White's Tuesday Night Contender Series - Season 2, Episode 4",,Jalin Turner,Max Mustaki,Jalin Turner,KO/TKO,1,5:00,3,0,,,,,,,,,,,,,,,,
2018-07-13,WLF - W.A.R.S. 26,,Ailinuer Ahejiang,Yerhali Yimingjiang,Ailinuer Ahejiang,SUB,3,2:12,3,0,,,,,,,,,,,,,,,,
2018-07-14,UFC Fight Night 133 - Dos Santos vs. Ivanov,,Raoni Barcelos,Kurt Holobaugh,Raoni Barcelos,KO/TKO,3,1:29,3,0,,,,,,,,,,,,,,,,
2018-07-14,Bellator 203 - Pitbull vs. Weichel 2,,Patricio Freire,Daniel Weichel,Patricio Freire,S-DEC,5,5:00,5,0,,,,,,,,,,,,,,,,
2018-07-14,KOTC - Impending Attack,,Darrius Flowers,Ed Smith,Darrius Flowers,KO/TKO,1,4:24,3,0,,,,,,,,,,,,,,,,
2018-07-14,UFC Fight Night 133 - Dos Santos vs. Ivanov,,Darren Elkins,Alexander Volkanovski,Alexander Volkanovski,DEC,3,5:00,3,0,,,,,,,,,,,,,,,,
2018-07-15,Peruvian Evolution Fight 1 - Soto vs. Rojas,,Nilson Rojas,Angel Soto,Nilson Rojas,KO/TKO,2,1:25,3,0,,,,,,,,,,,,,,,,
2018-07-17,"Dana White's Tuesday Night Contender Series - Season 2, Episode 5",,Edmen Shahbazyan,Antonio Jones,Edmen Shahbazyan,KO/TKO,1,0:40,3,0,,,,,,,,,,,,,,,,
2018-07-18,FFC 33 - Iwasaki vs. Tubarao,,Joanderson Brito,Johnny Iwasaki,Joanderson Brito,KO/TKO,3,4:25,3,0,,,,,,,,,,,,,,,,
2018-07-21,Dragon FC - Dragon Fighting Championship,,Bo Meng,Erika Saziki,Bo Meng,KO/TKO,1,2:43,3,0,,,,,,,,,,,,,,,,
2018-07-21,CW 95 - Cage Warriors 95,,Mason Jones,Konmon Deh,Mason Jones,DEC,3,5:00,3,0,,,,,,,,,,,,,,,,
2018-07-21,Rings - The Outsider 51: 10th Anniversary Road to Las Vegas,,Dusko Todorovic,Kazuo Takahashi,Dusko Todorovic,KO/TKO,1,1:41,3,0,,,,,,,,,,,,,,,,
2018-07-21,HFS - Hex Fight Series 15,,Steve Erceg,Seung Guk Choi,Steve Erceg,DEC,3,5:00,3,0,,,,,,,,,,,,,,,,
2018-07-22,UFC Fight Night 134 - Shogun vs. Smith,,Nasrat Haqparast,Marc Diakiese,Nasrat Haqparast,DEC,3,5:00,3,0,,,,,,,,,,,,,,,,
2018-07-22,UFC Fight Night 134 - Shogun vs. Smith,,Aleksandar Rakic,Justin Ledet,Aleksandar Rakic,DEC,3,5:00,3,0,,,,,,,,,,,,,,,,
2018-07-22,UFC Fight Night 134 - Shogun vs. Smith,,Marcin Tybura,Stefan Struve,Marcin Tybura,DEC,3,5:00,3,0,,,,,,,,,,,,,,,,
2018-07-27,DFC 10 - Desafio Fighting Championship 10,,Kevin Borjas,Eduardo Loyaga,Kevin Borjas,KO/TKO,2,N/A,3,0,,,,,,,,,,,,,,,,
2018-07-28,UFC on Fox 30 - Alvarez vs. Poirier 2,,Islam Makhachev,Kajan Johnson,Islam Makhachev,SUB,1,4:43,3,0,,,,,,,,,,,,,,,,
2018-07-28,Alash Pride FC - Alash Pride,,Diyar Nurgozhay,Amhad Dzhanchuraev,Diyar Nurgozhay,SUB,1,0:19,3,0,,,,,,,,,,,,,,,,
2018-08-02,TKO MMA - TKO Fight Night 1,,Charles Jourdain,Kevin Genereux,Charles Jourdain,SUB,2,4:08,3,0,,,,,,,,,,,,,,,,
2018-08-02,ABA Fighting Championship - Hongyuan,,Zhu Rong,Arben Escayo,Zhu Rong,KO/TKO,1,1:39,3,0,,,,,,,,,,,,,,,,
2018-08-02,ABA Fighting Championship - Hongyuan,,Su Mudaerji,Yusei Saiton,Su Mudaerji,KO/TKO,1,0:53,3,0,,,,,,,,,,,,,,,,
2018-08-04,UFC 227 - Dillashaw vs. Garbrandt 2,,Montel Jackson,Ricky Simon,Ricky Simon,DEC,3,5:00,3,0,,,,,,,,,,,,,,,,
2018-08-04,UFC 227 - Dillashaw vs. Garbrandt 2,,Marlon Vera,Lijiburen Wu,Marlon Vera,KO/TKO,2,4:53,3,0,,,,,,,,,,,,,,,,
2018-08-04,UFC 227 - Dillashaw vs. Garbrandt 2,,J.J. Aldrich,Polyana Viana,J.J. Aldrich,DEC,3,5:00,3,0,,,,,,,,,,,,,,,,
2018-08-04,UFC 227 - Dillashaw vs. Garbrandt 2,,Alex Perez,Jose Torres,Alex Perez,KO/TKO,1,3:36,3,0,,,,,,,,,,,,,,,,
2018-08-05,Shooto Brazil 86 - Pinheiro vs. Oliveira,,Norma Dumont,Mariana Morais,Norma Dumont,S-DEC,3,5:00,3,0,,,,,,,,,,,,,,,,
2018-08-05,Shooto Brazil 86 - Pinheiro vs. Oliveira,,Kaue Fernandes,Jameson Oliveira,Kaue Fernandes,KO/TKO,1,1:06,3,0,,,,,,,,,,,,,,,,
2018-08-07,"Dana White's Tuesday Night Contender Series - Season 2, Episode 8",,Kennedy Nzechukwu,Dennis Bryant,Kennedy Nzechukwu,KO/TKO,1,1:48,3,0,,,,,,,,,,,,,,,,
2018-08-10,LFA 47 - Jackson vs. Jennerman,,Ramiz Brahimaj,William Macario,Ramiz Brahimaj,SUB,2,2:34,3,0,,,,,,,,,,,,,,,,
2018-08-11,Gladiator Challenge - Summer Showdown,,Giga Chikadze,Clay Baines,Giga Chikadze,SUB,1,0:12,3,0,,,,,,,,,,,,,,,,
2018-08-11,MMADF - MMA Dragon Fighters 14,,Luis Felipe Dias,Welldon Silva de Oliveira,Luis Felipe Dias,SUB,1,N/A,3,0,,,,,,,,,,,,,,,,
2018-08-12,WEF 60 - WEF ProfFight 25: Battle In Kara-Suu 2,,Myktybek Orolbai,Eldiyar Toobaev,Myktybek Orolbai,SUB,1,3:41,3,0,,,,,,,,,,,,,,,,
2018-08-17,CES MMA 52 - Norwood vs. Wells,,Jeremiah Wells,Jason Norwood,Jeremiah Wells,DEC,5,5:00,5,0,,,,,,,,,,,,,,,,
2018-08-18,WFCA 50 - Emelianenko vs. Johnson,,Nursulton Ruziboev,Kiamrian Abbasov,Kiamrian Abbasov,DEC,3,5:00,3,0,,,,,,,,,,,,,,,,
2018-08-22,League S-70 - Plotforma S-70: 2018,,Arman Tsarukyan,Felipe Olivieri,Arman Tsarukyan,KO/TKO,3,1:25,3,0,,,,,,,,,,,,,,,,
2018-08-25,ExciteFight - Conquest of the Cage,,Brady Hiestand,Phil Shriver,Brady Hiestand,SUB,1,2:20,3,0,,,,,,,,,,,,,,,,
2018-08-29,Inka 28 - Cieza vs. Quinones,,Kevin Borjas,Junior Chate Roman,Kevin Borjas,KO/TKO,1,3:23,3,0,,,,,,,,,,,,,,,,
2018-08-30,Professional Fighters League - PFL 7: 2018 Regular Season,,Umar Nurmagomedov,Saidyokub Kakhramonov,Umar Nurmagomedov,DEC,3,5:00,3,0,,,,,,,,,,,,,,,,
2018-09-01,RDSC - Rei da Selva Combat 12,,Elves Brener,Luan Anderson Prestes,Elves Brener,SUB,2,1:35,3,0,,,,,,,,,,,,,,,,
2018-09-06,NF - Neo Fight 13,,Bo Hyun Park,Seo Yun Jung,Bo Hyun Park,DEC,2,5:00,3,0,,,,,,,,,,,,,,,,
2018-09-07,Thunder Fight 15 - Independence Day,,Joanderson Brito,Wellington Prado,Joanderson Brito,SUB,2,4:00,3,0,,,,,,,,,,,,,,,,
2018-09-07,Samurai Fight 1 - Gabriel vs. Samuel,,Djorden Santos,Khristhian da Silva Oliveira,Djorden Santos,KO/TKO,3,1:52,3,0,,,,,,,,,,,,,,,,
2018-09-07,LFA 48 - Stots vs. Lilley,,Charles Johnson,Brandon Royval,Brandon Royval,DEC,3,5:00,3,0,,,,,,,,,,,,,,,,
2018-09-08,One Championship - Beyond the Horizon,,Jingnan Xiong,Samara Santos,Jingnan Xiong,KO/TKO,3,1:22,3,0,,,,,,,,,,,,,,,,
2018-09-08,KOTC - Demolition 2,,Eric McConico,Gordy Gaetan,Eric McConico,KO/TKO,2,0:16,3,0,,,,,,,,,,,,,,,,
2018-09-14,WLF - W.A.R.S. 27,,Zhu Rong,Nikoloz Kajaia,Zhu Rong,SUB,2,3:47,3,0,,,,,,,,,,,,,,,,
2018-09-14,Combate Americas - Alday vs. Lopez,,Rafa Garcia,LaRue Burley,Rafa Garcia,KO/TKO,1,2:26,3,0,,,,,,,,,,,,,,,,
2018-09-14,WLF - W.A.R.S. 27,,Qileng Aori,Amirlan Amirov,Amirlan Amirov,DEC,3,5:00,3,0,,,,,,,,,,,,,,,,
2018-09-14,LFA 49 - Brady vs. Urbina,,Gilbert Urbina,Sean Brady,Sean Brady,DEC,3,5:00,3,0,,,,,,,,,,,,,,,,
2018-09-15,Glory of Heroes 34 - Tongling,,Bo Meng,Olga Vlasova,Bo Meng,KO/TKO,1,3:09,3,0,,,,,,,,,,,,,,,,
2018-09-15,UFC Fight Night 136 - Hunt vs. Oleynik,,Jan Blachowicz,Nikita Krylov,Jan Blachowicz,SUB,2,2:41,3,0,,,,,,,,,,,,,,,,
2018-09-15,UFC Fight Night 136 - Hunt vs. Oleynik,,Magomed Ankalaev,Marcin Prachnio,Magomed Ankalaev,KO/TKO,1,3:09,3,0,,,,,,,,,,,,,,,,
2018-09-19,FFC 34 - Mora vs. Diaz,,Nilson Rojas,Andres Santillana,Nilson Rojas,S-DEC,3,5:00,3,0,,,,,,,,,,,,,,,,
2018-09-20,WEF 63 ProfFight 27 - Battle In Kara-Kulzha,,Myktybek Orolbai,Shakhzod Kholmatov,Myktybek Orolbai,SUB,1,3:10,3,0,,,,,,,,,,,,,,,,
2018-09-22,UFC Fight Night 137 - Santos vs. Anders,,Ryan Spann,Luis Henrique,Ryan Spann,DEC,3,5:00,3,0,,,,,,,,,,,,,,,,
2018-09-22,UFC Fight Night 137 - Santos vs. Anders,,Gillian Robertson,Mayra Bueno Silva,Mayra Bueno Silva,SUB,1,4:55,3,0,,,,,,,,,,,,,,,,
2018-09-28,Shooto Brazil 88 - Volta Redonda,,Valesca Machado,Monique Adriane,Valesca Machado,S-DEC,3,5:00,3,0,,,,,,,,,,,,,,,,
2018-09-28,Hooligan Fight Show - Battle for Tula 2,,Nursulton Ruziboev,Andrey Seledtsov,Nursulton Ruziboev,SUB,2,1:14,3,0,,,,,,,,,,,,,,,,
2018-09-28,Combate Americas - Road to Copa Combate,,Daniel Rodriguez,Ozzie Alvarez,Daniel Rodriguez,KO/TKO,3,2:41,3,0,,,,,,,,,,,,,,,,
2018-09-29,WWFC 12 - Kyiv,,Serghei Spivac,Tony Lopez,Serghei Spivac,SUB,1,4:12,3,0,,,,,,,,,,,,,,,,
2018-09-29,CW 97 - Cage Warriors 97,,Mason Jones,Kacper Formela,Mason Jones,KO/TKO,1,4:03,3,0,,,,,,,,,,,,,,,,
2018-09-29,AFL 16 - Feudal War,,Joel Alvarez,Julio Cesar Alves,Joel Alvarez,SUB,2,1:02,3,0,,,,,,,,,,,,,,,,
2018-09-30,Rizin FF - Rizin 13,,Kai Asakura,Thanongsaklek Chuwattana,Kai Asakura,DEC,3,5:00,3,0,,,,,,,,,,,,,,,,
2018-10-04,WFCA 53 - Abdurahmanov vs. Abdulaev,,Abubakar Vagaev,Murad Abdulaev,Murad Abdulaev,KO/TKO,2,1:25,3,0,,,,,,,,,,,,,,,,
2018-10-05,LUX 003 - CDMX,,Ignacio Bahamondes,Javier Omar Reyes,Ignacio Bahamondes,KO/TKO,1,2:53,3,0,,,,,,,,,,,,,,,,
2018-10-06,NTF - Niteroi Top Fight 7 - MMA & Muay Thai,,Luis Felipe Dias,Francisco Saldarriaga,Luis Felipe Dias,SUB,1,1:47,3,0,,,,,,,,,,,,,,,,
2018-10-06,NTF - Niteroi Top Fight 7 - MMA & Muay Thai,,Julia Polastri,Beatriz Ferreira,Julia Polastri,DEC,3,5:00,3,0,,,,,,,,,,,,,,,,
2018-10-06,UFC 229 - Nurmagomedov vs. McGregor,,Jalin Turner,Vicente Luque,Vicente Luque,KO/TKO,1,3:52,3,0,,,,,,,,,,,,,,,,
2018-10-12,Glory of Heroes 35 - Meishan,,Bo Meng,Aya Saied Saber,Bo Meng,SUB,1,N/A,3,0,,,,,,,,,,,,,,,,
2018-10-13,EBD 4 - European Beatdown 4,,Fares Ziam,Julio Matos,Fares Ziam,DEC,3,5:00,3,0,,,,,,,,,,,,,,,,
2018-10-13,EBD 4 - European Beatdown 4,,Morgan Charriere,Julien Gracco,Morgan Charriere,SUB,1,0:37,3,0,,,,,,,,,,,,,,,,
2018-10-13,KOTC - Epicenter 2,,Darrius Flowers,Josh Weston,Darrius Flowers,KO/TKO,1,1:40,3,0,,,,,,,,,,,,,,,,
2018-10-13,Bellator 208 - Fedor vs. Sonnen,,Dennis Buzukja,Ryan Castro,Dennis Buzukja,KO/TKO,1,2:53,3,0,,,,,,,,,,,,,,,,
2018-10-17,AFC 142 - Medic vs. Flowers,,Uros Medic,Jason Flowers,Uros Medic,SUB,1,3:38,3,0,,,,,,,,,,,,,,,,
2018-10-19,FFC 32 - Graves vs. Seumanutafa,,Brady Hiestand,Corey Conway,Brady Hiestand,DEC,3,5:00,3,0,,,,,,,,,,,,,,,,
2018-10-19,LFA 52 - Rodriguez vs. Gutierrez,,Vanessa Demopoulos,Itzel Esquivel,Itzel Esquivel,DEC,3,5:00,3,0,,,,,,,,,,,,,,,,
2018-10-19,LFA 52 - Rodriguez vs. Gutierrez,,Punahele Soriano,Jhonoven Pati,Punahele Soriano,SUB,1,3:36,3,0,,,,,,,,,,,,,,,,
2018-10-19,LFA 52 - Rodriguez vs. Gutierrez,,Hailey Cowan,Sha Whittington,Hailey Cowan,KO/TKO,1,1:09,3,0,,,,,,,,,,,,,,,,
2018-10-20,Italian Cage Fighting 5 - Nuzzi vs. Belsanti,,Francesco Nuzzi,Giorgio Belsanti,Francesco Nuzzi,SUB,1,4:00,3,0,,,,,,,,,,,,,,,,
2018-10-20,FEN 22 - Poznan,,Mateusz Rebecki,Lukasz Kopera,Mateusz Rebecki,KO/TKO,3,0:52,3,0,,,,,,,,,,,,,,,,
2018-10-25,GFC 63 - Grand Fighting Championship 63,,Ravena Oliveira,Waleska Sousa,Waleska Sousa,SUB,1,4:50,3,0,,,,,,,,,,,,,,,,
2018-10-26,Combate Americas - La Batalla de Guadalajara,,Edgar Chairez,Axel Osuna,Axel Osuna,SUB,2,3:57,3,0,,,,,,,,,,,,,,,,
2018-10-26,WLF - W.A.R.S. 28,,Su Mudaerji,Haobin Ma,Haobin Ma,SUB,2,3:57,3,0,,,,,,,,,,,,,,,,
2018-10-27,LLC - Leoes da Luta 5,,Rodolfo Bellato,Rodrigo Tadeu de Souza,Rodolfo Bellato,SUB,1,1:03,3,0,,,,,,,,,,,,,,,,
2018-10-27,UFC Fight Night 138 - Oezdemir vs. Smith,,Nasrat Haqparast,Thibault Gouti,Nasrat Haqparast,DEC,3,5:00,3,0,,,,,,,,,,,,,,,,
2018-10-27,KOTC - 20th Anniversary,,Gianni Vazquez,Milton Arguello,Milton Arguello,DEC,3,5:00,3,0,,,,,,,,,,,,,,,,
2018-11-01,Jonathan Ogden Foundation - 13th Annual 'An Evening Ringside',,Muhammadjon Naimov,Jernato Harris,Muhammadjon Naimov,KO/TKO,2,1:18,3,0,,,,,,,,,,,,,,,,
2018-11-02,Shamrock FC - Shamrock 311,,Sean Woodson,Rashard Lovelace,Sean Woodson,DEC,3,5:00,3,0,,,,,,,,,,,,,,,,
2018-11-03,Killacam Fight Night 15 - Survivor,,Sam Patterson,Jordan Miller,Sam Patterson,SUB,2,1:47,3,0,,,,,,,,,,,,,,,,
2018-11-03,UFC 230 - Cormier vs. Lewis,,Israel Adesanya,Derek Brunson,Israel Adesanya,KO/TKO,1,4:51,3,0,,,,,,,,,,,,,,,,
2018-11-04,GCF 41 - Gladiator Combat Fight 41,,Luis Felipe Dias,Willian Teles,Luis Felipe Dias,KO/TKO,1,1:10,3,0,,,,,,,,,,,,,,,,
2018-11-07,FFC 35 - Tubarao vs. Zarauz,,Joanderson Brito,Jose Zarauz,Joanderson Brito,DEC,3,5:00,3,0,,,,,,,,,,,,,,,,
2018-11-09,ExciteFight - Conquest of the Cage,,Brady Hiestand,Jesse Jacobsen,Brady Hiestand,KO/TKO,1,N/A,3,0,,,,,,,,,,,,,,,,
2018-11-09,HFC 37 - Askar vs. Dombrow,,Lerryan Douglas,Jose Mariscal,Jose Mariscal,SUB,1,1:59,3,0,,,,,,,,,,,,,,,,
2018-11-10,Fearless 4 - Fearless Woman MMA,,Yazmin Jauregui,Beni Fuentes,Yazmin Jauregui,KO/TKO,1,2:22,3,0,,,,,,,,,,,,,,,,
2018-11-10,MF Fighters - MF Fighters 1,,Jean Silva,Muniz Martins dos Santos,Jean Silva,KO/TKO,1,2:10,3,0,,,,,,,,,,,,,,,,
2018-11-10,UFC Fight Night 139 - Korean Zombie vs. Rodriguez,,Joseph Morales,Eric Shelton,Eric Shelton,S-DEC,3,5:00,3,0,,,,,,,,,,,,,,,,
2018-11-10,WEF 67 - WEF Global 14: Arzalet Cup,,Nursulton Ruziboev,Marcos Yoshio de Souza,Nursulton Ruziboev,KO/TKO,3,0:29,3,0,,,,,,,,,,,,,,,,
2018-11-15,Bellator 209 - Pitbull vs. Sanchez,,Patricio Freire,Emmanuel Sanchez,Patricio Freire,DEC,5,5:00,5,0,,,,,,,,,,,,,,,,
2018-11-16,WLF - W.A.R.S. 29,,Qileng Aori,Orazgeldi Atabayev,Qileng Aori,KO/TKO,1,4:40,3,0,,,,,,,,,,,,,,,,
2018-11-16,ROC 66 - Ring of Combat 66,,Dennis Buzukja,Nick Rodrigues,Nick Rodrigues,DEC,3,4:00,3,0,,,,,,,,,,,,,,,,
2018-11-17,UFC Fight Night 140 - Magny vs. Ponzinibbio,,Alexandre Pantoja,Yuta Sasaki,Alexandre Pantoja,SUB,1,2:18,3,0,,,,,,,,,,,,,,,,
2018-11-17,UFC Fight Night 140 - Magny vs. Ponzinibbio,,Marlon Vera,Guido Cannetti,Marlon Vera,SUB,2,1:31,3,0,,,,,,,,,,,,,,,,
2018-11-17,UFC Fight Night 140 - Magny vs. Ponzinibbio,,Neil Magny,Santiago Ponzinibbio,Santiago Ponzinibbio,KO/TKO,4,2:36,5,0,,,,,,,,,,,,,,,,
2018-11-17,UFC Fight Night 140 - Magny vs. Ponzinibbio,,Darren Elkins,Ricardo Lamas,Ricardo Lamas,KO/TKO,3,4:09,3,0,,,,,,,,,,,,,,,,
2018-11-18,Double G FC 1 - Double G Fighting Championship 1,,Bo Hyun Park,Hye Sun Kim,Bo Hyun Park,DEC,2,5:00,3,0,,,,,,,,,,,,,,,,
2018-11-18,XFN 14 - X Fight Nights 14,,Ludovit Klein,Arbi Mezhidov,Ludovit Klein,DEC,3,5:00,3,0,,,,,,,,,,,,,,,,
2018-11-24,ULLAMP - Liga Sudamericana,,Ailin Perez,Noemi Galarza,Ailin Perez,DEC,3,5:00,3,0,,,,,,,,,,,,,,,,
2018-11-24,UFC Fight Night 141 - Blaydes vs. Ngannou 2,,Curtis Blaydes,Francis Ngannou,Francis Ngannou,KO/TKO,1,0:45,5,0,,,,,,,,,,,,,,,,
2018-11-24,UFC Fight Night 141 - Blaydes vs. Ngannou 2,,Yadong Song,Vince Morales,Yadong Song,DEC,3,5:00,3,0,,,,,,,,,,,,,,,,
2018-11-24,UFC Fight Night 141 - Blaydes vs. Ngannou 2,,Xiaonan Yan,Syuri Kondo,Xiaonan Yan,DEC,3,5:00,3,0,,,,,,,,,,,,,,,,
2018-11-24,UFC Fight Night 141 - Blaydes vs. Ngannou 2,,Su Mudaerji,Louis Smolka,Louis Smolka,SUB,2,2:07,3,0,,,,,,,,,,,,,,,,
2018-11-24,AFL 17 - Coal and Blood,,Joel Alvarez,Radu Maxim,Joel Alvarez,SUB,1,4:29,3,0,,,,,,,,,,,,,,,,
2018-11-24,RCC - Intro 2,,Bogdan Guskov,Konstantin Andreitsev,Bogdan Guskov,SUB,2,1:17,3,0,,,,,,,,,,,,,,,,
2018-11-25,PFL KG - Professional Fighters League Kyrgyzstan,,Myktybek Orolbai,Saidal Khazmuradov,Myktybek Orolbai,SUB,1,2:15,3,0,,,,,,,,,,,,,,,,
2018-11-30,UFC - The Ultimate Fighter 28 Finale,,Raoni Barcelos,Chris Gutierrez,Raoni Barcelos,SUB,2,4:12,3,0,,,,,,,,,,,,,,,,
2018-11-30,UFC - The Ultimate Fighter 28 Finale,,Edmen Shahbazyan,Darren Stewart,Edmen Shahbazyan,S-DEC,3,5:00,3,0,,,,,,,,,,,,,,,,
2018-11-30,UFC - The Ultimate Fighter 28 Finale,,Alex Perez,Joseph Benavidez,Joseph Benavidez,KO/TKO,1,4:19,3,0,,,,,,,,,,,,,,,,
2018-11-30,Bellator 210 - Njokuani vs. Salter,,Chidi Njokuani,John Salter,John Salter,SUB,1,4:32,3,0,,,,,,,,,,,,,,,,
2018-11-30,LFA 55 - Johns vs. Yanez,,Ramiz Brahimaj,Justin Patterson,Justin Patterson,DEC,3,5:00,3,0,,,,,,,,,,,,,,,,
2018-11-30,LFA 55 - Johns vs. Yanez,,Miles Johns,Adrian Yanez,Miles Johns,S-DEC,5,5:00,5,0,,,,,,,,,,,,,,,,
2018-11-30,LFA 55 - Johns vs. Yanez,,Hailey Cowan,Jessica Sotack,Hailey Cowan,KO/TKO,2,4:35,3,0,,,,,,,,,,,,,,,,
2018-12-01,UFC Fight Night 142 - Dos Santos vs. Tuivasa,,Tai Tuivasa,Junior dos Santos,Junior dos Santos,KO/TKO,2,2:30,5,0,,,,,,,,,,,,,,,,
2018-12-01,KSW 46 - Narkun vs. Khalidov 2,,Salahdine Parnasse,Marcin Wrzosek,Salahdine Parnasse,DEC,3,5:00,3,0,,,,,,,,,,,,,,,,
2018-12-01,NEC 40 - North Extreme Cagefighting 40,,Marcio Barbosa,Lucas Danilo Sa Bessa,Marcio Barbosa,KO/TKO,1,3:48,3,0,,,,,,,,,,,,,,,,
2018-12-01,KSW 46 - Narkun vs. Khalidov 2,,Mateusz Gamrot,Kleber Koike Erbst,Mateusz Gamrot,DEC,5,5:00,5,0,,,,,,,,,,,,,,,,
2018-12-01,AFC - Austrian Fight Challenge 8,,Robert Valentin,Ibo Aslan,Ibo Aslan,KO/TKO,3,1:36,3,0,,,,,,,,,,,,,,,,
2018-12-01,SBC 19 - Serbian Battle Championship 19,,Dusko Todorovic,Michel Pereira,Dusko Todorovic,KO/TKO,1,4:32,3,0,,,,,,,,,,,,,,,,
2018-12-01,Northwest League of Combat Sambo - L-1 Russia: The New Time,,Mark Vologdin,Maskat Egreshov,draw,DRAW,2,5:00,3,0,,,,,,,,,,,,,,,,
2018-12-05,AT - Amazon Talent 10: Gold Edition,,Felipe Lima,Eurides Bandeira,Felipe Lima,KO/TKO,3,3:40,3,0,,,,,,,,,,,,,,,,
2018-12-07,CFU 10 - Revolution Fight,,Ailin Perez,Laura Ribeiro,Ailin Perez,SUB,2,1:45,3,0,,,,,,,,,,,,,,,,
2018-12-07,TKO 45 - Jourdain vs. Morgan,,Charles Jourdain,Alex Morgan,Charles Jourdain,SUB,1,4:38,3,0,,,,,,,,,,,,,,,,
2018-12-08,Shamrock FC - Shamrock 313,,Darrius Flowers,Bobby Voelker,Bobby Voelker,KO/TKO,2,2:56,3,0,,,,,,,,,,,,,,,,
2018-12-08,WLMMA - We Love MMA 44,,Dustin Stoltzfus,Filip Zadruzynski,Dustin Stoltzfus,SUB,1,2:21,3,0,,,,,,,,,,,,,,,,
2018-12-08,FMMAMG - Federacao Fight 9,,Lucas Fernando,Rafael Silva de Souza,Lucas Fernando,DEC,3,5:00,3,0,,,,,,,,,,,,,,,,
2018-12-08,UFC 231 - Holloway vs. Ortega,,Diego Ferreira,Kyle Nelson,Diego Ferreira,KO/TKO,2,1:23,3,0,,,,,,,,,,,,,,,,
2018-12-08,UFC 231 - Holloway vs. Ortega,,Aleksandar Rakic,Devin Clark,Aleksandar Rakic,KO/TKO,1,4:05,3,0,,,,,,,,,,,,,,,,
2018-12-09,Shooto Brazil 89 - Olivieri vs. Vasconcelos,,Julia Polastri,Marcela Giantomassi Aguiar,Julia Polastri,DEC,3,5:00,3,0,,,,,,,,,,,,,,,,
2018-12-13,Smash Global 8 - Night of Champions,,Jamall Emmers,Fard Muhammad,Jamall Emmers,KO/TKO,2,1:55,3,0,,,,,,,,,,,,,,,,
2018-12-14,WLF - W.A.R.S. 30,,Qileng Aori,Carlos Eduardo de Azevedo,Qileng Aori,DEC,3,5:00,3,0,,,,,,,,,,,,,,,,
2018-12-15,SFT 8 - Vieira vs. Pessoa,,Mauricio Ruffy,Rafael Silva,Mauricio Ruffy,KO/TKO,2,1:08,3,0,,,,,,,,,,,,,,,,
2018-12-15,UFC on Fox 31 - Iaquinta vs. Lee 2,,Dan Ige,Jordan Griffin,Dan Ige,DEC,3,5:00,3,0,,,,,,,,,,,,,,,,
2018-12-15,UFC on Fox 31 - Iaquinta vs. Lee 2,,Drakkar Klose,King Green,Drakkar Klose,DEC,3,5:00,3,0,,,,,,,,,,,,,,,,
2018-12-15,UFC on Fox 31 - Iaquinta vs. Lee 2,,Dan Hooker,Edson Barboza,Edson Barboza,KO/TKO,3,2:19,3,0,,,,,,,,,,,,,,,,
2018-12-15,WWFC 13 - Kyiv,,Morgan Charriere,Marko Kovacevic,draw,DRAW,3,5:00,3,0,,,,,,,,,,,,,,,,
2018-12-15,FSC 16 - FightStar Championship 16,,Modestas Bukauskas,Dan Konecke,Modestas Bukauskas,KO/TKO,1,2:30,3,0,,,,,,,,,,,,,,,,
2018-12-15,WWFC 13 - Kyiv,,Roman Dolidze,Michal Pasternak,Roman Dolidze,KO/TKO,3,3:00,3,0,,,,,,,,,,,,,,,,
2018-12-17,AFC 09 - Angel's Fighting Championship 09,,Young Jae Song,Victor Georgsen,Young Jae Song,KO/TKO,2,2:49,3,0,,,,,,,,,,,,,,,,
2018-12-21,Hooligan Fight Show - Battle for Tula 3,,Nursulton Ruziboev,Oleg Dadonov,Oleg Dadonov,DEC,3,5:00,3,0,,,,,,,,,,,,,,,,
2018-12-21,Titan FC 51 - Nazarov vs. Brown,,Alexander Poppeck,Nills van Noord,Alexander Poppeck,S-DEC,3,5:00,3,0,,,,,,,,,,,,,,,,
2018-12-22,Jungle Fight 94 - Contagem,,Ismael Bonfim,Mateus Nascimento Nery da Cruz,Ismael Bonfim,SUB,2,0:42,3,0,,,,,,,,,,,,,,,,
2018-12-29,UFC 232 - Jones vs. Gustafsson 2,,Montel Jackson,Brian Kelleher,Montel Jackson,SUB,1,1:40,3,0,,,,,,,,,,,,,,,,
2018-12-29,UFC 232 - Jones vs. Gustafsson 2,,Nathaniel Wood,Andre Ewell,Nathaniel Wood,SUB,3,4:12,3,0,,,,,,,,,,,,,,,,
2018-12-31,Rizin FF - Heisei's Last Yarennoka!,,Kai Asakura,Jae Hoon Moon,Kai Asakura,DEC,3,5:00,3,0,,,,,,,,,,,,,,,,
2018-12-31,Rizin FF - Rizin 14,,Tofiq Musayev,Nobumitsu Osawa,Tofiq Musayev,KO/TKO,2,1:19,3,0,,,,,,,,,,,,,,,,
2019-01-03,WLF - W.A.R.S. 31,,Zhu Rong,Marcio Andrade,Zhu Rong,SUB,5,3:49,5,0,,,,,,,,,,,,,,,,
2019-01-03,WLF - W.A.R.S. 31,,Qileng Aori,Yong E,Qileng Aori,SUB,1,4:34,3,0,,,,,,,,,,,,,,,,
2019-01-03,WLF - W.A.R.S. 31,,Ramazonbek Temirov,Jilunzhou Qiu,Jilunzhou Qiu,DEC,3,5:00,3,0,,,,,,,,,,,,,,,,
2019-01-05,Reality Fighting - New Year's Bash 3,,Billy Goff,Armus Guyton,Billy Goff,KO/TKO,2,3:53,3,0,,,,,,,,,,,,,,,,
2019-01-12,FEN 23 - Rebecki vs. Imavov,,Mateusz Rebecki,Daguir Imavov,Mateusz Rebecki,KO/TKO,1,5:00,3,0,,,,,,,,,,,,,,,,
2019-01-19,UFC Fight Night 143 - Cejudo vs. Dillashaw,,Alonzo Menifield,Vinicius Moreira,Alonzo Menifield,KO/TKO,1,3:56,3,0,,,,,,,,,,,,,,,,
2019-01-20,WEF 69 - Selection 20: Battle In Kara-Suu 3,,Myktybek Orolbai,Fakhreddin Myrzadavlatov,draw,DRAW,5,5:00,5,0,,,,,,,,,,,,,,,,
2019-01-25,Titan FC 52 - Soares vs. Uruguai,,Djorden Santos,Cristian Torres,Cristian Torres,DEC,3,5:00,3,0,,,,,,,,,,,,,,,,
2019-01-25,Titan FC 52 - Soares vs. Uruguai,,Muhammadjon Naimov,Harrison Melendez,Muhammadjon Naimov,KO/TKO,1,5:00,3,0,,,,,,,,,,,,,,,,
2019-01-25,One Championship - Hero's Ascent,,Reinier de Ridder,Fan Rong,Reinier de Ridder,SUB,1,1:15,3,0,,,,,,,,,,,,,,,,
2019-01-26,Bellator 214 - Fedor vs. Bader,,Osman Diaz,Christopher Reyes,Osman Diaz,KO/TKO,1,4:15,3,0,,,,,,,,,,,,,,,,
2019-01-28,AFC 10 - Angel's Fighting Championship 10: Wave of Change,,Bo Hyun Park,Hyun Ji Jang,Hyun Ji Jang,DEC,2,5:00,3,0,,,,,,,,,,,,,,,,
2019-02-02,EBD 5 - European Beatdown 5,,Fares Ziam,Yassine Belhadj,Fares Ziam,SUB,3,1:05,3,0,,,,,,,,,,,,,,,,
2019-02-02,UFC Fight Night 144 - Assuncao vs. Moraes 2,,Anthony Hernandez,Markus Perez,Markus Perez,SUB,2,1:07,3,0,,,,,,,,,,,,,,,,
2019-02-02,KOTC - Head Hunter,,Eric McConico,Zach Bunnell,Eric McConico,KO/TKO,3,1:15,3,0,,,,,,,,,,,,,,,,
2019-02-02,CFS 9 - Cage Fight Series 9,,Bogdan Grad,Nemanja Cvisic,Bogdan Grad,KO/TKO,1,3:00,3,0,,,,,,,,,,,,,,,,
2019-02-08,Combate 30 - Combate Baja,,Edgar Chairez,Alejandro Salazar,Edgar Chairez,SUB,1,3:12,3,0,,,,,,,,,,,,,,,,
2019-02-08,Combate 30 - Combate Baja,,Rafa Garcia,Edgar Escarrega,Rafa Garcia,SUB,2,1:07,3,0,,,,,,,,,,,,,,,,
2019-02-09,UFC 234 - Adesanya vs. Silva,,Ricky Simon,Rani Yahya,Ricky Simon,DEC,3,5:00,3,0,,,,,,,,,,,,,,,,
2019-02-09,UFC 234 - Adesanya vs. Silva,,Jalin Turner,Callan Potter,Jalin Turner,KO/TKO,1,0:53,3,0,,,,,,,,,,,,,,,,
2019-02-09,UFC 234 - Adesanya vs. Silva,,Israel Adesanya,Anderson Silva,Israel Adesanya,DEC,3,5:00,5,0,,,,,,,,,,,,,,,,
2019-02-15,LFA 60 - Anglickas vs. York,,Darrius Flowers,Jonathon Thomson,Darrius Flowers,KO/TKO,1,0:48,3,0,,,,,,,,,,,,,,,,
2019-02-15,Bellator 215 - Mitrione vs. Kharitonov,,Billy Goff,Ryan Hardy Evans,Billy Goff,DEC,3,5:00,3,0,,,,,,,,,,,,,,,,
2019-02-16,Bellator 216 - MVP vs. Daley,,Michael Page,Paul Daley,Michael Page,DEC,5,5:00,5,0,,,,,,,,,,,,,,,,
2019-02-16,CW 101 - Cage Warriors 101,,Ian Garry,James Sheehan,Ian Garry,DEC,3,5:00,3,0,,,,,,,,,,,,,,,,
2019-02-16,Lions FC 8 - Lions Fighting Championship 8,,Robert Valentin,Djati Melan,Djati Melan,DEC,3,5:00,3,0,,,,,,,,,,,,,,,,
2019-02-16,Bellator 216 - MVP vs. Daley,,Tyrell Fortune,Ryan Pokryfky,Tyrell Fortune,KO/TKO,1,2:21,3,0,,,,,,,,,,,,,,,,
2019-02-17,UFC on ESPN 1 - Ngannou vs. Velasquez,,Vicente Luque,Bryan Barberena,Vicente Luque,KO/TKO,3,4:54,3,0,,,,,,,,,,,,,,,,
2019-02-17,WFC 23 - Uprising,,Borislav Nikolic,Nejc Preloznik,Borislav Nikolic,SUB,2,0:43,3,0,,,,,,,,,,,,,,,,
2019-02-22,Future FC 2 - Tubarao vs. Amato,,Joanderson Brito,Estabili Amato,Joanderson Brito,SUB,2,0:41,3,0,,,,,,,,,,,,,,,,
2019-02-22,Combate 31 - Mexico vs. USA,,Daniel Rodriguez,Ivan Castillo,Daniel Rodriguez,KO/TKO,2,2:31,3,0,,,,,,,,,,,,,,,,
2019-02-22,ROC 67 - Ring of Combat 67,,Dennis Buzukja,Shaquan Moore,Dennis Buzukja,DEC,3,4:00,3,0,,,,,,,,,,,,,,,,
2019-02-23,BFN - Brotherhood Fight Night 2,,Luis Felipe Dias,Nilson Almeida,Luis Felipe Dias,KO/TKO,1,3:09,3,0,,,,,,,,,,,,,,,,
2019-02-23,CKF vs Octagon Promotions - China vs Kazakhstan,,Meng Ding,Sagyndyk Mukhanov,Meng Ding,KO/TKO,1,2:53,3,0,,,,,,,,,,,,,,,,
2019-02-23,UFC Fight Night 145 - Blachowicz vs. Santos,,Gillian Robertson,Veronica Hardy,Gillian Robertson,SUB,2,3:27,3,0,,,,,,,,,,,,,,,,
2019-02-23,UFC Fight Night 145 - Blachowicz vs. Santos,,Joel Alvarez,Damir Ismagulov,Damir Ismagulov,DEC,3,5:00,3,0,,,,,,,,,,,,,,,,
2019-02-23,UFC Fight Night 145 - Blachowicz vs. Santos,,Diego Ferreira,Rustam Khabilov,Diego Ferreira,DEC,3,5:00,3,0,,,,,,,,,,,,,,,,
2019-02-23,KOTC - Combat Zone,,Billy Quarantillo,Adrian Vilaca,Billy Quarantillo,KO/TKO,2,4:32,3,0,,,,,,,,,,,,,,,,
2019-02-23,PFL - Premier Fight League 20,,Ravena Oliveira,Rosy Angela de Jesus,Ravena Oliveira,KO/TKO,1,1:17,3,0,,,,,,,,,,,,,,,,
2019-02-23,UFC Fight Night 145 - Blachowicz vs. Santos,,Jan Blachowicz,Thiago Santos,Thiago Santos,KO/TKO,3,0:39,5,0,,,,,,,,,,,,,,,,
2019-02-23,UFC Fight Night 145 - Blachowicz vs. Santos,,Magomed Ankalaev,Klidson Abreu,Magomed Ankalaev,DEC,3,5:00,3,0,,,,,,,,,,,,,,,,
2019-02-25,One Championship - One Hero Series February,,Ailinuer Ahejiang,Shuaihu Li,Ailinuer Ahejiang,KO/TKO,1,3:30,3,0,,,,,,,,,,,,,,,,
2019-03-02,UFC 235 - Jones vs. Smith,,Edmen Shahbazyan,Charles Byrd,Edmen Shahbazyan,KO/TKO,1,0:38,3,0,,,,,,,,,,,,,,,,
2019-03-02,CW 102 - Cage Warriors 102,,Modestas Bukauskas,Marcin Wojcik,Modestas Bukauskas,KO/TKO,2,4:09,3,0,,,,,,,,,,,,,,,,
2019-03-02,CWA - Cage Warriors Academy Wales 3,,Oban Elliott,Brett Hassett,Oban Elliott,SUB,2,3:37,3,0,,,,,,,,,,,,,,,,
2019-03-02,Eternal MMA 41 - Martin vs. Moses,,Steve Erceg,Mark Familiari,Steve Erceg,SUB,1,4:15,3,0,,,,,,,,,,,,,,,,
2019-03-02,ROC 7 - Rise of Champions 7,,Sam Patterson,Ahmad El-Ashaal,Sam Patterson,SUB,1,2:59,3,0,,,,,,,,,,,,,,,,
2019-03-09,CW 103 - Cage Warriors 103,,Morgan Charriere,Soren Bak,Soren Bak,S-DEC,5,5:00,5,0,,,,,,,,,,,,,,,,
2019-03-09,100% Fight 38 - Romming vs. Paraisy,,Michael Aljarouj,Ronny Gomez,nc,NC,3,5:00,3,0,,,,,,,,,,,,,,,,
2019-03-09,BTC 5 - Typhoon,,Kyle Prepolec,Cody Pfister,Kyle Prepolec,DEC,3,5:00,3,0,,,,,,,,,,,,,,,,
2019-03-10,WEF 73 - Selection 22,,Myktybek Orolbai,Faruh Kadirov,Myktybek Orolbai,SUB,1,1:04,3,0,,,,,,,,,,,,,,,,
2019-03-15,LUX 004 - CDMX,,Ignacio Bahamondes,Hugo Flores,Ignacio Bahamondes,DEC,5,5:00,5,0,,,,,,,,,,,,,,,,
2019-03-15,Megdan Fighting 4 - Selected,,Milos Janicic,Zoran Dod,Milos Janicic,KO/TKO,2,0:00,3,0,,,,,,,,,,,,,,,,
2019-03-16,UFC Fight Night 147 - Till vs. Masvidal,,Dan Ige,Danny Henry,Dan Ige,SUB,1,1:17,3,0,,,,,,,,,,,,,,,,
2019-03-16,UFC Fight Night 147 - Till vs. Masvidal,,Nathaniel Wood,Jose Quinonez,Nathaniel Wood,SUB,2,2:46,3,0,,,,,,,,,,,,,,,,
2019-03-22,Future FC 3 - Erak vs. Mexicano,,Elves Brener,Denis Silva,Denis Silva,DEC,3,5:00,3,0,,,,,,,,,,,,,,,,
2019-03-22,LFA 62 - Kenney vs. Cachero,,Vanessa Demopoulos,Valerie Soto,Vanessa Demopoulos,S-DEC,3,5:00,3,0,,,,,,,,,,,,,,,,
2019-03-22,LFA 62 - Kenney vs. Cachero,,Ramiz Brahimaj,Carlos Martinez,Ramiz Brahimaj,SUB,1,0:55,3,0,,,,,,,,,,,,,,,,
2019-03-23,UFC Fight Night 148 - Thompson vs. Pettis,,Marlon Vera,Frankie Saenz,Marlon Vera,KO/TKO,1,1:25,3,0,,,,,,,,,,,,,,,,
2019-03-23,Gladiator Challenge - MMA World Championships,,Giga Chikadze,Damien Manzanares,Giga Chikadze,KO/TKO,1,0:51,3,0,,,,,,,,,,,,,,,,
2019-03-23,UFC Fight Night 148 - Thompson vs. Pettis,,Curtis Blaydes,Justin Willis,Curtis Blaydes,DEC,3,5:00,3,0,,,,,,,,,,,,,,,,
2019-03-23,UFC Fight Night 148 - Thompson vs. Pettis,,J.J. Aldrich,Maycee Barber,Maycee Barber,KO/TKO,2,3:01,3,0,,,,,,,,,,,,,,,,
2019-03-25,One Championship - One Hero Series March,,Meng Ding,Shuwei Sun,Meng Ding,KO/TKO,2,4:47,3,0,,,,,,,,,,,,,,,,
2019-03-29,Sicario MMA - Sicario 04,,Luis Felipe Dias,Dhouglas Ribeiro,Luis Felipe Dias,SUB,1,3:10,3,0,,,,,,,,,,,,,,,,
2019-03-29,Inka 29 - Huachin vs. Cavalcante,,Kevin Borjas,Lucas Barreira Oliveira,Kevin Borjas,KO/TKO,1,2:25,3,0,,,,,,,,,,,,,,,,
2019-03-29,HFS - Hex Fight Series 18,,Jack Jenkins,Robby Lara,Jack Jenkins,DEC,3,5:00,3,0,,,,,,,,,,,,,,,,
2019-03-29,CES MMA 55 - Wells vs. De Jesus,,Jeremiah Wells,Vinicius de Jesus,Vinicius de Jesus,DEC,5,5:00,5,0,,,,,,,,,,,,,,,,
2019-03-29,LFA 63 - Krantz vs. Patterson,,Hailey Cowan,Sarah Click,Hailey Cowan,SUB,2,1:29,3,0,,,,,,,,,,,,,,,,
2019-03-30,Warriors Mix Challenger -,,Valesca Machado,Lohayne Lopes,Valesca Machado,KO/TKO,2,2:37,3,0,,,,,,,,,,,,,,,,
2019-03-30,UFC on ESPN 2 - Barboza vs. Gaethje,,Alex Perez,Mark De La Rosa,Alex Perez,DEC,3,5:00,3,0,,,,,,,,,,,,,,,,
2019-03-30,UFC on ESPN 2 - Barboza vs. Gaethje,,Kennedy Nzechukwu,Paul Craig,Paul Craig,SUB,3,4:20,3,0,,,,,,,,,,,,,,,,
2019-03-30,UFC on ESPN 2 - Barboza vs. Gaethje,,Edson Barboza,Justin Gaethje,Justin Gaethje,KO/TKO,1,2:30,5,0,,,,,,,,,,,,,,,,
2019-03-31,One Championship - A New Era,,Jingnan Xiong,Angela Lee,Jingnan Xiong,KO/TKO,5,1:37,5,0,,,,,,,,,,,,,,,,
2019-04-04,M-1 Global - Road to M-1: USA 2,,Jamall Emmers,Caio Machado,Jamall Emmers,KO/TKO,1,5:00,3,0,,,,,,,,,,,,,,,,
2019-04-05,Eternal MMA 43 - Howard vs. Bynoe,,Casey O'Neill,Amira Hafizovic,Casey O'Neill,DEC,3,5:00,3,0,,,,,,,,,,,,,,,,
2019-04-06,CFP 7 - Curitiba Fight Pro 7,,Brunno Ferreira,Robson Eufrasio Lima,Brunno Ferreira,SUB,1,2:00,3,0,,,,,,,,,,,,,,,,
2019-04-06,Samurai Fight 2 - Bonfim x Samuray,,Ismael Bonfim,Rodrigo Silva Fernandes,Ismael Bonfim,KO/TKO,1,4:28,3,0,,,,,,,,,,,,,,,,
2019-04-11,TKO 47 - Jourdain vs. Ronson,,Charles Jourdain,Damien Lapilus,Charles Jourdain,KO/TKO,5,2:06,5,0,,,,,,,,,,,,,,,,
2019-04-12,Combate Americas - Combate Estrellas 3: Flores vs. Marroquin,,John Castaneda,Marcelo Rojo,John Castaneda,SUB,3,2:37,3,0,,,,,,,,,,,,,,,,
2019-04-13,UFC 236 - Holloway vs. Poirier,,Montel Jackson,Andre Soukhamthath,Montel Jackson,DEC,3,5:00,3,0,,,,,,,,,,,,,,,,
2019-04-13,UFC 236 - Holloway vs. Poirier,,Alexandre Pantoja,Wilson Reis,Alexandre Pantoja,KO/TKO,1,2:58,3,0,,,,,,,,,,,,,,,,
2019-04-13,UFC 236 - Holloway vs. Poirier,,Jalin Turner,Matt Frevola,Matt Frevola,DEC,3,5:00,3,0,,,,,,,,,,,,,,,,
2019-04-13,UFC 236 - Holloway vs. Poirier,,Israel Adesanya,Kelvin Gastelum,Israel Adesanya,DEC,5,5:00,5,0,,,,,,,,,,,,,,,,
2019-04-14,Battle on Volga 10 - Nurmagomedov vs Lima,,Umar Nurmagomedov,Wagner Lima,Umar Nurmagomedov,DEC,3,5:00,3,0,,,,,,,,,,,,,,,,
2019-04-19,Brave CF 23 - Pride & Honor,,Sam Patterson,Ahmed Amir,draw,DRAW,3,5:00,3,0,,,,,,,,,,,,,,,,
2019-04-20,UFC Fight Night 149 - Overeem vs. Oleynik,,Arman Tsarukyan,Islam Makhachev,Islam Makhachev,DEC,3,5:00,3,0,,,,,,,,,,,,,,,,
2019-04-20,UFC Fight Night 149 - Overeem vs. Oleynik,,Marcin Tybura,Shamil Abdurakhimov,Shamil Abdurakhimov,KO/TKO,2,3:15,3,0,,,,,,,,,,,,,,,,
2019-04-26,Combate 36 - Reinas,,Yazmin Jauregui,Daniela Espinosa,Yazmin Jauregui,KO/TKO,1,0:13,3,0,,,,,,,,,,,,,,,,
2019-04-26,Titan FC 54 - Soares vs. Franca,,Muhammadjon Naimov,Landon Quinones,Muhammadjon Naimov,S-DEC,3,5:00,3,0,,,,,,,,,,,,,,,,
2019-04-27,MTK - MTK MMA 6,,Jean Silva,Antonio Henrique Santos de Miranda,Jean Silva,SUB,1,3:21,3,0,,,,,,,,,,,,,,,,
2019-04-27,KSW 48 - Szymanski vs. Parnasse,,Salahdine Parnasse,Roman Szymanski,Salahdine Parnasse,KO/TKO,2,3:40,3,0,,,,,,,,,,,,,,,,
2019-04-27,SFT 11 - Rakchal vs. Pequeno,,Luis Felipe Dias,Andre Fischer,Andre Fischer,KO/TKO,3,2:19,3,0,,,,,,,,,,,,,,,,
2019-04-27,CW 104 - Cage Warriors 104,,Mason Jones,Donovan Desmae,Mason Jones,DEC,3,5:00,3,0,,,,,,,,,,,,,,,,
2019-04-27,CW 104 - Cage Warriors 104,,Oban Elliott,Bouali Skikem,Oban Elliott,KO/TKO,1,2:21,3,0,,,,,,,,,,,,,,,,
2019-04-28,CCW - California Cage Wars 12,,Gianni Vazquez,Danny Flores,Gianni Vazquez,KO/TKO,3,N/A,3,0,,,,,,,,,,,,,,,,
2019-04-30,Alash Pride FC - Fortress and Friendship of People,,Diyar Nurgozhay,Abbosbek Usarov,Diyar Nurgozhay,SUB,1,1:06,3,0,,,,,,,,,,,,,,,,
2019-05-03,MF - Max Fight 22,,Rodolfo Bellato,Vitor Petrino,Vitor Petrino,KO/TKO,1,0:25,3,0,,,,,,,,,,,,,,,,
2019-05-03,LFA 65 - Royval vs. Sanchez,,Joanderson Brito,Jose Mariscal,Joanderson Brito,KO/TKO,1,0:44,3,0,,,,,,,,,,,,,,,,
2019-05-03,GFC - GFC 11,,Saygid Izagakhmaev,Thiago Meller,Saygid Izagakhmaev,DEC,3,5:00,3,0,,,,,,,,,,,,,,,,
2019-05-04,UFC Fight Night 151 - Iaquinta vs. Cowboy,,Serghei Spivac,Walt Harris,Walt Harris,KO/TKO,1,0:50,3,0,,,,,,,,,,,,,,,,
2019-05-04,UFC Fight Night 151 - Iaquinta vs. Cowboy,,Kyle Prepolec,Nordine Taleb,Nordine Taleb,DEC,3,5:00,3,0,,,,,,,,,,,,,,,,
2019-05-05,MMA Brutus - 2,,Luis Felipe Dias,Matheus da Silva Luiz,Luis Felipe Dias,SUB,2,2:02,3,0,,,,,,,,,,,,,,,,
2019-05-05,MMA Brutus - 2,,Julia Polastri,Daniela Maria da Silva,Julia Polastri,DEC,3,5:00,3,0,,,,,,,,,,,,,,,,
2019-05-05,HFC 32 - Hosharafu Fighting Championship 32: New Delhi India,,Rabindra Dhant,Pardeep Singh,Rabindra Dhant,KO/TKO,2,1:04,3,0,,,,,,,,,,,,,,,,
2019-05-08,RCC - Intro 4,,Bogdan Guskov,Sergey Kalinin,Bogdan Guskov,KO/TKO,1,1:27,3,0,,,,,,,,,,,,,,,,
2019-05-11,UFC 237 - Namajunas vs. Andrade,,Raoni Barcelos,Carlos Huachin,Raoni Barcelos,KO/TKO,2,4:49,3,0,,,,,,,,,,,,,,,,
2019-05-11,Bellator 221 - Chandler vs. Pitbull,,Patricio Freire,Michael Chandler,Patricio Freire,KO/TKO,1,1:01,3,0,,,,,,,,,,,,,,,,
2019-05-11,Bellator 221 - Chandler vs. Pitbull,,Michael Page,Douglas Lima,Douglas Lima,KO/TKO,2,0:35,3,0,,,,,,,,,,,,,,,,
2019-05-11,UFC 237 - Namajunas vs. Andrade,,Ryan Spann,Antonio Rogerio Nogueira,Ryan Spann,KO/TKO,1,2:07,3,0,,,,,,,,,,,,,,,,
2019-05-17,Inka 30 - Inka Fighting Championship 30,,Kevin Borjas,Ivan Molnar,Kevin Borjas,KO/TKO,1,2:12,3,0,,,,,,,,,,,,,,,,
2019-05-18,WOCS 54 - Jansey Vs Antunes - Watch Out Combat Show 54,,Valesca Machado,Janaina Soares,Valesca Machado,KO/TKO,1,01:00,3,0,,,,,,,,,,,,,,,,
2019-05-18,ExciteFight - Conquest of the Cage,,Brady Hiestand,Jeff Coleman,Brady Hiestand,KO/TKO,1,N/A,3,0,,,,,,,,,,,,,,,,
2019-05-18,UFC Fight Night 152 - Dos Anjos vs. Lee,,Charles Jourdain,Desmond Green,Desmond Green,DEC,3,5:00,3,0,,,,,,,,,,,,,,,,
2019-05-18,ACM - Amazon Combat MMA,,Marcio Barbosa,Auro Silva,Marcio Barbosa,KO/TKO,1,1:54,3,0,,,,,,,,,,,,,,,,
2019-05-18,UFC Fight Night 152 - Dos Anjos vs. Lee,,Vicente Luque,Derrick Krantz,Vicente Luque,KO/TKO,1,3:52,3,0,,,,,,,,,,,,,,,,
2019-05-22,AFC 148 - Alaska Fighting Championship 148,,Uros Medic,Alonzo Leisholm Jr.,Uros Medic,KO/TKO,1,2:52,3,0,,,,,,,,,,,,,,,,
2019-05-25,Shooto Brazil 92 - Oliveira vs. Dias,,Julia Polastri,Geisa Veloso,Julia Polastri,KO/TKO,2,1:57,3,0,,,,,,,,,,,,,,,,
2019-05-25,SFT 12 - Bispo vs. Vinicius,,Manoel Sousa,Eduardo Silva,Manoel Sousa,KO/TKO,2,2:44,3,0,,,,,,,,,,,,,,,,
2019-05-25,FNR1 - Fight Night Round 1 Traiskirchen,,Bogdan Grad,Mirko Jovanovic,Bogdan Grad,KO/TKO,1,1:35,3,0,,,,,,,,,,,,,,,,
2019-05-25,Eternal MMA 45 - Mumford vs. Martinez,,Steve Erceg,Tim Moore,Steve Erceg,SUB,3,3:15,3,0,,,,,,,,,,,,,,,,
2019-05-26,Adventure Fighters Tournament - AFT 17,,Lerryan Douglas,Dienner dos Reis,Lerryan Douglas,KO/TKO,1,3:29,3,0,,,,,,,,,,,,,,,,
2019-05-31,Combate Americas 38 - Peru,,David Martinez,William Sanchez,David Martinez,KO/TKO,1,0:56,3,0,,,,,,,,,,,,,,,,
2019-06-01,UFC Fight Night 153 - Gustafsson vs. Smith,,Joel Alvarez,Danilo Belluardo,Joel Alvarez,KO/TKO,2,2:22,3,0,,,,,,,,,,,,,,,,
2019-06-01,BFL 61 - Battlefield Fight League,,Eric McConico,Dejan Kajic,Dejan Kajic,KO/TKO,1,2:34,3,0,,,,,,,,,,,,,,,,
2019-06-01,Reality Fighting - Lugo vs. Campbell,,Billy Goff,Kemran Lachinov,Kemran Lachinov,DEC,5,5:00,5,0,,,,,,,,,,,,,,,,
2019-06-01,UFC Fight Night 153 - Gustafsson vs. Smith,,Aleksandar Rakic,Jimi Manuwa,Aleksandar Rakic,KO/TKO,1,0:42,3,0,,,,,,,,,,,,,,,,
2019-06-02,Rizin FF - Rizin 16,,Tofiq Musayev,Daron Cruickshank,Tofiq Musayev,DEC,3,5:00,3,0,,,,,,,,,,,,,,,,
2019-06-07,Combate 39 - Unbreakable,,Yazmin Jauregui,McKenna Mitchell,Yazmin Jauregui,KO/TKO,2,5:00,3,0,,,,,,,,,,,,,,,,
2019-06-07,LFA 69 - Perez vs. Moreno,,Vanessa Demopoulos,Nadine Mandiau,Vanessa Demopoulos,SUB,1,2:37,3,0,,,,,,,,,,,,,,,,
2019-06-07,LFA 69 - Perez vs. Moreno,,Brandon Moreno,Maikel Perez,Brandon Moreno,KO/TKO,4,1:54,5,0,,,,,,,,,,,,,,,,
2019-06-07,Combate 39 - Unbreakable,,Rafa Garcia,Estevan Payan,Rafa Garcia,SUB,1,4:50,3,0,,,,,,,,,,,,,,,,
2019-06-08,ACA 96 - Lodz,,Rodolfo Vieira,Vitaliy Nemchinov,Rodolfo Vieira,SUB,1,2:02,3,0,,,,,,,,,,,,,,,,
2019-06-08,Oktagon MMA - Oktagon 12: Vegh vs. Zwicker,,Robert Bryczek,Mate Kertesz,Robert Bryczek,DEC,3,5:00,3,0,,,,,,,,,,,,,,,,
2019-06-08,UFC 238 - Cejudo vs. Moraes,,Tai Tuivasa,Blagoy Ivanov,Blagoy Ivanov,DEC,3,5:00,3,0,,,,,,,,,,,,,,,,
2019-06-08,UFC 238 - Cejudo vs. Moraes,,Alexa Grasso,Karolina Kowalkiewicz,Alexa Grasso,DEC,3,5:00,3,0,,,,,,,,,,,,,,,,
2019-06-08,Eagles Fighting Championship - EFC 1,,Oumar Sy,Amar Nabil,Oumar Sy,KO/TKO,1,4:25,3,0,,,,,,,,,,,,,,,,
2019-06-08,Almogavers - The Chance 10,,Fabia Sintes,Jose Muriel,Fabia Sintes,SUB,1,3:03,3,0,,,,,,,,,,,,,,,,
2019-06-08,UFC 238 - Cejudo vs. Moraes,,Xiaonan Yan,Angela Hill,Xiaonan Yan,DEC,3,5:00,3,0,,,,,,,,,,,,,,,,
2019-06-08,Venator FC - Venator Fight Night 2: Zocco vs Wojcik,,Francesco Nuzzi,Ibragim Navruzov,Francesco Nuzzi,KO/TKO,1,2:57,3,0,,,,,,,,,,,,,,,,
2019-06-08,Oktagon MMA - Oktagon 12: Vegh vs. Zwicker,,Ludovit Klein,Willian Lima,Ludovit Klein,KO/TKO,1,2:27,3,0,,,,,,,,,,,,,,,,
2019-06-09,CCW - California Cage Wars 13,,Juliana Miller,Sadie Hubbard,Juliana Miller,SUB,1,0:43,3,0,,,,,,,,,,,,,,,,
2019-06-10,AFC 12 - Angel's Fighting Championship 12: Hero of the Belt,,Young Jae Song,Jin Soo Seo,Young Jae Song,KO/TKO,3,3:26,3,0,,,,,,,,,,,,,,,,
2019-06-14,WLF - W.A.R.S. 35,,Zhu Rong,Mohsen Mohammadseifi,Zhu Rong,KO/TKO,1,2:50,3,0,,,,,,,,,,,,,,,,
2019-06-14,WLF - W.A.R.S. 35,,Qileng Aori,Giorgi Borashvili,Qileng Aori,KO/TKO,1,5:00,3,0,,,,,,,,,,,,,,,,
2019-06-14,WLF - W.A.R.S. 35,,Long Xiao,Dongzhu Zenong,Long Xiao,DEC,3,5:00,3,0,,,,,,,,,,,,,,,,
2019-06-14,WLF - W.A.R.S. 35,,Maheshate Hayisaer,Xiaochen Xu,Maheshate Hayisaer,DEC,3,5:00,3,0,,,,,,,,,,,,,,,,
2019-06-14,One Championship - One Hero Series June,,Ailinuer Ahejiang,Qingya Zhong,Ailinuer Ahejiang,KO/TKO,1,3:31,3,0,,,,,,,,,,,,,,,,
2019-06-14,CFFC 76 - Cage Fury Fighting Championships 76,,Jeremiah Wells,Mumia Abu Dey-Ali,Jeremiah Wells,KO/TKO,1,0:22,3,0,,,,,,,,,,,,,,,,
2019-06-14,NOG - Night Of Gladiators 6,,Vlastislav Cepo,Sinisa Koncic,Vlastislav Cepo,SUB,1,1:50,3,0,,,,,,,,,,,,,,,,
2019-06-15,Mr. Cage Championship - Mr. Cage 38: Portugal,,Elves Brener,Anthony Rondeau,Elves Brener,SUB,1,3:47,3,0,,,,,,,,,,,,,,,,
2019-06-15,One Championship - Legendary Quest,,Reinier de Ridder,Gilberto Galvao,Reinier de Ridder,KO/TKO,2,0:57,3,0,,,,,,,,,,,,,,,,
2019-06-15,Bayou FC 38 - Fightville 4,,Yadier Del Valle,Nicko Commissiong,Yadier Del Valle,KO/TKO,1,2:12,3,0,,,,,,,,,,,,,,,,
2019-06-15,FMMAMG - Federacao Fight 10: Nova Lima Edition,,Stephanie Luciano,Viviane Adne,Stephanie Luciano,KO/TKO,2,2:24,3,0,,,,,,,,,,,,,,,,
2019-06-18,"Dana White's Contender Series - Season 3, Episode 1",,Punahele Soriano,Jamie Pickett,Punahele Soriano,DEC,3,5:00,3,0,,,,,,,,,,,,,,,,
2019-06-19,CFU 12 - Arena,,Ailin Perez,Fiorella Cardozo,Ailin Perez,KO/TKO,1,1:02,3,0,,,,,,,,,,,,,,,,
2019-06-20,FFC 38 - Final Fight Championship 38,,Jamall Emmers,Jay Cucciniello,Jamall Emmers,KO/TKO,1,4:53,3,0,,,,,,,,,,,,,,,,
2019-06-21,CFN - Combat Fight Night 2,,Vlastislav Cepo,Vladimir Peric,Vlastislav Cepo,SUB,1,1:19,3,0,,,,,,,,,,,,,,,,
2019-06-22,MFC - Mega Fight Championship 2,,Mauricio Ruffy,Derlan Marinho,Mauricio Ruffy,KO/TKO,1,3:35,3,0,,,,,,,,,,,,,,,,
2019-06-22,UFC Fight Night 154 - Moicano vs. The Korean Zombie,,Dan Ige,Kevin Aguilar,Dan Ige,DEC,3,5:00,3,0,,,,,,,,,,,,,,,,
2019-06-22,SHP 52 - Strike Hard Productions 52,,Treston Vines,Ben DeLeon,Treston Vines,KO/TKO,1,0:43,3,0,,,,,,,,,,,,,,,,
2019-06-22,RFCH 6 - Road Fighting Championship Russia 6,,Myktybek Orolbai,Shamil Mutalimov,Myktybek Orolbai,KO/TKO,1,3:37,3,0,,,,,,,,,,,,,,,,
2019-06-25,"Dana White's Contender Series - Season 3, Episode 2",,Miles Johns,Richie Santiago,Miles Johns,DEC,3,5:00,3,0,,,,,,,,,,,,,,,,
2019-06-28,Future FC 6 - Cado vs. Giacomo,,Valesca Machado,Maria Ribeiro,Valesca Machado,KO/TKO,3,4:03,3,0,,,,,,,,,,,,,,,,
2019-06-28,MF - Max Fight 23,,Luis Felipe Dias,Mario Sousa,Mario Sousa,SUB,2,4:29,3,0,,,,,,,,,,,,,,,,
2019-06-28,MF - Max Fight 23,,Vitor Petrino,Ewerton Polaquini,Vitor Petrino,DEC,3,5:00,3,0,,,,,,,,,,,,,,,,
2019-06-29,UFC on ESPN 3 - Ngannou vs. Dos Santos,,Alonzo Menifield,Paul Craig,Alonzo Menifield,KO/TKO,1,3:19,3,0,,,,,,,,,,,,,,,,
2019-06-29,EFC 80 - EFC Worldwide 80,,Manon Fiorot,Mellony Geugjes,Manon Fiorot,KO/TKO,3,4:17,3,0,,,,,,,,,,,,,,,,
2019-06-29,CW 106 - Cage Warriors 106: Night of Champions,,Morgan Charriere,Lewis Monarch,Morgan Charriere,S-DEC,3,5:00,3,0,,,,,,,,,,,,,,,,
2019-06-29,CW 106 - Cage Warriors 106: Night of Champions,,Modestas Bukauskas,Marthin Hamlet,Modestas Bukauskas,KO/TKO,4,3:56,5,0,,,,,,,,,,,,,,,,
2019-06-29,100% Fight 40 - Spartans,,Michael Aljarouj,Alexandre Guillemant,Michael Aljarouj,SUB,2,3:30,3,0,,,,,,,,,,,,,,,,
2019-06-29,GMC 20 - German MMA Championship 20,,Dustin Stoltzfus,Jonas Billstein,Dustin Stoltzfus,KO/TKO,2,1:39,3,0,,,,,,,,,,,,,,,,
2019-06-29,MFN - Mix Fight Night 8,,Bogdan Grad,Bence Niedermayer,Bogdan Grad,KO/TKO,1,3:43,3,0,,,,,,,,,,,,,,,,
2019-06-29,SCL 74 - King Of Sparta Heavyweight Series,,Dustin Jacoby,Cody East,Dustin Jacoby,DEC,3,5:00,3,0,,,,,,,,,,,,,,,,
2019-07-06,UFC 239 - Jones vs. Santos,,Marlon Vera,Nohelin Hernandez,Marlon Vera,SUB,2,3:25,3,0,,,,,,,,,,,,,,,,
2019-07-06,UFC 239 - Jones vs. Santos,,Edmen Shahbazyan,Jack Marshman,Edmen Shahbazyan,SUB,1,1:12,3,0,,,,,,,,,,,,,,,,
2019-07-06,Gorets FC - For The Prizes Of V. Zolotov,,Nursulton Ruziboev,Murad Ramazanov,Murad Ramazanov,DEC,3,5:00,3,0,,,,,,,,,,,,,,,,
2019-07-06,UFC 239 - Jones vs. Santos,,Yadong Song,Alejandro Perez,Yadong Song,KO/TKO,1,2:04,3,0,,,,,,,,,,,,,,,,
2019-07-06,SFT 13 - Brazil vs Mexico,,Manoel Sousa,Miguel Hernandez,Manoel Sousa,SUB,2,2:18,3,0,,,,,,,,,,,,,,,,
2019-07-06,UFC 239 - Jones vs. Santos,,Jan Blachowicz,Luke Rockhold,Jan Blachowicz,KO/TKO,2,1:39,3,0,,,,,,,,,,,,,,,,
2019-07-06,Gorets FC - For The Prizes Of V. Zolotov,,Rizvan Kuniev,Navid Yadegari,Rizvan Kuniev,SUB,1,2:00,3,0,,,,,,,,,,,,,,,,
2019-07-12,Bellator 224 - Budd vs. Rubin,,Christian Edwards,Justin Vargas,Christian Edwards,KO/TKO,1,0:54,3,0,,,,,,,,,,,,,,,,
2019-07-12,WLF - W.A.R.S. 36,,Long Xiao,Ivan Starovoitov,Long Xiao,SUB,2,2:35,3,0,,,,,,,,,,,,,,,,
2019-07-12,WLF - W.A.R.S. 36,,Maheshate Hayisaer,Kazibai Nuliquwake,Maheshate Hayisaer,SUB,2,1:26,3,0,,,,,,,,,,,,,,,,
2019-07-12,LFA 71 - Jackson vs. Marques,,Gregory Rodrigues,Tanner Saraceno,Gregory Rodrigues,DEC,3,5:00,3,0,,,,,,,,,,,,,,,,
2019-07-12,Bellator 224 - Budd vs. Rubin,,Chidi Njokuani,Rafael Carvalho,Rafael Carvalho,DEC,3,5:00,3,0,,,,,,,,,,,,,,,,
2019-07-13,UFC Fight Night 155 - De Randamie vs. Ladd,,Ricky Simon,Urijah Faber,Urijah Faber,KO/TKO,1,0:46,3,0,,,,,,,,,,,,,,,,
2019-07-13,GFC 14 - Gorilla Fighting 14: Dagestan,,Umar Nurmagomedov,Taras Gryckiv,Umar Nurmagomedov,SUB,1,2:46,3,0,,,,,,,,,,,,,,,,
2019-07-13,EFL - Elite Fight League 6,,Darrius Flowers,Joe Vedepo,Joe Vedepo,SUB,1,3:55,3,0,,,,,,,,,,,,,,,,
2019-07-13,UFC Fight Night 155 - De Randamie vs. Ladd,,Darren Elkins,Ryan Hall,Ryan Hall,DEC,3,5:00,3,0,,,,,,,,,,,,,,,,
2019-07-13,GFC 14 - Gorilla Fighting 14: Dagestan,,Saygid Izagakhmaev,Vladislav Shabalin,Saygid Izagakhmaev,SUB,1,2:23,3,0,,,,,,,,,,,,,,,,
2019-07-19,Inka 31 - Quezada vs Victorino,,Kevin Borjas,Jorge Icomena,Kevin Borjas,KO/TKO,1,0:05,3,0,,,,,,,,,,,,,,,,
2019-07-20,UFC on ESPN 4 - Dos Anjos vs. Edwards,,Dan Hooker,James Vick,Dan Hooker,KO/TKO,1,2:33,3,0,,,,,,,,,,,,,,,,
2019-07-23,"Dana White's Contender Series - Season 3, Episode 5",,Sean Woodson,Terrance McKinney,Sean Woodson,KO/TKO,2,1:49,3,0,,,,,,,,,,,,,,,,
2019-07-23,"Dana White's Contender Series - Season 3, Episode 5",,Billy Quarantillo,Kamuela Kirk,Billy Quarantillo,KO/TKO,3,0:22,3,0,,,,,,,,,,,,,,,,
2019-07-23,"Dana White's Contender Series - Season 3, Episode 5",,Alexander Poppeck,Jamahal Hill,Jamahal Hill,KO/TKO,2,4:29,3,0,,,,,,,,,,,,,,,,
2019-07-27,UFC 240 - Holloway vs. Edgar,,Alexandre Pantoja,Deiveson Figueiredo,Deiveson Figueiredo,DEC,3,5:00,3,0,,,,,,,,,,,,,,,,
2019-07-27,UFC 240 - Holloway vs. Edgar,,Arman Tsarukyan,Olivier Aubin-Mercier,Arman Tsarukyan,DEC,3,5:00,3,0,,,,,,,,,,,,,,,,
2019-07-27,Eternal MMA 46 - O'Neill vs. Ketley,,Casey O'Neill,Jada Ketley,Casey O'Neill,SUB,1,2:32,3,0,,,,,,,,,,,,,,,,
2019-07-27,Dacheng Wuyi - Chinese MMA Super League: Day 3,,Meng Ding,Jiaqiang Han,Meng Ding,KO/TKO,1,0:59,3,0,,,,,,,,,,,,,,,,
2019-07-27,UFC 240 - Holloway vs. Edgar,,Gillian Robertson,Sarah Frota,Gillian Robertson,KO/TKO,2,4:13,3,0,,,,,,,,,,,,,,,,
2019-07-27,Demolidor Fight MMA 15 - Ferrari vs. Pavanelo,,Eduardo Henrique,Felipe Benica,Eduardo Henrique,KO/TKO,1,2:15,3,0,,,,,,,,,,,,,,,,
2019-07-27,Battlefield FC 2 - Battlefield Fighting Championship 2,,Mateusz Rebecki,Kaik Brito,Mateusz Rebecki,KO/TKO,3,4:29,3,0,,,,,,,,,,,,,,,,
2019-07-28,Dacheng Wuyi - Chinese MMA Super League World Championship,,Meng Ding,Alisson Barbosa,Alisson Barbosa,SUB,1,4:38,3,0,,,,,,,,,,,,,,,,
2019-07-28,Dacheng Wuyi - Chinese MMA Super League World Championship,,Meng Ding,Ahelibieke Yeerasili,Meng Ding,KO/TKO,1,0:47,3,0,,,,,,,,,,,,,,,,
2019-07-30,"Dana White's Contender Series - Season 3, Episode 6",,Daniel Rodriguez,Rico Farrington,Daniel Rodriguez,DEC,3,5:00,3,0,,,,,,,,,,,,,,,,
2019-08-01,ICKF - World Combat Championship Macau,,Ailinuer Ahejiang,Ui Jong Kim,Ui Jong Kim,KO/TKO,1,0:30,3,0,,,,,,,,,,,,,,,,
2019-08-02,LFA 73 - Lingo vs. Hatley,,Hailey Cowan,Jessica Middleton,Hailey Cowan,DEC,3,5:00,3,0,,,,,,,,,,,,,,,,
2019-08-03,M-1 Challenge 103 - Kelades vs. Pletenko,,Maheshate Hayisaer,Nikolay Goncharov,Nikolay Goncharov,DEC,3,5:00,3,0,,,,,,,,,,,,,,,,
2019-08-03,UFC on ESPN 5 - Covington vs. Lawler,,Kennedy Nzechukwu,Darko Stosic,Kennedy Nzechukwu,DEC,3,5:00,3,0,,,,,,,,,,,,,,,,
2019-08-03,UFC on ESPN 5 - Covington vs. Lawler,,Nasrat Haqparast,Joaquim Silva,Nasrat Haqparast,KO/TKO,2,0:36,3,0,,,,,,,,,,,,,,,,
2019-08-04,UFS 7 - Corbage vs. Solis,,Esteban Ribovics,Lucas Aybar,Esteban Ribovics,SUB,1,4:14,3,0,,,,,,,,,,,,,,,,
2019-08-08,Professional Fighters League - PFL 6: 2019 Regular Season,,Umar Nurmagomedov,Sidemar Honorio,Umar Nurmagomedov,DEC,3,5:00,3,0,,,,,,,,,,,,,,,,
2019-08-10,UFC Fight Night 156 - Shevchenko vs. Carmouche 2,,Rodolfo Vieira,Oskar Piechota,Rodolfo Vieira,SUB,2,4:26,3,0,,,,,,,,,,,,,,,,
2019-08-10,UFC Fight Night 156 - Shevchenko vs. Carmouche 2,,Vicente Luque,Mike Perry,Vicente Luque,S-DEC,3,5:00,3,0,,,,,,,,,,,,,,,,
2019-08-17,UFC 241 - Cormier vs. Miocic 2,,Drakkar Klose,Christos Giagos,Drakkar Klose,DEC,3,5:00,3,0,,,,,,,,,,,,,,,,
2019-08-17,WEF 85 - ProfFight 36: Battle In Kara-Suu 5,,Nursulton Ruziboev,Altynbek Arykbaev,nc,NC,1,5:00,3,0,,,,,,,,,,,,,,,,
2019-08-17,FK MMA - Favela Kombat 32: Pedra vs. Nogueira,,Alexia Thainara,Jenefer Rodriguez,Alexia Thainara,S-DEC,3,5:00,3,0,,,,,,,,,,,,,,,,
2019-08-18,Rizin FF - Rizin 18,,Kai Asakura,Kyoji Horiguchi,Kai Asakura,KO/TKO,1,1:08,3,0,,,,,,,,,,,,,,,,
2019-08-23,WLF - W.A.R.S. 37,,Long Xiao,Wilbert Huaman,Long Xiao,DEC,3,5:00,3,0,,,,,,,,,,,,,,,,
2019-08-24,Bellator 225 - Mitrione vs. Kharitonov 2,,Tyrell Fortune,Rudy Schaffroth,Tyrell Fortune,SUB,2,2:08,3,0,,,,,,,,,,,,,,,,
2019-08-27,"Dana White's Contender Series - Season 3, Episode 10",,Dusko Todorovic,Teddy Ash,Dusko Todorovic,DEC,3,5:00,3,0,,,,,,,,,,,,,,,,
2019-08-30,LFA 74 - Vanderaa vs. Ferreira,,Gianni Vazquez,Lance Lee,Gianni Vazquez,SUB,1,4:29,3,0,,,,,,,,,,,,,,,,
2019-08-30,GFC 16 - Gorilla Fighting 16,,Rizvan Kuniev,Shamil Abasov,Rizvan Kuniev,KO/TKO,3,4:53,3,0,,,,,,,,,,,,,,,,
2019-08-31,UFC Fight Night 157 - Andrade vs. Zhang,,Heili Alateng,Batgerel Danaa,Heili Alateng,DEC,3,5:00,3,0,,,,,,,,,,,,,,,,
2019-08-31,UFC Fight Night 157 - Andrade vs. Zhang,,Su Mudaerji,Andre Soukhamthath,Su Mudaerji,DEC,3,5:00,3,0,,,,,,,,,,,,,,,,
2019-08-31,UFC Fight Night 157 - Andrade vs. Zhang,,Anthony Hernandez,Jun Yong Park,Anthony Hernandez,SUB,2,4:39,3,0,,,,,,,,,,,,,,,,
2019-08-31,SFT 15 - Chatuba vs. Soldado,,Manoel Sousa,Richard Martins,Manoel Sousa,KO/TKO,1,3:05,3,0,,,,,,,,,,,,,,,,
2019-09-05,TWC 10 - Rojas vs. Vargas,,Nilson Rojas,Nick Vargas,Nilson Rojas,KO/TKO,2,1:20,3,0,,,,,,,,,,,,,,,,
2019-09-06,HFS - Hex Fight Series 19,,Jack Jenkins,Naoya Uchibayashi,Jack Jenkins,SUB,1,3:36,3,0,,,,,,,,,,,,,,,,
2019-09-06,Cage Warriors - Unplugged 2,,Ian Garry,Matteo Ceglia,Ian Garry,KO/TKO,2,1:01,3,0,,,,,,,,,,,,,,,,
2019-09-07,UFC 242 - Khabib vs. Poirier,,Curtis Blaydes,Shamil Abdurakhimov,Curtis Blaydes,KO/TKO,2,2:22,3,0,,,,,,,,,,,,,,,,
2019-09-07,UFC 242 - Khabib vs. Poirier,,Muslim Salikhov,Nordine Taleb,Muslim Salikhov,KO/TKO,1,4:26,3,0,,,,,,,,,,,,,,,,
2019-09-07,UFC 242 - Khabib vs. Poirier,,Fares Ziam,Don Madge,Don Madge,DEC,3,5:00,3,0,,,,,,,,,,,,,,,,
2019-09-07,UFC 242 - Khabib vs. Poirier,,Islam Makhachev,Davi Ramos,Islam Makhachev,DEC,3,5:00,3,0,,,,,,,,,,,,,,,,
2019-09-07,UFC 242 - Khabib vs. Poirier,,Edson Barboza,Paul Felder,Paul Felder,S-DEC,3,5:00,3,0,,,,,,,,,,,,,,,,
2019-09-07,UFC 242 - Khabib vs. Poirier,,Diego Ferreira,Mairbek Taisumov,Diego Ferreira,DEC,3,5:00,3,0,,,,,,,,,,,,,,,,
2019-09-07,Cage Titans FC - Combat Night 2,,Billy Goff,Jonathan Pico,Jonathan Pico,KO/TKO,1,5:00,3,0,,,,,,,,,,,,,,,,
2019-09-07,Eternal MMA 47 - Erceg vs. Loga,,Steve Erceg,Paul Loga,Steve Erceg,KO/TKO,1,1:31,3,0,,,,,,,,,,,,,,,,
2019-09-10,Beastmode Productions - War In Rudd 2,,Darrius Flowers,Jon Kennedy,Darrius Flowers,SUB,1,4:17,3,0,,,,,,,,,,,,,,,,
2019-09-14,AFN - Amapa Fight Night 1,,Marcio Barbosa,Alessandro Soares,Marcio Barbosa,SUB,1,2:42,3,0,,,,,,,,,,,,,,,,
2019-09-14,UFC Fight Night 158 - Cowboy vs. Gaethje,,Miles Johns,Cole Smith,Miles Johns,S-DEC,3,5:00,3,0,,,,,,,,,,,,,,,,
2019-09-14,UFC Fight Night 158 - Cowboy vs. Gaethje,,Marcin Tybura,Augusto Sakai,Augusto Sakai,KO/TKO,1,0:59,3,0,,,,,,,,,,,,,,,,
2019-09-14,Oktagon MMA - Oktagon 14: Bitva O Truny,,Ludovit Klein,Joao Paulo Rodrigues de Souza,Ludovit Klein,KO/TKO,3,0:46,3,0,,,,,,,,,,,,,,,,
2019-09-14,UFC Fight Night 158 - Cowboy vs. Gaethje,,Kyle Prepolec,Austin Hubbard,Austin Hubbard,DEC,3,5:00,3,0,,,,,,,,,,,,,,,,
2019-09-17,WLF - W.A.R.S. 38,,Long Xiao,Andrey Korolev,Long Xiao,KO/TKO,3,4:49,3,0,,,,,,,,,,,,,,,,
2019-09-20,Combate Americas - Garcia vs. Gonzalez,,Yazmin Jauregui,Yajaira Romo,Yazmin Jauregui,DEC,3,5:00,3,0,,,,,,,,,,,,,,,,
2019-09-20,Combate Americas - Garcia vs. Gonzalez,,Edgar Chairez,Alberto Trujillo,Alberto Trujillo,DEC,3,5:00,3,0,,,,,,,,,,,,,,,,
2019-09-20,Combate Americas - Garcia vs. Gonzalez,,Rafa Garcia,Erick Gonzalez,Rafa Garcia,DEC,5,5:00,5,0,,,,,,,,,,,,,,,,
2019-09-21,UFC Fight Night 159 - Rodriguez vs. Stephens,,Brandon Moreno,Askar Askarov,draw,DRAW,3,5:00,3,0,,,,,,,,,,,,,,,,
2019-09-21,UFC Fight Night 159 - Rodriguez vs. Stephens,,Alexa Grasso,Carla Esparza,Carla Esparza,S-DEC,3,5:00,3,0,,,,,,,,,,,,,,,,
2019-09-21,MF Fighters - MF Fighters 4,,Eduardo Henrique,Aldejan Ferreira de Melo,Eduardo Henrique,SUB,1,1:53,3,0,,,,,,,,,,,,,,,,
2019-09-21,CFFC 78 - Cage Fury Fighting Championships 78,,Jeremiah Wells,Marco Smallman,Jeremiah Wells,SUB,2,2:51,3,0,,,,,,,,,,,,,,,,
2019-09-22,PCT - Professional Combat Turon 4,,Nursulton Ruziboev,Leonid Antonov,Nursulton Ruziboev,SUB,1,2:04,3,0,,,,,,,,,,,,,,,,
2019-09-23,One Championship - One Hero Series September,,Meng Ding,Zheng Lu,Zheng Lu,KO/TKO,1,2:36,3,0,,,,,,,,,,,,,,,,
2019-09-27,Bellator 227 - Gallagher vs. Salazar,,Michael Page,Richard Kiely,Michael Page,KO/TKO,1,2:42,3,0,,,,,,,,,,,,,,,,
2019-09-27,GFC 17 - Gorilla Fighting 17,,Ramazonbek Temirov,Talgat Zhumagaliyev,Talgat Zhumagaliyev,SUB,2,3:17,3,0,,,,,,,,,,,,,,,,
2019-09-28,Bellator 228 - Pitbull vs. Archuleta,,Patricio Freire,Juan Archuleta,Patricio Freire,DEC,5,5:00,5,0,,,,,,,,,,,,,,,,
2019-09-28,Bellator 228 - Pitbull vs. Archuleta,,Osman Diaz,Andre Walker,Osman Diaz,SUB,1,3:05,3,0,,,,,,,,,,,,,,,,
2019-09-28,UFC Fight Night 160 - Hermansson vs. Cannonier,,Giga Chikadze,Brandon Davis,Giga Chikadze,S-DEC,3,5:00,3,0,,,,,,,,,,,,,,,,
2019-09-28,CTF - Curitiba Top Fight 12,,Luis Felipe Dias,Anderson Romualdo,Luis Felipe Dias,KO/TKO,1,0:35,3,0,,,,,,,,,,,,,,,,
2019-09-28,CTF - Curitiba Top Fight 12,,Luis Felipe Dias,Mateus Oliveira,Luis Felipe Dias,KO/TKO,1,0:33,3,0,,,,,,,,,,,,,,,,
2019-09-28,Jungle Fight 95 - Rio de Janeiro,,Eduardo Henrique,Matheus Matarazzo,Eduardo Henrique,KO/TKO,2,3:13,3,0,,,,,,,,,,,,,,,,
2019-10-04,Eternal MMA 48 - Fitikefu vs. Campbell,,Casey O'Neill,Miki Motono,Casey O'Neill,DEC,5,5:00,5,0,,,,,,,,,,,,,,,,
2019-10-04,ACA 100 - Grozny,,Abubakar Vagaev,Fernando Gonzalez,Abubakar Vagaev,DEC,3,5:00,3,0,,,,,,,,,,,,,,,,
2019-10-05,UFC 243 - Whittaker vs. Adesanya,,Tai Tuivasa,Serghei Spivac,Serghei Spivac,SUB,2,3:14,3,0,,,,,,,,,,,,,,,,
2019-10-05,MFC - Metanoia Fight Combat 4,,Brunno Ferreira,Carlos Barbieri,Brunno Ferreira,KO/TKO,1,2:45,3,0,,,,,,,,,,,,,,,,
2019-10-05,UFC 243 - Whittaker vs. Adesanya,,Dan Hooker,Al Iaquinta,Dan Hooker,DEC,3,5:00,3,0,,,,,,,,,,,,,,,,
2019-10-05,SHC 15 - Strength & Honour Championship 15,,Losene Keita,Gracian Golebiowski,Losene Keita,DEC,3,5:00,3,0,,,,,,,,,,,,,,,,
2019-10-05,DFN 1 - Dracula Fight Night 1,,Vlastislav Cepo,Danijel Arandjelovic,Vlastislav Cepo,KO/TKO,1,1:52,3,0,,,,,,,,,,,,,,,,
2019-10-05,Innferno 4 - Innferno Fighting Championship 4,,Bogdan Grad,Ion Voda,Bogdan Grad,SUB,1,2:32,3,0,,,,,,,,,,,,,,,,
2019-10-05,UFC 243 - Whittaker vs. Adesanya,,Israel Adesanya,Robert Whittaker,Israel Adesanya,KO/TKO,2,3:33,5,0,,,,,,,,,,,,,,,,
2019-10-12,UFC Fight Night 161 - Jedrzejczyk vs. Waterson,,Marlon Vera,Andre Ewell,Marlon Vera,KO/TKO,3,3:17,3,0,,,,,,,,,,,,,,,,
2019-10-12,UFC Fight Night 161 - Jedrzejczyk vs. Waterson,,Tim Elliott,Deiveson Figueiredo,Deiveson Figueiredo,SUB,1,3:08,3,0,,,,,,,,,,,,,,,,
2019-10-12,UFC Fight Night 161 - Jedrzejczyk vs. Waterson,,J.J. Aldrich,Lauren Mueller,J.J. Aldrich,DEC,3,5:00,3,0,,,,,,,,,,,,,,,,
2019-10-12,UFC Fight Night 161 - Jedrzejczyk vs. Waterson,,Ryan Spann,Devin Clark,Ryan Spann,SUB,2,2:01,3,0,,,,,,,,,,,,,,,,
2019-10-12,Rizin FF - Rizin 19: Lightweight Grand Prix 1st Round,,Kai Asakura,Yuta Sasaki,Kai Asakura,KO/TKO,1,0:54,3,0,,,,,,,,,,,,,,,,
2019-10-12,One Championship - Century - Part 1,,Jingnan Xiong,Angela Lee,Angela Lee,SUB,5,4:48,5,0,,,,,,,,,,,,,,,,
2019-10-12,CW 108 - Cage Warriors 108,,Mason Jones,Aleksi Mantykivi,Mason Jones,DEC,3,5:00,3,0,,,,,,,,,,,,,,,,
2019-10-12,UFC Fight Night 161 - Jedrzejczyk vs. Waterson,,Mackenzie Dern,Amanda Ribas,Amanda Ribas,DEC,3,5:00,3,0,,,,,,,,,,,,,,,,
2019-10-12,Rizin FF - Rizin 19: Lightweight Grand Prix 1st Round,,Tofiq Musayev,Damien Brown,Tofiq Musayev,KO/TKO,1,4:14,3,0,,,,,,,,,,,,,,,,
2019-10-12,CW 108 - Cage Warriors 108,,Oban Elliott,James Lilley,Oban Elliott,SUB,1,2:01,3,0,,,,,,,,,,,,,,,,
2019-10-13,Mr. Cage Championship - Mr. Cage 39: PowerExpo Sports Portugal,,Elves Brener,Mohamed El Jaghdal,Elves Brener,SUB,1,4:28,3,0,,,,,,,,,,,,,,,,
2019-10-13,Mr. Cage Championship - Mr. Cage 39: PowerExpo Sports Portugal,,Felipe Lima,Gustavo Oliveira,Felipe Lima,DEC,3,5:00,3,0,,,,,,,,,,,,,,,,
2019-10-18,WLF - W.A.R.S. 39,,Zhu Rong,Alisson Barbosa,Zhu Rong,DEC,5,5:00,5,0,,,,,,,,,,,,,,,,
2019-10-18,WLF - W.A.R.S. 39,,Qileng Aori,Amirlan Amirov,Qileng Aori,DEC,5,5:00,5,0,,,,,,,,,,,,,,,,
2019-10-18,UFC on ESPN 6 - Reyes vs. Weidman,,Sean Woodson,Kyle Bochniak,Sean Woodson,DEC,3,5:00,3,0,,,,,,,,,,,,,,,,
2019-10-18,UFC on ESPN 6 - Reyes vs. Weidman,,Gillian Robertson,Maycee Barber,Maycee Barber,KO/TKO,1,3:04,3,0,,,,,,,,,,,,,,,,
2019-10-19,100% Fight 41 - The Champ is Back,,Oumar Sy,Sophien Hadj Doula,Oumar Sy,KO/TKO,1,2:12,3,0,,,,,,,,,,,,,,,,
2019-10-19,100% Fight 41 - The Champ is Back,,Matthieu Letho Duclos,Wissame Akhmouch,Wissame Akhmouch,SUB,1,1:20,3,0,,,,,,,,,,,,,,,,
2019-10-19,Shooto Brazil 97 - Delboni vs. Polastri,,Luis Felipe Dias,Adercino de Jesus,Luis Felipe Dias,KO/TKO,2,0:31,3,0,,,,,,,,,,,,,,,,
2019-10-19,Shooto Brazil 97 - Delboni vs. Polastri,,Julia Polastri,Jessica Delboni,Julia Polastri,KO/TKO,2,4:35,3,0,,,,,,,,,,,,,,,,
2019-10-19,Shooto Brazil 97 - Delboni vs. Polastri,,Kaue Fernandes,Marcio Bruno Rodrigues Braga,Kaue Fernandes,DEC,3,5:00,3,0,,,,,,,,,,,,,,,,
2019-10-25,Bellator 231 - Mir vs. Nelson 2,,Elise Reed,Rebecca Bryggman,Elise Reed,KO/TKO,1,4:48,3,0,,,,,,,,,,,,,,,,
2019-10-26,Federation Ultimax MMA Russia - Ultimax Fight Night,,Mehemmedali Osmanli,Islam Betirsultanov,Mehemmedali Osmanli,SUB,1,1:50,3,0,,,,,,,,,,,,,,,,
2019-10-26,UFC Fight Night 162 - Maia vs. Askren,,Muslim Salikhov,Laureano Staropoli,Muslim Salikhov,DEC,3,5:00,3,0,,,,,,,,,,,,,,,,
2019-10-26,CW 109 - Cage Warriors 109,,Morgan Charriere,Dean Trueman,Morgan Charriere,KO/TKO,3,1:08,3,0,,,,,,,,,,,,,,,,
2019-10-26,Jungle Fight 97 - Rio de Janeiro,,Eduardo Henrique,Kleydson Rodrigues,Kleydson Rodrigues,SUB,2,2:58,3,0,,,,,,,,,,,,,,,,
2019-10-26,Aggrelin 29 - Cage Fight Salzburg,,Alexander Poppeck,Francisco de Souza,Alexander Poppeck,KO/TKO,1,1:44,3,0,,,,,,,,,,,,,,,,
2019-11-01,Combate Americas - Dia De Los Muertos: Dallas,,Gilbert Urbina,Angelo Trevino,Gilbert Urbina,DEC,3,5:00,3,0,,,,,,,,,,,,,,,,
2019-11-02,UFC 244 - Masvidal vs. Diaz,,Edmen Shahbazyan,Brad Tavares,Edmen Shahbazyan,KO/TKO,1,2:27,3,0,,,,,,,,,,,,,,,,
2019-11-02,Atlas MMA - Atlas MMA 6,,Losene Keita,Karol Michalak,Losene Keita,DEC,3,5:00,3,0,,,,,,,,,,,,,,,,
2019-11-02,UFC 244 - Masvidal vs. Diaz,,Vicente Luque,Stephen Thompson,Stephen Thompson,DEC,3,5:00,3,0,,,,,,,,,,,,,,,,
2019-11-08,Bellator 233 - Salter vs. van Steenis,,Christian Edwards,Cesar Bennett,Christian Edwards,KO/TKO,1,0:16,3,0,,,,,,,,,,,,,,,,
2019-11-08,Thunder Fight 20 - Your Time Has Come,,Alexia Thainara,Bruna Brasil,Bruna Brasil,SUB,3,0:33,3,0,,,,,,,,,,,,,,,,
2019-11-08,Bellator 233 - Salter vs. van Steenis,,Tyrell Fortune,Azunna Anyanwu,Tyrell Fortune,KO/TKO,2,1:56,3,0,,,,,,,,,,,,,,,,
2019-11-09,Oktagon MMA - Oktagon 15: Vegh vs. Vemola,,Robert Bryczek,Leandro Silva,Leandro Silva,DEC,3,5:00,3,0,,,,,,,,,,,,,,,,
2019-11-09,Fusion Fight League - Rising Stars 2,,Tommy McMillen,Benjamin Hollier,Tommy McMillen,SUB,1,N/A,3,0,,,,,,,,,,,,,,,,
2019-11-09,CW 110 - Cage Warriors 110,,Ian Garry,Mateusz Figlak,Ian Garry,SUB,1,3:41,3,0,,,,,,,,,,,,,,,,
2019-11-09,GMC 23 - German MMA Championship 23,,Dustin Stoltzfus,Nihad Nasufovic,Dustin Stoltzfus,SUB,3,3:33,3,0,,,,,,,,,,,,,,,,
2019-11-09,UFS 9 - Villalba vs. Cuellar,,Esteban Ribovics,Brian Flamengo,Esteban Ribovics,KO/TKO,1,0:22,3,0,,,,,,,,,,,,,,,,
2019-11-09,KSW 51 - Zagreb,,Milos Janicic,Roman Szymanski,Roman Szymanski,DEC,3,5:00,3,0,,,,,,,,,,,,,,,,
2019-11-09,UFC Fight Night 163 - Magomedsharipov vs. Kattar,,Magomed Ankalaev,Dalcha Lungiambula,Magomed Ankalaev,KO/TKO,3,0:29,3,0,,,,,,,,,,,,,,,,
2019-11-15,WLF - W.A.R.S. 40,,Long Xiao,Rex de Lara,Long Xiao,DEC,3,5:00,3,0,,,,,,,,,,,,,,,,
2019-11-15,WLF - W.A.R.S. 40,,Maheshate Hayisaer,Nannan He,Maheshate Hayisaer,DEC,3,5:00,3,0,,,,,,,,,,,,,,,,
2019-11-16,One Championship - Age of Dragons,,Bo Meng,Laura Balin,Bo Meng,KO/TKO,1,2:45,3,0,,,,,,,,,,,,,,,,
2019-11-16,UFC Fight Night 164 - Blachowicz vs. Jacare,,Jan Blachowicz,Ronaldo Souza,Jan Blachowicz,S-DEC,5,5:00,5,0,,,,,,,,,,,,,,,,
2019-11-22,Combate Americas - Fresno,,Ignacio Bahamondes,Salvador Becerra,Salvador Becerra,DEC,3,5:00,3,0,,,,,,,,,,,,,,,,
2019-11-22,CW 111 - Cage Warriors 111,,Modestas Bukauskas,Riccardo Nosiglia,Modestas Bukauskas,KO/TKO,1,3:51,3,0,,,,,,,,,,,,,,,,
2019-11-23,Bellator London - MVP vs. Melillo,,Michael Page,Giovanni Melillo,Michael Page,KO/TKO,1,1:47,3,0,,,,,,,,,,,,,,,,
2019-11-23,GFC 20 - Gorilla Fighting 20,,Nursulton Ruziboev,Artem Shokalo,Nursulton Ruziboev,KO/TKO,2,2:00,3,0,,,,,,,,,,,,,,,,
2019-11-23,Shooto Brazil 98 - Teixeira vs. Puro Osso,,Luis Felipe Dias,Wendell de Oliveira Marques,Luis Felipe Dias,DEC,3,5:00,3,0,,,,,,,,,,,,,,,,
2019-11-23,GFC 20 - Gorilla Fighting 20,,Umar Nurmagomedov,Braian Gonzalez,Umar Nurmagomedov,SUB,1,4:34,3,0,,,,,,,,,,,,,,,,
2019-11-23,ROC 70 - Ring of Combat 70,,Dennis Buzukja,William Calhoun III,Dennis Buzukja,KO/TKO,1,2:38,3,0,,,,,,,,,,,,,,,,
2019-11-23,GFC 20 - Gorilla Fighting 20,,Saygid Izagakhmaev,Cristian Brinzan,Saygid Izagakhmaev,DEC,3,5:00,3,0,,,,,,,,,,,,,,,,
2019-11-28,WCC Natural Selection - Continuation 2,,Elves Brener,Sergei Andreev,Sergei Andreev,DEC,3,5:00,3,0,,,,,,,,,,,,,,,,
2019-11-30,Rise FC 5 - Rise Fighting Championship,,Brady Hiestand,Chad Anheliger,Chad Anheliger,KO/TKO,3,0:37,3,0,,,,,,,,,,,,,,,,
2019-11-30,SFT 18 - Babuino vs. Preador,,Mauricio Ruffy,Manoel Sousa,Manoel Sousa,KO/TKO,2,2:41,3,0,,,,,,,,,,,,,,,,
2019-11-30,AFL 22 - Bad Blood,,Fabia Sintes,Jose Serral,Jose Serral,SUB,1,1:30,3,0,,,,,,,,,,,,,,,,
2019-11-30,Night of Warriors - Night of Warriors 5.0,,Bogdan Grad,Predrag Jovanovic,Bogdan Grad,DEC,3,5:00,3,0,,,,,,,,,,,,,,,,
2019-12-06,Future MMA 10 - Furia vs. Godzilla,,Rodolfo Bellato,Marcos Matos,Rodolfo Bellato,KO/TKO,1,3:44,3,0,,,,,,,,,,,,,,,,
2019-12-07,UFC on ESPN 7 - Overeem vs. Rozenstruik,,Ricky Simon,Rob Font,Rob Font,DEC,3,5:00,3,0,,,,,,,,,,,,,,,,
2019-12-07,Katana Fight 10 - Roverso vs. Henrique,,Brunno Ferreira,Victor Pereira Neves Nunes,Brunno Ferreira,KO/TKO,2,1:08,3,0,,,,,,,,,,,,,,,,
2019-12-07,KSW 52 - The Race: Askham vs. Khalidov,,Salahdine Parnasse,Ivan Buchinger,Salahdine Parnasse,DEC,5,5:00,5,0,,,,,,,,,,,,,,,,
2019-12-07,RFP 74 - West Fight 28,,Daniil Donchenko,Sviatoslav Zhymanov,Daniil Donchenko,DEC,3,5:00,3,0,,,,,,,,,,,,,,,,
2019-12-07,Team Bushido - Ultimate Contest 11,,Losene Keita,Soufiene Oudina,Losene Keita,DEC,3,5:00,3,0,,,,,,,,,,,,,,,,
2019-12-07,UFC on ESPN 7 - Overeem vs. Rozenstruik,,Yadong Song,Cody Stamann,draw,DRAW,3,5:00,3,0,,,,,,,,,,,,,,,,
2019-12-07,UFC on ESPN 7 - Overeem vs. Rozenstruik,,Billy Quarantillo,Jacob Kilburn,Billy Quarantillo,SUB,2,3:18,3,0,,,,,,,,,,,,,,,,
2019-12-08,KOTC - Hard Drive,,Eric McConico,Andre Walker,Andre Walker,KO/TKO,3,1:56,3,0,,,,,,,,,,,,,,,,
2019-12-12,FS - First Sunset,,Ismael Bonfim,Edvan Rodrigues dos Reis,Ismael Bonfim,SUB,1,1:40,3,0,,,,,,,,,,,,,,,,
2019-12-13,Fury FC 40 - Fury Fighting Championship 40,,Yadier Del Valle,Alonso Sanchez,Yadier Del Valle,SUB,1,4:27,3,0,,,,,,,,,,,,,,,,
2019-12-14,UFC 245 - Usman vs. Covington,,Brandon Moreno,Kai Kara-France,Brandon Moreno,DEC,3,5:00,3,0,,,,,,,,,,,,,,,,
2019-12-14,EFC 83 - EFC Worldwide 83,,Manon Fiorot,Amanda Lino,Manon Fiorot,DEC,3,5:00,3,0,,,,,,,,,,,,,,,,
2019-12-14,UFC 245 - Usman vs. Covington,,Punahele Soriano,Oskar Piechota,Punahele Soriano,KO/TKO,1,3:17,3,0,,,,,,,,,,,,,,,,
2019-12-14,WEF 91 / Brave CF 32 - Brave Combat Federation 32,,Bogdan Guskov,Nurlan Toktobakiev,Bogdan Guskov,KO/TKO,3,2:17,3,0,,,,,,,,,,,,,,,,
2019-12-15,UFL 3 - Ultimate Fighting League 3,,Rabindra Dhant,Rohit Pundeer,Rabindra Dhant,KO/TKO,1,4:00,3,0,,,,,,,,,,,,,,,,
2019-12-19,Smash Global 9 - Black Tie Fight Night,,Gregory Rodrigues,Brandon Hester,Gregory Rodrigues,KO/TKO,1,3:03,3,0,,,,,,,,,,,,,,,,
2019-12-19,Smash Global 9 - Black Tie Fight Night,,Daniel Rodriguez,Quinton McCottrell,Daniel Rodriguez,KO/TKO,2,1:48,3,0,,,,,,,,,,,,,,,,
2019-12-20,Titan FC 58 - Rivera vs. Sabatello,,Muhammadjon Naimov,Shawn Brown,Muhammadjon Naimov,SUB,1,4:41,3,0,,,,,,,,,,,,,,,,
2019-12-20,Combate 53 - Copa Combate 2019,,Kevin Borjas,Renzo Mendez,Renzo Mendez,SUB,2,4:14,3,0,,,,,,,,,,,,,,,,
2019-12-21,UFC Fight Night 165 - Edgar vs. Korean Zombie,,Raoni Barcelos,Said Nurmagomedov,Raoni Barcelos,DEC,3,5:00,3,0,,,,,,,,,,,,,,,,
2019-12-21,UFC Fight Night 165 - Edgar vs. Korean Zombie,,Heili Alateng,Ryan Benoit,Heili Alateng,S-DEC,3,5:00,3,0,,,,,,,,,,,,,,,,
2019-12-21,UFC Fight Night 165 - Edgar vs. Korean Zombie,,Alexandre Pantoja,Matt Schnell,Alexandre Pantoja,KO/TKO,1,4:17,3,0,,,,,,,,,,,,,,,,
2019-12-21,UFC Fight Night 165 - Edgar vs. Korean Zombie,,Doo Ho Choi,Charles Jourdain,Charles Jourdain,KO/TKO,2,4:32,3,0,,,,,,,,,,,,,,,,
2019-12-21,100% Fight 42 - Kanguichiev vs. Aljarouj,,Michael Aljarouj,Mickael Kanguichiev,Michael Aljarouj,DEC,3,5:00,3,0,,,,,,,,,,,,,,,,
2019-12-21,Shooto Brazil 99 - Torres vs. Mao de Pedra,,Lucas Fernando,Wallace Lopes,Lucas Fernando,SUB,1,N/A,3,0,,,,,,,,,,,,,,,,
2019-12-21,UFC Fight Night 165 - Edgar vs. Korean Zombie,,Amanda Lemos,Miranda Granger,Amanda Lemos,SUB,1,3:43,3,0,,,,,,,,,,,,,,,,
2019-12-21,UFC Fight Night 165 - Edgar vs. Korean Zombie,,Aleksandar Rakic,Volkan Oezdemir,Volkan Oezdemir,S-DEC,3,5:00,3,0,,,,,,,,,,,,,,,,
2019-12-21,PCF 21 - New Era,,Vlastislav Cepo,Filip Le,Vlastislav Cepo,KO/TKO,1,1:55,3,0,,,,,,,,,,,,,,,,
2019-12-21,Driller Promotions - Mecca 16,,Thomas Petersen,B.J. Lacy,Thomas Petersen,KO/TKO,1,2:12,3,0,,,,,,,,,,,,,,,,
2019-12-22,ProFC 66 - Professional Fighting Championship 66,,Nursulton Ruziboev,Boris Miroshnichenko,Boris Miroshnichenko,DEC,3,5:00,3,0,,,,,,,,,,,,,,,,
2019-12-27,Brave CF 33 - Brave Combat Federation 33,,Sam Patterson,Cian Cowley,Sam Patterson,SUB,3,N/A,3,0,,,,,,,,,,,,,,,,
2019-12-29,Bellator 237 - Fedor vs. Rampage,,Michael Page,Shinsho Anzai,Michael Page,KO/TKO,2,0:23,3,0,,,,,,,,,,,,,,,,
2019-12-31,Rizin FF - Rizin 20,,Kai Asakura,Manel Kape,Manel Kape,KO/TKO,2,0:38,3,0,,,,,,,,,,,,,,,,
2019-12-31,Rizin FF - Rizin 20,,Tofiq Musayev,Patricky Freire,Tofiq Musayev,DEC,3,5:00,3,0,,,,,,,,,,,,,,,,
2019-12-31,Rizin FF - Rizin 20,,Tofiq Musayev,Johnny Case,Tofiq Musayev,KO/TKO,1,2:47,3,0,,,,,,,,,,,,,,,,
2020-01-03,WLF - W.A.R.S. 41,,Qileng Aori,Khizri Abdulaev,Qileng Aori,KO/TKO,2,0:18,3,0,,,,,,,,,,,,,,,,
2020-01-11,SHP 54 - Strike Hard Productions 54,,Treston Vines,Alvin Davis,Treston Vines,KO/TKO,1,4:38,3,0,,,,,,,,,,,,,,,,
2020-01-18,UFC 246 - McGregor vs. Cerrone,,Tim Elliott,Askar Askarov,Askar Askarov,DEC,3,5:00,3,0,,,,,,,,,,,,,,,,
2020-01-18,UFC 246 - McGregor vs. Cerrone,,J.J. Aldrich,Sabina Mazo,Sabina Mazo,S-DEC,3,5:00,3,0,,,,,,,,,,,,,,,,
2020-01-18,UFC 246 - McGregor vs. Cerrone,,Nasrat Haqparast,Drew Dober,Drew Dober,KO/TKO,1,1:10,3,0,,,,,,,,,,,,,,,,
2020-01-18,UFC 246 - McGregor vs. Cerrone,,Diego Ferreira,Anthony Pettis,Diego Ferreira,SUB,2,1:46,3,0,,,,,,,,,,,,,,,,
2020-01-18,FEN 27 - Rebecki vs. Magomedov,,Mateusz Rebecki,Magomed Magomedov,Mateusz Rebecki,KO/TKO,2,4:30,3,0,,,,,,,,,,,,,,,,
2020-01-25,UFC Fight Night 166 - Blaydes vs. dos Santos,,Montel Jackson,Felipe Colares,Montel Jackson,DEC,3,5:00,3,0,,,,,,,,,,,,,,,,
2020-01-25,UFC Fight Night 166 - Blaydes vs. dos Santos,,Curtis Blaydes,Junior dos Santos,Curtis Blaydes,KO/TKO,2,1:06,5,0,,,,,,,,,,,,,,,,
2020-01-25,UFC Fight Night 166 - Blaydes vs. dos Santos,,Alex Perez,Jordan Espinosa,Alex Perez,SUB,1,2:33,3,0,,,,,,,,,,,,,,,,
2020-01-26,WFC 1 - Warriors Fighting Championship 1,,Chungreng Koren,Mohammed Alfran Khan,Chungreng Koren,KO/TKO,1,1:47,3,0,,,,,,,,,,,,,,,,
2020-01-31,LFA 81 - Emmers vs. Barbosa,,Vanessa Demopoulos,Lovethpatra Young,Vanessa Demopoulos,DEC,3,5:00,3,0,,,,,,,,,,,,,,,,
2020-01-31,LFA 81 - Emmers vs. Barbosa,,Jamall Emmers,Rafael Barbosa,Jamall Emmers,SUB,3,2:39,3,0,,,,,,,,,,,,,,,,
2020-01-31,Jungle Fight 101 - Contagem,,Eduardo Henrique,Robert Marcelo Correa de Oliveira,Eduardo Henrique,SUB,1,3:45,3,0,,,,,,,,,,,,,,,,
2020-02-01,HCC 21 - Haidar Capixaba Combat 21,,Luis Felipe Dias,Fabian Armoa,Luis Felipe Dias,SUB,1,1:54,3,0,,,,,,,,,,,,,,,,
2020-02-07,One Championship - Warrior's Code,,Reinier de Ridder,Leandro Ataides,Reinier de Ridder,DEC,3,5:00,3,0,,,,,,,,,,,,,,,,
2020-02-08,ExciteFight - Conquest of the Cage,,Brady Hiestand,Shane Sargent,Brady Hiestand,SUB,1,0:31,3,0,,,,,,,,,,,,,,,,
2020-02-08,UFC 247 - Jones vs. Reyes,,Dan Ige,Mirsad Bektic,Dan Ige,S-DEC,3,5:00,3,0,,,,,,,,,,,,,,,,
2020-02-08,UFC 247 - Jones vs. Reyes,,Miles Johns,Mario Bautista,Mario Bautista,KO/TKO,2,1:41,3,0,,,,,,,,,,,,,,,,
2020-02-15,UFC Fight Night 167 - Anderson vs. Blachowicz 2,,Nathaniel Wood,John Dodson,John Dodson,KO/TKO,3,0:16,3,0,,,,,,,,,,,,,,,,
2020-02-15,UFC Fight Night 167 - Anderson vs. Blachowicz 2,,Daniel Rodriguez,Tim Means,Daniel Rodriguez,SUB,2,3:37,3,0,,,,,,,,,,,,,,,,
2020-02-15,UFC Fight Night 167 - Anderson vs. Blachowicz 2,,Jan Blachowicz,Corey Anderson,Jan Blachowicz,KO/TKO,1,3:08,5,0,,,,,,,,,,,,,,,,
2020-02-15,Oktagon MMA - Oktagon Prime 3: Strbak vs. Legierski,,Ludovit Klein,Lukasz Sajewski,Ludovit Klein,KO/TKO,1,3:49,3,0,,,,,,,,,,,,,,,,
2020-02-15,Eagles FC - Next Level,,Rizvan Kuniev,Ruud Vernooij,Rizvan Kuniev,DEC,3,5:00,3,0,,,,,,,,,,,,,,,,
2020-02-16,WFL MMA 4 - World Fighting League MMA 4,,Losene Keita,Tayron Agtereek Chavarro,Losene Keita,KO/TKO,1,0:00,3,0,,,,,,,,,,,,,,,,
2020-02-21,Bellator 239 - Ruth vs. Amosov,,Christian Edwards,DiMarcco Hutchison,Christian Edwards,DEC,3,5:00,3,0,,,,,,,,,,,,,,,,
2020-02-21,Combate Americas 55 - Garcia vs. Bandenay,,Edgar Chairez,David Ruiz,Edgar Chairez,SUB,2,3:58,3,0,,,,,,,,,,,,,,,,
2020-02-21,Combate Americas 55 - Garcia vs. Bandenay,,Rafa Garcia,Humberto Bandenay,Rafa Garcia,DEC,3,5:00,3,0,,,,,,,,,,,,,,,,
2020-02-21,ROC 71 - Ring of Combat 71,,Dennis Buzukja,Tim Dooling,Dennis Buzukja,DEC,3,5:00,3,0,,,,,,,,,,,,,,,,
2020-02-21,Bellator 239 - Ruth vs. Amosov,,Tyrell Fortune,Tim Johnson,Tim Johnson,KO/TKO,1,2:35,3,0,,,,,,,,,,,,,,,,
2020-02-21,LFA 82 - Polizzi vs. Pogues,,Thomas Petersen,Brian Peterson,Thomas Petersen,KO/TKO,1,1:52,3,0,,,,,,,,,,,,,,,,
2020-02-23,UFC Fight Night 168 - Felder vs. Hooker,,Dan Hooker,Paul Felder,Dan Hooker,S-DEC,5,5:00,5,0,,,,,,,,,,,,,,,,
2020-02-23,UFC Fight Night 168 - Felder vs. Hooker,,Xiaonan Yan,Karolina Kowalkiewicz,Xiaonan Yan,DEC,3,5:00,3,0,,,,,,,,,,,,,,,,
2020-02-23,UFC Fight Night 168 - Felder vs. Hooker,,Jalin Turner,Joshua Culibao,Jalin Turner,KO/TKO,2,3:01,3,0,,,,,,,,,,,,,,,,
2020-02-26,Inka 33 - Pinedo vs. De Santana,,Kevin Borjas,Manuel Bugueno,Kevin Borjas,KO/TKO,1,2:23,3,0,,,,,,,,,,,,,,,,
2020-02-29,UFC Fight Night 169 - Benavidez vs. Figueiredo,,Norma Dumont,Megan Anderson,Megan Anderson,KO/TKO,1,3:31,3,0,,,,,,,,,,,,,,,,
2020-02-29,Eternal MMA 51 - Perth,,Casey O'Neill,Caitlin McEwen,Casey O'Neill,DEC,3,5:00,3,0,,,,,,,,,,,,,,,,
2020-02-29,UFC Fight Night 169 - Benavidez vs. Figueiredo,,Serghei Spivac,Marcin Tybura,Marcin Tybura,DEC,3,5:00,3,0,,,,,,,,,,,,,,,,
2020-02-29,SFT 21 - Faria vs. Carrasco,,Manoel Sousa,Vandirson Alves,Manoel Sousa,KO/TKO,1,1:52,3,0,,,,,,,,,,,,,,,,
2020-02-29,UFC Fight Night 169 - Benavidez vs. Figueiredo,,Magomed Ankalaev,Ion Cutelaba,Magomed Ankalaev,KO/TKO,1,0:38,3,0,,,,,,,,,,,,,,,,
2020-03-01,MMA Series 1 - Time of New Heroes 4,,Mark Vologdin,Oyatullo Muminov,Oyatullo Muminov,SUB,1,2:59,3,0,,,,,,,,,,,,,,,,
2020-03-04,FFC 43 - Varela vs. Mollinedo 2,,Esteban Ribovics,Jose Zarauz,Esteban Ribovics,KO/TKO,3,4:40,3,0,,,,,,,,,,,,,,,,
2020-03-06,LFA 83 - Jackson vs. Chaulet,,Hailey Cowan,Brittney Cloudy,Hailey Cowan,S-DEC,3,5:00,3,0,,,,,,,,,,,,,,,,
2020-03-07,UFC 248 - Adesanya vs. Romero,,Rodolfo Vieira,Saparbek Safarov,Rodolfo Vieira,SUB,1,2:58,3,0,,,,,,,,,,,,,,,,
2020-03-07,OCL - Ohio Combat League 7: Arnold Sports Festival - All Professional Card,,Josiah Harrell,William Worley,Josiah Harrell,SUB,2,4:25,3,0,,,,,,,,,,,,,,,,
2020-03-07,UFC 248 - Adesanya vs. Romero,,Giga Chikadze,Jamall Emmers,Giga Chikadze,S-DEC,3,5:00,3,0,,,,,,,,,,,,,,,,
2020-03-07,UFC 248 - Adesanya vs. Romero,,Drakkar Klose,Beneil Dariush,Beneil Dariush,KO/TKO,2,1:00,3,0,,,,,,,,,,,,,,,,
2020-03-07,Eternal MMA 52 - Gold Coast,,Jack Jenkins,Diego Pereira,Jack Jenkins,SUB,4,4:01,5,0,,,,,,,,,,,,,,,,
2020-03-07,UFC 248 - Adesanya vs. Romero,,Neil Magny,Jingliang Li,Neil Magny,DEC,3,5:00,3,0,,,,,,,,,,,,,,,,
2020-03-07,Eternal MMA 52 - Gold Coast,,Steve Erceg,Shannon Ross,Steve Erceg,SUB,1,4:28,3,0,,,,,,,,,,,,,,,,
2020-03-07,UFC 248 - Adesanya vs. Romero,,Israel Adesanya,Yoel Romero,Israel Adesanya,DEC,5,5:00,5,0,,,,,,,,,,,,,,,,
2020-03-08,Cidade da Luta - Cidade da Luta 5,,Jean Silva,Tamyray Lacerda,Jean Silva,KO/TKO,1,4:28,3,0,,,,,,,,,,,,,,,,
2020-03-08,Cidade da Luta - Cidade da Luta 5,,Luis Felipe Dias,Hemerson de Souza,Luis Felipe Dias,KO/TKO,2,4:00,3,0,,,,,,,,,,,,,,,,
2020-03-14,UFC Fight Night 170 - Lee vs. Oliveira,,Brandon Moreno,Jussier Formiga,Brandon Moreno,DEC,3,5:00,3,0,,,,,,,,,,,,,,,,
2020-03-20,CW 113 - Cage Warriors 113,,Mason Jones,Joe McColgan,Mason Jones,KO/TKO,1,4:14,3,0,,,,,,,,,,,,,,,,
2020-04-26,WLF - W.A.R.S. 42,,Long Xiao,Yundong Chen,Long Xiao,DEC,3,5:00,3,0,,,,,,,,,,,,,,,,
2020-04-26,WLF - W.A.R.S. 42,,Maheshate Hayisaer,Yasen Sailikebieke,Maheshate Hayisaer,KO/TKO,2,0:50,3,0,,,,,,,,,,,,,,,,
2020-05-09,UFC 249 - Ferguson vs. Gaethje,,Ryan Spann,Sam Alvey,Ryan Spann,S-DEC,3,5:00,3,0,,,,,,,,,,,,,,,,
2020-05-09,UFC 249 - Ferguson vs. Gaethje,,Vicente Luque,Niko Price,Vicente Luque,KO/TKO,3,3:37,3,0,,,,,,,,,,,,,,,,
2020-05-13,UFC Fight Night 171 - Smith vs. Teixeira,,Ricky Simon,Ray Borg,Ricky Simon,S-DEC,3,5:00,3,0,,,,,,,,,,,,,,,,
2020-05-16,UFC on ESPN 8 - Overeem vs. Harris,,Marlon Vera,Yadong Song,Yadong Song,DEC,3,5:00,3,0,,,,,,,,,,,,,,,,
2020-05-16,UFC on ESPN 8 - Overeem vs. Harris,,Giga Chikadze,Irwin Rivera,Giga Chikadze,DEC,3,5:00,3,0,,,,,,,,,,,,,,,,
2020-05-16,UFC on ESPN 8 - Overeem vs. Harris,,Dan Ige,Edson Barboza,Dan Ige,S-DEC,3,5:00,3,0,,,,,,,,,,,,,,,,
2020-05-16,UFC on ESPN 8 - Overeem vs. Harris,,Anthony Hernandez,Kevin Holland,Kevin Holland,KO/TKO,1,0:39,3,0,,,,,,,,,,,,,,,,
2020-05-16,UFC on ESPN 8 - Overeem vs. Harris,,Darren Elkins,Nate Landwehr,Nate Landwehr,DEC,3,5:00,3,0,,,,,,,,,,,,,,,,
2020-05-22,WLF - W.A.R.S. 43,,Zhu Rong,Wusikenbieke Huwannixi,Zhu Rong,KO/TKO,1,1:47,3,0,,,,,,,,,,,,,,,,
2020-05-22,WLF - W.A.R.S. 43,,Long Xiao,Kuerban Wubukasimu,Long Xiao,KO/TKO,1,2:22,3,0,,,,,,,,,,,,,,,,
2020-05-30,UFC on ESPN 9 - Woodley vs. Burns,,Tim Elliott,Brandon Royval,Brandon Royval,SUB,2,3:18,3,0,,,,,,,,,,,,,,,,
2020-05-30,UFC on ESPN 9 - Woodley vs. Burns,,Mackenzie Dern,Hannah Cifers,Mackenzie Dern,SUB,1,2:36,3,0,,,,,,,,,,,,,,,,
2020-05-30,UFC on ESPN 9 - Woodley vs. Burns,,Billy Quarantillo,Spike Carlyle,Billy Quarantillo,DEC,3,5:00,3,0,,,,,,,,,,,,,,,,
2020-05-30,UFC on ESPN 9 - Woodley vs. Burns,,Daniel Rodriguez,Gabriel Green,Daniel Rodriguez,DEC,3,5:00,3,0,,,,,,,,,,,,,,,,
2020-06-06,UFC 250 - Nunes vs. Spencer,,Alonzo Menifield,Devin Clark,Devin Clark,DEC,3,5:00,3,0,,,,,,,,,,,,,,,,
2020-06-06,UFC 250 - Nunes vs. Spencer,,Alex Perez,Jussier Formiga,Alex Perez,KO/TKO,1,4:06,3,0,,,,,,,,,,,,,,,,
2020-06-06,UFC 250 - Nunes vs. Spencer,,Neil Magny,Anthony Rocco Martin,Neil Magny,DEC,3,5:00,3,0,,,,,,,,,,,,,,,,
2020-06-13,UFC on ESPN 10 - Eye vs. Calvillo,,Charles Jourdain,Andre Fili,Andre Fili,S-DEC,3,5:00,3,0,,,,,,,,,,,,,,,,
2020-06-13,FEN 28 - LOTOS Fight Night,,Mateusz Rebecki,Fabiano Silva,Mateusz Rebecki,KO/TKO,1,4:37,3,0,,,,,,,,,,,,,,,,
2020-06-19,WLF - W.A.R.S. 44,,Long Xiao,Jinbo Zou,Long Xiao,SUB,1,N/A,3,0,,,,,,,,,,,,,,,,
2020-06-19,WLF - W.A.R.S. 44,,Maheshate Hayisaer,Rongshuai Zhu,Maheshate Hayisaer,KO/TKO,2,1:09,3,0,,,,,,,,,,,,,,,,
2020-06-20,UFC on ESPN 11 - Blaydes vs. Volkov,,Curtis Blaydes,Alexander Volkov,Curtis Blaydes,DEC,5,5:00,5,0,,,,,,,,,,,,,,,,
2020-06-20,UFC on ESPN 11 - Blaydes vs. Volkov,,Gillian Robertson,Cortney Casey,Gillian Robertson,SUB,3,4:36,3,0,,,,,,,,,,,,,,,,
2020-06-27,UFC on ESPN 12 - Poirier vs. Hooker,,Dan Hooker,Dustin Poirier,Dustin Poirier,DEC,5,5:00,5,0,,,,,,,,,,,,,,,,
2020-06-27,UFC on ESPN 12 - Poirier vs. Hooker,,Sean Woodson,Julian Erosa,Julian Erosa,SUB,3,2:44,3,0,,,,,,,,,,,,,,,,
2020-07-11,UFC 251 - Usman vs. Masvidal,,Muslim Salikhov,Elizeu Zaleski dos Santos,Muslim Salikhov,S-DEC,3,5:00,3,0,,,,,,,,,,,,,,,,
2020-07-11,KSW 53 - Reborn,,Mateusz Gamrot,Norman Parke,Mateusz Gamrot,KO/TKO,3,3:02,3,0,,,,,,,,,,,,,,,,
2020-07-11,UFC 251 - Usman vs. Masvidal,,Marcin Tybura,Maxim Grishin,Marcin Tybura,DEC,3,5:00,3,0,,,,,,,,,,,,,,,,
2020-07-11,MMA Series 9 - Time of New Heroes 7,,Mark Vologdin,Beksultan Zhunusali,Mark Vologdin,SUB,1,0:37,3,0,,,,,,,,,,,,,,,,
2020-07-15,UFC on ESPN 13 - Kattar vs. Ige,,Dan Ige,Calvin Kattar,Calvin Kattar,DEC,5,5:00,5,0,,,,,,,,,,,,,,,,
2020-07-15,UFC on ESPN 13 - Kattar vs. Ige,,Tim Elliott,Ryan Benoit,Tim Elliott,DEC,3,5:00,3,0,,,,,,,,,,,,,,,,
2020-07-15,UFC on ESPN 13 - Kattar vs. Ige,,Modestas Bukauskas,Andreas Michailidis,Modestas Bukauskas,KO/TKO,1,5:00,3,0,,,,,,,,,,,,,,,,
2020-07-17,LFA 85 - Hughes vs. Demopoulos,,Vanessa Demopoulos,Sam Hughes,Vanessa Demopoulos,SUB,4,2:21,5,0,,,,,,,,,,,,,,,,
2020-07-18,UFC Fight Night 172 - Figueiredo vs. Benavidez 2,,Montel Jackson,Brett Johns,Brett Johns,DEC,3,5:00,3,0,,,,,,,,,,,,,,,,
2020-07-18,UFC Fight Night 172 - Figueiredo vs. Benavidez 2,,Alexandre Pantoja,Askar Askarov,Askar Askarov,DEC,3,5:00,3,0,,,,,,,,,,,,,,,,
2020-07-18,UFC Fight Night 172 - Figueiredo vs. Benavidez 2,,Arman Tsarukyan,Davi Ramos,Arman Tsarukyan,DEC,3,5:00,3,0,,,,,,,,,,,,,,,,
2020-07-18,UFC Fight Night 172 - Figueiredo vs. Benavidez 2,,Serghei Spivac,Carlos Felipe,Serghei Spivac,S-DEC,3,5:00,3,0,,,,,,,,,,,,,,,,
2020-07-18,UFC Fight Night 172 - Figueiredo vs. Benavidez 2,,Roman Dolidze,Khadis Ibragimov,Roman Dolidze,KO/TKO,1,4:15,3,0,,,,,,,,,,,,,,,,
2020-07-18,UFC Fight Night 172 - Figueiredo vs. Benavidez 2,,Joel Alvarez,Joseph Duffy,Joel Alvarez,SUB,1,2:25,3,0,,,,,,,,,,,,,,,,
2020-07-23,Titan FC 62 - McCown vs. Gooden,,Muhammadjon Naimov,Josh Augustine,Muhammadjon Naimov,KO/TKO,2,0:22,3,0,,,,,,,,,,,,,,,,
2020-07-24,ACA 107 - Grandpower,,Abubakar Vagaev,Gadzhimurad Khiramagomedov,Abubakar Vagaev,DEC,3,5:00,3,0,,,,,,,,,,,,,,,,
2020-07-25,UFC on ESPN 14 - Whittaker vs. Till,,John Castaneda,Nathaniel Wood,Nathaniel Wood,DEC,3,5:00,3,0,,,,,,,,,,,,,,,,
2020-07-25,Double G FC 4 - Double G Fighting Championship 4,,Bo Hyun Park,Hyun Ji Jang,Bo Hyun Park,SUB,3,4:53,3,0,,,,,,,,,,,,,,,,
2020-07-26,Shooto Brazil - Solidariedade,,Valesca Machado,Karen Thalita,Valesca Machado,KO/TKO,1,2:12,3,0,,,,,,,,,,,,,,,,
2020-07-31,UAE Warriors - UAE Warriors 12,,Manon Fiorot,Corinne Laframboise,Manon Fiorot,KO/TKO,3,1:52,3,0,,,,,,,,,,,,,,,,
2020-07-31,FNC 3 - Fight Nation Championship 3,,Milos Janicic,Tonci Perusko,Milos Janicic,SUB,1,1:15,3,0,,,,,,,,,,,,,,,,
2020-08-01,UFC Fight Night 173 - Brunson vs. Shahbazyan,,Edmen Shahbazyan,Derek Brunson,Derek Brunson,KO/TKO,3,0:26,5,0,,,,,,,,,,,,,,,,
2020-08-01,UFC Fight Night 173 - Brunson vs. Shahbazyan,,Jamall Emmers,Vince Cachero,Jamall Emmers,DEC,3,5:00,3,0,,,,,,,,,,,,,,,,
2020-08-01,UFC Fight Night 173 - Brunson vs. Shahbazyan,,Vicente Luque,Randy Brown,Vicente Luque,KO/TKO,2,4:56,3,0,,,,,,,,,,,,,,,,
2020-08-04,Dana White's Contender Series - Contender Series 2020: Week 1,,Uros Medic,Mikey Gonzalez,Uros Medic,KO/TKO,1,2:12,3,0,,,,,,,,,,,,,,,,
2020-08-04,Dana White's Contender Series - Contender Series 2020: Week 1,,Dustin Jacoby,Ty Flores,Dustin Jacoby,DEC,3,5:00,3,0,,,,,,,,,,,,,,,,
2020-08-08,UFC Fight Night 174 - Lewis vs. Oleynik,,Nasrat Haqparast,Alex Munoz,Nasrat Haqparast,DEC,3,5:00,3,0,,,,,,,,,,,,,,,,
2020-08-10,Rizin FF - Rizin 23,,Kai Asakura,Hiromasa Ougikubo,Kai Asakura,KO/TKO,1,4:31,3,0,,,,,,,,,,,,,,,,
2020-08-11,Dana White's Contender Series - Contender Series 2020: Week 2,,Vanessa Demopoulos,Cory McKenna,Cory McKenna,DEC,3,5:00,3,0,,,,,,,,,,,,,,,,
2020-08-11,Dana White's Contender Series - Contender Series 2020: Week 2,,Dustin Stoltzfus,Joe Pyfer,Dustin Stoltzfus,KO/TKO,1,4:21,3,0,,,,,,,,,,,,,,,,
2020-08-13,CFFC 83 - Cage Fury Fighting Championships 83,,Elise Reed,Jasmine Jasudavicius,Elise Reed,S-DEC,4,5:00,5,0,,,,,,,,,,,,,,,,
2020-08-15,UFC 252 - Miocic vs. Cormier 3,,Marlon Vera,Sean O'Malley,Marlon Vera,KO/TKO,1,4:40,3,0,,,,,,,,,,,,,,,,
2020-08-15,Brave CF 39 - Brave Combat Federation 39,,Felipe Lima,Farbod Iran Nezhad,Felipe Lima,DEC,3,5:00,3,0,,,,,,,,,,,,,,,,
2020-08-15,MMA Series 12 - Time of New Heroes 9,,Mark Vologdin,Sanjarbek Kurbanov,Mark Vologdin,KO/TKO,2,2:10,3,0,,,,,,,,,,,,,,,,
2020-08-21,WLF - W.A.R.S. 46,,Zhu Rong,Jiaqiang Han,Zhu Rong,SUB,1,2:01,3,0,,,,,,,,,,,,,,,,
2020-08-21,WLF - W.A.R.S. 46,,Long Xiao,Yunfeng Li,Long Xiao,DEC,3,5:00,3,0,,,,,,,,,,,,,,,,
2020-08-22,FEN 29 - LOTOS Fight Night 2: Ostroda,,Robert Bryczek,Jacek Jedraszczyk,Robert Bryczek,KO/TKO,1,1:12,3,0,,,,,,,,,,,,,,,,
2020-08-22,MGL-1 Fighting Championship - MGL-1 FC 14,,Dagiisuren Chagnaadorj,Zolbayar Uuganbayar,Dagiisuren Chagnaadorj,DEC,3,5:00,3,0,,,,,,,,,,,,,,,,
2020-08-22,UFC on ESPN 15 - Munhoz vs. Edgar,,Amanda Lemos,Mizuki Inoue,Amanda Lemos,DEC,3,5:00,3,0,,,,,,,,,,,,,,,,
2020-08-22,UFC on ESPN 15 - Munhoz vs. Edgar,,Daniel Rodriguez,Dwight Grant,Daniel Rodriguez,KO/TKO,1,2:24,3,0,,,,,,,,,,,,,,,,
2020-08-22,GFC 27 - Gorilla Fighting 27,,Saygid Izagakhmaev,Rasul Mammaev,Saygid Izagakhmaev,DEC,5,5:00,5,0,,,,,,,,,,,,,,,,
2020-08-23,Shooto Brazil 100 - Dias vs. Antunes,,Luis Felipe Dias,Vanilton Antunes,Luis Felipe Dias,SUB,1,4:10,3,0,,,,,,,,,,,,,,,,
2020-08-23,Shooto Brazil 100 - Dias vs. Antunes,,Lucas Fernando,Diego Dias,Diego Dias,DEC,3,5:00,3,0,,,,,,,,,,,,,,,,
2020-08-28,Titan FC 63 - Usman vs. Hodges,,Ryan Kuse,Earnest Walls,Ryan Kuse,KO/TKO,1,4:27,3,0,,,,,,,,,,,,,,,,
2020-08-29,UFC Fight Night 175 - Smith vs. Rakic,,Alexa Grasso,Ji Yeon Kim,Alexa Grasso,DEC,3,5:00,3,0,,,,,,,,,,,,,,,,
2020-08-29,SHP 55 - Strike Hard Productions 55,,Treston Vines,Bryan McDowell,Treston Vines,KO/TKO,2,2:36,3,0,,,,,,,,,,,,,,,,
2020-08-29,UFC Fight Night 175 - Smith vs. Rakic,,Neil Magny,Robbie Lawler,Neil Magny,DEC,3,5:00,3,0,,,,,,,,,,,,,,,,
2020-08-29,KSW 54 - Gamrot vs. Ziolkowski,,Mateusz Gamrot,Marian Ziolkowski,Mateusz Gamrot,DEC,5,5:00,5,0,,,,,,,,,,,,,,,,
2020-08-29,UFC Fight Night 175 - Smith vs. Rakic,,Aleksandar Rakic,Anthony Smith,Aleksandar Rakic,DEC,3,5:00,5,0,,,,,,,,,,,,,,,,
2020-09-01,Dana White's Contender Series - Contender Series 2020: Week 5,,Dennis Buzukja,Melsik Baghdasaryan,Melsik Baghdasaryan,DEC,3,5:00,3,0,,,,,,,,,,,,,,,,
2020-09-04,UWC Mexico 23 - Supremacy,,Edgar Chairez,Jesus Santos Aguilar,Jesus Santos Aguilar,SUB,5,4:41,5,0,,,,,,,,,,,,,,,,
2020-09-04,LFA 90 - Lazishvili vs. Steele,,Ignacio Bahamondes,Chris Brown,Ignacio Bahamondes,S-DEC,3,5:00,3,0,,,,,,,,,,,,,,,,
2020-09-05,UFC Fight Night 176 - Overeem vs. Sakai,,Alonzo Menifield,Ovince St. Preux,Ovince St. Preux,KO/TKO,2,4:07,3,0,,,,,,,,,,,,,,,,
2020-09-05,FF 2 - Federal Fight 2,,Ismael Bonfim,Joao Lucas Neto,Ismael Bonfim,KO/TKO,1,1:12,3,0,,,,,,,,,,,,,,,,
2020-09-11,LFA 91 - Njokuani vs. Torres,,Chidi Njokuani,Cristian Torres,Chidi Njokuani,KO/TKO,2,4:10,3,0,,,,,,,,,,,,,,,,
2020-09-11,LFA 91 - Njokuani vs. Torres,,Hailey Cowan,Kelly Clayton,Kelly Clayton,SUB,2,0:46,3,0,,,,,,,,,,,,,,,,
2020-09-11,Bellator 245 - Davis vs. Machida 2,,Tyrell Fortune,Jack May,nc,NC,1,2:42,3,0,,,,,,,,,,,,,,,,
2020-09-12,JCK - Jue Cheng King: Night Qualifier 8,,Meng Ding,Apaer Aerdake,Meng Ding,KO/TKO,1,1:57,3,0,,,,,,,,,,,,,,,,
2020-09-12,UFC Fight Night 177 - Waterson vs. Hill,,Jalin Turner,Brok Weaver,Jalin Turner,SUB,2,4:20,3,0,,,,,,,,,,,,,,,,
2020-09-12,UFC Fight Night 177 - Waterson vs. Hill,,Billy Quarantillo,Kyle Nelson,Billy Quarantillo,KO/TKO,3,0:07,3,0,,,,,,,,,,,,,,,,
2020-09-15,Dana White's Contender Series - Contender Series 2020: Week 7,,Muhammadjon Naimov,Collin Anglin,Collin Anglin,DEC,3,5:00,3,0,,,,,,,,,,,,,,,,
2020-09-15,Dana White's Contender Series - Contender Series 2020: Week 7,,Gregory Rodrigues,Jordan Williams,Jordan Williams,KO/TKO,1,2:19,3,0,,,,,,,,,,,,,,,,
2020-09-17,Brave CF 41 - Brave Combat Federation 41,,Sam Patterson,Felipe Silva,Sam Patterson,KO/TKO,1,2:12,3,0,,,,,,,,,,,,,,,,
2020-09-18,LUX 010 - Monterrey,,Gianni Vazquez,Antonio Rodriguez,Antonio Rodriguez,DEC,3,5:00,3,0,,,,,,,,,,,,,,,,
2020-09-19,UFC Fight Night 178 - Covington vs. Woodley,,Ryan Spann,Johnny Walker,Johnny Walker,KO/TKO,1,2:43,3,0,,,,,,,,,,,,,,,,
2020-09-19,UFC Fight Night 178 - Covington vs. Woodley,,Mackenzie Dern,Randa Markos,Mackenzie Dern,SUB,1,3:44,3,0,,,,,,,,,,,,,,,,
2020-09-24,iFF 1 - iKon Fighting Federation 1,,Sedriques Dumas,Clarence Brown,Sedriques Dumas,SUB,1,2:53,3,0,,,,,,,,,,,,,,,,
2020-09-24,CW 114 - Cage Warriors 114,,Oban Elliott,Michal Figlak,Michal Figlak,KO/TKO,3,2:47,3,0,,,,,,,,,,,,,,,,
2020-09-25,UAE Warriors - UAE Warriors 13,,Casey O'Neill,Christina Stelliou,Casey O'Neill,KO/TKO,2,2:12,3,0,,,,,,,,,,,,,,,,
2020-09-25,UAE Warriors - UAE Warriors 13,,Manon Fiorot,Naomi Tataroglu,Manon Fiorot,KO/TKO,2,3:00,3,0,,,,,,,,,,,,,,,,
2020-09-25,WLF - W.A.R.S. 47,,Zhu Rong,Nuerdanbieke Shayilan,Zhu Rong,KO/TKO,1,2:05,3,0,,,,,,,,,,,,,,,,
2020-09-25,WLF - W.A.R.S. 47,,Maheshate Hayisaer,Akenbieke Ayijiake,Maheshate Hayisaer,DEC,3,5:00,3,0,,,,,,,,,,,,,,,,
2020-09-25,CW 115 - Cage Warriors 115,,Ian Garry,George McManus,Ian Garry,KO/TKO,2,3:17,3,0,,,,,,,,,,,,,,,,
2020-09-26,GMC Fight Night - Grabinski vs. Stoimenov,,Oumar Sy,Mehdi Matajev,Oumar Sy,SUB,1,0:00,3,0,,,,,,,,,,,,,,,,
2020-09-26,CW 116 - Cage Warriors 116,,Mason Jones,Adam Proctor,Mason Jones,KO/TKO,1,4:31,3,0,,,,,,,,,,,,,,,,
2020-09-26,UFC 253 - Adesanya vs. Costa,,Jan Blachowicz,Dominick Reyes,Jan Blachowicz,KO/TKO,2,4:36,3,0,,,,,,,,,,,,,,,,
2020-09-26,UFC 253 - Adesanya vs. Costa,,Ludovit Klein,Shane Young,Ludovit Klein,KO/TKO,1,1:16,3,0,,,,,,,,,,,,,,,,
2020-09-26,MMA Series 15 - Time of New Heroes 10,,Mark Vologdin,Bektursun Kaiypnazar,Mark Vologdin,KO/TKO,2,5:00,3,0,,,,,,,,,,,,,,,,
2020-09-26,Oktagon MMA - Oktagon 16: Rysavy vs. Paradeiser,,Alexander Poppeck,Csaba Hocz,Alexander Poppeck,DEC,3,5:00,3,0,,,,,,,,,,,,,,,,
2020-09-26,UFC 253 - Adesanya vs. Costa,,Israel Adesanya,Paulo Costa,Israel Adesanya,KO/TKO,2,3:59,5,0,,,,,,,,,,,,,,,,
2020-09-27,Rizin FF - Rizin 24,,Kai Asakura,Shoji Maruyama,Kai Asakura,KO/TKO,1,2:37,3,0,,,,,,,,,,,,,,,,
2020-09-30,WKG & M-1 Global - World Kings Glory,,Ailinuer Ahejiang,Pengchao Feng,Ailinuer Ahejiang,SUB,2,1:30,3,0,,,,,,,,,,,,,,,,
2020-10-03,FEN 30 - LOTOS Fight Night 3,,Robert Bryczek,Virgiliu Frasineac,Robert Bryczek,KO/TKO,5,3:30,5,0,,,,,,,,,,,,,,,,
2020-10-03,UFC on ESPN 16 - Holm vs. Aldana,,Heili Alateng,Casey Kenney,Casey Kenney,DEC,3,5:00,3,0,,,,,,,,,,,,,,,,
2020-10-03,UFC on ESPN 16 - Holm vs. Aldana,,Charles Jourdain,Joshua Culibao,draw,DRAW,3,5:00,3,0,,,,,,,,,,,,,,,,
2020-10-03,AFC 5 - Alabama Fighting Championship: Five On It,,Trevor Peek,Stephen Wilhite,nc,NC,1,3:39,3,0,,,,,,,,,,,,,,,,
2020-10-03,AFC 5 - Alabama Fighting Championship: Five On It,,Tresean Gore,Christian Echols,Tresean Gore,SUB,1,2:17,3,0,,,,,,,,,,,,,,,,
2020-10-03,UFC on ESPN 16 - Holm vs. Aldana,,Dusko Todorovic,Dequan Townsend,Dusko Todorovic,KO/TKO,2,3:15,3,0,,,,,,,,,,,,,,,,
2020-10-04,ACA 112 - Jubileu vs. Dudaev,,Abubakar Vagaev,Yasubey Enomoto,Abubakar Vagaev,DEC,3,5:00,3,0,,,,,,,,,,,,,,,,
2020-10-04,Studsport - St. George Cup 5,,Valter Walker,Dmitriy Plyukhov,Valter Walker,KO/TKO,1,0:00,3,0,,,,,,,,,,,,,,,,
2020-10-10,UFC Fight Night 179 - Moraes vs. Sandhagen,,Giga Chikadze,Omar Morales,Giga Chikadze,DEC,3,5:00,3,0,,,,,,,,,,,,,,,,
2020-10-10,Bellator 248 - Kongo vs. Johnson 2,,Michael Page,Ross Houston,Michael Page,DEC,3,5:00,3,0,,,,,,,,,,,,,,,,
2020-10-10,JCK - Jue Cheng King: Night Qualifier 12,,Meng Ding,Zeyihang Zhou,Meng Ding,KO/TKO,1,2:28,3,0,,,,,,,,,,,,,,,,
2020-10-10,UFC Fight Night 179 - Moraes vs. Sandhagen,,Edson Barboza,Makwan Amirkhani,Edson Barboza,DEC,3,5:00,3,0,,,,,,,,,,,,,,,,
2020-10-10,Arena Global - Arena Global 8,,Alexia Thainara,Karina Ribeiro,Alexia Thainara,DEC,3,5:00,3,0,,,,,,,,,,,,,,,,
2020-10-10,UFC Fight Night 179 - Moraes vs. Sandhagen,,Marcin Tybura,Ben Rothwell,Marcin Tybura,DEC,3,5:00,3,0,,,,,,,,,,,,,,,,
2020-10-14,Megdan Fighting 7 - For Better Times,,Milos Janicic,Ivan Sakic,Milos Janicic,SUB,1,0:00,3,0,,,,,,,,,,,,,,,,
2020-10-15,Bellator 249 - Cyborg vs. Blencowe,,Christian Edwards,Hamza Salim,Christian Edwards,SUB,2,1:28,3,0,,,,,,,,,,,,,,,,
2020-10-16,Future MMA 12 - Night of Champions,,Elves Brener,Gabriel Santos,Gabriel Santos,DEC,3,5:00,3,0,,,,,,,,,,,,,,,,
2020-10-17,UFC Fight Night 180 - Ortega vs. Korean Zombie,,Fares Ziam,Jamie Mullarkey,Fares Ziam,DEC,3,5:00,3,0,,,,,,,,,,,,,,,,
2020-10-17,UFC Fight Night 180 - Ortega vs. Korean Zombie,,Modestas Bukauskas,Jimmy Crute,Jimmy Crute,KO/TKO,1,2:01,3,0,,,,,,,,,,,,,,,,
2020-10-17,NC - Nacao Cyborg 7,,Lerryan Douglas,Emerson Rios,Lerryan Douglas,DEC,5,5:00,5,0,,,,,,,,,,,,,,,,
2020-10-17,UFC Fight Night 180 - Ortega vs. Korean Zombie,,Gillian Robertson,Poliana Botelho,Gillian Robertson,DEC,3,5:00,3,0,,,,,,,,,,,,,,,,
2020-10-17,UFC Fight Night 180 - Ortega vs. Korean Zombie,,Mateusz Gamrot,Guram Kutateladze,Guram Kutateladze,S-DEC,3,5:00,3,0,,,,,,,,,,,,,,,,
2020-10-17,Oktagon MMA - Oktagon 17: Kozma vs. Kertesz,,Vlastislav Cepo,Mateusz Strzelczyk,Mateusz Strzelczyk,SUB,2,4:21,3,0,,,,,,,,,,,,,,,,
2020-10-24,UFC 254 - Nurmagomedov vs. Gaethje,,Tai Tuivasa,Stefan Struve,Tai Tuivasa,KO/TKO,1,4:59,3,0,,,,,,,,,,,,,,,,
2020-10-24,UFC 254 - Nurmagomedov vs. Gaethje,,Nathaniel Wood,Casey Kenney,Casey Kenney,DEC,3,5:00,3,0,,,,,,,,,,,,,,,,
2020-10-24,BFC 63 - Belarusian Fighting Championship,,Shamil Gaziev,Denis Gvozdev,Shamil Gaziev,KO/TKO,1,0:23,3,0,,,,,,,,,,,,,,,,
2020-10-24,UFC 254 - Nurmagomedov vs. Gaethje,,Joel Alvarez,Alexander Yakovlev,Joel Alvarez,SUB,1,3:00,3,0,,,,,,,,,,,,,,,,
2020-10-24,UFC 254 - Nurmagomedov vs. Gaethje,,Magomed Ankalaev,Ion Cutelaba,Magomed Ankalaev,KO/TKO,1,4:19,3,0,,,,,,,,,,,,,,,,
2020-10-30,LFA 94 - Demopoulos vs. Godinez,,Vanessa Demopoulos,Lupita Godinez,Lupita Godinez,S-DEC,5,5:00,5,0,,,,,,,,,,,,,,,,
2020-10-30,LFA 94 - Demopoulos vs. Godinez,,Osman Diaz,Logan Woods,Osman Diaz,KO/TKO,1,1:36,3,0,,,,,,,,,,,,,,,,
2020-10-30,One Championship - Inside the Matrix,,Jingnan Xiong,Tiffany Teo,Jingnan Xiong,DEC,5,5:00,5,0,,,,,,,,,,,,,,,,
2020-10-30,One Championship - Inside the Matrix 2,,Bo Meng,Priscilla Hertati Lumban Gaol,Bo Meng,KO/TKO,1,1:26,3,0,,,,,,,,,,,,,,,,
2020-10-30,One Championship - Inside the Matrix,,Reinier de Ridder,Aung La N Sang,Reinier de Ridder,SUB,1,3:26,3,0,,,,,,,,,,,,,,,,
2020-10-31,WLF - W.A.R.S. 48,,Long Xiao,Shanati Shamaiti,Long Xiao,SUB,3,4:53,3,0,,,,,,,,,,,,,,,,
2020-10-31,SFT 22 - Serafim vs. Mara,,Julia Polastri,Jessica Cunha,Julia Polastri,SUB,2,4:18,3,0,,,,,,,,,,,,,,,,
2020-10-31,UFC Fight Night 181 - Hall vs. Silva,,Miles Johns,Kevin Natividad,Miles Johns,KO/TKO,3,2:51,3,0,,,,,,,,,,,,,,,,
2020-10-31,UFC Fight Night 181 - Hall vs. Silva,,Dustin Jacoby,Justin Ledet,Dustin Jacoby,KO/TKO,1,2:38,3,0,,,,,,,,,,,,,,,,
2020-11-04,Dana White's Contender Series - Contender Series 2020: Week 8,,Ignacio Bahamondes,Edson Gomez,Ignacio Bahamondes,KO/TKO,2,2:31,3,0,,,,,,,,,,,,,,,,
2020-11-05,Bellator 251 - Manhoef vs. Anderson,,Tyrell Fortune,Said Sowma,Tyrell Fortune,DEC,3,5:00,3,0,,,,,,,,,,,,,,,,
2020-11-07,UFC on ESPN 17 - Santos vs. Teixeira,,Raoni Barcelos,Khalid Taha,Raoni Barcelos,DEC,3,5:00,3,0,,,,,,,,,,,,,,,,
2020-11-07,UFC on ESPN 17 - Santos vs. Teixeira,,Giga Chikadze,Jamey Simmons,Giga Chikadze,KO/TKO,1,3:51,3,0,,,,,,,,,,,,,,,,
2020-11-07,UFC on ESPN 17 - Santos vs. Teixeira,,Xiaonan Yan,Claudia Gadelha,Xiaonan Yan,DEC,3,5:00,3,0,,,,,,,,,,,,,,,,
2020-11-07,JCK Night Cage Series - 2020 Domination Round 1: Part 2,,Meng Ding,Yuhe Zhang,Meng Ding,KO/TKO,1,1:43,3,0,,,,,,,,,,,,,,,,
2020-11-07,UFC on ESPN 17 - Santos vs. Teixeira,,Ramiz Brahimaj,Max Griffin,Max Griffin,KO/TKO,3,2:03,3,0,,,,,,,,,,,,,,,,
2020-11-07,UFC on ESPN 17 - Santos vs. Teixeira,,Darren Elkins,Luiz Eduardo Garagorri,Darren Elkins,SUB,3,2:22,3,0,,,,,,,,,,,,,,,,
2020-11-07,SBC 29 - Serbian Battle Championship 29: Revenge!,,Borislav Nikolic,Milan Stanojkovic,Borislav Nikolic,SUB,1,0:57,3,0,,,,,,,,,,,,,,,,
2020-11-12,Bellator 252 - Pitbull vs. Carvalho,,Patricio Freire,Pedro Carvalho,Patricio Freire,KO/TKO,1,2:10,3,0,,,,,,,,,,,,,,,,
2020-11-13,UWC Mexico 24 - Friday the 13th,,Yazmin Jauregui,Annely Jimenez,Yazmin Jauregui,KO/TKO,1,5:00,3,0,,,,,,,,,,,,,,,,
2020-11-14,SFT 24 - Cabecao vs. Jacare,,Manoel Sousa,Estabili Amato,Manoel Sousa,SUB,2,4:45,3,0,,,,,,,,,,,,,,,,
2020-11-20,Invicta FC 43 - King vs. Harrison,,Juliana Miller,Kendal Holowell,Juliana Miller,SUB,1,2:49,3,0,,,,,,,,,,,,,,,,
2020-11-21,UFC 255 - Figueiredo vs. Perez,,Brandon Moreno,Brandon Royval,Brandon Moreno,KO/TKO,1,4:59,3,0,,,,,,,,,,,,,,,,
2020-11-21,UFC 255 - Figueiredo vs. Perez,,Alex Perez,Deiveson Figueiredo,Deiveson Figueiredo,SUB,1,1:57,5,0,,,,,,,,,,,,,,,,
2020-11-21,Fighting Force 4 - McMahon vs. Thornton,,Ryan Kuse,Micaias Urena,Ryan Kuse,KO/TKO,2,5:00,3,0,,,,,,,,,,,,,,,,
2020-11-21,UFC 255 - Figueiredo vs. Perez,,Dustin Stoltzfus,Kyle Daukaus,Kyle Daukaus,DEC,3,5:00,3,0,,,,,,,,,,,,,,,,
2020-11-21,UFC 255 - Figueiredo vs. Perez,,Daniel Rodriguez,Nicolas Dalby,Nicolas Dalby,DEC,3,5:00,3,0,,,,,,,,,,,,,,,,
2020-11-27,UAE Warriors - UAE Warriors 14,,Manon Fiorot,Gabriela Campo,Manon Fiorot,KO/TKO,1,4:48,3,0,,,,,,,,,,,,,,,,
2020-11-28,UFC on ESPN 18 - Smith vs. Clark,,Norma Dumont,Ashlee Evans-Smith,Norma Dumont,DEC,3,5:00,3,0,,,,,,,,,,,,,,,,
2020-11-28,UFC on ESPN 18 - Smith vs. Clark,,Su Mudaerji,Malcolm Gordon,Su Mudaerji,KO/TKO,1,0:44,3,0,,,,,,,,,,,,,,,,
2020-11-28,JCK Night Cage Series - 2020 Domination Round 2: Part 2,,Meng Ding,Qi Wang,Meng Ding,KO/TKO,2,1:56,3,0,,,,,,,,,,,,,,,,
2020-11-29,Adventure Fighters Tournament - AFT 25,,Vitor Petrino,Willian Telles,Vitor Petrino,KO/TKO,1,3:06,3,0,,,,,,,,,,,,,,,,
2020-12-03,Shooto Brazil 105 - Panda vs. Lek Lek,,Marcio Barbosa,Wellington Nunes,Marcio Barbosa,KO/TKO,1,0:59,3,0,,,,,,,,,,,,,,,,
2020-12-04,EFC 30 - Eagle Fighting Championship 30,,Diyar Nurgozhay,Sergey Baryshev,Diyar Nurgozhay,KO/TKO,1,0:27,3,0,,,,,,,,,,,,,,,,
2020-12-05,UFC on ESPN 19 - Hermansson vs. Vettori,,Roman Dolidze,John Allan,Roman Dolidze,S-DEC,3,5:00,3,0,,,,,,,,,,,,,,,,
2020-12-10,FFC 44 - Basurto vs. Ribovics,,Esteban Ribovics,Javier Basurto,Esteban Ribovics,KO/TKO,1,0:07,3,0,,,,,,,,,,,,,,,,
2020-12-10,Bellator 254 - Macfarlane vs. Velasquez,,Billy Goff,Robson Gracie Jr.,Billy Goff,KO/TKO,2,1:46,3,0,,,,,,,,,,,,,,,,
2020-12-11,FAC 5 - Fighting Alliance Championship 5,,Gauge Young,Shea Conley,Gauge Young,DEC,3,5:00,3,0,,,,,,,,,,,,,,,,
2020-12-12,UFC 256 - Figueiredo vs. Moreno,,Brandon Moreno,Deiveson Figueiredo,draw,DRAW,5,5:00,5,0,,,,,,,,,,,,,,,,
2020-12-12,CW 119 - Cage Warriors 119: The Trilogy Strikes Back 3,,Morgan Charriere,Perry Goodwin,Morgan Charriere,KO/TKO,3,1:25,3,0,,,,,,,,,,,,,,,,
2020-12-12,MMA Series 22 - Fighting Championship Pankration,,Shamil Gaziev,Arthur Bunkov,Shamil Gaziev,KO/TKO,1,0:20,3,0,,,,,,,,,,,,,,,,
2020-12-12,CW 119 - Cage Warriors 119: The Trilogy Strikes Back 3,,Ian Garry,Lawrence Jordan Tracey,Ian Garry,KO/TKO,1,4:02,3,0,,,,,,,,,,,,,,,,
2020-12-12,UFC 256 - Figueiredo vs. Moreno,,Mackenzie Dern,Virna Jandiroba,Mackenzie Dern,DEC,3,5:00,3,0,,,,,,,,,,,,,,,,
2020-12-12,UFC 256 - Figueiredo vs. Moreno,,Billy Quarantillo,Gavin Tucker,Gavin Tucker,DEC,3,5:00,3,0,,,,,,,,,,,,,,,,
2020-12-12,FFC - FMR Fighting Championship: Selection 5,,Valter Walker,Kertis Sakha Toyem,Valter Walker,SUB,1,1:06,3,0,,,,,,,,,,,,,,,,
2020-12-18,CFFC 91 - Cage Fury Fighting Championships 91,,Elise Reed,Jillian DeCoursey,Elise Reed,DEC,4,5:00,5,0,,,,,,,,,,,,,,,,
2020-12-19,UFC Fight Night 183 - Thompson vs. Neal,,Marlon Vera,Jose Aldo,Jose Aldo,DEC,3,5:00,3,0,,,,,,,,,,,,,,,,
2020-12-19,JCK Night Cage Series - 2020 Domination Round 3: Part 2,,Meng Ding,Xiangxu Qi,Meng Ding,SUB,2,3:58,3,0,,,,,,,,,,,,,,,,
2020-12-19,UFC Fight Night 183 - Thompson vs. Neal,,Gillian Robertson,Taila Santos,Taila Santos,DEC,3,5:00,3,0,,,,,,,,,,,,,,,,
2020-12-19,ACA YE 15 - ACA Young Eagles,,Myktybek Orolbai,Khalid Satuev,Khalid Satuev,DEC,3,5:00,3,0,,,,,,,,,,,,,,,,
2020-12-19,UFC Fight Night 183 - Thompson vs. Neal,,Marcin Tybura,Greg Hardy,Marcin Tybura,KO/TKO,2,4:31,3,0,,,,,,,,,,,,,,,,
2020-12-19,MMA Series 23 - Time of New Heroes 13,,Mark Vologdin,Samat Faizuldaev,Mark Vologdin,KO/TKO,1,2:12,3,0,,,,,,,,,,,,,,,,
2020-12-19,EFC 31 - Eagle Fighting Championship 31,,Rizvan Kuniev,Vladimir Daineko,Rizvan Kuniev,KO/TKO,3,5:00,3,0,,,,,,,,,,,,,,,,
2020-12-24,AMC Fight Nights Global - Winter Cup,,Bogdan Guskov,Vyacheslav Vasilevsky,Vyacheslav Vasilevsky,KO/TKO,1,3:01,3,0,,,,,,,,,,,,,,,,
2020-12-30,Oktagon MMA - Oktagon 20: Vemola vs. Lohore,,Oumar Sy,Daniel Skvor,Oumar Sy,SUB,2,4:35,3,0,,,,,,,,,,,,,,,,
2020-12-31,Rizin FF - Rizin 26,,Kai Asakura,Kyoji Horiguchi,Kyoji Horiguchi,KO/TKO,1,2:48,3,0,,,,,,,,,,,,,,,,
2021-01-10,WFCA - Andijan Mayor Cup,,Nursulton Ruziboev,Maksym Soroka,Nursulton Ruziboev,SUB,1,0:35,3,0,,,,,,,,,,,,,,,,
2021-01-14,WLF - W.A.R.S. 50,,Zhu Rong,Deliya Bi,Zhu Rong,KO/TKO,3,4:16,3,0,,,,,,,,,,,,,,,,
2021-01-14,WLF - W.A.R.S. 50,,Long Xiao,Haitao Ti,Long Xiao,KO/TKO,4,3:40,5,0,,,,,,,,,,,,,,,,
2021-01-14,WLF - W.A.R.S. 50,,Maheshate Hayisaer,Damu Wu,Maheshate Hayisaer,KO/TKO,1,1:13,3,0,,,,,,,,,,,,,,,,
2021-01-15,UAE Warriors - UAE Warriors 15,,Saygid Izagakhmaev,Carlston Harris,Carlston Harris,SUB,2,2:36,3,0,,,,,,,,,,,,,,,,
2021-01-15,LFA 97 - Browne vs. Estrazulas,,Thomas Petersen,Richard Luis,Thomas Petersen,KO/TKO,1,0:19,3,0,,,,,,,,,,,,,,,,
2021-01-16,UFC on ABC 1 - Holloway vs. Kattar,,Punahele Soriano,Dusko Todorovic,Punahele Soriano,KO/TKO,1,4:48,3,0,,,,,,,,,,,,,,,,
2021-01-16,UFC on ABC 1 - Holloway vs. Kattar,,Santiago Ponzinibbio,Jingliang Li,Jingliang Li,KO/TKO,1,4:25,3,0,,,,,,,,,,,,,,,,
2021-01-20,UFC on ESPN 20 - Chiesa vs. Magny,,Ricky Simon,Gaetano Pirrello,Ricky Simon,SUB,2,4:00,3,0,,,,,,,,,,,,,,,,
2021-01-20,UFC on ESPN 20 - Chiesa vs. Magny,,Manon Fiorot,Victoria Leonardo,Manon Fiorot,KO/TKO,2,4:08,3,0,,,,,,,,,,,,,,,,
2021-01-20,UFC on ESPN 20 - Chiesa vs. Magny,,Umar Nurmagomedov,Sergey Morozov,Umar Nurmagomedov,SUB,2,3:39,3,0,,,,,,,,,,,,,,,,
2021-01-20,UFC on ESPN 20 - Chiesa vs. Magny,,Su Mudaerji,Zarrukh Adashev,Su Mudaerji,DEC,3,5:00,3,0,,,,,,,,,,,,,,,,
2021-01-20,UFC on ESPN 20 - Chiesa vs. Magny,,Mason Jones,Mike Davis,Mike Davis,DEC,3,5:00,3,0,,,,,,,,,,,,,,,,
2021-01-20,UFC on ESPN 20 - Chiesa vs. Magny,,Neil Magny,Michael Chiesa,Michael Chiesa,DEC,5,5:00,5,0,,,,,,,,,,,,,,,,
2021-01-22,UAE Warriors - UAE Warriors 16: Arabia 1,,Yousri Belgaroui,Badreddine Diani,Yousri Belgaroui,DEC,3,5:00,3,0,,,,,,,,,,,,,,,,
2021-01-22,AFN 9 - Armia Fight Night,,Klaudia Sygula,Karolina Sobek,Karolina Sobek,SUB,3,1:13,3,0,,,,,,,,,,,,,,,,
2021-01-22,One Championship - Unbreakable,,Bo Meng,Samara Santos,Bo Meng,DEC,3,5:00,3,0,,,,,,,,,,,,,,,,
2021-01-23,UFC 257 - Poirier vs. McGregor 2,,Arman Tsarukyan,Matt Frevola,Arman Tsarukyan,DEC,3,5:00,3,0,,,,,,,,,,,,,,,,
2021-01-23,UFC 257 - Poirier vs. McGregor 2,,Dan Hooker,Michael Chandler,Michael Chandler,KO/TKO,1,2:30,3,0,,,,,,,,,,,,,,,,
2021-01-23,JCK Bounty Challenge Series - 2020 Finals,,Meng Ding,Tuluosibake Kuerbanjiang,Tuluosibake Kuerbanjiang,SUB,3,2:47,3,0,,,,,,,,,,,,,,,,
2021-01-23,SHP 58 - Strike Hard Productions 58,,Treston Vines,Sedric Johnson,Treston Vines,KO/TKO,1,1:18,3,0,,,,,,,,,,,,,,,,
2021-01-30,KSW 58 - Parnasse vs. Torres,,Salahdine Parnasse,Daniel Torres,Daniel Torres,KO/TKO,1,1:49,3,0,,,,,,,,,,,,,,,,
2021-02-06,UFC Fight Night 184 - Overeem vs. Volkov,,Alexandre Pantoja,Manel Kape,Alexandre Pantoja,DEC,3,5:00,3,0,,,,,,,,,,,,,,,,
2021-02-06,UFC Fight Night 184 - Overeem vs. Volkov,,Diego Ferreira,Beneil Dariush,Beneil Dariush,S-DEC,3,5:00,3,0,,,,,,,,,,,,,,,,
2021-02-12,Titan FC 67 - Sabatello vs. Blackshear,,Muhammadjon Naimov,Olivier Murad,Olivier Murad,DEC,5,5:00,5,0,,,,,,,,,,,,,,,,
2021-02-13,UFC 258 - Usman vs. Burns,,Rodolfo Vieira,Anthony Hernandez,Anthony Hernandez,SUB,2,1:53,3,0,,,,,,,,,,,,,,,,
2021-02-13,UFC 258 - Usman vs. Burns,,Ricky Simon,Brian Kelleher,Ricky Simon,DEC,3,5:00,3,0,,,,,,,,,,,,,,,,
2021-02-13,UFC 258 - Usman vs. Burns,,Alexa Grasso,Maycee Barber,Alexa Grasso,DEC,3,5:00,3,0,,,,,,,,,,,,,,,,
2021-02-13,Eternal MMA 56 - Perth,,Quillan Salkilld,Pablo Torrealba,Pablo Torrealba,SUB,2,3:25,3,0,,,,,,,,,,,,,,,,
2021-02-19,LFA 100 - Altamirano vs. Smith,,Charles Johnson,Karlee Pangilinan,Charles Johnson,SUB,2,1:41,3,0,,,,,,,,,,,,,,,,
2021-02-20,UFC Fight Night 185 - Blaydes vs. Lewis,,John Castaneda,Eddie Wineland,John Castaneda,KO/TKO,1,4:44,3,0,,,,,,,,,,,,,,,,
2021-02-20,UFC Fight Night 185 - Blaydes vs. Lewis,,Casey O'Neill,Shana Dobson,Casey O'Neill,KO/TKO,2,3:41,3,0,,,,,,,,,,,,,,,,
2021-02-20,UFC Fight Night 185 - Blaydes vs. Lewis,,Curtis Blaydes,Derrick Lewis,Derrick Lewis,KO/TKO,2,1:26,5,0,,,,,,,,,,,,,,,,
2021-02-20,OFC 2 - Open Fighting Championship 2,,Nursulton Ruziboev,Bogdan Kotlovyanov,Nursulton Ruziboev,SUB,1,1:03,3,0,,,,,,,,,,,,,,,,
2021-02-20,AFC 6 - Alabama Fighting Championship: Smoke in the Hills,,Trevor Peek,Darnell Truett,Trevor Peek,KO/TKO,1,2:23,3,0,,,,,,,,,,,,,,,,
2021-02-20,UFC Fight Night 185 - Blaydes vs. Lewis,,Serghei Spivac,Jared Vanderaa,Serghei Spivac,KO/TKO,2,4:32,3,0,,,,,,,,,,,,,,,,
2021-02-20,FEN 32 - LOTOS Fight Night 4,,Mateusz Rebecki,Jose Daniel Barrios,Mateusz Rebecki,KO/TKO,1,0:48,3,0,,,,,,,,,,,,,,,,
2021-02-20,EFC - Eagle Fighting Championship: Selection,,Magomed Zaynukov,Ramiz Ismailov,Magomed Zaynukov,KO/TKO,1,0:00,3,0,,,,,,,,,,,,,,,,
2021-02-21,Deep - 100 Impact: 20th Anniversary,,Rei Tsuruya,Tatsuki Okano,Rei Tsuruya,KO/TKO,2,2:22,3,0,,,,,,,,,,,,,,,,
2021-02-21,Adventure Fighters Tournament - AFT 26,,Vitor Petrino,Fabio Barbosa Gois,Vitor Petrino,KO/TKO,1,0:45,3,0,,,,,,,,,,,,,,,,
2021-02-26,ACA 118 - Abdulaev vs. Vagaev 2,,Abubakar Vagaev,Murad Abdulaev,Abubakar Vagaev,DEC,5,5:00,5,0,,,,,,,,,,,,,,,,
2021-02-27,BFC 66 - Belarusian Fighting Championship,,Shamil Gaziev,Vladislav Kozlovski,Shamil Gaziev,KO/TKO,1,0:35,3,0,,,,,,,,,,,,,,,,
2021-02-27,DCS 68 - Kearney Cage Wars 6,,Richie Miranda,Jordan Timbal,Richie Miranda,KO/TKO,1,1:30,3,0,,,,,,,,,,,,,,,,
2021-02-27,UFC Fight Night 186 - Rozenstruik vs. Gane,,Magomed Ankalaev,Nikita Krylov,Magomed Ankalaev,DEC,3,5:00,3,0,,,,,,,,,,,,,,,,
2021-02-27,UFC Fight Night 186 - Rozenstruik vs. Gane,,Dustin Jacoby,Maxim Grishin,Dustin Jacoby,DEC,3,5:00,3,0,,,,,,,,,,,,,,,,
2021-03-05,OCL - Ohio Combat League 10,,Josiah Harrell,Carlos Garnett Jr.,Josiah Harrell,SUB,2,4:56,3,0,,,,,,,,,,,,,,,,
2021-03-06,UFC 259 - Blachowicz vs. Adesanya,,Tim Elliott,Jordan Espinosa,Tim Elliott,DEC,3,5:00,3,0,,,,,,,,,,,,,,,,
2021-03-06,FCR 8 - Fight Club Rush 8,,Felipe Lima,Fernando Flores,Felipe Lima,DEC,3,5:00,3,0,,,,,,,,,,,,,,,,
2021-03-06,UFC 259 - Blachowicz vs. Adesanya,,Yadong Song,Kyler Phillips,Kyler Phillips,DEC,3,5:00,3,0,,,,,,,,,,,,,,,,
2021-03-06,UFC 259 - Blachowicz vs. Adesanya,,Kennedy Nzechukwu,Carlos Ulberg,Kennedy Nzechukwu,KO/TKO,2,3:19,3,0,,,,,,,,,,,,,,,,
2021-03-06,UFC 259 - Blachowicz vs. Adesanya,,Islam Makhachev,Drew Dober,Islam Makhachev,SUB,3,1:37,3,0,,,,,,,,,,,,,,,,
2021-03-06,UFC 259 - Blachowicz vs. Adesanya,,Amanda Lemos,Livinha Souza,Amanda Lemos,KO/TKO,1,3:29,3,0,,,,,,,,,,,,,,,,
2021-03-06,UFC 259 - Blachowicz vs. Adesanya,,Uros Medic,Aalon Cruz,Uros Medic,KO/TKO,1,1:40,3,0,,,,,,,,,,,,,,,,
2021-03-06,UFC 259 - Blachowicz vs. Adesanya,,Jan Blachowicz,Israel Adesanya,Jan Blachowicz,DEC,5,5:00,5,0,,,,,,,,,,,,,,,,
2021-03-06,UFC 259 - Blachowicz vs. Adesanya,,Aleksandar Rakic,Thiago Santos,Aleksandar Rakic,DEC,3,5:00,3,0,,,,,,,,,,,,,,,,
2021-03-06,MMA Series 27 - Time of New Heroes 14,,Mark Vologdin,Mirlanbek Mamatzhan,Mark Vologdin,SUB,2,1:24,3,0,,,,,,,,,,,,,,,,
2021-03-11,Brave CF 47 - Brave Combat Federation 47: Asian Domination,,Nursulton Ruziboev,Ibrahima Mane,Nursulton Ruziboev,KO/TKO,1,3:12,3,0,,,,,,,,,,,,,,,,
2021-03-12,LFA 101 - The Undefeated,,Treston Vines,Jalin Fuller,Jalin Fuller,KO/TKO,1,2:32,3,0,,,,,,,,,,,,,,,,
2021-03-13,UFC Fight Night 187 - Edwards vs. Muhammad,,Charles Jourdain,Marcelo Rojo,Charles Jourdain,KO/TKO,3,4:31,3,0,,,,,,,,,,,,,,,,
2021-03-13,UFC Fight Night 187 - Edwards vs. Muhammad,,Dan Ige,Gavin Tucker,Dan Ige,KO/TKO,1,0:22,3,0,,,,,,,,,,,,,,,,
2021-03-13,UFC Fight Night 187 - Edwards vs. Muhammad,,Rafa Garcia,Nasrat Haqparast,Nasrat Haqparast,DEC,3,5:00,3,0,,,,,,,,,,,,,,,,
2021-03-13,UFC Fight Night 187 - Edwards vs. Muhammad,,J.J. Aldrich,Cortney Casey,J.J. Aldrich,S-DEC,3,5:00,3,0,,,,,,,,,,,,,,,,
2021-03-13,UFC Fight Night 187 - Edwards vs. Muhammad,,Ryan Spann,Misha Cirkunov,Ryan Spann,KO/TKO,1,1:11,3,0,,,,,,,,,,,,,,,,
2021-03-13,Eagles FC - Reset,,Pavel Andrusca,Nelu Bogdan,Pavel Andrusca,DEC,3,5:00,3,0,,,,,,,,,,,,,,,,
2021-03-13,O Rei da Luta 3 - Betao vs Rudney,,Denise Gomes,Juliana Nascimento,Denise Gomes,KO/TKO,1,1:44,3,0,,,,,,,,,,,,,,,,
2021-03-18,Brave CF 48 - Brave Combat Federation 48: Arabian Nights,,Michael Aljarouj,Azat Maksum,Azat Maksum,KO/TKO,3,0:56,3,0,,,,,,,,,,,,,,,,
2021-03-19,UAE Warriors - UAE Warriors 17: Arabia 2,,Yousri Belgaroui,Sallah Dekhissi,Yousri Belgaroui,KO/TKO,2,2:44,3,0,,,,,,,,,,,,,,,,
2021-03-19,Eternal MMA 57 - Gold Coast,,Jack Jenkins,Jesse Medina,Jack Jenkins,KO/TKO,2,0:31,3,0,,,,,,,,,,,,,,,,
2021-03-19,LFA 102 - Souza vs. Johns,,Gregory Rodrigues,Al Matavao,Gregory Rodrigues,KO/TKO,2,1:02,3,0,,,,,,,,,,,,,,,,
2021-03-19,CW 121 - Cage Warriors 121: Sardari vs. Desmae,,Ian Garry,Rostem Akman,Ian Garry,KO/TKO,2,2:28,3,0,,,,,,,,,,,,,,,,
2021-03-20,UFC on ESPN 21 - Brunson vs. Holland,,Montel Jackson,Jesse Strader,Montel Jackson,KO/TKO,1,1:58,3,0,,,,,,,,,,,,,,,,
2021-03-20,UFC on ESPN 21 - Brunson vs. Holland,,Tai Tuivasa,Harry Hunsucker,Tai Tuivasa,KO/TKO,1,0:49,3,0,,,,,,,,,,,,,,,,
2021-03-20,CW 122 - Cage Warriors 122: Charriere vs. Vucenic,,Morgan Charriere,Jordan Vucenic,Jordan Vucenic,S-DEC,5,5:00,5,0,,,,,,,,,,,,,,,,
2021-03-20,UFC on ESPN 21 - Brunson vs. Holland,,Roman Dolidze,Trevin Giles,Trevin Giles,DEC,3,5:00,3,0,,,,,,,,,,,,,,,,
2021-03-25,Brave CF 49 - Brave Combat Federation 49,,Axel Sola,Kuitty Begaj,Axel Sola,SUB,1,4:59,3,0,,,,,,,,,,,,,,,,
2021-03-25,Brave CF 49 - Brave Combat Federation 49,,Francesco Nuzzi,Bernardo Sopai,Francesco Nuzzi,S-DEC,3,5:00,3,0,,,,,,,,,,,,,,,,
2021-03-26,LFA 103 - Carlyle vs. Dagvadorj,,Vanessa Demopoulos,Cynthia Arceo,Vanessa Demopoulos,KO/TKO,1,0:37,3,0,,,,,,,,,,,,,,,,
2021-03-26,Titan FC 68 - Cruz vs. Dias,,Ryan Kuse,Damian Attie,Ryan Kuse,DEC,3,5:00,3,0,,,,,,,,,,,,,,,,
2021-03-26,LFA 103 - Carlyle vs. Dagvadorj,,Giovanna Canuto,Amanda Lovato,Giovanna Canuto,SUB,1,4:51,3,0,,,,,,,,,,,,,,,,
2021-03-27,UFC 260 - Miocic vs. Ngannou 2,,Alonzo Menifield,Fabio Cherant,Alonzo Menifield,SUB,1,1:11,3,0,,,,,,,,,,,,,,,,
2021-03-27,UFC 260 - Miocic vs. Ngannou 2,,Modestas Bukauskas,Michal Oleksiejczuk,Michal Oleksiejczuk,S-DEC,3,5:00,3,0,,,,,,,,,,,,,,,,
2021-03-27,UFC 260 - Miocic vs. Ngannou 2,,Gillian Robertson,Miranda Maverick,Miranda Maverick,DEC,3,5:00,3,0,,,,,,,,,,,,,,,,
2021-03-27,UFC 260 - Miocic vs. Ngannou 2,,Vicente Luque,Tyron Woodley,Vicente Luque,SUB,1,3:56,3,0,,,,,,,,,,,,,,,,
2021-03-27,TF - Triton Fights 18,,Dennis Buzukja,Shaquan Moore,Dennis Buzukja,DEC,3,5:00,3,0,,,,,,,,,,,,,,,,
2021-04-01,Brave CF 50 - Brave Combat Federation 50,,Borislav Nikolic,Brad Katona,Brad Katona,SUB,3,0:40,3,0,,,,,,,,,,,,,,,,
2021-04-02,Bellator 255 - Pitbull vs. Sanchez 2,,Patricio Freire,Emmanuel Sanchez,Patricio Freire,SUB,1,3:35,3,0,,,,,,,,,,,,,,,,
2021-04-02,Bellator 255 - Pitbull vs. Sanchez 2,,Tyrell Fortune,Jack May,Tyrell Fortune,KO/TKO,1,3:16,3,0,,,,,,,,,,,,,,,,
2021-04-03,MMA Series 29 - World Cup,,Shamil Gaziev,Alexey Druzhinin,Shamil Gaziev,KO/TKO,1,0:33,3,0,,,,,,,,,,,,,,,,
2021-04-08,KMC - Kokand Mayor Cup,,Ramazonbek Temirov,Sultonmurod Shodavlatov,Ramazonbek Temirov,SUB,1,2:11,3,0,,,,,,,,,,,,,,,,
2021-04-09,Combate Global - Chairez vs. Monterroso,,David Martinez,Gianni Vazquez,Gianni Vazquez,S-DEC,3,5:00,3,0,,,,,,,,,,,,,,,,
2021-04-09,Combate Global - Chairez vs. Monterroso,,Edgar Chairez,Bacillo Mefi Monterroso,Edgar Chairez,KO/TKO,2,0:10,3,0,,,,,,,,,,,,,,,,
2021-04-10,UFC on ABC 2 - Vettori vs. Holland,,Ignacio Bahamondes,John Makdessi,John Makdessi,S-DEC,3,5:00,3,0,,,,,,,,,,,,,,,,
2021-04-10,UFC on ABC 2 - Vettori vs. Holland,,Mackenzie Dern,Nina Nunes,Mackenzie Dern,SUB,1,4:48,3,0,,,,,,,,,,,,,,,,
2021-04-10,UFC on ABC 2 - Vettori vs. Holland,,Mateusz Gamrot,Scott Holtzman,Mateusz Gamrot,KO/TKO,2,1:22,3,0,,,,,,,,,,,,,,,,
2021-04-10,UFC on ABC 2 - Vettori vs. Holland,,Daniel Rodriguez,Mike Perry,Daniel Rodriguez,DEC,3,5:00,3,0,,,,,,,,,,,,,,,,
2021-04-10,FNC - Armagedon 1 Finals,,Vlastislav Cepo,Leon Krajacic,Vlastislav Cepo,KO/TKO,1,3:11,3,0,,,,,,,,,,,,,,,,
2021-04-16,LFA 104 - McKenzie vs. Phillips,,Thomas Petersen,Odell Pantin,Thomas Petersen,KO/TKO,1,3:33,3,0,,,,,,,,,,,,,,,,
2021-04-24,UFC 261 - Usman vs. Masvidal 2,,Zhu Rong,Rodrigo Vargas,Rodrigo Vargas,DEC,3,5:00,3,0,,,,,,,,,,,,,,,,
2021-04-24,UFC 261 - Usman vs. Masvidal 2,,Qileng Aori,Jeff Molina,Jeff Molina,DEC,3,5:00,3,0,,,,,,,,,,,,,,,,
2021-04-24,Woman's Fight - 1,,Stephanie Luciano,Tainara Santos,Stephanie Luciano,DEC,3,5:00,3,0,,,,,,,,,,,,,,,,
2021-04-28,One Championship - One on TNT 4,,Reinier de Ridder,Aung La N Sang,Reinier de Ridder,DEC,5,5:00,5,0,,,,,,,,,,,,,,,,
2021-05-01,Oktagon MMA - Oktagon 23: Knize vs. Fusi,,Robert Bryczek,Kaik Brito,Kaik Brito,KO/TKO,1,1:33,3,0,,,,,,,,,,,,,,,,
2021-05-01,UFC on ESPN 23 - Reyes vs. Prochazka,,Giga Chikadze,Cub Swanson,Giga Chikadze,KO/TKO,1,1:03,3,0,,,,,,,,,,,,,,,,
2021-05-01,MMA Series 31 - Time of New Heroes 16,,Mark Vologdin,Nurbay Kairatbek Uulu,Nurbay Kairatbek Uulu,DEC,3,5:00,3,0,,,,,,,,,,,,,,,,
2021-05-01,UFC on ESPN 23 - Reyes vs. Prochazka,,Dustin Jacoby,Ion Cutelaba,draw,DRAW,3,5:00,3,0,,,,,,,,,,,,,,,,
2021-05-07,Bellator 258 - Archuleta vs. Pettis,,Michael Page,Derek Anderson,Michael Page,KO/TKO,1,5:00,3,0,,,,,,,,,,,,,,,,
2021-05-07,FAC 8 - Fighting Alliance Championship 8,,Gauge Young,Chase Kuebler,Gauge Young,DEC,3,5:00,3,0,,,,,,,,,,,,,,,,
2021-05-08,AFN - Armia Fight Night Special Edition,,Klaudia Sygula,Sylwia Maksym,Klaudia Sygula,SUB,1,4:43,3,0,,,,,,,,,,,,,,,,
2021-05-08,UFC on ESPN 24 - Rodriguez vs. Waterson,,Neil Magny,Geoff Neal,Neil Magny,DEC,3,5:00,3,0,,,,,,,,,,,,,,,,
2021-05-08,UFC on ESPN 24 - Rodriguez vs. Waterson,,Diego Ferreira,Gregor Gillespie,Gregor Gillespie,KO/TKO,2,4:51,3,0,,,,,,,,,,,,,,,,
2021-05-08,UFC on ESPN 24 - Rodriguez vs. Waterson,,Ludovit Klein,Michael Trizano,Michael Trizano,DEC,3,5:00,3,0,,,,,,,,,,,,,,,,
2021-05-15,FD - Fighting Dreamers,,Rinya Nakamura,Takumi Arai,Rinya Nakamura,KO/TKO,1,0:42,3,0,,,,,,,,,,,,,,,,
2021-05-15,FD - Fighting Dreamers,,Ryo Tajima,Shoji Saito,Ryo Tajima,SUB,2,3:50,3,0,,,,,,,,,,,,,,,,
2021-05-15,UFC 262 - Oliveira vs. Chandler,,Edson Barboza,Shane Burgos,Edson Barboza,KO/TKO,3,1:16,3,0,,,,,,,,,,,,,,,,
2021-05-16,Fury FC 46 - Fury Fighting Championship 46,,Michael Aswell,Jordan Plutin,Michael Aswell,DEC,3,5:00,3,0,,,,,,,,,,,,,,,,
2021-05-21,LFA 108 - Fremd vs. Rodrigues,,Gregory Rodrigues,Josh Fremd,Gregory Rodrigues,KO/TKO,1,2:20,3,0,,,,,,,,,,,,,,,,
2021-05-21,Invicta on AXS TV - Rodriguez vs. Torquato,,Juliana Miller,Claire Guthrie,Claire Guthrie,DEC,3,5:00,3,0,,,,,,,,,,,,,,,,
2021-05-22,UFC Fight Night 188 - Font vs. Garbrandt,,Norma Dumont,Felicia Spencer,Norma Dumont,S-DEC,3,5:00,3,0,,,,,,,,,,,,,,,,
2021-05-22,UFC Fight Night 188 - Font vs. Garbrandt,,Edmen Shahbazyan,Jack Hermansson,Jack Hermansson,DEC,3,5:00,3,0,,,,,,,,,,,,,,,,
2021-05-22,UFC Fight Night 188 - Font vs. Garbrandt,,Xiaonan Yan,Carla Esparza,Carla Esparza,KO/TKO,2,2:58,3,0,,,,,,,,,,,,,,,,
2021-05-23,NFT Gym - National Fighting Championship 3,,Alexander Poppeck,Felix Polianidis,Alexander Poppeck,KO/TKO,1,1:55,3,0,,,,,,,,,,,,,,,,
2021-05-28,Octagon Promotion - Octagon 19,,Ramazonbek Temirov,Satbek Esengeldin,Ramazonbek Temirov,DEC,3,5:00,3,0,,,,,,,,,,,,,,,,
2021-05-29,Combate Global - 2021 Bantamweight Tournament,,David Martinez,Francisco Rivera,David Martinez,KO/TKO,2,0:17,3,0,,,,,,,,,,,,,,,,
2021-05-29,Combate Global - 2021 Bantamweight Tournament,,David Martinez,Alan Cantu,David Martinez,DEC,3,5:00,3,0,,,,,,,,,,,,,,,,
2021-05-29,Combate Global - 2021 Bantamweight Tournament,,David Martinez,Alejandro Gonzalez,David Martinez,KO/TKO,1,1:50,3,0,,,,,,,,,,,,,,,,
2021-05-29,CFFC 97 - Cage Fury Fighting Championships 97: Reed vs. Rose,,Elise Reed,Hilarie Rose,Elise Reed,KO/TKO,2,4:57,3,0,,,,,,,,,,,,,,,,
2021-05-29,EFC 36 - Eagle Fighting Championship 36,,Saygid Izagakhmaev,Paulo Cesar Oliveira,Saygid Izagakhmaev,SUB,3,4:27,3,0,,,,,,,,,,,,,,,,
2021-05-30,WFL MMA 5 - World Fighting League MMA 5: The Ultimate Clash,,Losene Keita,Raymond Jarman,Losene Keita,KO/TKO,1,0:00,3,0,,,,,,,,,,,,,,,,
2021-05-30,Pancrase - 321,,Ryo Tajima,Ryo Yazawa,Ryo Tajima,S-DEC,3,5:00,3,0,,,,,,,,,,,,,,,,
2021-05-30,LFL 1 - Levels Fight League 1,,Robert Valentin,Joey Michael Berkenbosch,Robert Valentin,SUB,1,2:29,3,0,,,,,,,,,,,,,,,,
2021-05-31,AFC 16 - Angel's Fighting Championship 16,,Joo Sang Yoo,Baek Ho Jang,Joo Sang Yoo,KO/TKO,1,3:20,3,0,,,,,,,,,,,,,,,,
2021-06-04,NFC - Natal Fight Championship 19,,Ailin Perez,Geyse Yasmin,Ailin Perez,DEC,3,5:00,3,0,,,,,,,,,,,,,,,,
2021-06-04,DCS 71 - Summer Kick-Off Night 1,,Darrius Flowers,Ryan Leininger,Ryan Leininger,SUB,2,3:22,3,0,,,,,,,,,,,,,,,,
2021-06-04,Brave CF 51 - Brave Combat Federation 51,,Sam Patterson,Ylies Djiroun,Sam Patterson,DEC,3,5:00,3,0,,,,,,,,,,,,,,,,
2021-06-05,UFC Fight Night 189 - Rozenstruik vs. Sakai,,Manon Fiorot,Tabatha Ricci,Manon Fiorot,KO/TKO,2,3:00,3,0,,,,,,,,,,,,,,,,
2021-06-05,UFC Fight Night 189 - Rozenstruik vs. Sakai,,Muslim Salikhov,Francisco Trinaldo,Muslim Salikhov,DEC,3,5:00,3,0,,,,,,,,,,,,,,,,
2021-06-05,KSW 61 - To Fight or Not To Fight,,Salahdine Parnasse,Filip Pejic,Salahdine Parnasse,SUB,2,4:14,3,0,,,,,,,,,,,,,,,,
2021-06-05,AFC 7 - Alabama Fighting Championship: Reunion,,Trevor Peek,Cris Mims,Trevor Peek,KO/TKO,1,4:49,3,0,,,,,,,,,,,,,,,,
2021-06-05,Arena Global - Arena Global 12,,Denise Gomes,Andreyna Raquel Rocha,Denise Gomes,KO/TKO,2,2:19,3,0,,,,,,,,,,,,,,,,
2021-06-05,UFC Fight Night 189 - Rozenstruik vs. Sakai,,Sean Woodson,Youssef Zalal,Sean Woodson,S-DEC,3,5:00,3,0,,,,,,,,,,,,,,,,
2021-06-05,Double G FC 7 - Double G Fighting Championship 7,,Bo Hyun Park,Yerin Hong,Bo Hyun Park,SUB,1,4:47,3,0,,,,,,,,,,,,,,,,
2021-06-05,UFC Fight Night 189 - Rozenstruik vs. Sakai,,Gregory Rodrigues,Dusko Todorovic,Gregory Rodrigues,DEC,3,5:00,3,0,,,,,,,,,,,,,,,,
2021-06-05,UFC Fight Night 189 - Rozenstruik vs. Sakai,,Roman Dolidze,Laureano Staropoli,Roman Dolidze,DEC,3,5:00,3,0,,,,,,,,,,,,,,,,
2021-06-05,UFC Fight Night 189 - Rozenstruik vs. Sakai,,Mason Jones,Alan Patrick,nc,NC,2,2:14,3,0,,,,,,,,,,,,,,,,
2021-06-05,Arena Global - Arena Global 12,,Alexia Thainara,Rayanne dos Santos,Alexia Thainara,SUB,2,4:48,3,0,,,,,,,,,,,,,,,,
2021-06-05,UFC Fight Night 189 - Rozenstruik vs. Sakai,,Marcin Tybura,Walt Harris,Marcin Tybura,KO/TKO,1,4:06,3,0,,,,,,,,,,,,,,,,
2021-06-05,Eternal MMA 60 - Perth,,Steve Erceg,Cody Haddon,Steve Erceg,DEC,3,5:00,3,0,,,,,,,,,,,,,,,,
2021-06-05,UFC Fight Night 189 - Rozenstruik vs. Sakai,,Santiago Ponzinibbio,Miguel Baeza,Santiago Ponzinibbio,DEC,3,5:00,3,0,,,,,,,,,,,,,,,,
2021-06-12,WEF 108 - Selection 36,,Ilimbek Akylbek Uulu,Ali Sanuev,Ilimbek Akylbek Uulu,DEC,3,5:00,3,0,,,,,,,,,,,,,,,,
2021-06-12,UFC 263 - Adesanya vs. Vettori 2,,Brandon Moreno,Deiveson Figueiredo,Brandon Moreno,SUB,3,2:26,3,0,,,,,,,,,,,,,,,,
2021-06-12,UFC 263 - Adesanya vs. Vettori 2,,Fares Ziam,Luigi Vendramini,Fares Ziam,S-DEC,3,5:00,3,0,,,,,,,,,,,,,,,,
2021-06-12,UFC 263 - Adesanya vs. Vettori 2,,Israel Adesanya,Marvin Vettori,Israel Adesanya,DEC,5,5:00,5,0,,,,,,,,,,,,,,,,
2021-06-13,Rizin FF - Rizin 28,,Kai Asakura,Shuto Watanabe,Kai Asakura,KO/TKO,1,3:22,3,0,,,,,,,,,,,,,,,,
2021-06-13,Rizin FF - Rizin 28,,Tofiq Musayev,Roberto Satoshi de Souza,Roberto Satoshi de Souza,SUB,1,1:12,3,0,,,,,,,,,,,,,,,,
2021-06-18,GFC 1 - Gamebred BareKnuckle MMA 1,,Sedriques Dumas,DeMarcus Kemp,Sedriques Dumas,KO/TKO,2,1:18,3,0,,,,,,,,,,,,,,,,
2021-06-18,EFC 37 - Eagle Fighting Championship 37,,Diyar Nurgozhay,Sergio Souza,Diyar Nurgozhay,KO/TKO,1,0:52,3,0,,,,,,,,,,,,,,,,
2021-06-19,UFC on ESPN 25 - Korean Zombie vs. Ige,,Marlon Vera,Davey Grant,Marlon Vera,DEC,3,5:00,3,0,,,,,,,,,,,,,,,,
2021-06-19,UFC on ESPN 25 - Korean Zombie vs. Ige,,Casey O'Neill,Lara Fritzen,Casey O'Neill,SUB,3,2:54,3,0,,,,,,,,,,,,,,,,
2021-06-19,UFC on ESPN 25 - Korean Zombie vs. Ige,,Dan Ige,Chan Sung Jung,Chan Sung Jung,DEC,5,5:00,5,0,,,,,,,,,,,,,,,,
2021-06-19,UFC on ESPN 25 - Korean Zombie vs. Ige,,Serghei Spivac,Alexey Oleynik,Serghei Spivac,DEC,3,5:00,3,0,,,,,,,,,,,,,,,,
2021-06-20,Fury FC 47 - Fury Fighting Championship 47,,MarQuel Mederos,Jonathon Moskowitz,MarQuel Mederos,KO/TKO,2,1:05,3,0,,,,,,,,,,,,,,,,
2021-06-23,TDT 1 - The Dice Team 1,,Daniil Donchenko,Makhail Kovalenko,Daniil Donchenko,SUB,1,3:27,3,0,,,,,,,,,,,,,,,,
2021-06-25,Bellator 261 - Johnson vs. Moldavsky,,Christian Edwards,Simon Biyong,Christian Edwards,DEC,3,5:00,3,0,,,,,,,,,,,,,,,,
2021-06-26,UFC Fight Night 190 - Gane vs. Volkov,,Raoni Barcelos,Timur Valiev,Timur Valiev,S-DEC,3,5:00,3,0,,,,,,,,,,,,,,,,
2021-06-26,UFC Fight Night 190 - Gane vs. Volkov,,Kennedy Nzechukwu,Danilo Marques,Kennedy Nzechukwu,KO/TKO,3,0:20,3,0,,,,,,,,,,,,,,,,
2021-06-26,CW 125 - Cage Warriors 125,,Ian Garry,Jack Grant,Ian Garry,DEC,5,5:00,5,0,,,,,,,,,,,,,,,,
2021-06-26,UFC Fight Night 190 - Gane vs. Volkov,,Jeremiah Wells,Warlley Alves,Jeremiah Wells,KO/TKO,2,0:30,3,0,,,,,,,,,,,,,,,,
2021-06-26,MMA Series 35 - Time of New Heroes 17,,Mark Vologdin,Umid Aghamurov,Umid Aghamurov,DEC,3,5:00,3,0,,,,,,,,,,,,,,,,
2021-06-27,Future MMA - Road to Future 1,,Jean Silva,Adriano Souza,Jean Silva,KO/TKO,1,4:22,3,0,,,,,,,,,,,,,,,,
2021-06-27,Future MMA - Road to Future 1,,Eduardo Henrique,Francisco Assis,Eduardo Henrique,KO/TKO,3,3:56,3,0,,,,,,,,,,,,,,,,
2021-07-02,LFA 110 - Johnson vs. Horiuchi,,Charles Johnson,Yuma Horiuchi,Charles Johnson,S-DEC,5,5:00,5,0,,,,,,,,,,,,,,,,
2021-07-03,JCK Night Cage Series - 2021 Round of 32 Part 2,,Meng Ding,Kewei Xu,Meng Ding,KO/TKO,1,2:27,3,0,,,,,,,,,,,,,,,,
2021-07-04,Deep - 102 Impact,,Rei Tsuruya,Ryo Araki,Rei Tsuruya,SUB,1,2:05,3,0,,,,,,,,,,,,,,,,
2021-07-04,XFMMA - XForce MMA 10,,Alexia Thainara,Giovanna Melo,Alexia Thainara,SUB,2,2:45,3,0,,,,,,,,,,,,,,,,
2021-07-07,WLF - W.A.R.S. 54,,Long Xiao,Jiarong Qi,Long Xiao,KO/TKO,3,2:31,3,0,,,,,,,,,,,,,,,,
2021-07-10,IF 6 - Imperio Fight 6,,Elves Brener,Adilson Ramos Silva,Elves Brener,SUB,1,2:49,3,0,,,,,,,,,,,,,,,,
2021-07-10,UFC 264 - Poirier vs. McGregor 3,,Tai Tuivasa,Greg Hardy,Tai Tuivasa,KO/TKO,1,1:07,3,0,,,,,,,,,,,,,,,,
2021-07-10,FFAC - FFA Challenge 2,,Nora Cornolle,Jacqueline Cavalcanti,Jacqueline Cavalcanti,DEC,3,5:00,3,0,,,,,,,,,,,,,,,,
2021-07-10,FFAC - FFA Challenge 2,,Matthieu Letho Duclos,Louis Laurent,Matthieu Letho Duclos,DEC,3,5:00,3,0,,,,,,,,,,,,,,,,
2021-07-10,Wimp2Warrior - CKB Series 3 Finale,,Lawrence Lui,Nick Thornton,Lawrence Lui,KO/TKO,2,5:00,3,0,,,,,,,,,,,,,,,,
2021-07-10,Cage Titans FC - Cage Titans 48,,Billy Goff,Sean Lally,Billy Goff,DEC,3,5:00,3,0,,,,,,,,,,,,,,,,
2021-07-11,Thunder Fight 28 - Copa Thunder Fight 11,,Marcio Barbosa,Ronaldo Junior,Marcio Barbosa,S-DEC,3,5:00,3,0,,,,,,,,,,,,,,,,
2021-07-15,SFT 27 - Bispo vs. Sousa,,Manoel Sousa,Brendo Bispo,Manoel Sousa,KO/TKO,1,4:56,3,0,,,,,,,,,,,,,,,,
2021-07-16,LFA 111 - De Sa vs. Bonfim,,Rodolfo Bellato,Carlos Eduardo Souza Custodio,Rodolfo Bellato,SUB,1,3:05,3,0,,,,,,,,,,,,,,,,
2021-07-16,AFN 10 - Armia Fight Night,,Klaudia Sygula,Daria Rehil,Klaudia Sygula,DEC,3,5:00,3,0,,,,,,,,,,,,,,,,
2021-07-16,LFA 111 - De Sa vs. Bonfim,,Kaue Fernandes,Luan Andre Souza Sardinha,Luan Andre Souza Sardinha,DEC,3,5:00,3,0,,,,,,,,,,,,,,,,
2021-07-16,LFA 111 - De Sa vs. Bonfim,,Lucas Fernando,Joao Dantas,Lucas Fernando,KO/TKO,1,2:29,3,0,,,,,,,,,,,,,,,,
2021-07-16,LFA 111 - De Sa vs. Bonfim,,Stephanie Luciano,Michele dos Santos Oliveira,Stephanie Luciano,S-DEC,3,5:00,3,0,,,,,,,,,,,,,,,,
2021-07-16,Bellator 262 - Velasquez vs. Kielholtz,,Tyrell Fortune,Matt Mitrione,Tyrell Fortune,KO/TKO,1,1:45,3,0,,,,,,,,,,,,,,,,
2021-07-16,LFA 111 - De Sa vs. Bonfim,,Ismael Bonfim,Rangel de Sa,Ismael Bonfim,DEC,3,5:00,3,0,,,,,,,,,,,,,,,,
2021-07-17,UFC on ESPN 26 - Makhachev vs. Moises,,Rodolfo Vieira,Dustin Stoltzfus,Rodolfo Vieira,SUB,3,1:54,3,0,,,,,,,,,,,,,,,,
2021-07-17,UFC on ESPN 26 - Makhachev vs. Moises,,Islam Makhachev,Thiago Moises,Islam Makhachev,SUB,4,2:38,5,0,,,,,,,,,,,,,,,,
2021-07-17,UFC on ESPN 26 - Makhachev vs. Moises,,Mateusz Gamrot,Jeremy Stephens,Mateusz Gamrot,SUB,1,1:05,3,0,,,,,,,,,,,,,,,,
2021-07-17,UFC on ESPN 26 - Makhachev vs. Moises,,Billy Quarantillo,Gabriel Benitez,Billy Quarantillo,KO/TKO,3,3:40,3,0,,,,,,,,,,,,,,,,
2021-07-17,UFC on ESPN 26 - Makhachev vs. Moises,,Amanda Lemos,Montserrat Ruiz,Amanda Lemos,KO/TKO,1,0:35,3,0,,,,,,,,,,,,,,,,
2021-07-17,UFC on ESPN 26 - Makhachev vs. Moises,,Daniel Rodriguez,Preston Parsons,Daniel Rodriguez,KO/TKO,1,3:47,3,0,,,,,,,,,,,,,,,,
2021-07-17,FNC - Armagedon 2 Quarterfinals II,,Vlastislav Cepo,Slobodan Djordjevic,Vlastislav Cepo,KO/TKO,1,0:44,3,0,,,,,,,,,,,,,,,,
2021-07-18,Future MMA - Road to Future 2,,Vitor Petrino,Caike Souza,Vitor Petrino,KO/TKO,1,4:17,3,0,,,,,,,,,,,,,,,,
2021-07-24,OCL - Ohio Combat League 14,,Josiah Harrell,Timothy Tyler,Josiah Harrell,KO/TKO,1,5:00,3,0,,,,,,,,,,,,,,,,
2021-07-24,UFC on ESPN 27 - Sandhagen vs. Dillashaw,,Punahele Soriano,Brendan Allen,Brendan Allen,DEC,3,5:00,3,0,,,,,,,,,,,,,,,,
2021-07-24,HDH 106 - Hombres de Honor 106: MMATauro,,Fabia Sintes,Alvaro Ucendo Fernandez,Alvaro Ucendo Fernandez,DEC,3,5:00,3,0,,,,,,,,,,,,,,,,
2021-07-24,UFC on ESPN 27 - Sandhagen vs. Dillashaw,,Elise Reed,Sijara Eubanks,Sijara Eubanks,KO/TKO,1,3:49,3,0,,,,,,,,,,,,,,,,
2021-07-24,UFC on ESPN 27 - Sandhagen vs. Dillashaw,,Darren Elkins,Darrick Minner,Darren Elkins,KO/TKO,2,3:48,3,0,,,,,,,,,,,,,,,,
2021-07-25,Shooto - Professional Shooto 2021 Vol. 5,,Rinya Nakamura,Akuri Ronda,Rinya Nakamura,KO/TKO,2,0:20,3,0,,,,,,,,,,,,,,,,
2021-07-25,Fury FC 48 - Fury Fighting Championship 48,,Yadier Del Valle,Aric Mercado,Yadier Del Valle,DEC,3,5:00,3,0,,,,,,,,,,,,,,,,
2021-07-26,WJF - World Jaguar Federation Series 13,,Mehemmedali Osmanli,Elnar Makhmudov,Mehemmedali Osmanli,KO/TKO,1,4:13,3,0,,,,,,,,,,,,,,,,
2021-07-29,BFC: Contender Series 7 - Belarusian Fighting Championship,,Shamil Gaziev,Murad Adyrbaev,Shamil Gaziev,SUB,1,0:59,3,0,,,,,,,,,,,,,,,,
2021-07-30,LFA 113 - Lewis vs. Petersen,,Giovanna Canuto,Kathy Solorzano,Giovanna Canuto,SUB,1,2:10,3,0,,,,,,,,,,,,,,,,
2021-07-30,LFA 113 - Lewis vs. Petersen,,Thomas Petersen,Vernon Lewis,Thomas Petersen,KO/TKO,1,1:02,3,0,,,,,,,,,,,,,,,,
2021-07-31,Bellator 263 - Pitbull vs. McKee,,Patricio Freire,A.J. McKee,A.J. McKee,SUB,1,1:57,3,0,,,,,,,,,,,,,,,,
2021-07-31,RUF MMA 42 - Road to One: Summer Showdown,,Waldo Cortes-Acosta,Edison Lopes,Waldo Cortes-Acosta,SUB,1,3:12,3,0,,,,,,,,,,,,,,,,
2021-07-31,Sul Fluminense Fight Night 4 - SFFN 4,,Djorden Santos,Rodolfo Andrade de Oliveira,Djorden Santos,KO/TKO,2,1:40,3,0,,,,,,,,,,,,,,,,
2021-07-31,UFC on ESPN 28 - Hall vs. Strickland,,Rafa Garcia,Chris Gruetzemacher,Chris Gruetzemacher,DEC,3,5:00,3,0,,,,,,,,,,,,,,,,
2021-07-31,JCK Night Cage Series - 2021 Round of 32 Part 6,,Ailinuer Ahejiang,Lei Yu,Ailinuer Ahejiang,SUB,1,4:22,3,0,,,,,,,,,,,,,,,,
2021-08-01,Future MMA - Road to Future 3,,Brunno Ferreira,Allan da Silva Pena,Brunno Ferreira,SUB,1,2:12,3,0,,,,,,,,,,,,,,,,
2021-08-01,CW 126 - Cage Warriors 126,,Joseph Morales,Kevin Wirth,Joseph Morales,DEC,3,5:00,3,0,,,,,,,,,,,,,,,,
2021-08-05,SFT 28 - Mexicano vs. Matsumoto,,Denise Gomes,Andressa Romero,Denise Gomes,DEC,3,5:00,3,0,,,,,,,,,,,,,,,,
2021-08-06,Titan FC 71 - Whitney vs. AlQaisi,,Ryan Kuse,Amir Kazemi,Ryan Kuse,KO/TKO,2,4:44,3,0,,,,,,,,,,,,,,,,
2021-08-07,UFC 265 - Lewis vs. Gane,,Alonzo Menifield,Ed Herman,Alonzo Menifield,DEC,3,5:00,3,0,,,,,,,,,,,,,,,,
2021-08-07,UFC 265 - Lewis vs. Gane,,Yadong Song,Casey Kenney,Yadong Song,S-DEC,3,5:00,3,0,,,,,,,,,,,,,,,,
2021-08-07,LXF 5 - Lights Out Xtreme Fighting 5,,Chris Padilla,Devon Brock,Devon Brock,DEC,3,5:00,3,0,,,,,,,,,,,,,,,,
2021-08-07,UFC 265 - Lewis vs. Gane,,Vicente Luque,Michael Chiesa,Vicente Luque,SUB,1,3:25,3,0,,,,,,,,,,,,,,,,
2021-08-07,AFC - Almighty Fighting Championship 18,,Louie Sutherland,Pavel Dailidko,Louie Sutherland,KO/TKO,1,1:05,3,0,,,,,,,,,,,,,,,,
2021-08-07,UFC 265 - Lewis vs. Gane,,Miles Johns,Anderson dos Santos,Miles Johns,KO/TKO,3,1:16,3,0,,,,,,,,,,,,,,,,
2021-08-08,Big Shot Fight 1 - Big Shot: Floripa vs. Goiania,,Jean Silva,Tiago Souza,Jean Silva,SUB,1,0:50,3,0,,,,,,,,,,,,,,,,
2021-08-13,Combate Global - Last Latina Standing,,Yazmin Jauregui,Claire Lopez,Yazmin Jauregui,KO/TKO,1,4:16,3,0,,,,,,,,,,,,,,,,
2021-08-13,Combate Global - Last Latina Standing,,Yazmin Jauregui,Criszaida Adames,Yazmin Jauregui,KO/TKO,1,3:14,3,0,,,,,,,,,,,,,,,,
2021-08-13,Combate Global - Last Latina Standing,,Yazmin Jauregui,Stephanie Frausto,Yazmin Jauregui,DEC,1,5:00,3,0,,,,,,,,,,,,,,,,
2021-08-14,X1 Kombat - X1 Kombat 4,,Djorden Santos,Daniel Chicao,Djorden Santos,KO/TKO,2,4:59,3,0,,,,,,,,,,,,,,,,
2021-08-14,OFC 8 - Open Fighting Championship 8,,Myktybek Orolbai,Peyman Haciev,Myktybek Orolbai,KO/TKO,1,2:30,3,0,,,,,,,,,,,,,,,,
2021-08-14,Imperium - MMA Pro 15,,Ravena Oliveira,Edjane Agostinho,Ravena Oliveira,KO/TKO,2,1:12,3,0,,,,,,,,,,,,,,,,
2021-08-15,WFL MMA 6 - World Fighting League MMA 6,,Losene Keita,Bartosz Gorczyca,Losene Keita,KO/TKO,1,0:00,3,0,,,,,,,,,,,,,,,,
2021-08-21,SFH 1 - Perez vs. Tainara,,Ailin Perez,Alessandra Tainara,Ailin Perez,KO/TKO,1,4:20,3,0,,,,,,,,,,,,,,,,
2021-08-21,UFC on ESPN 29 - Cannonier vs. Gastelum,,Alexandre Pantoja,Brandon Royval,Alexandre Pantoja,SUB,2,1:46,3,0,,,,,,,,,,,,,,,,
2021-08-21,Maktub Fight Pro - Maktub,,Brunno Ferreira,Ewerton Polaquini,Brunno Ferreira,SUB,1,3:51,3,0,,,,,,,,,,,,,,,,
2021-08-21,UFC on ESPN 29 - Cannonier vs. Gastelum,,Ignacio Bahamondes,Roosevelt Roberts,Ignacio Bahamondes,KO/TKO,3,4:55,3,0,,,,,,,,,,,,,,,,
2021-08-21,UFC on ESPN 29 - Cannonier vs. Gastelum,,Ramiz Brahimaj,Sasha Palatnikov,Ramiz Brahimaj,SUB,1,2:33,3,0,,,,,,,,,,,,,,,,
2021-08-26,FCOC 64 - Fight Club OC 64,,Richie Miranda,Isaiah Culpepper,Richie Miranda,KO/TKO,2,2:02,3,0,,,,,,,,,,,,,,,,
2021-08-27,AKA - Rite of Passage 17,,Sedriques Dumas,Lance Thompson,Sedriques Dumas,KO/TKO,2,4:17,3,0,,,,,,,,,,,,,,,,
2021-08-27,LFA 114 - Souza vs. Garcia,,Charles Johnson,Joao Camilo,Charles Johnson,KO/TKO,2,4:07,3,0,,,,,,,,,,,,,,,,
2021-08-28,UFC on ESPN 30 - Barboza vs. Chikadze,,Brady Hiestand,Ricky Turcios,Ricky Turcios,S-DEC,3,5:00,3,0,,,,,,,,,,,,,,,,
2021-08-28,UFC on ESPN 30 - Barboza vs. Chikadze,,Vanessa Demopoulos,J.J. Aldrich,J.J. Aldrich,DEC,3,5:00,3,0,,,,,,,,,,,,,,,,
2021-08-28,UFC on ESPN 30 - Barboza vs. Chikadze,,Giga Chikadze,Edson Barboza,Giga Chikadze,KO/TKO,3,1:44,5,0,,,,,,,,,,,,,,,,
2021-08-28,UFC on ESPN 30 - Barboza vs. Chikadze,,Jamall Emmers,Pat Sabatini,Pat Sabatini,SUB,1,1:53,3,0,,,,,,,,,,,,,,,,
2021-08-28,UFC on ESPN 30 - Barboza vs. Chikadze,,Daniel Rodriguez,Kevin Lee,Daniel Rodriguez,DEC,3,5:00,3,0,,,,,,,,,,,,,,,,
2021-08-28,UFC on ESPN 30 - Barboza vs. Chikadze,,Gilbert Urbina,Bryan Battle,Bryan Battle,SUB,2,2:15,3,0,,,,,,,,,,,,,,,,
2021-08-28,UFC on ESPN 30 - Barboza vs. Chikadze,,Dustin Jacoby,Darren Stewart,Dustin Jacoby,KO/TKO,1,3:04,3,0,,,,,,,,,,,,,,,,
2021-08-29,RUF MMA 43 - Road to One: The Quarterfinals,,Waldo Cortes-Acosta,Jordan Powell,Waldo Cortes-Acosta,DEC,3,5:00,3,0,,,,,,,,,,,,,,,,
2021-08-31,Dana White's Contender Series - Contender Series 2021: Week 1,,Joanderson Brito,Diego Lopes,Joanderson Brito,DEC,3,0:10,3,0,,,,,,,,,,,,,,,,
2021-09-03,One Championship - Empower,,Jingnan Xiong,Michelle Nicolini,Jingnan Xiong,DEC,5,5:00,5,0,,,,,,,,,,,,,,,,
2021-09-03,One Championship - Empower,,Bo Meng,Ritu Phogat,Ritu Phogat,DEC,3,5:00,3,0,,,,,,,,,,,,,,,,
2021-09-04,UFC Fight Night 191 - Brunson vs. Till,,Charles Jourdain,Julian Erosa,Julian Erosa,SUB,3,2:56,3,0,,,,,,,,,,,,,,,,
2021-09-04,UAE Warriors - UAE Warriors 22,,Daniil Donchenko,Jimmy Vienot,Jimmy Vienot,DEC,3,5:00,3,0,,,,,,,,,,,,,,,,
2021-09-04,UFC Fight Night 191 - Brunson vs. Till,,Modestas Bukauskas,Khalil Rountree,Khalil Rountree,KO/TKO,2,2:30,3,0,,,,,,,,,,,,,,,,
2021-09-04,UAE Warriors - UAE Warriors 22,,Vitor Petrino,Gadzhimurad Antigulov,Vitor Petrino,KO/TKO,2,3:36,3,0,,,,,,,,,,,,,,,,
2021-09-04,UFC Fight Night 191 - Brunson vs. Till,,Serghei Spivac,Tom Aspinall,Tom Aspinall,KO/TKO,1,2:30,3,0,,,,,,,,,,,,,,,,
2021-09-05,Fury FC 50 - Fury Fighting Championship 50,,Michael Aswell,Zachariah Thorne,Michael Aswell,KO/TKO,2,5:00,3,0,,,,,,,,,,,,,,,,
2021-09-07,Dana White's Contender Series - Contender Series 2021: Week 2,,Chidi Njokuani,Mario Sousa,Chidi Njokuani,KO/TKO,3,1:35,3,0,,,,,,,,,,,,,,,,
2021-09-11,AFC 8 - Alabama Fighting Championship: All American Bash,,Trevor Peek,Ben Brewer,Trevor Peek,KO/TKO,3,3:02,3,0,,,,,,,,,,,,,,,,
2021-09-11,Oktagon MMA - Oktagon 27: Buchinger vs. Barborik,,Vlastislav Cepo,Milos Kostic,Vlastislav Cepo,KO/TKO,1,0:50,3,0,,,,,,,,,,,,,,,,
2021-09-12,OFC 10 - Open Fighting Championship 10,,Nursulton Ruziboev,Alex de Paula,Nursulton Ruziboev,KO/TKO,1,3:41,3,0,,,,,,,,,,,,,,,,
2021-09-12,WKG & M-1 Global - 2021 Harbin Bank Chengdu Charity Tournament,,Ailinuer Ahejiang,Giovanni Moljo,Ailinuer Ahejiang,DEC,3,5:00,3,0,,,,,,,,,,,,,,,,
2021-09-12,Pancrase - 323,,Ryo Tajima,Toshiomi Kazama,Toshiomi Kazama,SUB,1,0:55,3,0,,,,,,,,,,,,,,,,
2021-09-12,Fury FC 51 - Fury Fighting Championship 51,,MarQuel Mederos,Chris Sherley Rios,MarQuel Mederos,KO/TKO,2,3:31,3,0,,,,,,,,,,,,,,,,
2021-09-14,Dana White's Contender Series - Contender Series 2021: Week 3,,Julia Polastri,Jasmine Jasudavicius,Jasmine Jasudavicius,DEC,3,5:00,3,0,,,,,,,,,,,,,,,,
2021-09-17,Octagon Promotion - Octagon 23,,Ilimbek Akylbek Uulu,Gani Adilserikov,Ilimbek Akylbek Uulu,KO/TKO,2,5:00,3,0,,,,,,,,,,,,,,,,
2021-09-17,Titan FC 72 - Dias vs. Ibraimov,,Muhammadjon Naimov,Andres Ponce,Muhammadjon Naimov,SUB,1,4:53,3,0,,,,,,,,,,,,,,,,
2021-09-17,Titan FC 72 - Dias vs. Ibraimov,,Ryan Kuse,Rob Fuller,Ryan Kuse,KO/TKO,1,1:34,3,0,,,,,,,,,,,,,,,,
2021-09-17,EFC / AMC - Abdulmanap Nurmagomedov In Memory Tournament,,Saygid Izagakhmaev,Maxim Butorin,Saygid Izagakhmaev,SUB,2,4:41,3,0,,,,,,,,,,,,,,,,
2021-09-18,Bellator 266 - Romero vs. Davis,,Christian Edwards,Ben Parrish,Ben Parrish,KO/TKO,1,0:38,3,0,,,,,,,,,,,,,,,,
2021-09-18,UFC Fight Night 192 - Smith vs. Spann,,Montel Jackson,J.P. Buys,Montel Jackson,DEC,3,5:00,3,0,,,,,,,,,,,,,,,,
2021-09-18,UFC Fight Night 192 - Smith vs. Spann,,Heili Alateng,Gustavo Lopez,draw,DRAW,3,5:00,3,0,,,,,,,,,,,,,,,,
2021-09-18,UFC Fight Night 192 - Smith vs. Spann,,Arman Tsarukyan,Christos Giagos,Arman Tsarukyan,KO/TKO,1,2:09,3,0,,,,,,,,,,,,,,,,
2021-09-18,UFC Fight Night 192 - Smith vs. Spann,,Zhu Rong,Brandon Jenkins,Zhu Rong,KO/TKO,3,4:35,3,0,,,,,,,,,,,,,,,,
2021-09-18,UFC Fight Night 192 - Smith vs. Spann,,Ryan Spann,Anthony Smith,Anthony Smith,SUB,1,3:47,5,0,,,,,,,,,,,,,,,,
2021-09-18,IDC - Mena vs. Ibanez,,Sofia Montenegro,Paola Garay,Sofia Montenegro,KO/TKO,2,1:58,3,0,,,,,,,,,,,,,,,,
2021-09-18,Serbian MMA Federation - SMMAF: MMA League Round 3,,Marina Spasic,Jovana Dukic,Marina Spasic,KO/TKO,2,3:28,3,0,,,,,,,,,,,,,,,,
2021-09-19,Rizin FF - Rizin 30,,Kai Asakura,Alan Yamaniha,Kai Asakura,DEC,3,5:00,3,0,,,,,,,,,,,,,,,,
2021-09-19,Thunder Fight 30 - Copa Thunder Fight 13,,Bruno Lopes,Marcelo Tenorio,Bruno Lopes,KO/TKO,1,0:00,3,0,,,,,,,,,,,,,,,,
2021-09-23,FCOC 65 - Fight Club OC 65,,Sean Sharaf,Bruno Casillas,Sean Sharaf,KO/TKO,1,1:10,3,0,,,,,,,,,,,,,,,,
2021-09-24,AMC Fight Nights 104 - Piraev vs. Khamitov,,Shamil Gaziev,Grigoriy Ponomarev,Shamil Gaziev,KO/TKO,2,0:38,3,0,,,,,,,,,,,,,,,,
2021-09-24,Future MMA 13 - Ribeiro vs. Albuquerque,,Ramazonbek Temirov,Daniel Conceicao,Ramazonbek Temirov,KO/TKO,1,0:34,3,0,,,,,,,,,,,,,,,,
2021-09-25,UFC 266 - Volkanovski vs. Ortega,,Curtis Blaydes,Jairzinho Rozenstruik,Curtis Blaydes,DEC,3,5:00,3,0,,,,,,,,,,,,,,,,
2021-09-25,UFC 266 - Volkanovski vs. Ortega,,Dan Hooker,Nasrat Haqparast,Dan Hooker,DEC,3,5:00,3,0,,,,,,,,,,,,,,,,
2021-09-25,Brave CF 54 - Brave Combat Federation 54,,Axel Sola,Wawrzyniec Bartnik,Axel Sola,DEC,3,5:00,3,0,,,,,,,,,,,,,,,,
2021-09-25,ATFC 3 - Amir Temur Fighting Championship 3,,Nursulton Ruziboev,Alexander Dolotenko,Nursulton Ruziboev,SUB,1,N/A,3,0,,,,,,,,,,,,,,,,
2021-09-25,The Hero - Pro Fight Night 6: Fighters Dream 1,,Chungreng Koren,Sujit Gund,Chungreng Koren,SUB,1,0:58,3,0,,,,,,,,,,,,,,,,
2021-09-25,Sul Fluminense Fight Night 5 - SFFN 5,,Marcio Barbosa,Gabriel Oliveira,Marcio Barbosa,KO/TKO,1,0:44,3,0,,,,,,,,,,,,,,,,
2021-09-25,UFC 266 - Volkanovski vs. Ortega,,Jalin Turner,Uros Medic,Jalin Turner,SUB,1,4:01,3,0,,,,,,,,,,,,,,,,
2021-09-25,Blood Fight League - 8 Man MMA Tournament,,Bogdan Grad,Andrei Caraus,Andrei Caraus,DEC,3,5:00,3,0,,,,,,,,,,,,,,,,
2021-09-25,Blood Fight League - 8 Man MMA Tournament,,Bogdan Grad,Darius Betean,Bogdan Grad,KO/TKO,1,2:10,3,0,,,,,,,,,,,,,,,,
2021-09-28,Dana White's Contender Series - Contender Series 2021: Week 5,,Rizvan Kuniev,Edivan Mineiro Santos,Rizvan Kuniev,KO/TKO,3,1:00,3,0,,,,,,,,,,,,,,,,
2021-09-30,CW 127 - Cage Warriors 127,,Oban Elliott,George McManus,Oban Elliott,KO/TKO,1,2:14,3,0,,,,,,,,,,,,,,,,
2021-10-01,Bellator 267 - Lima vs. MVP 2,,Michael Page,Douglas Lima,Michael Page,S-DEC,3,5:00,3,0,,,,,,,,,,,,,,,,
2021-10-01,CW 128 - Cage Warriors 128,,Morgan Charriere,Paul Hughes,Paul Hughes,S-DEC,5,5:00,5,0,,,,,,,,,,,,,,,,
2021-10-02,UFC Fight Night 193 - Santos vs. Walker,,Casey O'Neill,Antonina Shevchenko,Casey O'Neill,KO/TKO,2,4:47,3,0,,,,,,,,,,,,,,,,
2021-10-02,Contenders East Anglia - Contenders Norwich 31,,Mario Pinto,Joffie Houlton,Mario Pinto,KO/TKO,1,0:00,3,0,,,,,,,,,,,,,,,,
2021-10-02,JCK Night Cage Series - 2021 Round of 16 Part 5,,Meng Ding,Gongyi Zou,Meng Ding,KO/TKO,1,3:49,3,0,,,,,,,,,,,,,,,,
2021-10-02,JCK Night Cage Series - 2021 Round of 16 Part 5,,Ailinuer Ahejiang,Chunbo Yuan,Chunbo Yuan,S-DEC,3,4:58,3,0,,,,,,,,,,,,,,,,
2021-10-02,MGL-1 Fighting Championship - MGL-1 FC 15,,Dagiisuren Chagnaadorj,Ulziibat Ganbaatar,Dagiisuren Chagnaadorj,DEC,3,5:00,3,0,,,,,,,,,,,,,,,,
2021-10-02,PF - Piemont Fight 2,,Ravena Oliveira,Sharolayne Almeida,Ravena Oliveira,KO/TKO,1,2:33,3,0,,,,,,,,,,,,,,,,
2021-10-08,FAC 10 - Fighting Alliance Championship 10,,Gauge Young,Cliff Wright,Gauge Young,SUB,1,3:18,3,0,,,,,,,,,,,,,,,,
2021-10-09,UFC Fight Night 194 - Dern vs. Rodriguez,,Tim Elliott,Matheus Nicolau,Matheus Nicolau,DEC,3,5:00,3,0,,,,,,,,,,,,,,,,
2021-10-09,UFC Fight Night 194 - Dern vs. Rodriguez,,Mackenzie Dern,Marina Rodriguez,Marina Rodriguez,DEC,5,5:00,5,0,,,,,,,,,,,,,,,,
2021-10-09,LFC - Lucas Fight Combat 2,,Jose Luiz,Sidinei Elias de Araujo,Jose Luiz,SUB,2,1:38,3,0,,,,,,,,,,,,,,,,
2021-10-15,AFC 17 - Angel's Fighting Championship 17,,Joo Sang Yoo,Jun Hee Jung,Joo Sang Yoo,SUB,2,3:44,3,0,,,,,,,,,,,,,,,,
2021-10-16,UFC Fight Night 195 - Ladd vs. Dumont,,Norma Dumont,Aspen Ladd,Norma Dumont,DEC,5,5:00,5,0,,,,,,,,,,,,,,,,
2021-10-16,UFC Fight Night 195 - Ladd vs. Dumont,,Manon Fiorot,Mayra Bueno Silva,Manon Fiorot,DEC,3,5:00,3,0,,,,,,,,,,,,,,,,
2021-10-16,UFC Fight Night 195 - Ladd vs. Dumont,,Ludovit Klein,Nate Landwehr,Nate Landwehr,SUB,3,2:22,3,0,,,,,,,,,,,,,,,,
2021-10-16,FEN 36 - Fight Night Szczecin,,Mateusz Rebecki,Felipe da Silva Maia,Mateusz Rebecki,KO/TKO,1,0:15,3,0,,,,,,,,,,,,,,,,
2021-10-17,Fury FC 52 - Fury Fighting Championship 52,,Joshua Van,Tony Esquivel,Joshua Van,KO/TKO,2,2:14,3,0,,,,,,,,,,,,,,,,
2021-10-17,EFC 42 - Eagle Fighting Championship 42,,Diyar Nurgozhay,Magomed Magomedov,Diyar Nurgozhay,DEC,3,5:00,3,0,,,,,,,,,,,,,,,,
2021-10-17,CW 130 - Cage Warriors 130,,Richie Miranda,James Lynch,Richie Miranda,SUB,1,1:31,3,0,,,,,,,,,,,,,,,,
2021-10-19,Dana White's Contender Series - Contender Series 2021: Week 8,,Valesca Machado,Piera Rodriguez,Piera Rodriguez,DEC,3,5:00,3,0,,,,,,,,,,,,,,,,
2021-10-22,Combate Global - Montanez vs. Hernandez,,Melissa Amaya,Gisselle Garcia Villanueva,Melissa Amaya,KO/TKO,1,2:11,3,0,,,,,,,,,,,,,,,,
2021-10-22,ROC 74 - Ring of Combat 74,,Lerryan Douglas,James Gonzalez,James Gonzalez,DEC,3,5:00,3,0,,,,,,,,,,,,,,,,
2021-10-22,ROC 74 - Ring of Combat 74,,Dennis Buzukja,Mike Lawrence,Dennis Buzukja,KO/TKO,1,1:06,3,0,,,,,,,,,,,,,,,,
2021-10-22,Muradov Professional League - MPL 1: Mirzamatov vs. Jankovic,,Bogdan Guskov,Vadim Litvin,Bogdan Guskov,KO/TKO,1,3:51,3,0,,,,,,,,,,,,,,,,
2021-10-22,Muradov Professional League - MPL 1: Mirzamatov vs. Jankovic,,Ramazonbek Temirov,Talgat Zhumagaliyev,Ramazonbek Temirov,DEC,3,5:00,3,0,,,,,,,,,,,,,,,,
2021-10-23,KSW 64 - Przybysz vs. Santos,,Oumar Sy,Adam Tomasik,Oumar Sy,KO/TKO,1,1:22,3,0,,,,,,,,,,,,,,,,
2021-10-23,Deep - 104 Impact,,Rei Tsuruya,Kenta Kubo,Rei Tsuruya,KO/TKO,2,3:55,3,0,,,,,,,,,,,,,,,,
2021-10-23,UFC Fight Night 196 - Costa vs. Vettori,,Gregory Rodrigues,Jun Yong Park,Gregory Rodrigues,KO/TKO,2,3:13,3,0,,,,,,,,,,,,,,,,
2021-10-23,UFC Fight Night 196 - Costa vs. Vettori,,Mason Jones,David Onama,Mason Jones,DEC,3,5:00,3,0,,,,,,,,,,,,,,,,
2021-10-23,Pure FC 20 - Pure Fighting Championships 20,,Wesley Schultz,Victor Jones,Wesley Schultz,SUB,1,0:24,3,0,,,,,,,,,,,,,,,,
2021-10-23,XMMA 3 - Vice City,,Mansur Abdul-Malik,Cole Jordan,Mansur Abdul-Malik,KO/TKO,1,4:06,3,0,,,,,,,,,,,,,,,,
2021-10-23,Lions FC 9 - The Golden Cage: Lions Fighting Championship 9,,Robert Valentin,Djordie Rajic,Robert Valentin,KO/TKO,1,0:39,3,0,,,,,,,,,,,,,,,,
2021-10-26,Dana White's Contender Series - Contender Series 2021: Week 9,,Long Xiao,Cristian Quinonez,Cristian Quinonez,DEC,3,5:00,3,0,,,,,,,,,,,,,,,,
2021-10-29,AKA - Rite of Passage 18,,Sedriques Dumas,Mario Mancillas,Sedriques Dumas,KO/TKO,1,1:30,3,0,,,,,,,,,,,,,,,,
2021-10-29,100% Fight 44 - 100% Fight Is Back,,Noah Gugnon,Jessy Chateauneuf,Noah Gugnon,SUB,2,1:53,3,0,,,,,,,,,,,,,,,,
2021-10-30,LXF 6 - Lights Out Xtreme Fighting 6,,Osman Diaz,Moses Murrietta,Osman Diaz,KO/TKO,2,1:54,3,0,,,,,,,,,,,,,,,,
2021-10-30,UFC 267 - Blachowicz vs. Teixeira,,Dan Hooker,Islam Makhachev,Islam Makhachev,SUB,1,2:25,3,0,,,,,,,,,,,,,,,,
2021-10-30,SFT 31 - Moreira vs. Cardoso,,Denise Gomes,Jeanne Ruas,Denise Gomes,KO/TKO,3,1:03,3,0,,,,,,,,,,,,,,,,
2021-10-30,JCK Night Cage Series - 2021 Round of 8 Part 1,,Meng Ding,Wulan Muhemaitihali,Meng Ding,KO/TKO,3,1:34,3,0,,,,,,,,,,,,,,,,
2021-10-30,MFF 6 - MF Fighters 6,,Eduardo Henrique,Tiago Santos Reis,Eduardo Henrique,DEC,3,5:00,3,0,,,,,,,,,,,,,,,,
2021-10-30,Eternal MMA 62 - Perth,,Quillan Salkilld,Nicko Flessas,Quillan Salkilld,SUB,1,2:01,3,0,,,,,,,,,,,,,,,,
2021-10-30,UFC 267 - Blachowicz vs. Teixeira,,Jan Blachowicz,Glover Teixeira,Glover Teixeira,SUB,2,3:02,5,0,,,,,,,,,,,,,,,,
2021-10-30,UFC 267 - Blachowicz vs. Teixeira,,Marcin Tybura,Alexander Volkov,Alexander Volkov,DEC,3,5:00,3,0,,,,,,,,,,,,,,,,
2021-10-30,UFC 267 - Blachowicz vs. Teixeira,,Magomed Ankalaev,Volkan Oezdemir,Magomed Ankalaev,DEC,3,5:00,3,0,,,,,,,,,,,,,,,,
2021-10-30,Eternal MMA 62 - Perth,,Steve Erceg,Paul Loga,Steve Erceg,SUB,1,2:31,3,0,,,,,,,,,,,,,,,,
2021-11-02,Dana White's Contender Series - Contender Series 2021: Week 10,,Maheshate Hayisaer,Achilles Estremadura,Maheshate Hayisaer,DEC,3,5:00,3,0,,,,,,,,,,,,,,,,
2021-11-04,OFC 11 - Open Fighting Championship 11,,Mark Vologdin,Kiyalbek Akylbek Uulu,Mark Vologdin,DEC,3,5:00,3,0,,,,,,,,,,,,,,,,
2021-11-05,AFN 11 - Armia Fight Night: Bitwa o Niepodleglosc,,Klaudia Sygula,Zoya Litvinenko,Klaudia Sygula,DEC,3,5:00,3,0,,,,,,,,,,,,,,,,
2021-11-06,SFH 2 - Perez vs. Vidal,,Ailin Perez,Tamires Vidal,Tamires Vidal,DQ,3,3:00,3,0,,,,,,,,,,,,,,,,
2021-11-06,Oktagon MMA - Oktagon Prime 4: Macek vs. Magard,,Robert Bryczek,Zdenek Polivka,Zdenek Polivka,DEC,3,5:00,3,0,,,,,,,,,,,,,,,,
2021-11-06,UFC 268 - Usman vs. Covington 2,,Marlon Vera,Frankie Edgar,Marlon Vera,KO/TKO,3,3:50,3,0,,,,,,,,,,,,,,,,
2021-11-06,UFC 268 - Usman vs. Covington 2,,Edmen Shahbazyan,Nassourdine Imavov,Nassourdine Imavov,KO/TKO,2,4:42,3,0,,,,,,,,,,,,,,,,
2021-11-06,B1 MMA - Mad Cage,,Daniil Donchenko,Gustavo Wurlitzer,Daniil Donchenko,KO/TKO,2,3:15,3,0,,,,,,,,,,,,,,,,
2021-11-06,UFC 268 - Usman vs. Covington 2,,Ian Garry,Jordan Williams,Ian Garry,KO/TKO,1,4:59,3,0,,,,,,,,,,,,,,,,
2021-11-06,UFC 268 - Usman vs. Covington 2,,Billy Quarantillo,Shane Burgos,Shane Burgos,DEC,3,5:00,3,0,,,,,,,,,,,,,,,,
2021-11-06,Cage Titans FC - Cage Titans 50,,Billy Goff,Marty Navis,Billy Goff,KO/TKO,1,1:11,3,0,,,,,,,,,,,,,,,,
2021-11-06,Oktagon MMA - Oktagon Prime 4: Macek vs. Magard,,Milos Janicic,Jaroslav Pokorny,Milos Janicic,SUB,3,4:43,3,0,,,,,,,,,,,,,,,,
2021-11-06,UFC 268 - Usman vs. Covington 2,,Dustin Jacoby,John Allan,Dustin Jacoby,DEC,3,5:00,3,0,,,,,,,,,,,,,,,,
2021-11-06,Brave CF 55 - Brave Combat Federation 55,,Sam Patterson,Kamil Magomedov,Sam Patterson,SUB,2,3:21,3,0,,,,,,,,,,,,,,,,
2021-11-12,Combate Global - USA vs. Mexico Tournament,,Melissa Amaya,Andrea Amaro,Melissa Amaya,SUB,1,4:00,3,0,,,,,,,,,,,,,,,,
2021-11-12,Bellator 271 - Cyborg vs. Kavanagh,,Waldo Cortes-Acosta,Muhammed DeReese,Waldo Cortes-Acosta,DEC,3,5:00,3,0,,,,,,,,,,,,,,,,
2021-11-12,Bellator 271 - Cyborg vs. Kavanagh,,Tyrell Fortune,Linton Vassell,Linton Vassell,S-DEC,3,5:00,3,0,,,,,,,,,,,,,,,,
2021-11-13,Eagles FC - Danger Zone,,Pavel Andrusca,Andrei Jovteak,Pavel Andrusca,KO/TKO,1,0:30,3,0,,,,,,,,,,,,,,,,
2021-11-13,BFL 3 - Barcelona Fight League 3,,Fabia Sintes,Jhosimar Sagbay,Fabia Sintes,DEC,3,5:00,3,0,,,,,,,,,,,,,,,,
2021-11-13,UFC Fight Night 197 - Holloway vs. Rodriguez,,Yadong Song,Julio Arce,Yadong Song,KO/TKO,2,1:35,3,0,,,,,,,,,,,,,,,,
2021-11-13,UFC Fight Night 197 - Holloway vs. Rodriguez,,Sean Woodson,Collin Anglin,Sean Woodson,KO/TKO,1,4:30,3,0,,,,,,,,,,,,,,,,
2021-11-13,UFC Fight Night 197 - Holloway vs. Rodriguez,,Kennedy Nzechukwu,Da Woon Jung,Da Woon Jung,KO/TKO,1,3:04,3,0,,,,,,,,,,,,,,,,
2021-11-13,Sul Fluminense Fight Night - SFFN 6 - Pantera Vs Macfer,,Marcio Barbosa,Jameson Oliveira,Marcio Barbosa,KO/TKO,1,0:35,3,0,,,,,,,,,,,,,,,,
2021-11-13,UFC Fight Night 197 - Holloway vs. Rodriguez,,Joel Alvarez,Thiago Moises,Joel Alvarez,KO/TKO,1,3:01,3,0,,,,,,,,,,,,,,,,
2021-11-14,Thunder Fight 32 - Copa Thunder Fight 15,,Bruno Lopes,Flavio Rodrigo Magon,Bruno Lopes,SUB,2,4:59,3,0,,,,,,,,,,,,,,,,
2021-11-19,SMMA - Samourai MMA,,Kyle Prepolec,Michael Dufort,Kyle Prepolec,S-DEC,5,5:00,5,0,,,,,,,,,,,,,,,,
2021-11-20,OCL - Ohio Combat League 16,,Josiah Harrell,Homer Mangram,Josiah Harrell,SUB,1,2:59,3,0,,,,,,,,,,,,,,,,
2021-11-20,UFC Fight Night 198 - Vieira vs. Tate,,Rafa Garcia,Natan Levy,Rafa Garcia,DEC,3,5:00,3,0,,,,,,,,,,,,,,,,
2021-11-20,FCR 10 - Fight Club Rush 10,,Felipe Lima,Evgeniy Odnorog,Felipe Lima,KO/TKO,1,0:00,3,0,,,,,,,,,,,,,,,,
2021-11-20,UFC Fight Night 198 - Vieira vs. Tate,,Qileng Aori,Cody Durden,Cody Durden,DEC,3,5:00,3,0,,,,,,,,,,,,,,,,
2021-11-21,Fury FC 54 - Fury Fighting Championship 54,,Joshua Van,Chase Eastham,Joshua Van,KO/TKO,2,3:24,3,0,,,,,,,,,,,,,,,,
2021-11-21,BFS 3 - Brazilian Fighting Series 3,,Eduardo Henrique,Tiago Xavier,Eduardo Henrique,KO/TKO,2,3:36,3,0,,,,,,,,,,,,,,,,
2021-11-26,UWC Mexico 30 - Leyva vs. Galera,,Raul Rosas Jr.,Eduardo Velazquez,Raul Rosas Jr.,SUB,1,1:01,3,0,,,,,,,,,,,,,,,,
2021-11-26,SFC - Sulukta Fight Night Grand Prix,,Myktybek Orolbai,Adis Taalaybek,Myktybek Orolbai,KO/TKO,4,5:00,5,0,,,,,,,,,,,,,,,,
2021-11-26,SFC - Sulukta Fight Night Grand Prix,,Myktybek Orolbai,Mashrabzhon Sobirov,Myktybek Orolbai,KO/TKO,1,3:24,3,0,,,,,,,,,,,,,,,,
2021-11-27,FEN 37 - ENERGA Fight Night Wroclaw,,Mateusz Rebecki,Arkadiy Osipyan,Mateusz Rebecki,DEC,5,5:00,5,0,,,,,,,,,,,,,,,,
2021-12-04,UFC on ESPN 31 - Font vs. Aldo,,Alonzo Menifield,William Knight,William Knight,DEC,3,5:00,3,0,,,,,,,,,,,,,,,,
2021-12-04,Oktagon MMA - Oktagon 29: Kozma vs. Velickovic,,Losene Keita,Karol Rysavy,Losene Keita,KO/TKO,1,2:55,3,0,,,,,,,,,,,,,,,,
2021-12-04,UFC on ESPN 31 - Font vs. Aldo,,Dusko Todorovic,Maki Pitolo,Dusko Todorovic,KO/TKO,1,4:34,3,0,,,,,,,,,,,,,,,,
2021-12-04,AFL 1 - Anaconda Fight League,,Damian Rzepecki,Dawid Gabara,Damian Rzepecki,SUB,1,4:57,3,0,,,,,,,,,,,,,,,,
2021-12-05,RMMA 1 - Rogue MMA 1,,Jack Jenkins,Jason Petropoulos,Jack Jenkins,KO/TKO,2,1:44,3,0,,,,,,,,,,,,,,,,
2021-12-05,GOR MMA - Ignacio vs. Kazakov,,Valter Walker,Denis Kazakov,Valter Walker,KO/TKO,1,4:50,3,0,,,,,,,,,,,,,,,,
2021-12-10,MFN 7 - Matrix Fight Night 7,,Chungreng Koren,Angad Bisht,Angad Bisht,DEC,3,5:00,3,0,,,,,,,,,,,,,,,,
2021-12-10,CW 131 - Cage Warriors 131,,Oban Elliott,Madars Bertholds-Fleminas,Madars Bertholds-Fleminas,KO/TKO,2,4:15,3,0,,,,,,,,,,,,,,,,
2021-12-11,Octagon Promotion - Octagon 26,,Ilimbek Akylbek Uulu,Teimur Zhaparov,Teimur Zhaparov,KO/TKO,3,4:54,3,0,,,,,,,,,,,,,,,,
2021-12-11,UFC 269 - Oliveira vs. Poirier,,Tai Tuivasa,Augusto Sakai,Tai Tuivasa,KO/TKO,2,0:26,3,0,,,,,,,,,,,,,,,,
2021-12-11,UFC 269 - Oliveira vs. Poirier,,Dan Ige,Josh Emmett,Josh Emmett,DEC,3,5:00,3,0,,,,,,,,,,,,,,,,
2021-12-11,Octagon Promotion - Octagon 26,,Farida Abdueva,Dariya Luneva,Farida Abdueva,DEC,3,5:00,3,0,,,,,,,,,,,,,,,,
2021-12-11,Dominium Fighter Championship - DFC 8: Round Final,,Marcio Barbosa,Luis Felipe Filgueira da Silva,Luis Felipe Filgueira da Silva,KO/TKO,2,2:46,3,0,,,,,,,,,,,,,,,,
2021-12-11,UFC 269 - Oliveira vs. Poirier,,Gillian Robertson,Priscila Cachoeira,Gillian Robertson,SUB,1,4:59,3,0,,,,,,,,,,,,,,,,
2021-12-11,UFC 269 - Oliveira vs. Poirier,,Santiago Ponzinibbio,Geoff Neal,Geoff Neal,S-DEC,3,5:00,3,0,,,,,,,,,,,,,,,,
2021-12-12,OFC 14 - Open Fighting Championship 14 & Alash Pride 71,,Nursulton Ruziboev,Eduard Arustamyan,Nursulton Ruziboev,KO/TKO,1,1:51,3,0,,,,,,,,,,,,,,,,
2021-12-12,Pancrase - 325,,Ryo Tajima,Ryo Iseki,Ryo Tajima,KO/TKO,1,4:50,3,0,,,,,,,,,,,,,,,,
2021-12-17,Titan FC 73 - Taylor vs. Edwards,,Luis Hernandez,Christopher Lavant,Luis Hernandez,SUB,1,1:05,3,0,,,,,,,,,,,,,,,,
2021-12-18,UFC Fight Night 199 - Lewis vs. Daukaus,,Ricky Simon,Raphael Assuncao,Ricky Simon,KO/TKO,2,2:14,3,0,,,,,,,,,,,,,,,,
2021-12-18,UFC Fight Night 199 - Lewis vs. Daukaus,,Charles Jourdain,Andre Ewell,Charles Jourdain,DEC,3,5:00,3,0,,,,,,,,,,,,,,,,
2021-12-18,KSW 65 - Khalidov vs. Soldic,,Salahdine Parnasse,Daniel Torres,Salahdine Parnasse,DEC,5,5:00,5,0,,,,,,,,,,,,,,,,
2021-12-18,XFC 54 - Xtreme Fighting Championships,,Lawrence Lui,Caleb Lally,Lawrence Lui,DEC,3,5:00,3,0,,,,,,,,,,,,,,,,
2021-12-18,JCK Night Cage Series - 2021 Division Finals Part 1,,Meng Ding,Nueraji Taiyilake,Meng Ding,KO/TKO,3,1:47,3,0,,,,,,,,,,,,,,,,
2021-12-18,UFC Fight Night 199 - Lewis vs. Daukaus,,Dustin Stoltzfus,Gerald Meerschaert,Gerald Meerschaert,SUB,3,2:58,3,0,,,,,,,,,,,,,,,,
2021-12-18,UFC Fight Night 199 - Lewis vs. Daukaus,,Mateusz Gamrot,Diego Ferreira,Mateusz Gamrot,KO/TKO,2,3:26,3,0,,,,,,,,,,,,,,,,
2021-12-18,UFC Fight Night 199 - Lewis vs. Daukaus,,Darren Elkins,Cub Swanson,Cub Swanson,KO/TKO,1,2:12,3,0,,,,,,,,,,,,,,,,
2021-12-18,UFC Fight Night 199 - Lewis vs. Daukaus,,Amanda Lemos,Angela Hill,Amanda Lemos,S-DEC,3,5:00,3,0,,,,,,,,,,,,,,,,
2021-12-18,FSC 20 - FightStar Championship 20,,Louie Sutherland,Atanas Krastanov,Louie Sutherland,KO/TKO,1,2:05,3,0,,,,,,,,,,,,,,,,
2021-12-18,IFC - Ipira Fight Combat,,Ravena Oliveira,Gabriele Santana,Ravena Oliveira,KO/TKO,1,3:58,3,0,,,,,,,,,,,,,,,,
2021-12-18,Brave CF 56 - Brave Combat Federation 56,,Borislav Nikolic,Matiss Zaharovs,Borislav Nikolic,DEC,3,5:00,3,0,,,,,,,,,,,,,,,,
2021-12-19,Fury FC 55 - Fury Fighting Championship 55,,Joshua Van,Devon Jackson,Devon Jackson,SUB,2,4:58,3,0,,,,,,,,,,,,,,,,
2021-12-19,Fury FC 55 - Fury Fighting Championship 55,,Michael Aswell,Cristian Lopez,Michael Aswell,KO/TKO,1,1:37,3,0,,,,,,,,,,,,,,,,
2021-12-19,Thunder Fight 33 - Copa Thunder Fight 16,,Djorden Santos,Miguel Firmino,Djorden Santos,S-DEC,3,5:00,3,0,,,,,,,,,,,,,,,,
2021-12-26,MGL-1 Fighting Championship - MGL-1 FC 16,,Dagiisuren Chagnaadorj,Ganzorig Erdenebaatar,Dagiisuren Chagnaadorj,DEC,3,5:00,3,0,,,,,,,,,,,,,,,,
2021-12-29,WLF - W.A.R.S. 57,,Long Xiao,Range Tedan,Long Xiao,SUB,2,2:58,3,0,,,,,,,,,,,,,,,,
2021-12-31,Rizin FF - Rizin 33,,Kai Asakura,Hiromasa Ougikubo,Hiromasa Ougikubo,DEC,3,5:00,3,0,,,,,,,,,,,,,,,,
2021-12-31,Rizin FF - Rizin 33,,Kai Asakura,Kenta Takizawa,Kai Asakura,DEC,3,5:00,3,0,,,,,,,,,,,,,,,,
2022-01-07,AFS 3 - Aries Fight Series 3,,Trevor Peek,David Robins,Trevor Peek,KO/TKO,1,0:32,3,0,,,,,,,,,,,,,,,,
2022-01-12,Invicta FC 45 - Zappitella vs. Delboni 2,,Hailey Cowan,Monica Franco,Hailey Cowan,SUB,2,3:17,3,0,,,,,,,,,,,,,,,,
2022-01-14,One Championship - Heavy Hitters,,Jingnan Xiong,Ayaka Miura,Jingnan Xiong,DEC,5,5:00,5,0,,,,,,,,,,,,,,,,
2022-01-14,One Championship - Heavy Hitters,,Bo Meng,Tiffany Teo,Tiffany Teo,SUB,2,3:45,3,0,,,,,,,,,,,,,,,,
2022-01-14,One Championship - Heavy Hitters,,Saygid Izagakhmaev,James Nakashima,Saygid Izagakhmaev,SUB,2,2:17,3,0,,,,,,,,,,,,,,,,
2022-01-15,UFC on ESPN 32 - Kattar vs. Chikadze,,Joanderson Brito,Bill Algeo,Bill Algeo,DEC,3,5:00,3,0,,,,,,,,,,,,,,,,
2022-01-15,UFC on ESPN 32 - Kattar vs. Chikadze,,Giga Chikadze,Calvin Kattar,Calvin Kattar,DEC,5,5:00,5,0,,,,,,,,,,,,,,,,
2022-01-15,UFC on ESPN 32 - Kattar vs. Chikadze,,Ramiz Brahimaj,Court McGee,Court McGee,DEC,3,5:00,3,0,,,,,,,,,,,,,,,,
2022-01-16,Shooto - Professional Shooto 2022 Vol. 1,,Rinya Nakamura,Yasuyuki Nojiri,Rinya Nakamura,KO/TKO,1,0:25,3,0,,,,,,,,,,,,,,,,
2022-01-21,iFC 1 - Jorge Masvidal's iKon Fighting Championship 1,,Luis Hernandez,Nolan Legg,Luis Hernandez,KO/TKO,1,3:20,3,0,,,,,,,,,,,,,,,,
2022-01-21,iFC 1 - Jorge Masvidal's iKon Fighting Championship 1,,Sedriques Dumas,DeWitt Dixon,Sedriques Dumas,KO/TKO,1,0:59,3,0,,,,,,,,,,,,,,,,
2022-01-21,Naciones MMA 3 - Tijuana,,Edgar Chairez,Ivan Hernandez,Edgar Chairez,KO/TKO,1,1:47,3,0,,,,,,,,,,,,,,,,
2022-01-21,LFA 122 - Johnson vs. Mota,,Charles Johnson,Carlos Mota,Charles Johnson,KO/TKO,5,0:45,5,0,,,,,,,,,,,,,,,,
2022-01-22,UFC 270 - Ngannou vs. Gane,,Raoni Barcelos,Victor Henry,Victor Henry,DEC,3,5:00,3,0,,,,,,,,,,,,,,,,
2022-01-22,UFC 270 - Ngannou vs. Gane,,Vanessa Demopoulos,Silvana Gomez Juarez,Vanessa Demopoulos,SUB,1,2:25,3,0,,,,,,,,,,,,,,,,
2022-01-22,UFC 270 - Ngannou vs. Gane,,Brandon Moreno,Deiveson Figueiredo,Deiveson Figueiredo,DEC,5,5:00,5,0,,,,,,,,,,,,,,,,
2022-01-23,Big Shot Fight 2 - Big Shot 2: Florianopolis vs. Curitiba,,Brunno Ferreira,Sebastian Ferreira,Brunno Ferreira,KO/TKO,2,0:12,3,0,,,,,,,,,,,,,,,,
2022-01-29,CFFC 105 - Cage Fury Fighting Championships 105,,Manoel Sousa,Trevor Ollison,Manoel Sousa,SUB,1,2:13,3,0,,,,,,,,,,,,,,,,
2022-01-29,DF - Demo Fight 11,,Ravena Oliveira,Sheila Santos Amaral,Ravena Oliveira,SUB,3,1:38,3,0,,,,,,,,,,,,,,,,
2022-01-29,EFC - Eagle FC: Selection 4,,Magomed Zaynukov,Nasratullah Akhondzada,Magomed Zaynukov,KO/TKO,1,2:30,3,0,,,,,,,,,,,,,,,,
2022-01-29,MMA Series 47 - Maxim vs. Adnan,,Valter Walker,Aybek Kobenov,Valter Walker,DEC,3,5:00,3,0,,,,,,,,,,,,,,,,
2022-01-30,FMS 1 - Fight Music Show 1: Whindersson vs. Popo,,Stephanie Luciano,Andressa Romero,Andressa Romero,DEC,3,5:00,3,0,,,,,,,,,,,,,,,,
2022-02-03,Ares 3 - Pepey vs. Abdoul,,Oumar Sy,Paulin Begai,Oumar Sy,DEC,3,5:00,3,0,,,,,,,,,,,,,,,,
2022-02-05,UFC Fight Night 200 - Hermansson vs. Strickland,,John Castaneda,Miles Johns,John Castaneda,SUB,3,1:38,3,0,,,,,,,,,,,,,,,,
2022-02-05,UFC Fight Night 200 - Hermansson vs. Strickland,,Punahele Soriano,Nick Maximov,Nick Maximov,S-DEC,3,5:00,3,0,,,,,,,,,,,,,,,,
2022-02-05,UFC Fight Night 200 - Hermansson vs. Strickland,,Chidi Njokuani,Marc-Andre Barriault,Chidi Njokuani,KO/TKO,1,0:16,3,0,,,,,,,,,,,,,,,,
2022-02-05,UFC Fight Night 200 - Hermansson vs. Strickland,,Tresean Gore,Bryan Battle,Bryan Battle,DEC,3,5:00,3,0,,,,,,,,,,,,,,,,
2022-02-05,AFS - Ambition Fight Series: London,,Louie Sutherland,Jan Lysak,Louie Sutherland,KO/TKO,1,0:25,3,0,,,,,,,,,,,,,,,,
2022-02-06,FAC 12 - Fighting Alliance Championship 12,,Gauge Young,David Evans,Gauge Young,KO/TKO,1,1:46,3,0,,,,,,,,,,,,,,,,
2022-02-11,Fury FC 57 - Fury Fighting Championship 57,,Joshua Van,Francisco Obando,Joshua Van,KO/TKO,1,3:08,3,0,,,,,,,,,,,,,,,,
2022-02-11,Fury FC 57 - Fury Fighting Championship 57,,Michael Aswell,Kyle Broadwater,Michael Aswell,DEC,3,5:00,3,0,,,,,,,,,,,,,,,,
2022-02-11,LFA 124 - Formiga vs. Bunes,,Waldo Cortes-Acosta,Derrick Weaver,Waldo Cortes-Acosta,KO/TKO,2,0:22,3,0,,,,,,,,,,,,,,,,
2022-02-11,Fury FC 57 - Fury Fighting Championship 57,,MarQuel Mederos,Santiago Guzman,Santiago Guzman,S-DEC,3,5:00,3,0,,,,,,,,,,,,,,,,
2022-02-12,SFH 3 - Prado vs. Basualdo,,Ailin Perez,Romina Aguirre,Ailin Perez,KO/TKO,1,3:51,3,0,,,,,,,,,,,,,,,,
2022-02-12,UFC 271 - Adesanya vs. Whittaker 2,,Tai Tuivasa,Derrick Lewis,Tai Tuivasa,KO/TKO,2,1:40,3,0,,,,,,,,,,,,,,,,
2022-02-12,UFC 271 - Adesanya vs. Whittaker 2,,Casey O'Neill,Roxanne Modafferi,Casey O'Neill,S-DEC,3,5:00,3,0,,,,,,,,,,,,,,,,
2022-02-12,SFH 3 - Prado vs. Basualdo,,Sofia Montenegro,Melanie Rodriguez,Sofia Montenegro,KO/TKO,2,0:48,3,0,,,,,,,,,,,,,,,,
2022-02-12,UFC 271 - Adesanya vs. Whittaker 2,,Nasrat Haqparast,King Green,King Green,DEC,3,5:00,3,0,,,,,,,,,,,,,,,,
2022-02-12,SFH 3 - Prado vs. Basualdo,,Esteban Ribovics,Franco Aranda,Esteban Ribovics,KO/TKO,1,0:27,3,0,,,,,,,,,,,,,,,,
2022-02-12,UFC 271 - Adesanya vs. Whittaker 2,,Jeremiah Wells,Mike Mathetha,Jeremiah Wells,SUB,1,4:38,3,0,,,,,,,,,,,,,,,,
2022-02-12,FW - Fightworld 21,,Ty Cole Miller,Justin Dorsey,Ty Cole Miller,KO/TKO,1,2:26,3,0,,,,,,,,,,,,,,,,
2022-02-12,UFC 271 - Adesanya vs. Whittaker 2,,Israel Adesanya,Robert Whittaker,Israel Adesanya,DEC,5,5:00,5,0,,,,,,,,,,,,,,,,
2022-02-18,ROC 75 - Ring of Combat 75,,Dennis Buzukja,Josh Rohler,Dennis Buzukja,DEC,3,5:00,3,0,,,,,,,,,,,,,,,,
2022-02-18,Professional Fighters League - PFL Challenger Series 1,,Alexander Poppeck,Taylor Johnson,Taylor Johnson,DEC,3,5:00,3,0,,,,,,,,,,,,,,,,
2022-02-19,Arena Global - Arena Global 16,,Valesca Machado,Janelice Moraes,Valesca Machado,SUB,1,4:56,3,0,,,,,,,,,,,,,,,,
2022-02-19,GFN - Gladiators Fight Night 4,,Ryan Gandra,Marcus Atila,Ryan Gandra,DEC,5,5:00,5,0,,,,,,,,,,,,,,,,
2022-02-19,Octagon Promotion & U1 - Octagon 27,,Nursulton Ruziboev,Luciano Contini,Nursulton Ruziboev,SUB,1,0:44,3,0,,,,,,,,,,,,,,,,
2022-02-19,Arena Global - Arena Global 16,,Michael Oliveira,Guilherme Silva,Michael Oliveira,KO/TKO,1,0:42,3,0,,,,,,,,,,,,,,,,
2022-02-19,AFN - Arena Fight Night,,Jovan Leka,Kristian Sinicic,Jovan Leka,SUB,2,2:09,3,0,,,,,,,,,,,,,,,,
2022-02-19,Arena Global - Arena Global 16,,Valter Walker,Wagner Maia,Valter Walker,S-DEC,5,5:00,5,0,,,,,,,,,,,,,,,,
2022-02-20,RFP 88 - West Fight 32,,Daniil Donchenko,Shamil Nixacov,Daniil Donchenko,KO/TKO,2,4:13,3,0,,,,,,,,,,,,,,,,
2022-02-20,Fight Club Sech / Open Fighting Championship - Time of New Heroes: Velikoross Cup 1,,Mark Vologdin,Bakhram Shakirbaev,Mark Vologdin,DEC,3,5:00,3,0,,,,,,,,,,,,,,,,
2022-02-25,UAE Warriors - UAE Warriors 25: Africa,,Yousri Belgaroui,Ahmed Sami,Ahmed Sami,S-DEC,3,5:00,3,0,,,,,,,,,,,,,,,,
2022-02-25,One Championship - Full Circle,,Reinier de Ridder,Kiamrian Abbasov,Reinier de Ridder,SUB,3,0:57,3,0,,,,,,,,,,,,,,,,
2022-02-26,UFC Fight Night 202 - Makhachev vs. Green,,Arman Tsarukyan,Joel Alvarez,Arman Tsarukyan,KO/TKO,2,1:57,3,0,,,,,,,,,,,,,,,,
2022-02-26,UFC Fight Night 202 - Makhachev vs. Green,,Ignacio Bahamondes,Zhu Rong,Ignacio Bahamondes,SUB,3,1:40,3,0,,,,,,,,,,,,,,,,
2022-02-26,UFC Fight Night 202 - Makhachev vs. Green,,Fares Ziam,Terrance McKinney,Terrance McKinney,SUB,1,2:11,3,0,,,,,,,,,,,,,,,,
2022-02-26,Oktagon MMA - Oktagon 31: Kristofic vs. Kincl,,Losene Keita,Ronald Paradeiser,Losene Keita,DEC,5,5:00,5,0,,,,,,,,,,,,,,,,
2022-02-26,UFC Fight Night 202 - Makhachev vs. Green,,Gregory Rodrigues,Armen Petrosyan,Armen Petrosyan,S-DEC,3,5:00,3,0,,,,,,,,,,,,,,,,
2022-02-26,UFC Fight Night 202 - Makhachev vs. Green,,Islam Makhachev,King Green,Islam Makhachev,KO/TKO,1,3:23,5,0,,,,,,,,,,,,,,,,
2022-02-26,UFC Fight Night 202 - Makhachev vs. Green,,Ramiz Brahimaj,Micheal Gillmore,Ramiz Brahimaj,SUB,1,2:02,3,0,,,,,,,,,,,,,,,,
2022-02-26,Oktagon MMA - Oktagon 31: Kristofic vs. Kincl,,Vlastislav Cepo,Alexandre Silva,Vlastislav Cepo,KO/TKO,1,2:40,3,0,,,,,,,,,,,,,,,,
2022-02-27,Thunder Fight 34 - Copa Thunder Fight 17,,Bruno Lopes,Lucas Rosa,Bruno Lopes,KO/TKO,1,1:20,3,0,,,,,,,,,,,,,,,,
2022-02-27,Fury FC 58 - Fury Fighting Championship 58,,Gianni Vazquez,Devin Miller,Gianni Vazquez,KO/TKO,2,2:14,3,0,,,,,,,,,,,,,,,,
2022-02-27,Muradov Professional League - MPL 3: Temirov vs. Sirbu,,Ramazonbek Temirov,Mikhail Sirbu,Ramazonbek Temirov,DEC,3,5:00,3,0,,,,,,,,,,,,,,,,
2022-03-02,WLF - W.A.R.S. 58,,Long Xiao,Shanati Shamaiti,Long Xiao,DEC,5,5:00,5,0,,,,,,,,,,,,,,,,
2022-03-04,CW 133 - Cage Warriors 133,,Joseph Morales,Sidemar Honorio,Joseph Morales,S-DEC,3,5:00,3,0,,,,,,,,,,,,,,,,
2022-03-04,Titan FC 74 - Kuse vs. Johnson,,Ryan Kuse,Jamal Johnson,Ryan Kuse,KO/TKO,1,3:48,3,0,,,,,,,,,,,,,,,,
2022-03-04,CES MMA 66 - Soukhamthath vs. Silva,,Billy Goff,Gary Balletto Jr.,Billy Goff,KO/TKO,1,4:34,3,0,,,,,,,,,,,,,,,,
2022-03-04,Unified MMA 43 - Unified MMA,,Kyle Prepolec,Shane Campbell,Shane Campbell,DEC,3,5:00,3,0,,,,,,,,,,,,,,,,
2022-03-05,OCL - Ohio Combat League 18: Arnold Sports Festival,,Josiah Harrell,John Ramirez,Josiah Harrell,KO/TKO,3,2:23,3,0,,,,,,,,,,,,,,,,
2022-03-05,UFC 272 - Covington vs. Masvidal,,Tim Elliott,Tagir Ulanbekov,Tim Elliott,DEC,3,5:00,3,0,,,,,,,,,,,,,,,,
2022-03-05,UFC 272 - Covington vs. Masvidal,,Umar Nurmagomedov,Brian Kelleher,Umar Nurmagomedov,SUB,1,3:15,3,0,,,,,,,,,,,,,,,,
2022-03-05,UFC 272 - Covington vs. Masvidal,,Xiaonan Yan,Marina Rodriguez,Marina Rodriguez,S-DEC,3,5:00,3,0,,,,,,,,,,,,,,,,
2022-03-05,UFC 272 - Covington vs. Masvidal,,Serghei Spivac,Greg Hardy,Serghei Spivac,KO/TKO,1,2:16,3,0,,,,,,,,,,,,,,,,
2022-03-05,UFC 272 - Covington vs. Masvidal,,Kennedy Nzechukwu,Nicolae Negumereanu,Nicolae Negumereanu,S-DEC,3,5:00,3,0,,,,,,,,,,,,,,,,
2022-03-05,UFC 272 - Covington vs. Masvidal,,Jalin Turner,Jamie Mullarkey,Jalin Turner,KO/TKO,2,0:46,3,0,,,,,,,,,,,,,,,,
2022-03-05,UFC 272 - Covington vs. Masvidal,,Edson Barboza,Bryce Mitchell,Bryce Mitchell,DEC,3,5:00,3,0,,,,,,,,,,,,,,,,
2022-03-05,UFC 272 - Covington vs. Masvidal,,Ludovit Klein,Devonte Smith,Ludovit Klein,S-DEC,3,5:00,3,0,,,,,,,,,,,,,,,,
2022-03-05,UFC 272 - Covington vs. Masvidal,,Dustin Jacoby,Michal Oleksiejczuk,Dustin Jacoby,DEC,3,5:00,3,0,,,,,,,,,,,,,,,,
2022-03-09,Invicta FC 46 - Rodriguez vs. Torquato 2,,Denise Gomes,Milana Dudieva,Denise Gomes,KO/TKO,3,1:56,3,0,,,,,,,,,,,,,,,,
2022-03-10,Ares 4 - Kruschewsky vs. Lapilus,,Robert Valentin,Akhmed Salamov,Akhmed Salamov,SUB,3,4:40,3,0,,,,,,,,,,,,,,,,
2022-03-11,LFA 126 - Bilharinho vs. Delano,,Rodolfo Bellato,Thiago Vieira,Rodolfo Bellato,SUB,1,4:58,3,0,,,,,,,,,,,,,,,,
2022-03-11,LFA 126 - Bilharinho vs. Delano,,Lucas Fernando,Rodrigo Lima Novais,Lucas Fernando,DEC,3,5:00,3,0,,,,,,,,,,,,,,,,
2022-03-11,EFC 46 - Eagle FC 46: Lee vs. Sanchez,,Rizvan Kuniev,Anthony Hamilton,Rizvan Kuniev,SUB,1,1:17,3,0,,,,,,,,,,,,,,,,
2022-03-11,Brave CF 57 - Brave Combat Federation 57,,Sam Patterson,Khunkar-Pasha Osmaev,Sam Patterson,KO/TKO,2,3:53,3,0,,,,,,,,,,,,,,,,
2022-03-11,LFA 126 - Bilharinho vs. Delano,,Ismael Bonfim,Andrey Augusto,Ismael Bonfim,DEC,3,5:00,3,0,,,,,,,,,,,,,,,,
2022-03-12,FEN 39 - LOTOS Fight Night 8,,Robert Bryczek,Silas Robson de Oliveira,Robert Bryczek,KO/TKO,1,0:17,3,0,,,,,,,,,,,,,,,,
2022-03-12,UFC Fight Night 203 - Santos vs. Ankalaev,,J.J. Aldrich,Gillian Robertson,J.J. Aldrich,DEC,3,5:00,3,0,,,,,,,,,,,,,,,,
2022-03-12,UFC Fight Night 203 - Santos vs. Ankalaev,,Yadong Song,Marlon Moraes,Yadong Song,KO/TKO,1,2:06,3,0,,,,,,,,,,,,,,,,
2022-03-12,Metanoia Fight Combat - MFC 2022,,Rafael Tobias,Roger Freitas,Rafael Tobias,KO/TKO,1,3:00,3,0,,,,,,,,,,,,,,,,
2022-03-12,Metanoia Fight Combat - MFC 2022,,Jose Luiz,Richard Jacobi,Richard Jacobi,DEC,3,5:00,3,0,,,,,,,,,,,,,,,,
2022-03-12,UFC Fight Night 203 - Santos vs. Ankalaev,,Magomed Ankalaev,Thiago Santos,Magomed Ankalaev,DEC,5,5:00,5,0,,,,,,,,,,,,,,,,
2022-03-18,iFC 2 - Jorge Masvidal's iKon Fighting Championship 2,,Sedriques Dumas,Aaron Highbaugh,Sedriques Dumas,DEC,3,5:00,3,0,,,,,,,,,,,,,,,,
2022-03-18,Mongol FC - Fight Night 04,,Namsrai Batbayar,Jandos Khurmangaz,Namsrai Batbayar,KO/TKO,2,0:52,3,0,,,,,,,,,,,,,,,,
2022-03-19,PFC 42 - Predador FC 42,,Elves Brener,Victor Nunez,Elves Brener,SUB,1,4:46,3,0,,,,,,,,,,,,,,,,
2022-03-19,KSW 68 - Parnasse vs Rutkowski,,Salahdine Parnasse,Daniel Rutkowski,Salahdine Parnasse,SUB,4,1:07,5,0,,,,,,,,,,,,,,,,
2022-03-19,UFC Fight Night 204 - Volkov vs. Aspinall,,Dan Hooker,Arnold Allen,Arnold Allen,KO/TKO,1,2:33,3,0,,,,,,,,,,,,,,,,
2022-03-19,FSC 21 - FightStar Championship 21,,Mario Pinto,Besart Berisha,Mario Pinto,KO/TKO,1,1:07,3,0,,,,,,,,,,,,,,,,
2022-03-19,Eternal MMA 64 - Gold Coast,,Jack Jenkins,Rod Costa,Jack Jenkins,DEC,5,5:00,5,0,,,,,,,,,,,,,,,,
2022-03-19,SFS 10 - Shuriken Fight Series 10,,Lawrence Lui,Logan Price,Lawrence Lui,KO/TKO,2,N/A,3,0,,,,,,,,,,,,,,,,
2022-03-19,CG 31 - Celtic Gladiator 31,,Chris Padilla,Emilio Williams,Chris Padilla,KO/TKO,1,0:50,3,0,,,,,,,,,,,,,,,,
2022-03-19,UFC Fight Night 204 - Volkov vs. Aspinall,,Elise Reed,Cory McKenna,Elise Reed,S-DEC,3,5:00,3,0,,,,,,,,,,,,,,,,
2022-03-19,SBC 38 - Serbian Battle Championship 38,,Jovan Leka,Stevan Jaric,Stevan Jaric,DEC,3,5:00,3,0,,,,,,,,,,,,,,,,
2022-03-20,YFC 1 - Your Fight Club,,Matthieu Letho Duclos,Mathias Rieucros,Matthieu Letho Duclos,KO/TKO,2,3:12,3,0,,,,,,,,,,,,,,,,
2022-03-20,FK MMA - Favela Kombat 37,,Marcio Barbosa,Caio Machado,Marcio Barbosa,KO/TKO,1,1:34,3,0,,,,,,,,,,,,,,,,
2022-03-22,AFL 2 - Anaconda Fight League,,Damian Rzepecki,Vladislav Bilorus,Damian Rzepecki,KO/TKO,3,1:01,3,0,,,,,,,,,,,,,,,,
2022-03-24,Combate Global - Mexico vs. USA,,Melissa Amaya,Yessica Ortega,Melissa Amaya,DEC,3,5:00,3,0,,,,,,,,,,,,,,,,
2022-03-25,UWC Mexico 32 - Sanchez vs. Valencia,,Raul Rosas Jr.,Joel Pena,Raul Rosas Jr.,SUB,1,0:54,3,0,,,,,,,,,,,,,,,,
2022-03-25,LFA 127 - Diaz vs. Assis,,Osman Diaz,Bruno Assis,Osman Diaz,KO/TKO,1,4:53,3,0,,,,,,,,,,,,,,,,
2022-03-25,UAE Warriors - UAE Warriors 27: Africa 2,,Yousri Belgaroui,Samir Zaidi,Yousri Belgaroui,KO/TKO,1,4:32,3,0,,,,,,,,,,,,,,,,
2022-03-25,LFA 127 - Diaz vs. Assis,,Giovanna Canuto,Jasmine Pouncy,Giovanna Canuto,SUB,1,2:28,3,0,,,,,,,,,,,,,,,,
2022-03-26,RUF MMA 46 - Road To One Semifinals,,Jose Delgado,J.J. Nelson,Jose Delgado,SUB,1,0:40,3,0,,,,,,,,,,,,,,,,
2022-03-26,UFC on ESPN 33 - Blaydes vs. Daukaus,,Alexa Grasso,Joanne Wood,Alexa Grasso,SUB,1,3:57,3,0,,,,,,,,,,,,,,,,
2022-03-26,UFC on ESPN 33 - Blaydes vs. Daukaus,,Manon Fiorot,Jennifer Maia,Manon Fiorot,DEC,3,5:00,3,0,,,,,,,,,,,,,,,,
2022-03-26,UFC on ESPN 33 - Blaydes vs. Daukaus,,Curtis Blaydes,Chris Daukaus,Curtis Blaydes,KO/TKO,2,0:17,5,0,,,,,,,,,,,,,,,,
2022-03-26,UFC on ESPN 33 - Blaydes vs. Daukaus,,Neil Magny,Max Griffin,Neil Magny,S-DEC,3,5:00,3,0,,,,,,,,,,,,,,,,
2022-03-26,ACA 138 - Vagaev vs. Gadzhidaudov,,Abubakar Vagaev,Ustarmagomed Gadzhidaudov,Abubakar Vagaev,S-DEC,5,5:00,5,0,,,,,,,,,,,,,,,,
2022-03-27,JF - Jardim Fight 4,,Eduarda Moura,Ana Vitoria Cardoso Santana,Eduarda Moura,KO/TKO,1,0:35,3,0,,,,,,,,,,,,,,,,
2022-03-27,ProFC 70 - Professional Fighting Championship 70,,Shamil Gaziev,Aleksandr Kolomytsev,Shamil Gaziev,SUB,1,N/A,3,0,,,,,,,,,,,,,,,,
2022-04-01,MFN 8 - Matrix Fight Night 8,,Chungreng Koren,Aman Saini,Chungreng Koren,KO/TKO,2,4:57,3,0,,,,,,,,,,,,,,,,
2022-04-01,CES MMA 67 - Goff vs. Sumter,,Billy Goff,Justin Sumter,Billy Goff,KO/TKO,2,2:13,3,0,,,,,,,,,,,,,,,,
2022-04-02,GFA - Gladiator Fighting Arena 13,,Nora Cornolle,Marie Loiseau,Nora Cornolle,KO/TKO,1,4:16,3,0,,,,,,,,,,,,,,,,
2022-04-08,LFA 128 - McKenzie vs. Clay,,Richie Miranda,Devon Dixon,Richie Miranda,SUB,3,2:07,3,0,,,,,,,,,,,,,,,,
2022-04-09,UFC 273 - Volkanovski vs. Korean Zombie,,Anthony Hernandez,Josh Fremd,Anthony Hernandez,DEC,3,5:00,3,0,,,,,,,,,,,,,,,,
2022-04-09,UFC 273 - Volkanovski vs. Korean Zombie,,Ian Garry,Darian Weeks,Ian Garry,DEC,3,5:00,3,0,,,,,,,,,,,,,,,,
2022-04-09,UFC 273 - Volkanovski vs. Korean Zombie,,Mackenzie Dern,Tecia Pennington,Mackenzie Dern,S-DEC,3,5:00,3,0,,,,,,,,,,,,,,,,
2022-04-09,CFS 10 - Cage Fight Series 10,,Bogdan Grad,David Tecer,Bogdan Grad,KO/TKO,1,4:26,3,0,,,,,,,,,,,,,,,,
2022-04-09,WLMMA - We Love MMA 56,,Alexander Poppeck,Kornel Zapadka,Alexander Poppeck,KO/TKO,1,1:20,3,0,,,,,,,,,,,,,,,,
2022-04-10,WEF Global 17 and Kingdom Professional Fight NWPA - Battle on the Neva,,Nursulton Ruziboev,Paval Masalski,Nursulton Ruziboev,SUB,1,2:25,3,0,,,,,,,,,,,,,,,,
2022-04-15,Bellator 277 - McKee vs. Pitbull 2,,Patricio Freire,A.J. McKee,Patricio Freire,DEC,5,5:00,5,0,,,,,,,,,,,,,,,,
2022-04-15,LFA 129 - Petersen vs. Cortes-Acosta,,Waldo Cortes-Acosta,Thomas Petersen,Waldo Cortes-Acosta,KO/TKO,3,4:53,3,0,,,,,,,,,,,,,,,,
2022-04-15,CFFC 107 - Cage Fury Fighting Championships 107,,Ty Cole Miller,Eric Nolan,Ty Cole Miller,S-DEC,3,5:00,3,0,,,,,,,,,,,,,,,,
2022-04-15,Bellator 277 - McKee vs. Pitbull 2,,Tyrell Fortune,Rakim Cleveland,Tyrell Fortune,KO/TKO,1,1:38,3,0,,,,,,,,,,,,,,,,
2022-04-16,UFC on ESPN 34 - Luque vs. Muhammad 2,,Heili Alateng,Kevin Croom,Heili Alateng,KO/TKO,1,0:47,3,0,,,,,,,,,,,,,,,,
2022-04-16,BFS 8 - Brazilian Fighting Series 8,,Brunno Ferreira,Welldon Silva de Oliveira,Brunno Ferreira,KO/TKO,1,4:40,3,0,,,,,,,,,,,,,,,,
2022-04-16,UFC on ESPN 34 - Luque vs. Muhammad 2,,Drakkar Klose,Brandon Jenkins,Drakkar Klose,KO/TKO,2,0:33,3,0,,,,,,,,,,,,,,,,
2022-04-16,UFC on ESPN 34 - Luque vs. Muhammad 2,,Rafa Garcia,Jesse Ronson,Rafa Garcia,SUB,2,4:50,3,0,,,,,,,,,,,,,,,,
2022-04-16,AFS 6 - Aries Fight Series 6,,Trevor Peek,Warren Smith,Trevor Peek,KO/TKO,1,1:13,3,0,,,,,,,,,,,,,,,,
2022-04-16,Combat Zone 76 - Combat Zone MMA,,Darrius Flowers,Tim Caron,Darrius Flowers,DEC,3,5:00,3,0,,,,,,,,,,,,,,,,
2022-04-16,BFS 8 - Brazilian Fighting Series 8,,Lerryan Douglas,Luan Pedroso,Lerryan Douglas,KO/TKO,2,3:53,3,0,,,,,,,,,,,,,,,,
2022-04-16,UFC on ESPN 34 - Luque vs. Muhammad 2,,Vicente Luque,Belal Muhammad,Belal Muhammad,DEC,5,5:00,5,0,,,,,,,,,,,,,,,,
2022-04-16,BFS 8 - Brazilian Fighting Series 8,,Rafael Tobias,Guilherme Cena,Rafael Tobias,SUB,2,3:10,3,0,,,,,,,,,,,,,,,,
2022-04-16,PC - Pentagon Combat 23,,Alexia Thainara,Gracie Kelly Campos,Alexia Thainara,SUB,1,0:08,3,0,,,,,,,,,,,,,,,,
2022-04-16,WFN 1 - Warrior Fight Night 1,,Noah Gugnon,Sofiane Belaid,Noah Gugnon,SUB,1,1:50,3,0,,,,,,,,,,,,,,,,
2022-04-22,Bellator 278 - Velasquez vs. Carmouche,,Christian Edwards,Grant Neal,Grant Neal,DEC,3,5:00,3,0,,,,,,,,,,,,,,,,
2022-04-22,LFA 130 - Ksiazkiewicz vs. Gambulino,,Darrius Flowers,Daniel Gadley,Darrius Flowers,KO/TKO,2,0:46,3,0,,,,,,,,,,,,,,,,
2022-04-23,UFC Fight Night 205 - Lemos vs. Andrade,,Charles Jourdain,Lando Vannata,Charles Jourdain,SUB,1,2:32,3,0,,,,,,,,,,,,,,,,
2022-04-23,Benin FC 7 - Benin Fighting Championship,,Nora Cornolle,Juliet Chukwu,Nora Cornolle,SUB,1,3:25,3,0,,,,,,,,,,,,,,,,
2022-04-23,UFC Fight Night 205 - Lemos vs. Andrade,,Qileng Aori,Cameron Else,Qileng Aori,KO/TKO,1,2:48,3,0,,,,,,,,,,,,,,,,
2022-04-23,UFC Fight Night 205 - Lemos vs. Andrade,,Amanda Lemos,Jessica Andrade,Jessica Andrade,SUB,1,3:13,5,0,,,,,,,,,,,,,,,,
2022-04-23,Sparta Fight Knights - SFK 1: The Rise of Sparta,,Louie Sutherland,Dion Groombridge,Louie Sutherland,KO/TKO,1,0:00,3,0,,,,,,,,,,,,,,,,
2022-04-24,LDH Martial Arts - Pound Storm,,Rinya Nakamura,Aleandro Caetano,Rinya Nakamura,DEC,3,5:00,3,0,,,,,,,,,,,,,,,,
2022-04-24,Fury FC 60 - Fury Fighting Championship 60,,Joshua Van,Angelo Trujillo,Joshua Van,KO/TKO,1,1:36,3,0,,,,,,,,,,,,,,,,
2022-04-24,LDH Martial Arts - Pound Storm,,Takaya Suzuki,Kaito Yoshimura,Kaito Yoshimura,KO/TKO,2,3:58,3,0,,,,,,,,,,,,,,,,
2022-04-29,UWC Mexico 33 - Sabori vs. Rodriguez,,Raul Rosas Jr.,Francisco Villanueva,Raul Rosas Jr.,SUB,1,2:07,3,0,,,,,,,,,,,,,,,,
2022-04-29,Pancrase - 327,,Rei Tsuruya,Taiki Akiba,Rei Tsuruya,SUB,1,3:42,3,0,,,,,,,,,,,,,,,,
2022-04-30,UFC on ESPN 35 - Font vs. Vera,,Marlon Vera,Rob Font,Marlon Vera,DEC,5,5:00,5,0,,,,,,,,,,,,,,,,
2022-04-30,Brave CF 58 - Brave Combat Federation 58,,Joo Sang Yoo,Doo Seok Oh,Joo Sang Yoo,DEC,3,5:00,3,0,,,,,,,,,,,,,,,,
2022-04-30,Savage MMA 2 - Genuino vs. Problema,,Ryan Gandra,Leonardo Genuino,Leonardo Genuino,KO/TKO,1,4:41,3,0,,,,,,,,,,,,,,,,
2022-04-30,DF - Demo Fight 12,,Eduarda Moura,Suiane Teixeira dos Santos,Eduarda Moura,SUB,1,2:21,3,0,,,,,,,,,,,,,,,,
2022-04-30,UFC on ESPN 35 - Font vs. Vera,,Joanderson Brito,Andre Fili,Joanderson Brito,KO/TKO,1,0:41,3,0,,,,,,,,,,,,,,,,
2022-04-30,Brave CF 58 - Brave Combat Federation 58,,Axel Sola,Yun Seong Jang,Axel Sola,DEC,3,5:00,3,0,,,,,,,,,,,,,,,,
2022-04-30,Brave CF 58 - Brave Combat Federation 58,,Luis Felipe Dias,Marcin Bandel,Marcin Bandel,DEC,3,5:00,3,0,,,,,,,,,,,,,,,,
2022-04-30,SFT 34 - Buakaw vs. Canguru,,Eduardo Henrique,Denis Oliveira,Eduardo Henrique,S-DEC,3,5:00,3,0,,,,,,,,,,,,,,,,
2022-04-30,UFC on ESPN 35 - Font vs. Vera,,Darren Elkins,Tristan Connelly,Darren Elkins,DEC,3,5:00,3,0,,,,,,,,,,,,,,,,
2022-04-30,SFT 34 - Buakaw vs. Canguru,,Alexia Thainara,Jeanne Ruas,Alexia Thainara,SUB,2,2:53,3,0,,,,,,,,,,,,,,,,
2022-05-01,Jungle Fight 107 - Sao Paulo,,Marcio Barbosa,Tiago Ramos,Marcio Barbosa,SUB,1,3:41,3,0,,,,,,,,,,,,,,,,
2022-05-06,Bellator 280 - Bader vs. Kongo 2,,Matthieu Letho Duclos,Youcef Ouabbas,Youcef Ouabbas,KO/TKO,1,4:17,3,0,,,,,,,,,,,,,,,,
2022-05-06,LFA 131 - Argueta vs. Silva,,Darrius Flowers,Tim Hiley,Darrius Flowers,KO/TKO,1,0:43,3,0,,,,,,,,,,,,,,,,
2022-05-06,LFA 131 - Argueta vs. Silva,,Wesley Schultz,Hamza Salim,Wesley Schultz,DEC,3,5:00,3,0,,,,,,,,,,,,,,,,
2022-05-06,LFA 131 - Argueta vs. Silva,,Myktybek Orolbai,Jalin Fuller,Myktybek Orolbai,DEC,3,5:00,3,0,,,,,,,,,,,,,,,,
2022-05-07,UFC 274 - Oliveira vs. Gaethje,,Norma Dumont,Macy Chiasson,Macy Chiasson,S-DEC,3,5:00,3,0,,,,,,,,,,,,,,,,
2022-05-07,MCF 1 - Matilha Champions Fight 1,,Eduarda Moura,Renata Aline Santos Silva,Eduarda Moura,SUB,1,1:05,3,0,,,,,,,,,,,,,,,,
2022-05-07,JCK Night Cage Series - 2022-2023 Regular Season Part 1,,Meng Ding,Aorigele Aorigele,Meng Ding,KO/TKO,2,2:55,3,0,,,,,,,,,,,,,,,,
2022-05-07,B2 Fighting Series 160 - Duluth,,Treston Vines,Shlomo Boyd,Treston Vines,DEC,3,5:00,3,0,,,,,,,,,,,,,,,,
2022-05-13,Bellator 281 - MVP vs. Storley,,Michael Page,Logan Storley,Logan Storley,S-DEC,5,5:00,5,0,,,,,,,,,,,,,,,,
2022-05-14,UFC on ESPN 36 - Blachowicz vs. Rakic,,Ryan Spann,Ion Cutelaba,Ryan Spann,SUB,1,2:22,3,0,,,,,,,,,,,,,,,,
2022-05-14,UFC on ESPN 36 - Blachowicz vs. Rakic,,Jan Blachowicz,Aleksandar Rakic,Jan Blachowicz,KO/TKO,3,1:11,5,0,,,,,,,,,,,,,,,,
2022-05-15,Fury FC 62 - Fury Fighting Championship 62,,Joshua Van,Mario Suazo,Joshua Van,SUB,2,4:23,3,0,,,,,,,,,,,,,,,,
2022-05-15,Fury FC 62 - Fury Fighting Championship 62,,MarQuel Mederos,Ben Lugo,MarQuel Mederos,KO/TKO,1,2:42,3,0,,,,,,,,,,,,,,,,
2022-05-20,Octagon Promotion - Octagon 30,,Ilimbek Akylbek Uulu,Yunus Aliev,Ilimbek Akylbek Uulu,SUB,1,4:29,3,0,,,,,,,,,,,,,,,,
2022-05-21,UNF 1 - Up Next Fighting 1,,Chris Padilla,Darren Smith Jr.,Darren Smith Jr.,S-DEC,3,5:00,3,0,,,,,,,,,,,,,,,,
2022-05-21,UFC Fight Night 206 - Holm vs. Vieira,,Elise Reed,Sam Hughes,Sam Hughes,KO/TKO,3,3:52,3,0,,,,,,,,,,,,,,,,
2022-05-21,UFC Fight Night 206 - Holm vs. Vieira,,Chidi Njokuani,Dusko Todorovic,Chidi Njokuani,KO/TKO,1,4:48,3,0,,,,,,,,,,,,,,,,
2022-05-21,UFC Fight Night 206 - Holm vs. Vieira,,Uros Medic,Omar Morales,Uros Medic,KO/TKO,2,3:05,3,0,,,,,,,,,,,,,,,,
2022-05-21,Muradov Professional League - MPL 5: Mirzamatov vs. Esengulov,,Ramazonbek Temirov,Argen Maratbek Uulu,Ramazonbek Temirov,KO/TKO,1,4:27,3,0,,,,,,,,,,,,,,,,
2022-05-21,UFC Fight Night 206 - Holm vs. Vieira,,Santiago Ponzinibbio,Michel Pereira,Michel Pereira,S-DEC,3,5:00,3,0,,,,,,,,,,,,,,,,
2022-05-22,SFH 4 - Perez vs. Bragayrac,,Ailin Perez,Stephanie Bragayrac,Ailin Perez,KO/TKO,2,5:00,3,0,,,,,,,,,,,,,,,,
2022-05-22,FOK - Fight of Knights,,Rabindra Dhant,Krishna Payasi,Rabindra Dhant,KO/TKO,2,N/A,3,0,,,,,,,,,,,,,,,,
2022-05-22,Pancrase - 28th Neo-Blood Tournament 1st Round,,Ryo Tajima,Shota Mizunaga,Ryo Tajima,KO/TKO,2,2:30,3,0,,,,,,,,,,,,,,,,
2022-05-27,UWC Mexico 34 - Carvalho vs. Camilo,,Raul Rosas Jr.,Jose Penaloza,Raul Rosas Jr.,SUB,2,2:25,3,0,,,,,,,,,,,,,,,,
2022-05-27,Combate Global - Martinez vs. Vergara,,David Martinez,Arturo Vergara,David Martinez,KO/TKO,1,2:08,3,0,,,,,,,,,,,,,,,,
2022-05-27,CFFC 109 - Cage Fury Fighting Championships 109,,Manoel Sousa,Mauro Chaulet,Manoel Sousa,KO/TKO,2,1:45,3,0,,,,,,,,,,,,,,,,
2022-05-28,999 - Fight Night,,Namsrai Batbayar,Tugsbayar Ulziidalai,Namsrai Batbayar,SUB,2,3:29,3,0,,,,,,,,,,,,,,,,
2022-05-28,MGL-1 Fighting Championship - MGL-1 FC 17,,Dagiisuren Chagnaadorj,Bayarjargal Tsendoo,Dagiisuren Chagnaadorj,SUB,2,3:05,3,0,,,,,,,,,,,,,,,,
2022-05-28,CW 138 - Cage Warriors 138,,Oban Elliott,Herkus Lukosiunas,Oban Elliott,SUB,1,2:37,3,0,,,,,,,,,,,,,,,,
2022-05-29,Eternal MMA 66 - Perth,,Lawrence Lui,Anthony Drilich,Anthony Drilich,S-DEC,3,5:00,3,0,,,,,,,,,,,,,,,,
2022-05-31,Alash Pride 74 - Zhaparov vs. Farmonboev,,Ilimbek Akylbek Uulu,Serik Makul,Ilimbek Akylbek Uulu,DEC,3,5:00,3,0,,,,,,,,,,,,,,,,
2022-06-03,Titan FC 77 - Pena vs. Wurlitzer,,Robelis Despaigne,Katuma Mulumba,Robelis Despaigne,KO/TKO,1,4:54,3,0,,,,,,,,,,,,,,,,
2022-06-04,UFC Fight Night 207 - Volkov vs. Rozenstruik,,Alonzo Menifield,Askar Mozharov,Alonzo Menifield,KO/TKO,1,4:40,3,0,,,,,,,,,,,,,,,,
2022-06-04,Big Shot Fight 3 - Big Shot 3: Goias vs. Santa Catarina,,Brunno Ferreira,Adercino de Jesus,Brunno Ferreira,KO/TKO,1,1:53,3,0,,,,,,,,,,,,,,,,
2022-06-04,UFC Fight Night 207 - Volkov vs. Rozenstruik,,Dan Ige,Movsar Evloev,Movsar Evloev,DEC,3,5:00,3,0,,,,,,,,,,,,,,,,
2022-06-04,UFC Fight Night 207 - Volkov vs. Rozenstruik,,J.J. Aldrich,Erin Blanchfield,Erin Blanchfield,SUB,2,2:38,3,0,,,,,,,,,,,,,,,,
2022-06-04,Oktagon MMA - Oktagon 33: Buchinger vs. Keita,,Losene Keita,Ivan Buchinger,Losene Keita,KO/TKO,1,3:00,3,0,,,,,,,,,,,,,,,,
2022-06-05,Fury FC 64 - Fury Fighting Championship 64,,Michael Aswell,Frank Meno,Michael Aswell,DEC,3,5:00,3,0,,,,,,,,,,,,,,,,
2022-06-10,UFC - Road to UFC: Singapore Quarterfinals 3,,Rinya Nakamura,Gugun Gusman,Rinya Nakamura,SUB,1,3:24,3,0,,,,,,,,,,,,,,,,
2022-06-10,Combate Global - Edwards vs. Rodriguez,,Fabia Sintes,Alejandro Gonzalez,Fabia Sintes,DEC,3,5:00,3,0,,,,,,,,,,,,,,,,
2022-06-11,Innferno 5 - Innferno Fighting Championship 5,,Bogdan Grad,Gokhan Aksu,Bogdan Grad,KO/TKO,1,4:57,3,0,,,,,,,,,,,,,,,,
2022-06-12,UFC 275 - Teixeira vs. Prochazka,,Maheshate Hayisaer,Steve Garcia,Maheshate Hayisaer,KO/TKO,1,1:14,3,0,,,,,,,,,,,,,,,,
2022-06-18,JCK Night Cage Series - 2022-2023 Regular Season Part 7,,Meng Ding,Sejilahu,Meng Ding,KO/TKO,1,4:09,3,0,,,,,,,,,,,,,,,,
2022-06-18,UFC on ESPN 37 - Kattar vs. Emmett,,Gregory Rodrigues,Julian Marquez,Gregory Rodrigues,KO/TKO,1,3:18,3,0,,,,,,,,,,,,,,,,
2022-06-18,UFC on ESPN 37 - Kattar vs. Emmett,,Roman Dolidze,Kyle Daukaus,Roman Dolidze,KO/TKO,1,1:13,3,0,,,,,,,,,,,,,,,,
2022-06-18,UFC on ESPN 37 - Kattar vs. Emmett,,Jeremiah Wells,Court McGee,Jeremiah Wells,KO/TKO,1,1:34,3,0,,,,,,,,,,,,,,,,
2022-06-18,DFN 7 - Dracula Fight Night 7,,Vlastislav Cepo,Joel dos Santos,Joel dos Santos,DEC,3,5:00,3,0,,,,,,,,,,,,,,,,
2022-06-19,VEC - Valhalla Extreme Challenger,,Eduarda Moura,Sharolayne Almeida,Eduarda Moura,KO/TKO,1,1:20,3,0,,,,,,,,,,,,,,,,
2022-06-24,UWC Mexico 35 - Luna vs. Campos,,Raul Rosas Jr.,Andres Sharon Portocarrero Pineda,Raul Rosas Jr.,KO/TKO,1,2:11,3,0,,,,,,,,,,,,,,,,
2022-06-24,Iron Man MMA - Iron Man MMA 24,,Julia Polastri,Kalindra Faria,Julia Polastri,DEC,3,5:00,3,0,,,,,,,,,,,,,,,,
2022-06-25,UFC on ESPN 38 - Tsarukyan vs. Gamrot,,Rodolfo Vieira,Chris Curtis,Chris Curtis,DEC,3,5:00,3,0,,,,,,,,,,,,,,,,
2022-06-25,UFC on ESPN 38 - Tsarukyan vs. Gamrot,,Vanessa Demopoulos,Jinh Yu Frey,Vanessa Demopoulos,S-DEC,3,5:00,3,0,,,,,,,,,,,,,,,,
2022-06-25,UFC on ESPN 38 - Tsarukyan vs. Gamrot,,Arman Tsarukyan,Mateusz Gamrot,Mateusz Gamrot,DEC,5,5:00,5,0,,,,,,,,,,,,,,,,
2022-06-25,CAM 11 - Circuito Argentino de MMA 11,,Sofia Montenegro,Oriana Fernandez,Sofia Montenegro,KO/TKO,1,0:39,3,0,,,,,,,,,,,,,,,,
2022-06-25,UFC on ESPN 38 - Tsarukyan vs. Gamrot,,Umar Nurmagomedov,Nathan Maness,Umar Nurmagomedov,DEC,3,5:00,3,0,,,,,,,,,,,,,,,,
2022-06-25,Ares 7 - Abdoul vs. Amoussou,,Shamil Gaziev,Kirill Kornilov,Shamil Gaziev,S-DEC,3,5:00,3,0,,,,,,,,,,,,,,,,
2022-06-25,UFC on ESPN 38 - Tsarukyan vs. Gamrot,,Neil Magny,Shavkat Rakhmonov,Shavkat Rakhmonov,SUB,2,4:58,3,0,,,,,,,,,,,,,,,,
2022-06-26,APM - Arena Pride MMA 4,,Mauricio Ruffy,Brenno Luiz Goncalves Silva,Mauricio Ruffy,KO/TKO,1,1:25,3,0,,,,,,,,,,,,,,,,
2022-06-26,LFL 5 - Levels Fight League 5,,Robert Valentin,Remco van den Brink,Robert Valentin,KO/TKO,2,5:00,3,0,,,,,,,,,,,,,,,,
2022-06-26,Colosseum MMA - Battle of Champions 29,,Muhammad Saidov,Saidbek Dzharunov,Muhammad Saidov,KO/TKO,2,0:40,3,0,,,,,,,,,,,,,,,,
2022-07-01,Combate Global - Jimenez vs. Sewell,,Melissa Amaya,Naomi Tataroglu,Melissa Amaya,S-DEC,3,5:00,3,0,,,,,,,,,,,,,,,,
2022-07-02,UFC 276 - Adesanya vs. Cannonier,,Ian Garry,Gabriel Green,Ian Garry,DEC,3,5:00,3,0,,,,,,,,,,,,,,,,
2022-07-02,UFC 276 - Adesanya vs. Cannonier,,Jalin Turner,Brad Riddell,Jalin Turner,SUB,1,0:45,3,0,,,,,,,,,,,,,,,,
2022-07-02,USC - Ultimate Sparta Championship 2,,Alexander Poppeck,Koray Cengiz,Alexander Poppeck,KO/TKO,1,4:21,3,0,,,,,,,,,,,,,,,,
2022-07-02,UFC 276 - Adesanya vs. Cannonier,,Israel Adesanya,Jared Cannonier,Israel Adesanya,DEC,5,5:00,5,0,,,,,,,,,,,,,,,,
2022-07-03,UAE Warriors 31 - Arabia 8,,Yousri Belgaroui,Mohamad Osseili,Mohamad Osseili,DEC,3,5:00,3,0,,,,,,,,,,,,,,,,
2022-07-03,OFC 20 - Open Fighting Championship 20,,Mark Vologdin,Bekulan Saipjan Uulu,Mark Vologdin,KO/TKO,2,3:14,3,0,,,,,,,,,,,,,,,,
2022-07-08,Fury FC 66 - Fury Fighting Championship 66,,Gianni Vazquez,Adam Antolin,Gianni Vazquez,DEC,3,5:00,3,0,,,,,,,,,,,,,,,,
2022-07-08,SBC 41 - Serbian Battle Championship 41,,Jovan Leka,Zoran Dod,Jovan Leka,KO/TKO,1,1:53,3,0,,,,,,,,,,,,,,,,
2022-07-09,UFC on ESPN 39 - Dos Anjos vs. Fiziev,,Kennedy Nzechukwu,Karl Roberson,Kennedy Nzechukwu,KO/TKO,3,2:19,3,0,,,,,,,,,,,,,,,,
2022-07-09,UFC on ESPN 39 - Dos Anjos vs. Fiziev,,Tresean Gore,Cody Brundage,Cody Brundage,KO/TKO,1,3:50,3,0,,,,,,,,,,,,,,,,
2022-07-10,Inka 34 - Peru vs. Brazil,,Kevin Borjas,Joseph Vieira,Kevin Borjas,KO/TKO,2,1:25,3,0,,,,,,,,,,,,,,,,
2022-07-10,Inka 34 - Peru vs. Brazil,,Marcio Barbosa,Kevin Moreyra,Marcio Barbosa,KO/TKO,1,3:21,3,0,,,,,,,,,,,,,,,,
2022-07-15,Freedom Fight Night 2 - Team Ortiz vs. Team Bader,,Jose Delgado,Demetri Miller,Jose Delgado,SUB,1,0:00,3,0,,,,,,,,,,,,,,,,
2022-07-15,FSC 22 - FightStar Championship 22,,Mario Pinto,Maxwell Djantou Nana,Mario Pinto,SUB,1,0:00,3,0,,,,,,,,,,,,,,,,
2022-07-15,Combate Global - Palacios vs. Park,,Bo Hyun Park,Ana Palacios,Ana Palacios,SUB,1,3:15,3,0,,,,,,,,,,,,,,,,
2022-07-15,LFA 136 - Rio de Janeiro vs. Sao Paulo,,Eduardo Henrique,Davi Bittencourt,Davi Bittencourt,DEC,3,5:00,3,0,,,,,,,,,,,,,,,,
2022-07-15,LFA 136 - Rio de Janeiro vs. Sao Paulo,,Bruno Lopes,Mailton Azevedo,Bruno Lopes,SUB,1,4:49,3,0,,,,,,,,,,,,,,,,
2022-07-16,UFC on ABC 3 - Ortega vs. Rodriguez,,Ricky Simon,Jack Shore,Ricky Simon,SUB,2,3:28,3,0,,,,,,,,,,,,,,,,
2022-07-16,UFC on ABC 3 - Ortega vs. Rodriguez,,Charles Jourdain,Shane Burgos,Shane Burgos,S-DEC,3,5:00,3,0,,,,,,,,,,,,,,,,
2022-07-16,UFC on ABC 3 - Ortega vs. Rodriguez,,Muslim Salikhov,Jingliang Li,Jingliang Li,KO/TKO,2,4:38,3,0,,,,,,,,,,,,,,,,
2022-07-16,UFC on ABC 3 - Ortega vs. Rodriguez,,Punahele Soriano,Dalcha Lungiambula,Punahele Soriano,KO/TKO,2,0:28,3,0,,,,,,,,,,,,,,,,
2022-07-16,UFC on ABC 3 - Ortega vs. Rodriguez,,Su Mudaerji,Matt Schnell,Matt Schnell,SUB,2,4:24,3,0,,,,,,,,,,,,,,,,
2022-07-16,DC Pro - Rio Open DC Pro 2,,Levi Rodrigues,Cristiano Vicente,Levi Rodrigues,KO/TKO,1,4:28,3,0,,,,,,,,,,,,,,,,
2022-07-16,UFC on ABC 3 - Ortega vs. Rodriguez,,Dustin Stoltzfus,Dwight Grant,Dustin Stoltzfus,DEC,3,5:00,3,0,,,,,,,,,,,,,,,,
2022-07-16,UFC on ABC 3 - Ortega vs. Rodriguez,,Amanda Lemos,Michelle Waterson-Gomez,Amanda Lemos,SUB,2,1:48,3,0,,,,,,,,,,,,,,,,
2022-07-16,UFC on ABC 3 - Ortega vs. Rodriguez,,Dustin Jacoby,Da Woon Jung,Dustin Jacoby,KO/TKO,1,3:13,3,0,,,,,,,,,,,,,,,,
2022-07-18,Pancrase - 328,,Ryo Tajima,Koji Kanda,Ryo Tajima,S-DEC,3,5:00,3,0,,,,,,,,,,,,,,,,
2022-07-22,One Championship - One 159,,Reinier de Ridder,Vitaly Bigdash,Reinier de Ridder,SUB,1,3:29,3,0,,,,,,,,,,,,,,,,
2022-07-22,Bellator 283 - Lima vs. Jackson,,Tofiq Musayev,Sidney Outlaw,Tofiq Musayev,KO/TKO,1,0:27,3,0,,,,,,,,,,,,,,,,
2022-07-23,UFC Fight Night 208 - Blaydes vs. Aspinall,,Curtis Blaydes,Tom Aspinall,Curtis Blaydes,KO/TKO,1,0:15,5,0,,,,,,,,,,,,,,,,
2022-07-23,KSW 72 - Romanowski vs. Grzebyk,,Oumar Sy,Bartlomiej Gladkowicz,Oumar Sy,DEC,3,5:00,3,0,,,,,,,,,,,,,,,,
2022-07-23,UFC Fight Night 208 - Blaydes vs. Aspinall,,Nathaniel Wood,Charles Rosa,Nathaniel Wood,DEC,3,5:00,3,0,,,,,,,,,,,,,,,,
2022-07-23,UFC Fight Night 208 - Blaydes vs. Aspinall,,Mason Jones,Ludovit Klein,Ludovit Klein,DEC,3,5:00,3,0,,,,,,,,,,,,,,,,
2022-07-23,UFC Fight Night 208 - Blaydes vs. Aspinall,,Charles Johnson,Muhammad Mokaev,Muhammad Mokaev,DEC,3,5:00,3,0,,,,,,,,,,,,,,,,
2022-07-26,Dana White's Contender Series - Contender Series 2022: Week 1,,Osman Diaz,Joe Pyfer,Joe Pyfer,KO/TKO,2,1:39,3,0,,,,,,,,,,,,,,,,
2022-07-26,Dana White's Contender Series - Contender Series 2022: Week 1,,Dennis Buzukja,Kaleio Romero,Dennis Buzukja,DEC,3,5:00,3,0,,,,,,,,,,,,,,,,
2022-07-28,CWB Fight League - CWBFL 28,,Rafael Tobias,Sombay Silvino,Rafael Tobias,DEC,3,5:00,3,0,,,,,,,,,,,,,,,,
2022-07-29,AFN 14 - Armia Fight Night,,Klaudia Sygula,Brena Cardozo,Klaudia Sygula,DEC,3,5:00,3,0,,,,,,,,,,,,,,,,
2022-07-29,Octagon Promotion - Octagon 33: Tazhibaev vs. Sardarov,,Farida Abdueva,Gumru Ganbarova,Farida Abdueva,KO/TKO,2,4:08,3,0,,,,,,,,,,,,,,,,
2022-07-29,FAC 15 - Fighting Alliance Championship 15,,Gauge Young,Demagio Smith,Gauge Young,KO/TKO,1,1:27,3,0,,,,,,,,,,,,,,,,
2022-07-30,UFC 277 - Pena vs. Nunes 2,,Alexandre Pantoja,Alex Perez,Alexandre Pantoja,SUB,1,1:31,3,0,,,,,,,,,,,,,,,,
2022-07-30,UFC 277 - Pena vs. Nunes 2,,Brandon Moreno,Kai Kara-France,Brandon Moreno,KO/TKO,3,4:34,3,0,,,,,,,,,,,,,,,,
2022-07-30,UFC 277 - Pena vs. Nunes 2,,Drakkar Klose,Rafa Garcia,Drakkar Klose,DEC,3,5:00,3,0,,,,,,,,,,,,,,,,
2022-07-30,Brave CF 60 - Brave Combat Federation 60,,Luis Felipe Dias,Luiz Cado,Luiz Cado,KO/TKO,3,0:14,3,0,,,,,,,,,,,,,,,,
2022-07-30,UFC 277 - Pena vs. Nunes 2,,Magomed Ankalaev,Anthony Smith,Magomed Ankalaev,KO/TKO,2,3:09,3,0,,,,,,,,,,,,,,,,
2022-07-30,MMA Series 54 - Triumph,,Valter Walker,Andrey Zhukovsky,Valter Walker,DEC,3,5:00,3,0,,,,,,,,,,,,,,,,
2022-07-31,JCK Night Cage Series - 2022-2023 Regular Season Part 14,,Meng Ding,Damu Wu,Meng Ding,KO/TKO,1,2:04,3,0,,,,,,,,,,,,,,,,
2022-08-02,Dana White's Contender Series - Contender Series 2022: Week 2,,Waldo Cortes-Acosta,Danilo Suzart,Waldo Cortes-Acosta,KO/TKO,1,3:40,3,0,,,,,,,,,,,,,,,,
2022-08-02,Dana White's Contender Series - Contender Series 2022: Week 2,,Billy Goff,Shimon Smotritsky,Billy Goff,KO/TKO,1,3:37,3,0,,,,,,,,,,,,,,,,
2022-08-06,Brave CF 61 - Brave Combat Federation 61,,Axel Sola,Wladimir Holodenko,Axel Sola,DEC,3,5:00,3,0,,,,,,,,,,,,,,,,
2022-08-06,UFC on ESPN 40 - Santos vs. Hill,,Serghei Spivac,Augusto Sakai,Serghei Spivac,KO/TKO,2,3:42,3,0,,,,,,,,,,,,,,,,
2022-08-06,UFC on ESPN 40 - Santos vs. Hill,,Vicente Luque,Geoff Neal,Geoff Neal,KO/TKO,3,2:01,3,0,,,,,,,,,,,,,,,,
2022-08-06,UFC on ESPN 40 - Santos vs. Hill,,Juliana Miller,Brogan Walker,Juliana Miller,KO/TKO,3,3:57,3,0,,,,,,,,,,,,,,,,
2022-08-06,Brave CF 61 - Brave Combat Federation 61,,Borislav Nikolic,Gamzat Magomedov,Gamzat Magomedov,DEC,3,5:00,3,0,,,,,,,,,,,,,,,,
2022-08-09,Dana White's Contender Series - Contender Series 2022: Week 3,,Edgar Chairez,Clayton Carpenter,Clayton Carpenter,DEC,3,5:00,3,0,,,,,,,,,,,,,,,,
2022-08-12,Tuff-N-Uff - Tuff-N-Uff 129,,Muhammadjon Naimov,Sitik Muduev,Muhammadjon Naimov,S-DEC,3,5:00,3,0,,,,,,,,,,,,,,,,
2022-08-13,UFC on ESPN 41 - Vera vs. Cruz,,Yazmin Jauregui,Iasmin Lucindo,Yazmin Jauregui,DEC,3,5:00,3,0,,,,,,,,,,,,,,,,
2022-08-13,UFC on ESPN 41 - Vera vs. Cruz,,Marlon Vera,Dominick Cruz,Marlon Vera,KO/TKO,4,2:17,5,0,,,,,,,,,,,,,,,,
2022-08-13,AFS - Aries Fight Series: Amp'd,,Trevor Peek,Khama Worthy,Trevor Peek,KO/TKO,1,4:44,3,0,,,,,,,,,,,,,,,,
2022-08-13,Professional Fighters League - PFL 8: 2022 Playoffs,,Francesco Nuzzi,Moktar Benkaci,nc,NC,2,4:10,3,0,,,,,,,,,,,,,,,,
2022-08-13,CW 142 - Cage Warriors 142,,Oban Elliott,Matthew Bonner,Oban Elliott,DEC,3,5:00,3,0,,,,,,,,,,,,,,,,
2022-08-14,Fury FC 67 - Fury Fighting Championship 67,,Joshua Van,Paris Moran,Joshua Van,KO/TKO,2,0:36,3,0,,,,,,,,,,,,,,,,
2022-08-16,Dana White's Contender Series - Contender Series 2022: Week 4,,Esteban Ribovics,Thomas Paull,Esteban Ribovics,KO/TKO,1,1:30,3,0,,,,,,,,,,,,,,,,
2022-08-16,Dana White's Contender Series - Contender Series 2022: Week 4,,Hailey Cowan,Claudia Leite,Hailey Cowan,S-DEC,3,5:00,3,0,,,,,,,,,,,,,,,,
2022-08-19,"B2 Fighting Series 173 - Orange Beach, AL",,Treston Vines,Bahromjon Mashrapov,Bahromjon Mashrapov,KO/TKO,1,4:05,3,0,,,,,,,,,,,,,,,,
2022-08-20,UFC 278 - Usman vs. Edwards 2,,Qileng Aori,Jay Perrin,Qileng Aori,DEC,3,5:00,3,0,,,,,,,,,,,,,,,,
2022-08-20,UFC 278 - Usman vs. Edwards 2,,Sean Woodson,Luis Saldana,draw,DRAW,3,5:00,3,0,,,,,,,,,,,,,,,,
2022-08-20,Spartacus MMA - Spartacus Fight Event 9,,Rafael Tobias,Haroldo Mesquita,Rafael Tobias,SUB,1,0:04,3,0,,,,,,,,,,,,,,,,
2022-08-20,Eternal MMA 68 - Perth,,Quillan Salkilld,Dom Mar Fan,Quillan Salkilld,SUB,2,2:23,3,0,,,,,,,,,,,,,,,,
2022-08-20,Professional Fighters League - PFL 9: 2022 Playoffs,,Louie Sutherland,Abraham Bably,Abraham Bably,DEC,3,5:00,3,0,,,,,,,,,,,,,,,,
2022-08-20,UFC 278 - Usman vs. Edwards 2,,Marcin Tybura,Alexander Romanov,Marcin Tybura,S-DEC,3,5:00,3,0,,,,,,,,,,,,,,,,
2022-08-21,Eagle FC 50 - Nurgozhay vs. Andreitsev,,Diyar Nurgozhay,Konstantin Andreitsev,Diyar Nurgozhay,DEC,5,5:00,5,0,,,,,,,,,,,,,,,,
2022-08-23,Dana White's Contender Series - Contender Series 2022: Week 5,,Denise Gomes,Rayanne dos Santos,Denise Gomes,DEC,3,5:00,3,0,,,,,,,,,,,,,,,,
2022-08-23,Dana White's Contender Series - Contender Series 2022: Week 5,,Darrius Flowers,Amiran Gogoladze,Darrius Flowers,KO/TKO,1,1:13,3,0,,,,,,,,,,,,,,,,
2022-08-24,CFC Malta 9 - Centurion Fight Championship 9: Rudit Leo,,Vlastislav Cepo,Ivan Jakovljevic,Vlastislav Cepo,SUB,1,1:17,3,0,,,,,,,,,,,,,,,,
2022-08-24,CFC Malta 9 - Centurion Fight Championship 9: Rudit Leo,,Marina Spasic,Elina Tauber,Marina Spasic,KO/TKO,1,2:08,3,0,,,,,,,,,,,,,,,,
2022-08-25,Undefeated MMA - Fire and Blood,,Namsrai Batbayar,Zagdsuren Baljinnyam,Namsrai Batbayar,KO/TKO,1,2:35,3,0,,,,,,,,,,,,,,,,
2022-08-26,LFA 140 - Mota vs. Abuev,,Wesley Schultz,Jonathan Knutson,Wesley Schultz,SUB,2,0:53,3,0,,,,,,,,,,,,,,,,
2022-08-26,CFFC 112 - Cage Fury Fighting Championships 112,,Ty Cole Miller,Manny Morales,Ty Cole Miller,DEC,3,5:00,3,0,,,,,,,,,,,,,,,,
2022-08-26,LFA 140 - Mota vs. Abuev,,Richie Miranda,Elijah Harris,Richie Miranda,KO/TKO,1,4:34,3,0,,,,,,,,,,,,,,,,
2022-08-27,Octagon Promotion - Octagon 34,,Ilimbek Akylbek Uulu,Nodir Alidodov,Ilimbek Akylbek Uulu,SUB,1,4:51,3,0,,,,,,,,,,,,,,,,
2022-08-27,Jungle Fight 110 - Rio de Janeiro,,Michael Oliveira,Elder da Costa Dias,Michael Oliveira,KO/TKO,1,1:28,3,0,,,,,,,,,,,,,,,,
2022-08-27,FEN 41 - TAURON Fight Night Mragowo,,Damian Rzepecki,Hubert Sulewski,Damian Rzepecki,SUB,2,4:58,3,0,,,,,,,,,,,,,,,,
2022-08-28,NFA 1 - Nurlan Fight Arena 1,,Mehemmedali Osmanli,Feyruz Haydari,Feyruz Haydari,SUB,1,2:09,3,0,,,,,,,,,,,,,,,,
2022-08-30,Dana White's Contender Series - Contender Series 2022: Week 6,,Sedriques Dumas,Matej Penaz,Sedriques Dumas,SUB,1,0:47,3,0,,,,,,,,,,,,,,,,
2022-08-30,Dana White's Contender Series - Contender Series 2022: Week 6,,Mateusz Rebecki,Rodrigo Lidio,Mateusz Rebecki,SUB,1,3:05,3,0,,,,,,,,,,,,,,,,
2022-09-03,UFC Fight Night 209 - Gane vs. Tuivasa,,Ailin Perez,Stephanie Egger,Stephanie Egger,SUB,2,4:54,3,0,,,,,,,,,,,,,,,,
2022-09-03,UFC Fight Night 209 - Gane vs. Tuivasa,,Charles Jourdain,Nathaniel Wood,Nathaniel Wood,DEC,3,5:00,3,0,,,,,,,,,,,,,,,,
2022-09-03,UFC Fight Night 209 - Gane vs. Tuivasa,,Tai Tuivasa,Ciryl Gane,Ciryl Gane,KO/TKO,3,4:23,5,0,,,,,,,,,,,,,,,,
2022-09-03,UFC Fight Night 209 - Gane vs. Tuivasa,,Fares Ziam,Michal Figlak,Fares Ziam,DEC,3,5:00,3,0,,,,,,,,,,,,,,,,
2022-09-03,UFC Fight Night 209 - Gane vs. Tuivasa,,Nasrat Haqparast,John Makdessi,Nasrat Haqparast,DEC,3,5:00,3,0,,,,,,,,,,,,,,,,
2022-09-03,UFC Fight Night 209 - Gane vs. Tuivasa,,Dustin Stoltzfus,Abus Magomedov,Abus Magomedov,KO/TKO,1,0:19,3,0,,,,,,,,,,,,,,,,
2022-09-06,Dana White's Contender Series - Contender Series 2022: Week 7,,Rodolfo Bellato,Vitor Petrino,Vitor Petrino,KO/TKO,2,3:36,3,0,,,,,,,,,,,,,,,,
2022-09-06,Dana White's Contender Series - Contender Series 2022: Week 7,,Ismael Bonfim,Nariman Abbasov,Ismael Bonfim,DEC,3,5:00,3,0,,,,,,,,,,,,,,,,
2022-09-09,SBC 44 - Serbian Battle Championship 44: Revenge,,Milos Janicic,Ekper Gadzhiekperov,Milos Janicic,KO/TKO,3,1:52,3,0,,,,,,,,,,,,,,,,
2022-09-09,CFS 11 - Cage Fight Series 11,,Bogdan Grad,Christian Mach,Bogdan Grad,SUB,2,4:07,3,0,,,,,,,,,,,,,,,,
2022-09-10,UFC 279 - Diaz vs. Ferguson,,Norma Dumont,Danyelle Wolf,Norma Dumont,DEC,3,5:00,3,0,,,,,,,,,,,,,,,,
2022-09-10,UFC 279 - Diaz vs. Ferguson,,Heili Alateng,Chad Anheliger,Heili Alateng,DEC,3,5:00,3,0,,,,,,,,,,,,,,,,
2022-09-10,UFC 279 - Diaz vs. Ferguson,,Elise Reed,Melissa Martinez,Elise Reed,DEC,3,5:00,3,0,,,,,,,,,,,,,,,,
2022-09-10,Spartacus MMA - Spartacus Fight Event 12,,Rafael Tobias,Alexandre Borges,Rafael Tobias,KO/TKO,1,2:37,3,0,,,,,,,,,,,,,,,,
2022-09-10,UFC 279 - Diaz vs. Ferguson,,Daniel Rodriguez,Jingliang Li,Daniel Rodriguez,S-DEC,3,5:00,3,0,,,,,,,,,,,,,,,,
2022-09-11,Pancrase - 329,,Rei Tsuruya,Masatoshi Ueda,Rei Tsuruya,KO/TKO,1,2:33,3,0,,,,,,,,,,,,,,,,
2022-09-13,Dana White's Contender Series - Contender Series 2022: Week 8,,Trevor Peek,Malik Lewis,Trevor Peek,KO/TKO,2,2:37,3,0,,,,,,,,,,,,,,,,
2022-09-16,UAE Warriors 32 - Africa 3,,Nora Cornolle,Asmaa Abash,Nora Cornolle,KO/TKO,3,3:15,3,0,,,,,,,,,,,,,,,,
2022-09-16,LFA 142 - Amorim vs. Nichols,,Giovanna Canuto,Jamie Colleen Miller,Giovanna Canuto,DEC,3,5:00,3,0,,,,,,,,,,,,,,,,
2022-09-16,LFA 142 - Amorim vs. Nichols,,Thomas Petersen,Kory Moegenburg,Thomas Petersen,KO/TKO,2,3:14,3,0,,,,,,,,,,,,,,,,
2022-09-17,UFC Fight Night 210 - Sandhagen vs. Song,,Yadong Song,Cory Sandhagen,Cory Sandhagen,KO/TKO,4,5:00,5,0,,,,,,,,,,,,,,,,
2022-09-17,UFC Fight Night 210 - Sandhagen vs. Song,,Denise Gomes,Konklak Suphisara,Konklak Suphisara,DEC,3,5:00,3,0,,,,,,,,,,,,,,,,
2022-09-17,UFC Fight Night 210 - Sandhagen vs. Song,,Gregory Rodrigues,Chidi Njokuani,Gregory Rodrigues,KO/TKO,2,1:27,3,0,,,,,,,,,,,,,,,,
2022-09-17,UFC Fight Night 210 - Sandhagen vs. Song,,Anthony Hernandez,Marc-Andre Barriault,Anthony Hernandez,SUB,3,1:53,3,0,,,,,,,,,,,,,,,,
2022-09-17,UFC Fight Night 210 - Sandhagen vs. Song,,Gillian Robertson,Mariya Agapova,Gillian Robertson,SUB,2,2:19,3,0,,,,,,,,,,,,,,,,
2022-09-18,Jungle Fight 111 - 19th Anniversary,,Stephanie Luciano,Aline Oliveira,Stephanie Luciano,KO/TKO,2,2:35,3,0,,,,,,,,,,,,,,,,
2022-09-20,Dana White's Contender Series - Contender Series 2022: Week 9,,Raul Rosas Jr.,Mando Gutierrez,Raul Rosas Jr.,DEC,3,5:00,3,0,,,,,,,,,,,,,,,,
2022-09-20,Dana White's Contender Series - Contender Series 2022: Week 9,,Brunno Ferreira,Leon Aliu,Brunno Ferreira,KO/TKO,1,1:35,3,0,,,,,,,,,,,,,,,,
2022-09-22,FFC 53 - Argentina,,Sofia Montenegro,Gisela Luna,Gisela Luna,KO/TKO,1,0:10,3,0,,,,,,,,,,,,,,,,
2022-09-23,NFC 44 - Naiza Fighter Championship 44: Kabardiev vs. Mashrapov,,Daniil Donchenko,Arkhat Mynbaev,Daniil Donchenko,KO/TKO,2,2:43,3,0,,,,,,,,,,,,,,,,
2022-09-23,Fury FC 69 - Fury Fighting Championship 69: Jones vs. Cutts,,MarQuel Mederos,Darren Whitney,MarQuel Mederos,DEC,3,5:00,3,0,,,,,,,,,,,,,,,,
2022-09-23,SFS 12 - Shuriken Fight Series 12,,Navajo Stirling,James Craughwell,Navajo Stirling,DEC,5,5:00,5,0,,,,,,,,,,,,,,,,
2022-09-24,MMA Attack 4 - Comeback,,Robert Bryczek,Mateusz Strzelczyk,Robert Bryczek,KO/TKO,1,1:54,3,0,,,,,,,,,,,,,,,,
2022-09-24,DF - Demo Fight 14,,Eduarda Moura,Aline Sattelmayer,Eduarda Moura,S-DEC,3,5:00,3,0,,,,,,,,,,,,,,,,
2022-09-25,Inka 35 - Borjas vs. Calixto,,Kevin Borjas,Sebastiao da Silva Calixto,Kevin Borjas,KO/TKO,4,0:02,5,0,,,,,,,,,,,,,,,,
2022-09-27,Dana White's Contender Series - Contender Series 2022: Week 10,,Jack Jenkins,Emiliano Linares,Jack Jenkins,KO/TKO,3,4:30,3,0,,,,,,,,,,,,,,,,
2022-09-27,Dana White's Contender Series - Contender Series 2022: Week 10,,Sam Patterson,Vinicius Sacchelli Cenci,Sam Patterson,SUB,2,4:18,3,0,,,,,,,,,,,,,,,,
2022-09-28,Invicta FC 49 - Delboni vs. DeCoursey,,Valesca Machado,Liz Tracy,Valesca Machado,DEC,3,5:00,3,0,,,,,,,,,,,,,,,,
2022-09-29,One Championship - One 161,,Saygid Izagakhmaev,Lipeng Zhang,Saygid Izagakhmaev,DEC,3,5:00,3,0,,,,,,,,,,,,,,,,
2022-09-30,AFC 20 - Angel's Fighting Championship 20: The First Champion,,Joo Sang Yoo,Gustavo Wurlitzer,Joo Sang Yoo,DEC,2,5:00,3,0,,,,,,,,,,,,,,,,
2022-09-30,One Championship - One on Prime Video 2 - Xiong vs. Lee 3,,Jingnan Xiong,Angela Lee,Jingnan Xiong,DEC,5,5:00,5,0,,,,,,,,,,,,,,,,
2022-09-30,LFA 143 - Lopes vs. Paiva,,Kaue Fernandes,Jose Arly Carvalho,Kaue Fernandes,KO/TKO,1,1:28,3,0,,,,,,,,,,,,,,,,
2022-09-30,LFA 143 - Lopes vs. Paiva,,Lucas Fernando,Fabio Aguiar,Lucas Fernando,KO/TKO,1,2:55,3,0,,,,,,,,,,,,,,,,
2022-09-30,LFA 143 - Lopes vs. Paiva,,Bruno Lopes,Willyanedson Paiva,Bruno Lopes,KO/TKO,2,1:39,3,0,,,,,,,,,,,,,,,,
2022-10-01,UFC Fight Night 211 - Dern vs. Yan,,Raoni Barcelos,Trevin Jones,Raoni Barcelos,DEC,3,5:00,3,0,,,,,,,,,,,,,,,,
2022-10-01,UFC Fight Night 211 - Dern vs. Yan,,John Castaneda,Daniel Santos,Daniel Santos,KO/TKO,2,4:28,3,0,,,,,,,,,,,,,,,,
2022-10-01,Bellator 286 - Pitbull vs. Borics,,Patricio Freire,Adam Borics,Patricio Freire,DEC,5,5:00,5,0,,,,,,,,,,,,,,,,
2022-10-01,UFC Fight Night 211 - Dern vs. Yan,,Xiaonan Yan,Mackenzie Dern,Xiaonan Yan,S-DEC,5,5:00,5,0,,,,,,,,,,,,,,,,
2022-10-02,MMA Series 57 - Moscow Calling,,Valter Walker,Ruslan Medzhidov,Valter Walker,DEC,3,5:00,3,0,,,,,,,,,,,,,,,,
2022-10-02,MMA Series 57 - Moscow Calling,,Muhammad Saidov,Arsen Kaziev,Muhammad Saidov,SUB,2,2:35,3,0,,,,,,,,,,,,,,,,
2022-10-07,Combate Global - Martinez vs. Osuna,,David Martinez,Axel Osuna,David Martinez,KO/TKO,4,4:14,5,0,,,,,,,,,,,,,,,,
2022-10-07,Combate Global - Martinez vs. Osuna,,Yadier Del Valle,Miguel Lugo,Yadier Del Valle,KO/TKO,2,2:04,3,0,,,,,,,,,,,,,,,,
2022-10-08,CFFC 113 - Cage Fury Fighting Championships 113: Sears vs. Velasco,,Josiah Harrell,Tracy Reeder,Josiah Harrell,KO/TKO,2,2:59,3,0,,,,,,,,,,,,,,,,
2022-10-08,MMAGP - Mixed Martial Arts Grand Prix,,Michael Aljarouj,Sylvain Sommereisen,Michael Aljarouj,KO/TKO,3,3:23,3,0,,,,,,,,,,,,,,,,
2022-10-08,OFC 1 - Open Fight Chile 1,,Nilson Rojas,John Alvarez,Nilson Rojas,KO/TKO,1,1:13,3,0,,,,,,,,,,,,,,,,
2022-10-08,Spartacus MMA - Spartacus Fight Event 16,,Andre Lima,Joao Vitor Oliveira,Andre Lima,KO/TKO,1,1:55,3,0,,,,,,,,,,,,,,,,
2022-10-10,Pancrase - 28th Neo-Blood Tournament Finals,,Ryo Tajima,Yuki Ueda,Ryo Tajima,KO/TKO,2,2:41,3,0,,,,,,,,,,,,,,,,
2022-10-15,UFC Fight Night 212 - Grasso vs. Araujo,,Alonzo Menifield,Misha Cirkunov,Alonzo Menifield,KO/TKO,1,1:28,3,0,,,,,,,,,,,,,,,,
2022-10-15,UFC Fight Night 212 - Grasso vs. Araujo,,Joanderson Brito,Lucas Alexander,Joanderson Brito,SUB,1,2:02,3,0,,,,,,,,,,,,,,,,
2022-10-15,UFC Fight Night 212 - Grasso vs. Araujo,,Alexa Grasso,Viviane Araujo,Alexa Grasso,DEC,5,5:00,5,0,,,,,,,,,,,,,,,,
2022-10-15,HXMMA 5 - Hexagone MMA 5,,Matthieu Letho Duclos,Giorgi Egnatashvili,Matthieu Letho Duclos,KO/TKO,1,2:22,3,0,,,,,,,,,,,,,,,,
2022-10-15,In Ya Face - Caged Warrior Championship 27: Halloween Havoc,,Carli Judice,Ivana Coleman,Carli Judice,KO/TKO,1,0:17,3,0,,,,,,,,,,,,,,,,
2022-10-15,UFC Fight Night 212 - Grasso vs. Araujo,,Dusko Todorovic,Jordan Wright,Dusko Todorovic,KO/TKO,2,3:12,3,0,,,,,,,,,,,,,,,,
2022-10-15,ARMMADA - ARMMADA 2,,Jovan Leka,Vladimir Cvetkovic,Jovan Leka,SUB,1,3:03,3,0,,,,,,,,,,,,,,,,
2022-10-15,Oktagon MMA - Oktagon 36: Eckerlin vs. Oliveira,,Alexander Poppeck,Nermin Hajdarpasic,Alexander Poppeck,KO/TKO,1,1:53,3,0,,,,,,,,,,,,,,,,
2022-10-20,UAE Warriors 34 - Martun vs. Acoidan,,Zhu Rong,Felipe da Silva Maia,Zhu Rong,KO/TKO,2,1:59,3,0,,,,,,,,,,,,,,,,
2022-10-20,Goa Alpha Events - Goa Combat 2022,,Rabindra Dhant,Ravi Saw,Rabindra Dhant,KO/TKO,2,3:24,3,0,,,,,,,,,,,,,,,,
2022-10-22,UFC 280 - Oliveira vs. Makhachev,,Manon Fiorot,Katlyn Cerminara,Manon Fiorot,DEC,3,5:00,3,0,,,,,,,,,,,,,,,,
2022-10-22,AFC - WOW Fight Night,,Namsrai Batbayar,Ayush Ariungerel,Namsrai Batbayar,SUB,3,N/A,3,0,,,,,,,,,,,,,,,,
2022-10-22,UFC 280 - Oliveira vs. Makhachev,,Islam Makhachev,Charles Oliveira,Islam Makhachev,SUB,2,3:16,5,0,,,,,,,,,,,,,,,,
2022-10-22,UFC 280 - Oliveira vs. Makhachev,,Mateusz Gamrot,Beneil Dariush,Beneil Dariush,DEC,3,5:00,3,0,,,,,,,,,,,,,,,,
2022-10-22,PFC 14 - Prospect Fighting Championships 14,,Kyle Prepolec,Marco Elpidio,Kyle Prepolec,KO/TKO,1,3:23,3,0,,,,,,,,,,,,,,,,
2022-10-23,UFC - Road to UFC: Abu Dhabi Semifinals 2,,Rinya Nakamura,Shohei Nose,Rinya Nakamura,KO/TKO,1,2:21,3,0,,,,,,,,,,,,,,,,
2022-10-28,Brave CF 65 - Brave Combat Federation 65,,Shamil Gaziev,Pavel Dailidko,Shamil Gaziev,KO/TKO,2,0:46,3,0,,,,,,,,,,,,,,,,
2022-10-29,UFC Fight Night 213 - Kattar vs. Allen,,Waldo Cortes-Acosta,Jared Vanderaa,Waldo Cortes-Acosta,DEC,3,5:00,3,0,,,,,,,,,,,,,,,,
2022-10-29,UFC Fight Night 213 - Kattar vs. Allen,,Roman Dolidze,Phil Hawes,Roman Dolidze,KO/TKO,1,4:09,3,0,,,,,,,,,,,,,,,,
2022-10-29,UFC Fight Night 213 - Kattar vs. Allen,,Tresean Gore,Josh Fremd,Tresean Gore,SUB,2,0:49,3,0,,,,,,,,,,,,,,,,
2022-10-29,Spartacus MMA - Spartacus Fight Event 19,,Rafael Tobias,Nathan Oliveira,Rafael Tobias,DEC,3,5:00,3,0,,,,,,,,,,,,,,,,
2022-10-29,CFS 12 - Cage Fight Series 12,,Bogdan Grad,Tudor Dermenji,Bogdan Grad,KO/TKO,2,3:20,3,0,,,,,,,,,,,,,,,,
2022-10-29,UFC Fight Night 213 - Kattar vs. Allen,,Dustin Jacoby,Khalil Rountree,Khalil Rountree,S-DEC,3,5:00,3,0,,,,,,,,,,,,,,,,
2022-10-30,Combate Global - Horror in La Jaula,,Melissa Amaya,Alitzel Mariscal,Melissa Amaya,SUB,3,3:12,3,0,,,,,,,,,,,,,,,,
2022-10-30,Combate Global - Horror in La Jaula,,Fabia Sintes,Enzo Perez,Fabia Sintes,SUB,2,2:48,3,0,,,,,,,,,,,,,,,,
2022-11-03,Ares 9 - Lapilus vs. Ayoub 2,,Robert Valentin,Pietro Penini,nc,NC,2,4:34,3,0,,,,,,,,,,,,,,,,
2022-11-04,Freedom Fight Night 3 - Team Bader vs. Team Henderson,,Jose Delgado,Jorge Juarez,Jose Delgado,KO/TKO,1,0:23,3,0,,,,,,,,,,,,,,,,
2022-11-04,CW 145 - Cage Warriors 145,,Modestas Bukauskas,Lee Chadwick,Modestas Bukauskas,DEC,3,5:00,3,0,,,,,,,,,,,,,,,,
2022-11-04,LFA 146 - Barbosa vs. Santos,,Levi Rodrigues,Leonardo Genuino,Levi Rodrigues,KO/TKO,1,2:32,3,0,,,,,,,,,,,,,,,,
2022-11-04,LFA 146 - Barbosa vs. Santos,,Julia Polastri,Bianca Sattelmayer,Julia Polastri,KO/TKO,3,0:51,3,0,,,,,,,,,,,,,,,,
2022-11-04,LFA 146 - Barbosa vs. Santos,,Marcio Barbosa,Gabriel Santos,Gabriel Santos,KO/TKO,2,0:09,3,0,,,,,,,,,,,,,,,,
2022-11-04,Freedom Fight Night 3 - Team Bader vs. Team Henderson,,Eric McConico,Freddy Sandoval,Eric McConico,SUB,1,4:40,3,0,,,,,,,,,,,,,,,,
2022-11-04,CW 145 - Cage Warriors 145,,Oban Elliott,Sean McCormac,Oban Elliott,DEC,3,5:00,3,0,,,,,,,,,,,,,,,,
2022-11-05,WS Fighting 6 - WS Fighting 6,,Eduarda Moura,Paisiella De Souza Moraes,Eduarda Moura,SUB,1,0:47,3,0,,,,,,,,,,,,,,,,
2022-11-05,UFC Fight Night 214 - Rodriguez vs. Lemos,,Neil Magny,Daniel Rodriguez,Neil Magny,SUB,3,3:33,3,0,,,,,,,,,,,,,,,,
2022-11-05,UFC Fight Night 214 - Rodriguez vs. Lemos,,Amanda Lemos,Marina Rodriguez,Amanda Lemos,KO/TKO,3,0:54,5,0,,,,,,,,,,,,,,,,
2022-11-05,MMA Series 59 - Fighters Mansion,,Bogdan Guskov,Abdul Elwahab Saeed,Bogdan Guskov,KO/TKO,1,4:26,3,0,,,,,,,,,,,,,,,,
2022-11-12,UFC 281 - Adesanya vs. Pereira,,Montel Jackson,Julio Arce,Montel Jackson,DEC,3,5:00,3,0,,,,,,,,,,,,,,,,
2022-11-12,KSW 76 - Parnasse vs. Rajewski,,Salahdine Parnasse,Sebastian Rajewski,Salahdine Parnasse,SUB,4,2:21,5,0,,,,,,,,,,,,,,,,
2022-11-12,UFC 281 - Adesanya vs. Pereira,,Dan Hooker,Claudio Puelles,Dan Hooker,KO/TKO,2,4:06,3,0,,,,,,,,,,,,,,,,
2022-11-12,UFC 281 - Adesanya vs. Pereira,,Ryan Spann,Dominick Reyes,Ryan Spann,KO/TKO,1,1:20,3,0,,,,,,,,,,,,,,,,
2022-11-12,Spartacus MMA - Spartacus Fight Event 20,,Andre Lima,Luiz Henrique Martins,Andre Lima,KO/TKO,1,1:01,3,0,,,,,,,,,,,,,,,,
2022-11-12,SF - Shogun Fights 25,,Mansur Abdul-Malik,Zion Tomlinson,Mansur Abdul-Malik,KO/TKO,1,0:45,3,0,,,,,,,,,,,,,,,,
2022-11-12,UFC 281 - Adesanya vs. Pereira,,Israel Adesanya,Alex Pereira,Alex Pereira,KO/TKO,5,2:01,5,0,,,,,,,,,,,,,,,,
2022-11-13,Jungle Fight 112 - Sao Paulo,,Stephanie Luciano,Karina Aryadne,Stephanie Luciano,DEC,5,5:00,5,0,,,,,,,,,,,,,,,,
2022-11-16,Invicta FC 50 - Strawweight Title Tournament,,Valesca Machado,Karolina Wojcik,Valesca Machado,DEC,3,5:00,5,1,,,,,,,,,,,,,,,,
2022-11-16,Invicta FC 50 - Strawweight Title Tournament,,Valesca Machado,Ediana Silva,Valesca Machado,S-DEC,3,5:00,5,1,,,,,,,,,,,,,,,,
2022-11-17,CFC - Centurion FC: Ad Maiora,,Vlastislav Cepo,Antonio Zovak,Vlastislav Cepo,SUB,1,1:45,3,0,,,,,,,,,,,,,,,,
2022-11-18,FFC 55 - Navarrete vs. Lanskoi,,Nilson Rojas,Miguel Angel Fierro,Nilson Rojas,KO/TKO,1,1:50,3,0,,,,,,,,,,,,,,,,
2022-11-18,Combate Global - Perez vs. Huila,,Ryan Kuse,Leonardo Morales,Leonardo Morales,DEC,3,5:00,3,0,,,,,,,,,,,,,,,,
2022-11-18,Bellator 288 - Nemkov vs. Anderson 2,,Tyrell Fortune,Daniel James,nc,NC,2,0:27,3,0,,,,,,,,,,,,,,,,
2022-11-19,UFC Fight Night 215 - Nzechukwu vs. Cutelaba,,Brady Hiestand,Fernie Garcia,Brady Hiestand,DEC,3,5:00,3,0,,,,,,,,,,,,,,,,
2022-11-19,UFC Fight Night 215 - Nzechukwu vs. Cutelaba,,Vanessa Demopoulos,Maria Oliveira,Vanessa Demopoulos,DEC,3,5:00,3,0,,,,,,,,,,,,,,,,
2022-11-19,UFC Fight Night 215 - Nzechukwu vs. Cutelaba,,Waldo Cortes-Acosta,Chase Sherman,Waldo Cortes-Acosta,DEC,3,5:00,3,0,,,,,,,,,,,,,,,,
2022-11-19,UFC Fight Night 215 - Nzechukwu vs. Cutelaba,,Muslim Salikhov,Andre Fialho,Muslim Salikhov,KO/TKO,3,1:03,3,0,,,,,,,,,,,,,,,,
2022-11-19,MGL-1 Fighting Championship - MGL-1 FC 18,,Namsrai Batbayar,Nyamjargal Tumendemberel,Nyamjargal Tumendemberel,SUB,2,1:23,3,0,,,,,,,,,,,,,,,,
2022-11-19,UFC Fight Night 215 - Nzechukwu vs. Cutelaba,,Kennedy Nzechukwu,Ion Cutelaba,Kennedy Nzechukwu,KO/TKO,2,1:02,5,0,,,,,,,,,,,,,,,,
2022-11-19,UFC Fight Night 215 - Nzechukwu vs. Cutelaba,,Charles Johnson,Zhalgas Zhumagulov,Charles Johnson,S-DEC,3,5:00,3,0,,,,,,,,,,,,,,,,
2022-11-19,UFC Fight Night 215 - Nzechukwu vs. Cutelaba,,Miles Johns,Vince Morales,Miles Johns,DEC,3,5:00,3,0,,,,,,,,,,,,,,,,
2022-11-19,Maverick MMA 21 - Buzukja vs. Karmo,,Dennis Buzukja,Boimah Karmo,Dennis Buzukja,DEC,4,5:00,5,0,,,,,,,,,,,,,,,,
2022-11-19,One Championship - One 163: Akimoto vs. Petchtanong,,Saygid Izagakhmaev,Shinya Aoki,Saygid Izagakhmaev,KO/TKO,1,1:26,3,0,,,,,,,,,,,,,,,,
2022-11-20,CW 147 - Cage Warriors 147: Unplugged,,Morgan Charriere,Daniel Bazant,Morgan Charriere,S-DEC,3,5:00,3,0,,,,,,,,,,,,,,,,
2022-11-23,Deep - Jewels 39,,Machi Fukuda,Mika Arai,Machi Fukuda,DEC,2,5:00,3,0,,,,,,,,,,,,,,,,
2022-11-24,Thunder Fight 39 - Santos vs. Moitinho,,Eduarda Moura,Maria Eduarda Santana,Eduarda Moura,SUB,1,4:30,3,0,,,,,,,,,,,,,,,,
2022-11-24,Thunder Fight 39 - Santos vs. Moitinho,,Djorden Santos,Filipe Moitinho,Djorden Santos,DEC,5,5:00,5,0,,,,,,,,,,,,,,,,
2022-11-25,UWC Mexico 40 - Sabori vs. Sanchez,,Edgar Chairez,Roberto Guerrero,Edgar Chairez,SUB,1,1:03,3,0,,,,,,,,,,,,,,,,
2022-11-25,NFC 48 - Naiza Fighter Championship 48,,Ramazonbek Temirov,Kayck Alencar,Ramazonbek Temirov,KO/TKO,1,1:50,3,0,,,,,,,,,,,,,,,,
2022-11-26,Spartacus MMA - Spartacus Fight Event 22,,Guilherme Pat,Ronny de Souza,Guilherme Pat,KO/TKO,1,1:15,3,0,,,,,,,,,,,,,,,,
2022-11-27,FMMAMG - Federacao Fight 14,,Ryan Gandra,Douglas Rakchal,Ryan Gandra,KO/TKO,1,0:55,3,0,,,,,,,,,,,,,,,,
2022-11-28,MMA Series 61 - Seven Visions,,Bogdan Guskov,Alireza Vafaei,Bogdan Guskov,KO/TKO,1,0:30,3,0,,,,,,,,,,,,,,,,
2022-12-02,One Championship - One on Prime Video 5: De Ridder vs. Malykhin,,Reinier de Ridder,Anatoly Malykhin,Anatoly Malykhin,KO/TKO,1,4:35,3,0,,,,,,,,,,,,,,,,
2022-12-03,Oktagon MMA - Oktagon 37: Kozma vs. Brito,,Robert Bryczek,Abdel Rahmane Driai,Robert Bryczek,KO/TKO,1,1:25,3,0,,,,,,,,,,,,,,,,
2022-12-03,UFC on ESPN 42 - Thompson vs. Holland,,Yazmin Jauregui,Istela Nunes,Yazmin Jauregui,KO/TKO,2,4:06,3,0,,,,,,,,,,,,,,,,
2022-12-03,UFC on ESPN 42 - Thompson vs. Holland,,Tai Tuivasa,Sergei Pavlovich,Sergei Pavlovich,KO/TKO,1,0:54,3,0,,,,,,,,,,,,,,,,
2022-12-03,One Championship - One 164: Pacio vs. Brooks,,Bo Meng,Jennifer Olsim,Bo Meng,KO/TKO,1,0:24,3,0,,,,,,,,,,,,,,,,
2022-12-03,UFC on ESPN 42 - Thompson vs. Holland,,Roman Dolidze,Jack Hermansson,Roman Dolidze,KO/TKO,2,4:06,3,0,,,,,,,,,,,,,,,,
2022-12-03,UFC on ESPN 42 - Thompson vs. Holland,,Darren Elkins,Jonathan Pearce,Jonathan Pearce,DEC,3,5:00,3,0,,,,,,,,,,,,,,,,
2022-12-03,Oktagon MMA - Oktagon 37: Kozma vs. Brito,,Vlastislav Cepo,Giovanni Melillo,Vlastislav Cepo,KO/TKO,1,2:30,3,0,,,,,,,,,,,,,,,,
2022-12-09,FAC 17 - Fighting Alliance Championship 17,,Gauge Young,Bobby Lee,Bobby Lee,SUB,3,3:10,3,0,,,,,,,,,,,,,,,,
2022-12-09,LFA 148 - Leyva vs. Brown,,Richie Miranda,James Wilson,Richie Miranda,S-DEC,3,5:00,3,0,,,,,,,,,,,,,,,,
2022-12-10,UFC 282 - Blachowicz vs. Ankalaev,,Raul Rosas Jr.,Jay Perrin,Raul Rosas Jr.,SUB,1,2:44,3,0,,,,,,,,,,,,,,,,
2022-12-10,UFC 282 - Blachowicz vs. Ankalaev,,Edmen Shahbazyan,Dalcha Lungiambula,Edmen Shahbazyan,KO/TKO,2,4:41,3,0,,,,,,,,,,,,,,,,
2022-12-10,UFC 282 - Blachowicz vs. Ankalaev,,Billy Quarantillo,Alexander Hernandez,Billy Quarantillo,KO/TKO,2,4:30,3,0,,,,,,,,,,,,,,,,
2022-12-10,UFC 282 - Blachowicz vs. Ankalaev,,Jan Blachowicz,Magomed Ankalaev,draw,DRAW,5,5:00,5,0,,,,,,,,,,,,,,,,
2022-12-10,UFC 282 - Blachowicz vs. Ankalaev,,Santiago Ponzinibbio,Alex Morono,Santiago Ponzinibbio,KO/TKO,3,2:29,3,0,,,,,,,,,,,,,,,,
2022-12-11,NFA 2 - Nurlan Fight Arena 2,,Mehemmedali Osmanli,Cebrail Demir,Mehemmedali Osmanli,KO/TKO,1,0:48,3,0,,,,,,,,,,,,,,,,
2022-12-11,LDH Martial Arts - ExFight 7,,Takaya Suzuki,Koki Hirasawa,Takaya Suzuki,DEC,3,5:00,3,0,,,,,,,,,,,,,,,,
2022-12-13,LFC 2 - Leki Fighting Championship 2,,Magomed Zaynukov,Maksatbek uulu Akzhigit,Magomed Zaynukov,KO/TKO,1,1:40,3,0,,,,,,,,,,,,,,,,
2022-12-16,FEN 43 - ENERGA Fight Night Szczecin,,Klaudia Sygula,Ana Lobzhanidze,Klaudia Sygula,KO/TKO,1,1:48,3,0,,,,,,,,,,,,,,,,
2022-12-16,CFFC 116 - Cage Fury Fighting Championships 116: Torres vs. Mathison,,Bilal Hasan,Xhelal Lleshi,Bilal Hasan,S-DEC,3,5:00,3,0,,,,,,,,,,,,,,,,
2022-12-16,HFL 6 - Heroes 6 & ARMMADA 3: Fight In The Balkans,,Jovan Leka,Stefan Panaitescu,Jovan Leka,SUB,2,4:05,3,0,,,,,,,,,,,,,,,,
2022-12-16,ACA 149 - Vagaev vs. Slipenko,,Abubakar Vagaev,Vitaliy Slipenko,Vitaliy Slipenko,KO/TKO,2,0:20,3,0,,,,,,,,,,,,,,,,
2022-12-17,UFC Fight Night 216 - Cannonier vs. Strickland,,Arman Tsarukyan,Damir Ismagulov,Arman Tsarukyan,DEC,3,5:00,3,0,,,,,,,,,,,,,,,,
2022-12-17,UFC Fight Night 216 - Cannonier vs. Strickland,,Rafa Garcia,Maheshate Hayisaer,Rafa Garcia,DEC,3,5:00,3,0,,,,,,,,,,,,,,,,
2022-12-17,Brave CF 68 - Brave Combat Federation 68,,Axel Sola,Matheus Miranda,Axel Sola,KO/TKO,2,0:34,3,0,,,,,,,,,,,,,,,,
2022-12-17,FCC 32 - Full Contact Contender 32,,Kurtis Campbell,Hakem Alshubrem,Kurtis Campbell,KO/TKO,1,0:45,3,0,,,,,,,,,,,,,,,,
2022-12-17,Spartacus MMA - Spartacus Fight Event 25,,Andre Lima,Victor Santos,Andre Lima,DEC,3,5:00,3,0,,,,,,,,,,,,,,,,
2022-12-17,MMA Series 60 - Khatiev vs. Wanderley,,Valter Walker,Bunyod Akulov,Valter Walker,KO/TKO,2,2:52,3,0,,,,,,,,,,,,,,,,
2022-12-18,Fury FC 72 - Fury Fighting Championship 72,,Joshua Van,Cleveland McLean,Joshua Van,SUB,2,4:49,3,0,,,,,,,,,,,,,,,,
2022-12-18,Fury FC 72 - Fury Fighting Championship 72,,Michael Aswell,Cameron Graves,Michael Aswell,KO/TKO,2,0:16,3,0,,,,,,,,,,,,,,,,
2022-12-25,Pancrase - 330,,Rei Tsuruya,Satoru Enomoto,Rei Tsuruya,SUB,2,1:03,3,0,,,,,,,,,,,,,,,,
2022-12-25,Pancrase - 330,,Ryo Tajima,Toshinori Tsunemura,Ryo Tajima,KO/TKO,4,3:13,5,0,,,,,,,,,,,,,,,,
2022-12-30,AFC 22 - Angel's Fighting Championship 22,,Joo Sang Yoo,Shunichi Shimizu,Joo Sang Yoo,DEC,3,5:00,3,0,,,,,,,,,,,,,,,,
2022-12-31,Rizin FF - Rizin 40: Bellator MMA vs. Rizin,,Patricio Freire,Kleber Koike Erbst,Patricio Freire,DEC,3,5:00,3,0,,,,,,,,,,,,,,,,
2022-12-31,CW 148 - Cage Warriors 148,,Modestas Bukauskas,Chuck Campbell,Modestas Bukauskas,KO/TKO,4,0:22,5,0,,,,,,,,,,,,,,,,
2023-01-13,LFA 150 - Farias vs. Sweeney,,Jackson McVey,Deven Paulsen,Jackson McVey,SUB,1,0:52,3,0,,,,,,,,,,,,,,,,
2023-01-13,LFA 150 - Farias vs. Sweeney,,Wesley Schultz,Dylan Budka,Dylan Budka,DEC,3,5:00,3,0,,,,,,,,,,,,,,,,
2023-01-13,LFA 150 - Farias vs. Sweeney,,Thomas Petersen,Richard Foster,Thomas Petersen,KO/TKO,1,3:48,3,0,,,,,,,,,,,,,,,,
2023-01-14,UFC Fight Night 217 - Strickland vs. Imavov,,Raoni Barcelos,Umar Nurmagomedov,Umar Nurmagomedov,KO/TKO,1,4:40,3,0,,,,,,,,,,,,,,,,
2023-01-14,UFC Fight Night 217 - Strickland vs. Imavov,,Dan Ige,Damon Jackson,Dan Ige,KO/TKO,2,4:13,3,0,,,,,,,,,,,,,,,,
2023-01-14,UFC Fight Night 217 - Strickland vs. Imavov,,Punahele Soriano,Roman Kopylov,Roman Kopylov,KO/TKO,2,3:19,3,0,,,,,,,,,,,,,,,,
2023-01-14,UFC Fight Night 217 - Strickland vs. Imavov,,Charles Johnson,Jimmy Flick,Charles Johnson,KO/TKO,1,4:33,3,0,,,,,,,,,,,,,,,,
2023-01-14,UFC Fight Night 217 - Strickland vs. Imavov,,Mateusz Rebecki,Nick Fiore,Mateusz Rebecki,DEC,3,5:00,3,0,,,,,,,,,,,,,,,,
2023-01-20,Action Fight League - AFL: Invincible 2023,,Stanley Dorsainvil,Hernandez Banks,Stanley Dorsainvil,SUB,1,2:48,3,0,,,,,,,,,,,,,,,,
2023-01-21,UFC 283 - Teixeira vs. Hill,,Brunno Ferreira,Gregory Rodrigues,Brunno Ferreira,KO/TKO,1,4:13,3,0,,,,,,,,,,,,,,,,
2023-01-21,UFC 283 - Teixeira vs. Hill,,Brandon Moreno,Deiveson Figueiredo,Brandon Moreno,KO/TKO,3,5:00,3,0,,,,,,,,,,,,,,,,
2023-01-21,UFC 283 - Teixeira vs. Hill,,Neil Magny,Gilbert Burns,Gilbert Burns,SUB,1,4:15,3,0,,,,,,,,,,,,,,,,
2023-01-21,UFC 283 - Teixeira vs. Hill,,Ismael Bonfim,Terrance McKinney,Ismael Bonfim,KO/TKO,2,2:17,3,0,,,,,,,,,,,,,,,,
2023-01-22,HXMMA 6 - Hexagone MMA 6,,Nora Cornolle,Priscila de Souza,Nora Cornolle,KO/TKO,2,2:25,3,0,,,,,,,,,,,,,,,,
2023-01-22,HXMMA 6 - Hexagone MMA 6,,Matthieu Letho Duclos,Tobiasz Lewandowski,Matthieu Letho Duclos,KO/TKO,2,3:16,3,0,,,,,,,,,,,,,,,,
2023-01-28,LFA 151 - Delano vs. Santos,,Julia Polastri,Brenda Gottig,Julia Polastri,SUB,1,4:50,3,0,,,,,,,,,,,,,,,,
2023-01-28,FLA 7 - Fight League Atlantic,,Cameron Nelson,Colton Braden Simon,Cameron Nelson,SUB,1,3:33,3,0,,,,,,,,,,,,,,,,
2023-01-28,MGL-1 Fighting Championship - MGL-1 FC 19,,Dagiisuren Chagnaadorj,Turbayar Hurelbaatar,Dagiisuren Chagnaadorj,KO/TKO,1,1:54,3,0,,,,,,,,,,,,,,,,
2023-01-28,UNF 4 - Up Next Fighting 4: Millender vs. Ahmadyar,,Chris Padilla,Eljeria Portee,Chris Padilla,KO/TKO,1,4:07,3,0,,,,,,,,,,,,,,,,
2023-01-28,LFA 151 - Delano vs. Santos,,Michael Oliveira,Clever Souza,Michael Oliveira,KO/TKO,1,0:49,3,0,,,,,,,,,,,,,,,,
2023-02-03,Urijah Faber's A1 Combat 8 - Tachi Palace,,Joseph Morales,Anthony Do,Joseph Morales,SUB,3,4:46,3,0,,,,,,,,,,,,,,,,
2023-02-04,UFC Fight Night 218 - Lewis vs. Spivak,,Rinya Nakamura,Toshiomi Kazama,Rinya Nakamura,KO/TKO,1,0:33,3,0,,,,,,,,,,,,,,,,
2023-02-04,UFC Fight Night 218 - Lewis vs. Spivak,,Doo Ho Choi,Kyle Nelson,draw,DRAW,3,5:00,3,0,,,,,,,,,,,,,,,,
2023-02-04,Spartacus MMA - Spartacus Fight Event 28,,Ryan Gandra,Miguel Porto,Ryan Gandra,KO/TKO,1,4:19,3,0,,,,,,,,,,,,,,,,
2023-02-04,Spartacus MMA - Spartacus Fight Event 28,,Jean Silva,Valdemir Cardoso,Jean Silva,KO/TKO,1,2:59,3,0,,,,,,,,,,,,,,,,
2023-02-04,UFC Fight Night 218 - Lewis vs. Spivak,,Serghei Spivac,Derrick Lewis,Serghei Spivac,SUB,1,3:05,3,0,,,,,,,,,,,,,,,,
2023-02-04,UFC Fight Night 218 - Lewis vs. Spivak,,Marcin Tybura,Blagoy Ivanov,Marcin Tybura,DEC,3,5:00,3,0,,,,,,,,,,,,,,,,
2023-02-05,LFL 7 - Levels Fight League 7,,Yousri Belgaroui,Bogdan Kotlovyanov,Yousri Belgaroui,KO/TKO,1,1:50,3,0,,,,,,,,,,,,,,,,
2023-02-10,Professional Fighters League - PFL Challenger Series 2023 Week 3: Heavyweights,,Louie Sutherland,Alton Meeks,Louie Sutherland,KO/TKO,2,1:25,3,0,,,,,,,,,,,,,,,,
2023-02-11,UFC 284 - Makhachev vs. Volkanovski,,Elves Brener,Zubaira Tukhugov,Elves Brener,S-DEC,3,5:00,3,0,,,,,,,,,,,,,,,,
2023-02-11,UFC 284 - Makhachev vs. Volkanovski,,Alonzo Menifield,Jimmy Crute,draw,DRAW,3,5:00,3,0,,,,,,,,,,,,,,,,
2023-02-11,Oktagon MMA - Oktagon 39: Jungwirth vs. Oliveira,,Losene Keita,Samuel Bark,Losene Keita,KO/TKO,3,0:30,3,0,,,,,,,,,,,,,,,,
2023-02-11,UFC 284 - Makhachev vs. Volkanovski,,Modestas Bukauskas,Tyson Pedro,Modestas Bukauskas,DEC,3,5:00,3,0,,,,,,,,,,,,,,,,
2023-02-11,LFC - La Bomboneira Fighting Championship,,Luis Felipe Dias,Helisom Cruz da Silva,Luis Felipe Dias,KO/TKO,1,0:28,3,0,,,,,,,,,,,,,,,,
2023-02-11,Spartacus MMA - Spartacus Fight Event 29,,Andre Lima,Natan Willian Ziele,Andre Lima,KO/TKO,1,3:45,3,0,,,,,,,,,,,,,,,,
2023-02-11,UFC 284 - Makhachev vs. Volkanovski,,Jack Jenkins,Don Shainis,Jack Jenkins,DEC,3,5:00,3,0,,,,,,,,,,,,,,,,
2023-02-11,UFC 284 - Makhachev vs. Volkanovski,,Elise Reed,Konklak Suphisara,Konklak Suphisara,SUB,2,0:44,3,0,,,,,,,,,,,,,,,,
2023-02-11,UFC 284 - Makhachev vs. Volkanovski,,Islam Makhachev,Alexander Volkanovski,Islam Makhachev,DEC,5,5:00,5,0,,,,,,,,,,,,,,,,
2023-02-11,Eternal MMA 73 - Perth,,Quillan Salkilld,Niam Stephen,Quillan Salkilld,KO/TKO,1,4:01,3,0,,,,,,,,,,,,,,,,
2023-02-11,Oktagon MMA - Oktagon 39: Jungwirth vs. Oliveira,,Alexander Poppeck,Martin Zawada,Alexander Poppeck,DEC,3,5:00,3,0,,,,,,,,,,,,,,,,
2023-02-11,Eternal MMA 73 - Perth,,Steve Erceg,Soichiro Hirai,Steve Erceg,SUB,1,1:46,3,0,,,,,,,,,,,,,,,,
2023-02-17,Professional Fighters League - PFL Challenger Series 2023 Week 4: Lightweights,,Manoel Sousa,Paulo Henrique Laia,Manoel Sousa,S-DEC,3,5:00,3,0,,,,,,,,,,,,,,,,
2023-02-18,United Fight League - UFL 1: Jackson vs. Gooden,,Jose Delgado,Chris Mecate,Chris Mecate,DEC,3,5:00,3,0,,,,,,,,,,,,,,,,
2023-02-18,Deep - Jewels 40,,Machi Fukuda,Namiko Kawabata,Machi Fukuda,SUB,1,4:55,3,0,,,,,,,,,,,,,,,,
2023-02-18,UFC Fight Night 219 - Andrade vs. Blanchfield,,Jamall Emmers,Khusein Askhabov,Jamall Emmers,DEC,3,5:00,3,0,,,,,,,,,,,,,,,,
2023-02-18,Brave CF 69 - Brave Combat Federation 69,,Shamil Gaziev,Darko Stosic,Shamil Gaziev,KO/TKO,1,2:54,3,0,,,,,,,,,,,,,,,,
2023-02-24,UAE Warriors 35 - Africa 4,,Yousri Belgaroui,Stefan Pretorius,Yousri Belgaroui,KO/TKO,2,0:43,3,0,,,,,,,,,,,,,,,,
2023-02-24,FAC 18 - Fighting Alliance Championship 18,,MarQuel Mederos,Tracy Reeder,MarQuel Mederos,KO/TKO,3,2:58,3,0,,,,,,,,,,,,,,,,
2023-02-25,UFC Fight Night 220 - Muniz vs. Allen,,Trevor Peek,Erick Gonzalez,Trevor Peek,KO/TKO,1,4:59,3,0,,,,,,,,,,,,,,,,
2023-02-25,UFC Fight Night 220 - Muniz vs. Allen,,Charles Johnson,Ode Osbourne,Ode Osbourne,S-DEC,3,5:00,3,0,,,,,,,,,,,,,,,,
2023-02-25,UAE Warriors 36 - Machado vs. Jung,,Dennis Buzukja,Mark Gregory Valerio,Dennis Buzukja,KO/TKO,1,3:57,3,0,,,,,,,,,,,,,,,,
2023-02-26,UAE Warriors 37 - Arabia 9,,Nora Cornolle,Sanaa Mandar,Nora Cornolle,KO/TKO,1,2:47,3,0,,,,,,,,,,,,,,,,
2023-03-03,Tuff-N-Uff - Tuff-N-Uff 131,,Muhammadjon Naimov,Dylan Schulte,Muhammadjon Naimov,KO/TKO,1,0:34,3,0,,,,,,,,,,,,,,,,
2023-03-04,UFC 285 - Jones vs. Gane,,Alexa Grasso,Valentina Shevchenko,Alexa Grasso,SUB,4,4:34,5,0,,,,,,,,,,,,,,,,
2023-03-04,MMAGP - Mixed Martial Arts Grand Prix: Doumbe vs. Klimas,,Michael Aljarouj,Ezzoubair Bouarsa,Michael Aljarouj,DEC,5,5:00,5,0,,,,,,,,,,,,,,,,
2023-03-04,Beatdown Promotions 3 - Nicoll vs. Eclavea,,George Mangos,Caleb Miller,George Mangos,SUB,1,1:59,3,0,,,,,,,,,,,,,,,,
2023-03-04,UFC 285 - Jones vs. Gane,,Ian Garry,Kenan Song,Ian Garry,KO/TKO,3,4:22,3,0,,,,,,,,,,,,,,,,
2023-03-04,UFC 285 - Jones vs. Gane,,Jalin Turner,Mateusz Gamrot,Mateusz Gamrot,S-DEC,3,5:00,3,0,,,,,,,,,,,,,,,,
2023-03-04,UFC 285 - Jones vs. Gane,,Esteban Ribovics,Loik Radzhabov,Loik Radzhabov,DEC,3,5:00,3,0,,,,,,,,,,,,,,,,
2023-03-04,FNC 10 - Fight Nation Championship,,Milos Janicic,Joelson Nascimento,Milos Janicic,KO/TKO,1,1:29,3,0,,,,,,,,,,,,,,,,
2023-03-10,LFA 154 - Fernando vs. Silva,,Rodolfo Bellato,Mateus Messaros Inacio,Rodolfo Bellato,KO/TKO,1,1:37,3,0,,,,,,,,,,,,,,,,
2023-03-10,Bellator 292 - Nurmagomedov vs. Henderson,,Michael Page,Goiti Yamauchi,Michael Page,KO/TKO,1,0:26,3,0,,,,,,,,,,,,,,,,
2023-03-10,LFA 154 - Fernando vs. Silva,,Kaue Fernandes,Felipe Douglas,Kaue Fernandes,KO/TKO,1,0:45,3,0,,,,,,,,,,,,,,,,
2023-03-10,LFA 154 - Fernando vs. Silva,,Lucas Fernando,Jansey Silva,Lucas Fernando,KO/TKO,4,2:34,5,0,,,,,,,,,,,,,,,,
2023-03-10,Bellator 292 - Nurmagomedov vs. Henderson,,Tofiq Musayev,Alexandr Shabliy,Alexandr Shabliy,KO/TKO,3,0:29,3,0,,,,,,,,,,,,,,,,
2023-03-10,LFA 154 - Fernando vs. Silva,,Michael Oliveira,Bruno de Teixeira Abreu,Michael Oliveira,KO/TKO,1,3:47,3,0,,,,,,,,,,,,,,,,
2023-03-10,CFS 13 - Cage Fight Series 13,,Bogdan Grad,Renzo Mendez,Bogdan Grad,DEC,3,5:00,3,0,,,,,,,,,,,,,,,,
2023-03-11,UFC Fight Night 221 - Yan vs. Dvalishvili,,Sedriques Dumas,Josh Fremd,Josh Fremd,SUB,2,3:00,3,0,,,,,,,,,,,,,,,,
2023-03-11,UFC Fight Night 221 - Yan vs. Dvalishvili,,J.J. Aldrich,Ariane Lipski da Silva,Ariane Lipski da Silva,DEC,3,5:00,3,0,,,,,,,,,,,,,,,,
2023-03-11,LFL - Heavyweight Grand Prix,,Mario Pinto,Moreno Kacapor,Mario Pinto,DEC,3,3:00,3,0,,,,,,,,,,,,,,,,
2023-03-11,LFL - Heavyweight Grand Prix,,Mario Pinto,Aladin Ben Halima,Mario Pinto,DEC,3,2:00,3,0,,,,,,,,,,,,,,,,
2023-03-11,LFL - Heavyweight Grand Prix,,Mario Pinto,Filip Bradaric,Mario Pinto,KO/TKO,1,1:28,3,0,,,,,,,,,,,,,,,,
2023-03-11,UFC Fight Night 221 - Yan vs. Dvalishvili,,Ryan Spann,Nikita Krylov,Nikita Krylov,SUB,1,3:38,3,0,,,,,,,,,,,,,,,,
2023-03-11,UFC Fight Night 221 - Yan vs. Dvalishvili,,Vitor Petrino,Anton Turkalj,Vitor Petrino,DEC,3,5:00,3,0,,,,,,,,,,,,,,,,
2023-03-11,HXMMA 7 - Hexagone MMA 7,,Shanelle Dyer,Weronika Eszer,Shanelle Dyer,KO/TKO,1,4:56,3,0,,,,,,,,,,,,,,,,
2023-03-11,FEN 45 - TAURON Fight Night,,Damian Rzepecki,Konrad Furmanek,Damian Rzepecki,SUB,2,4:12,3,0,,,,,,,,,,,,,,,,
2023-03-15,Invicta FC 52 - Machado vs. McCormack,,Valesca Machado,Danni McCormack,Danni McCormack,DEC,5,5:00,5,0,,,,,,,,,,,,,,,,
2023-03-17,KSW 80 - Eskiev vs. Ruchala,,Oumar Sy,Henrique da Silva,Oumar Sy,SUB,1,1:40,3,0,,,,,,,,,,,,,,,,
2023-03-17,UAE Warriors 38 - Africa 5,,Nora Cornolle,Hassna Gaber,Nora Cornolle,KO/TKO,1,2:45,3,0,,,,,,,,,,,,,,,,
2023-03-18,UFC 286 - Edwards vs. Usman 3,,Casey O'Neill,Jennifer Maia,Jennifer Maia,DEC,3,5:00,3,0,,,,,,,,,,,,,,,,
2023-03-18,Fusion Fight League - Jamerson vs. McMillen,,Tommy McMillen,Elijah Jamerson,Tommy McMillen,KO/TKO,1,0:55,3,0,,,,,,,,,,,,,,,,
2023-03-18,NFC 50 - Naiza Fighter Championship 50,,Daniil Donchenko,Amirkhon Alihuzhaev,Daniil Donchenko,KO/TKO,2,1:40,3,0,,,,,,,,,,,,,,,,
2023-03-18,UFC 286 - Edwards vs. Usman 3,,Roman Dolidze,Marvin Vettori,Marvin Vettori,DEC,3,5:00,3,0,,,,,,,,,,,,,,,,
2023-03-18,UFC 286 - Edwards vs. Usman 3,,Juliana Miller,Veronica Hardy,Veronica Hardy,DEC,3,5:00,3,0,,,,,,,,,,,,,,,,
2023-03-18,UFC 286 - Edwards vs. Usman 3,,Dusko Todorovic,Christian Leroy Duncan,Christian Leroy Duncan,KO/TKO,1,1:52,3,0,,,,,,,,,,,,,,,,
2023-03-18,UFC 286 - Edwards vs. Usman 3,,Ludovit Klein,Jai Herbert,draw,DRAW,3,5:00,3,0,,,,,,,,,,,,,,,,
2023-03-18,MMA Series 64 - Dyakonov vs. Solorzano,,Bogdan Guskov,Carlos Eduardo,Bogdan Guskov,KO/TKO,1,0:25,3,0,,,,,,,,,,,,,,,,
2023-03-18,MMA Series 64 - Dyakonov vs. Solorzano,,Valter Walker,Ramdan Mohamed,Valter Walker,KO/TKO,1,2:27,3,0,,,,,,,,,,,,,,,,
2023-03-18,UFC 286 - Edwards vs. Usman 3,,Sam Patterson,Yanal Ashmouz,Yanal Ashmouz,KO/TKO,1,1:15,3,0,,,,,,,,,,,,,,,,
2023-03-19,Grachan / Kiwami - J-MMA Rookies Cup,,Takaya Suzuki,Kaito Oda,Takaya Suzuki,S-DEC,2,5:00,3,0,,,,,,,,,,,,,,,,
2023-03-22,Octagon Promotion - Octagon 43: Akylbek uulu vs. Aidinov,,Ilimbek Akylbek Uulu,Aivaz Aidinov,Ilimbek Akylbek Uulu,SUB,3,3:15,3,0,,,,,,,,,,,,,,,,
2023-03-22,WLF - W.A.R.S. 62,,Maimaitijiang Yilizhati,Changsheng Huo,Maimaitijiang Yilizhati,SUB,1,2:07,3,0,,,,,,,,,,,,,,,,
2023-03-24,Fury FC 76 - Fury Fighting Championship 76: Chairez vs. Vasquez,,Edgar Chairez,Gianni Vazquez,Edgar Chairez,SUB,4,2:04,5,0,,,,,,,,,,,,,,,,
2023-03-25,UFC on ESPN 43 - Vera vs. Sandhagen,,Marlon Vera,Cory Sandhagen,Cory Sandhagen,S-DEC,5,5:00,5,0,,,,,,,,,,,,,,,,
2023-03-25,DF - Demo Fight 16,,Eduarda Moura,Claudiene Ferreira Alves,Eduarda Moura,KO/TKO,2,3:20,3,0,,,,,,,,,,,,,,,,
2023-03-25,Spartacus MMA - Spartacus Fight Event 34,,Jean Silva,Shahin Najafi,Jean Silva,KO/TKO,1,2:15,3,0,,,,,,,,,,,,,,,,
2023-03-25,SF - Shogun Fights 26,,Carli Judice,Tara Graff,Carli Judice,KO/TKO,1,4:36,3,0,,,,,,,,,,,,,,,,
2023-03-25,FCC 33 - Full Contact Contender 33,,Shanelle Dyer,Kamila Simkova,Shanelle Dyer,KO/TKO,1,0:00,3,0,,,,,,,,,,,,,,,,
2023-03-25,UFC on ESPN 43 - Vera vs. Sandhagen,,Chidi Njokuani,Albert Duraev,Albert Duraev,S-DEC,3,5:00,3,0,,,,,,,,,,,,,,,,
2023-03-25,Spartacus MMA - Spartacus Fight Event 34,,Rafael Tobias,Rick Martin,Rafael Tobias,SUB,1,4:00,3,0,,,,,,,,,,,,,,,,
2023-03-25,Spartacus MMA - Spartacus Fight Event 34,,Guilherme Pat,Joao Gabriel Mendes,Guilherme Pat,KO/TKO,1,0:18,3,0,,,,,,,,,,,,,,,,
2023-03-26,Fury FC - Challenger Series 3,,Michael Aswell,Austin Lutchen,Michael Aswell,DEC,3,5:00,3,0,,,,,,,,,,,,,,,,
2023-03-31,Bellator 293 - Golm vs. James,,Christian Edwards,Rakim Cleveland,Rakim Cleveland,SUB,3,3:55,3,0,,,,,,,,,,,,,,,,
2023-03-31,MFN 11 - Matrix Fight Night 11,,Chungreng Koren,Manish Mahanta,Chungreng Koren,KO/TKO,1,3:30,3,0,,,,,,,,,,,,,,,,
2023-04-01,Combate Global - Greyson vs. Dayron,,Melissa Amaya,Gillian Noll,Melissa Amaya,S-DEC,3,5:00,3,0,,,,,,,,,,,,,,,,
2023-04-01,ARMMADA - ARMMADA 4,,Jovan Leka,Ion Grigore,Jovan Leka,KO/TKO,2,3:47,3,0,,,,,,,,,,,,,,,,
2023-04-07,Ares 14 - Lebout vs. Staropoli,,Robert Valentin,Pietro Penini,Robert Valentin,SUB,1,3:49,3,0,,,,,,,,,,,,,,,,
2023-04-07,Professional Fighters League - PFL 2: 2023 Regular Season,,Rizvan Kuniev,Renan Ferreira,nc,NC,3,5:00,3,0,,,,,,,,,,,,,,,,
2023-04-08,UFC 287 - Pereira vs. Adesanya 2,,Raul Rosas Jr.,Christian Rodriguez,Christian Rodriguez,DEC,3,5:00,3,0,,,,,,,,,,,,,,,,
2023-04-08,UFC 287 - Pereira vs. Adesanya 2,,Ignacio Bahamondes,Trey Ogden,Ignacio Bahamondes,DEC,3,5:00,3,0,,,,,,,,,,,,,,,,
2023-04-08,MMA Series 65 - Yusunov vs. Kulack,,Muhammad Saidov,Mehdi Saremi,Muhammad Saidov,SUB,1,1:01,3,0,,,,,,,,,,,,,,,,
2023-04-08,UFC 287 - Pereira vs. Adesanya 2,,Santiago Ponzinibbio,Kevin Holland,Kevin Holland,KO/TKO,3,3:16,3,0,,,,,,,,,,,,,,,,
2023-04-08,UFC 287 - Pereira vs. Adesanya 2,,Israel Adesanya,Alex Pereira,Israel Adesanya,KO/TKO,2,4:21,5,0,,,,,,,,,,,,,,,,
2023-04-14,Titan FC 81 - Brooks vs. Sojo,,Anthony Wint,Luis Garcia,Anthony Wint,KO/TKO,2,3:12,3,0,,,,,,,,,,,,,,,,
2023-04-15,FMMAMG - Federacao Fight 15,,Ryan Gandra,Luiz Fabiano,Ryan Gandra,DEC,3,5:00,3,0,,,,,,,,,,,,,,,,
2023-04-15,UFC on ESPN 44 - Holloway vs. Allen,,Rafa Garcia,Clay Guida,Rafa Garcia,DEC,3,5:00,3,0,,,,,,,,,,,,,,,,
2023-04-15,UFC on ESPN 44 - Holloway vs. Allen,,Denise Gomes,Bruna Brasil,Denise Gomes,KO/TKO,2,2:42,3,0,,,,,,,,,,,,,,,,
2023-04-15,GFC - Gomes Fight Championship 6,,Jeisla Chaves,Josiane Ribeiro de Oliveira,Jeisla Chaves,KO/TKO,1,4:30,3,0,,,,,,,,,,,,,,,,
2023-04-15,UFC on ESPN 44 - Holloway vs. Allen,,Gillian Robertson,Piera Rodriguez,Gillian Robertson,SUB,2,4:21,3,0,,,,,,,,,,,,,,,,
2023-04-15,UFC on ESPN 44 - Holloway vs. Allen,,Edson Barboza,Billy Quarantillo,Edson Barboza,KO/TKO,1,2:37,3,0,,,,,,,,,,,,,,,,
2023-04-15,Spartacus MMA - Arnold Fest South America,,Rafael Tobias,Diego Frigotto,Rafael Tobias,KO/TKO,1,2:08,3,0,,,,,,,,,,,,,,,,
2023-04-15,Maximun Fight MMA - 3rd Edition,,Alexia Thainara,Thainara Almeida,Alexia Thainara,SUB,1,0:08,3,0,,,,,,,,,,,,,,,,
2023-04-15,UFC on ESPN 44 - Holloway vs. Allen,,Dustin Jacoby,Azamat Murzakanov,Azamat Murzakanov,DEC,3,5:00,3,0,,,,,,,,,,,,,,,,
2023-04-16,Fury FC 77 - Fury Fighting Championship 77,,MarQuel Mederos,Micheal Murphy,MarQuel Mederos,DEC,3,5:00,3,0,,,,,,,,,,,,,,,,
2023-04-16,Spartacus MMA - Arnold Fest South America Day 2,,Guilherme Pat,Luis Andrade de Oliveira,Guilherme Pat,KO/TKO,2,2:03,3,0,,,,,,,,,,,,,,,,
2023-04-21,One Championship - One on Prime Video 9: Nong-O vs. Haggerty,,Bo Meng,Daiane Cardoso,Bo Meng,DEC,3,5:00,3,0,,,,,,,,,,,,,,,,
2023-04-21,LFA 157 - Croden vs. Cavalcanti,,Jackson McVey,Tom Krenzel,Jackson McVey,KO/TKO,1,3:47,3,0,,,,,,,,,,,,,,,,
2023-04-21,LFA 157 - Croden vs. Cavalcanti,,Richie Miranda,Kegan Gennrich,Kegan Gennrich,S-DEC,3,5:00,3,0,,,,,,,,,,,,,,,,
2023-04-21,Bellator 294 - Carmouche vs. Bennett 2,,Tyrell Fortune,Sergey Bilostenniy,Tyrell Fortune,DQ,1,3:26,3,0,,,,,,,,,,,,,,,,
2023-04-22,UFC Fight Night 222 - Pavlovich vs. Blaydes,,Norma Dumont,Karol Rosa,Norma Dumont,DEC,3,5:00,3,0,,,,,,,,,,,,,,,,
2023-04-22,UFC Fight Night 222 - Pavlovich vs. Blaydes,,Brady Hiestand,Batgerel Danaa,Brady Hiestand,KO/TKO,3,4:21,3,0,,,,,,,,,,,,,,,,
2023-04-22,UFC Fight Night 222 - Pavlovich vs. Blaydes,,Montel Jackson,Rani Yahya,Montel Jackson,KO/TKO,1,3:42,3,0,,,,,,,,,,,,,,,,
2023-04-22,"Fusion Fight League - Bozeman, MT",,Tommy McMillen,Kerry Lattimer,Tommy McMillen,KO/TKO,1,4:01,3,0,,,,,,,,,,,,,,,,
2023-04-22,UFC Fight Night 222 - Pavlovich vs. Blaydes,,Curtis Blaydes,Sergei Pavlovich,Sergei Pavlovich,KO/TKO,1,3:08,5,0,,,,,,,,,,,,,,,,
2023-04-22,AFS 16 - Aries Fight Series 16,,Treston Vines,Ian Stephens,Treston Vines,DEC,3,5:00,3,0,,,,,,,,,,,,,,,,
2023-04-22,UFC Fight Night 222 - Pavlovich vs. Blaydes,,Jeremiah Wells,Matthew Semelsberger,Jeremiah Wells,S-DEC,3,5:00,3,0,,,,,,,,,,,,,,,,
2023-04-22,Bushido 88 - Bushido Fighting Championship,,Noah Gugnon,David Hawker,Noah Gugnon,KO/TKO,1,1:33,3,0,,,,,,,,,,,,,,,,
2023-04-23,PFC 16 - Prospect Fighting Championships 16,,Kyle Prepolec,Josh Henry,Kyle Prepolec,KO/TKO,1,2:14,3,0,,,,,,,,,,,,,,,,
2023-04-29,UFC on ESPN 45 - Song vs. Simon,,Rodolfo Vieira,Cody Brundage,Rodolfo Vieira,SUB,2,1:28,3,0,,,,,,,,,,,,,,,,
2023-04-29,UFC on ESPN 45 - Song vs. Simon,,Ricky Simon,Yadong Song,Yadong Song,KO/TKO,5,1:10,5,0,,,,,,,,,,,,,,,,
2023-04-29,UFC on ESPN 45 - Song vs. Simon,,Waldo Cortes-Acosta,Marcos Rogerio de Lima,Marcos Rogerio de Lima,DEC,3,5:00,3,0,,,,,,,,,,,,,,,,
2023-04-29,Oktagon MMA - Oktagon 42: Keita vs. Tichota,,Losene Keita,Jakub Tichota,Losene Keita,KO/TKO,4,3:53,5,0,,,,,,,,,,,,,,,,
2023-04-29,CW 153 - Cage Warriors 153: Dublin,,Morgan Charriere,Pedro Souza,Morgan Charriere,KO/TKO,1,5:00,3,0,,,,,,,,,,,,,,,,
2023-04-29,UFC on ESPN 45 - Song vs. Simon,,Charles Johnson,Cody Durden,Cody Durden,DEC,3,5:00,3,0,,,,,,,,,,,,,,,,
2023-04-29,Oktagon MMA - Oktagon 42: Keita vs. Tichota,,Vlastislav Cepo,Ion Taburceanu,Vlastislav Cepo,KO/TKO,2,1:54,3,0,,,,,,,,,,,,,,,,
2023-04-29,CW 153 - Cage Warriors 153: Dublin,,Oban Elliott,James Sheehan,Oban Elliott,DEC,3,5:00,3,0,,,,,,,,,,,,,,,,
2023-04-29,UFC on ESPN 45 - Song vs. Simon,,Hailey Cowan,Jamey-Lyn Horth,Jamey-Lyn Horth,DEC,3,5:00,3,0,,,,,,,,,,,,,,,,
2023-04-30,JCK Night Cage Series - 2022-2023 Regular Season Part 27: Bounty Competition Quarterfinals 2,,Meng Ding,Tuluosibake Kuerbanjiang,Tuluosibake Kuerbanjiang,DEC,3,5:00,3,0,,,,,,,,,,,,,,,,
2023-04-30,Pancrase - 333,,Ryo Tajima,Taichi Nakajima,Taichi Nakajima,DEC,5,5:00,5,0,,,,,,,,,,,,,,,,
2023-05-03,MMA Series 67 - All Stars,,Valter Walker,Cassio Oliveira,Valter Walker,KO/TKO,2,1:47,3,0,,,,,,,,,,,,,,,,
2023-05-04,Jonathan Ogden Foundation - 18th Annual 'An Evening Ringside',,Mansur Abdul-Malik,Brexton Everett,Mansur Abdul-Malik,SUB,1,1:12,3,0,,,,,,,,,,,,,,,,
2023-05-05,GFC 4 - Gamebred BareKnuckle MMA 4,,Ryan Kuse,Jarod Grant,Ryan Kuse,SUB,1,2:28,3,0,,,,,,,,,,,,,,,,
2023-05-06,UFC 288 - Sterling vs. Cejudo,,Charles Jourdain,Kron Gracie,Charles Jourdain,DEC,3,5:00,3,0,,,,,,,,,,,,,,,,
2023-05-06,UFC 288 - Sterling vs. Cejudo,,Xiaonan Yan,Jessica Andrade,Xiaonan Yan,KO/TKO,1,2:20,3,0,,,,,,,,,,,,,,,,
2023-05-06,Rizin FF - Rizin 42,,Kai Asakura,Yuki Motoya,Kai Asakura,KO/TKO,3,2:25,3,0,,,,,,,,,,,,,,,,
2023-05-06,FLA 9 - Fight League Atlantic,,Cameron Nelson,Irving Molina,Cameron Nelson,SUB,3,3:36,3,0,,,,,,,,,,,,,,,,
2023-05-06,UFC 288 - Sterling vs. Cejudo,,Kennedy Nzechukwu,Devin Clark,Kennedy Nzechukwu,SUB,2,2:28,3,0,,,,,,,,,,,,,,,,
2023-05-06,Rizin FF - Rizin 42,,Ramazonbek Temirov,Yuta Hamamoto,Ramazonbek Temirov,KO/TKO,1,4:06,3,0,,,,,,,,,,,,,,,,
2023-05-13,UNF 7 - Up Next Fighting 7,,Chris Padilla,Serob Minasyan,Chris Padilla,SUB,3,3:02,3,0,,,,,,,,,,,,,,,,
2023-05-13,Griggs Entertainment - GE Fights: High Octane,,Wesley Schultz,Zach Edington,Wesley Schultz,SUB,1,1:20,3,0,,,,,,,,,,,,,,,,
2023-05-13,UFC on ABC 4 - Rozenstruik vs. Almeida,,Ian Garry,Daniel Rodriguez,Ian Garry,KO/TKO,1,2:57,3,0,,,,,,,,,,,,,,,,
2023-05-14,Grachan - Grachan 61,,Takaya Suzuki,Shunsuke Kubota,Takaya Suzuki,KO/TKO,1,3:29,3,0,,,,,,,,,,,,,,,,
2023-05-17,WLF - W.A.R.S. 64,,Ce Liu,Haiming Yu,Ce Liu,KO/TKO,1,1:11,3,0,,,,,,,,,,,,,,,,
2023-05-19,LFA 158 - Lebosnoyani vs. Jones,,Eric McConico,Kevem Felipe,Eric McConico,DEC,3,5:00,3,0,,,,,,,,,,,,,,,,
2023-05-20,Oktagon MMA - Oktagon 43: Kincl vs. Vemola 2,,Robert Bryczek,Lee Chadwick,Robert Bryczek,KO/TKO,1,2:41,3,0,,,,,,,,,,,,,,,,
2023-05-20,UFC Fight Night 223 - Dern vs. Hill,,Vanessa Demopoulos,Karolina Kowalkiewicz,Karolina Kowalkiewicz,DEC,3,5:00,3,0,,,,,,,,,,,,,,,,
2023-05-20,UFC Fight Night 223 - Dern vs. Hill,,Edmen Shahbazyan,Anthony Hernandez,Anthony Hernandez,KO/TKO,3,1:01,3,0,,,,,,,,,,,,,,,,
2023-05-20,UFC Fight Night 223 - Dern vs. Hill,,Maheshate Hayisaer,Viacheslav Borshchev,Viacheslav Borshchev,KO/TKO,2,2:37,3,0,,,,,,,,,,,,,,,,
2023-05-20,UFC Fight Night 223 - Dern vs. Hill,,Mackenzie Dern,Angela Hill,Mackenzie Dern,DEC,5,5:00,5,0,,,,,,,,,,,,,,,,
2023-05-20,UFC Fight Night 223 - Dern vs. Hill,,Diego Ferreira,Michael Johnson,Diego Ferreira,KO/TKO,2,1:50,3,0,,,,,,,,,,,,,,,,
2023-05-20,UFC Fight Night 223 - Dern vs. Hill,,Gilbert Urbina,Orion Cosce,Gilbert Urbina,KO/TKO,2,2:55,3,0,,,,,,,,,,,,,,,,
2023-05-26,CFC - Centurion FC: Rex Redemptor,,Mauricio Ruffy,Ronys Torres,Mauricio Ruffy,KO/TKO,2,4:21,3,0,,,,,,,,,,,,,,,,
2023-05-26,CFC - Centurion FC: Rex Redemptor,,Mauricio Ruffy,Corneliu Lascar Rotaru,Mauricio Ruffy,KO/TKO,1,4:23,3,0,,,,,,,,,,,,,,,,
2023-05-27,LFA 159 - Bellato vs. Dos Santos,,Rodolfo Bellato,Acacio dos Santos,Rodolfo Bellato,DEC,5,5:00,5,0,,,,,,,,,,,,,,,,
2023-05-27,LFA 159 - Bellato vs. Dos Santos,,Levi Rodrigues,Jose Carlos Lima,Levi Rodrigues,KO/TKO,2,1:28,3,0,,,,,,,,,,,,,,,,
2023-05-27,UFC - Road to UFC Season 2: Shanghai Quarterfinals 1,,Rei Tsuruya,Ronal Siahaan,Rei Tsuruya,SUB,2,1:19,3,0,,,,,,,,,,,,,,,,
2023-05-27,Bayou FC 59 - Bayou Fighting Championship 59,,Carli Judice,Monica Medina,Carli Judice,KO/TKO,1,3:16,3,0,,,,,,,,,,,,,,,,
2023-05-27,FEN 46 - Kuberski vs. Wojciechowski,,Damian Rzepecki,Krzysztof Dobrzynski,Damian Rzepecki,SUB,2,3:14,3,0,,,,,,,,,,,,,,,,
2023-05-28,Combate Global - Martinez vs. Zarauz,,David Martinez,Jose Zarauz,David Martinez,KO/TKO,4,4:17,5,0,,,,,,,,,,,,,,,,
2023-05-28,UFC - Road to UFC Season 2: Shanghai Quarterfinals 3,,Zhu Rong,Seong Chan Hong,Zhu Rong,KO/TKO,1,2:17,3,0,,,,,,,,,,,,,,,,
2023-05-28,R1 Fighting Series 2 - Brito vs. De Lara,,Andre Lima,Alexandre Rodrigues,Andre Lima,KO/TKO,1,0:56,3,0,,,,,,,,,,,,,,,,
2023-05-28,UFC - Road to UFC Season 2: Shanghai Quarterfinals 3,,Long Xiao,Shohei Nose,Long Xiao,S-DEC,3,5:00,3,0,,,,,,,,,,,,,,,,
2023-05-28,Deep - Jewels 41,,Machi Fukuda,You Jeong Kim,Machi Fukuda,SUB,1,2:24,3,0,,,,,,,,,,,,,,,,
2023-06-02,Xtreme Fighting Championships - XFC: Detroit Grand Prix,,Stanley Dorsainvil,Joao Guerra,Stanley Dorsainvil,SUB,1,1:00,3,0,,,,,,,,,,,,,,,,
2023-06-02,Titan FC 82 - SBC 47: Revenge,,Valter Walker,Alex Nicholson,Valter Walker,KO/TKO,4,0:50,5,0,,,,,,,,,,,,,,,,
2023-06-03,UFC on ESPN 46 - Kara-France vs. Albazi,,John Castaneda,Muin Gafurov,John Castaneda,DEC,3,5:00,3,0,,,,,,,,,,,,,,,,
2023-06-03,UFC on ESPN 46 - Kara-France vs. Albazi,,Tim Elliott,Victor Altamirano,Tim Elliott,DEC,3,5:00,3,0,,,,,,,,,,,,,,,,
2023-06-03,UFC on ESPN 46 - Kara-France vs. Albazi,,Muhammadjon Naimov,Jamie Mullarkey,Muhammadjon Naimov,KO/TKO,2,2:59,3,0,,,,,,,,,,,,,,,,
2023-06-03,UFC on ESPN 46 - Kara-France vs. Albazi,,Elise Reed,Jinh Yu Frey,Elise Reed,DEC,3,5:00,3,0,,,,,,,,,,,,,,,,
2023-06-10,UFC 289 - Nunes vs. Aldana,,Dan Ige,Nate Landwehr,Dan Ige,DEC,3,5:00,3,0,,,,,,,,,,,,,,,,
2023-06-10,UFC 289 - Nunes vs. Aldana,,Qileng Aori,Aiemann Zahabi,Aiemann Zahabi,KO/TKO,1,1:04,3,0,,,,,,,,,,,,,,,,
2023-06-10,Eternal MMA 76 - Perth,,George Mangos,Aaren McConnell,George Mangos,SUB,1,2:59,3,0,,,,,,,,,,,,,,,,
2023-06-10,Eternal MMA 76 - Perth,,Quillan Salkilld,Blake Donnelly,Quillan Salkilld,KO/TKO,1,0:32,3,0,,,,,,,,,,,,,,,,
2023-06-10,Kingdom Fighting - Kingdom 1: Silva vs. El Ouassaidi,,Noah Gugnon,Dukwach Kadimagomaev,Noah Gugnon,KO/TKO,2,2:02,3,0,,,,,,,,,,,,,,,,
2023-06-10,UFC 289 - Nunes vs. Aldana,,Steve Erceg,David Dvorak,Steve Erceg,DEC,3,5:00,3,0,,,,,,,,,,,,,,,,
2023-06-11,Gladiator - Gladiator 022 in Osaka,,Dagiisuren Chagnaadorj,Chihaya Ishizuki,Dagiisuren Chagnaadorj,S-DEC,3,5:00,3,0,,,,,,,,,,,,,,,,
2023-06-16,LFA 160 - Sweeney vs. Begosso,,Josiah Harrell,Michael Roberts,Josiah Harrell,KO/TKO,3,3:27,3,0,,,,,,,,,,,,,,,,
2023-06-16,Bellator 297 - Nemkov vs. Romero,,Patricio Freire,Sergio Pettis,Sergio Pettis,DEC,5,5:00,5,0,,,,,,,,,,,,,,,,
2023-06-16,Nepal Warriors Championship - Fight Night 1,,Rabindra Dhant,Jason Lyngdoh,Rabindra Dhant,SUB,1,1:23,3,0,,,,,,,,,,,,,,,,
2023-06-16,CFFC 120 - Cage Fury Fighting Championships 120: Ndregjoni vs. Araujo,,Dennis Buzukja,Soslan Abanokov,Dennis Buzukja,SUB,2,1:29,3,0,,,,,,,,,,,,,,,,
2023-06-17,UFC on ESPN 47 - Vettori vs. Cannonier,,Arman Tsarukyan,Joaquim Silva,Arman Tsarukyan,KO/TKO,3,3:25,3,0,,,,,,,,,,,,,,,,
2023-06-17,UFC on ESPN 47 - Vettori vs. Cannonier,,Muslim Salikhov,Nicolas Dalby,Nicolas Dalby,DEC,3,5:00,3,0,,,,,,,,,,,,,,,,
2023-06-17,FCC 34 - Full Contact Contender 34,,Kurtis Campbell,Alexis Tsarmantidis,Kurtis Campbell,KO/TKO,2,0:00,3,0,,,,,,,,,,,,,,,,
2023-06-17,UFC on ESPN 47 - Vettori vs. Cannonier,,Modestas Bukauskas,Zac Pauga,Modestas Bukauskas,DEC,3,5:00,3,0,,,,,,,,,,,,,,,,
2023-06-17,HXMMA 9 - Hexagone MMA 9,,Matthieu Letho Duclos,Geison Santana Moreno,Matthieu Letho Duclos,KO/TKO,1,3:28,3,0,,,,,,,,,,,,,,,,
2023-06-17,Oktagon MMA - Oktagon 44: Oberhausen,,Alexander Poppeck,Pavol Langer,Pavol Langer,S-DEC,5,5:00,5,0,,,,,,,,,,,,,,,,
2023-06-17,MMA Series 69 - Fighters Mansion,,Muhammad Saidov,Muslim Madaliev,Muhammad Saidov,KO/TKO,1,1:30,3,0,,,,,,,,,,,,,,,,
2023-06-18,Combate Global - Perez vs. Cannetti,,Fabia Sintes,Hector Ferral,Hector Ferral,S-DEC,3,5:00,3,0,,,,,,,,,,,,,,,,
2023-06-23,Ares 16 - Chamsoudinov vs. Escudero,,Axel Sola,Cesar Arzamendia,Axel Sola,KO/TKO,3,3:33,3,0,,,,,,,,,,,,,,,,
2023-06-24,UFC on ABC 5 - Emmett vs. Topuria,,Sedriques Dumas,Cody Brundage,Sedriques Dumas,DEC,3,5:00,3,0,,,,,,,,,,,,,,,,
2023-06-24,UFC on ABC 5 - Emmett vs. Topuria,,Joshua Van,Zhalgas Zhumagulov,Joshua Van,S-DEC,3,5:00,3,0,,,,,,,,,,,,,,,,
2023-06-24,UFC on ABC 5 - Emmett vs. Topuria,,Trevor Peek,Jose Mariscal,Jose Mariscal,DEC,3,5:00,3,0,,,,,,,,,,,,,,,,
2023-06-24,UFC on ABC 5 - Emmett vs. Topuria,,Jack Jenkins,Jamall Emmers,Jack Jenkins,S-DEC,3,5:00,3,0,,,,,,,,,,,,,,,,
2023-06-24,UFC on ABC 5 - Emmett vs. Topuria,,Gillian Robertson,Tabatha Ricci,Tabatha Ricci,DEC,3,5:00,3,0,,,,,,,,,,,,,,,,
2023-06-24,UFC on ABC 5 - Emmett vs. Topuria,,Neil Magny,Philip Rowe,Neil Magny,S-DEC,3,5:00,3,0,,,,,,,,,,,,,,,,
2023-06-24,UFC on ABC 5 - Emmett vs. Topuria,,Mateusz Rebecki,Loik Radzhabov,Mateusz Rebecki,KO/TKO,2,2:36,3,0,,,,,,,,,,,,,,,,
2023-06-25,Fury FC 80 - Fury Fighting Championship 80: Martinez vs. Efrain,,Robelis Despaigne,Travis Gregoire,Robelis Despaigne,KO/TKO,1,0:12,3,0,,,,,,,,,,,,,,,,
2023-06-25,Fury FC 80 - Fury Fighting Championship 80: Martinez vs. Efrain,,Michael Aswell,Yadier Del Valle,Yadier Del Valle,DEC,3,5:00,3,0,,,,,,,,,,,,,,,,
2023-06-25,Fury FC 80 - Fury Fighting Championship 80: Martinez vs. Efrain,,MarQuel Mederos,Justice Lamperez,MarQuel Mederos,KO/TKO,1,0:53,3,0,,,,,,,,,,,,,,,,
2023-06-28,WLF - W.A.R.S. 65,,Ce Liu,Munkh-Erdene Batjargal,Ce Liu,KO/TKO,2,1:11,3,0,,,,,,,,,,,,,,,,
2023-06-30,The King of Fighters 1 - KOF 1,,Oumar Sy,Ildemar Alcantara,Oumar Sy,KO/TKO,1,1:21,3,0,,,,,,,,,,,,,,,,
2023-07-01,UFC on ESPN 48 - Strickland vs. Magomedov,,Elves Brener,Guram Kutateladze,Elves Brener,KO/TKO,3,3:17,3,0,,,,,,,,,,,,,,,,
2023-07-01,UNF 9 - Up Next Fighting 9,,Sean Sharaf,Nathan Mullett,Sean Sharaf,KO/TKO,1,0:09,3,0,,,,,,,,,,,,,,,,
2023-07-01,UFC on ESPN 48 - Strickland vs. Magomedov,,Brunno Ferreira,Nursulton Ruziboev,Nursulton Ruziboev,KO/TKO,1,1:17,3,0,,,,,,,,,,,,,,,,
2023-07-01,UFC on ESPN 48 - Strickland vs. Magomedov,,Joanderson Brito,Westin Wilson,Joanderson Brito,KO/TKO,1,2:54,3,0,,,,,,,,,,,,,,,,
2023-07-01,MFN 12 - Matrix Fight Night 12,,Chungreng Koren,Chaitanya Gavali,Chungreng Koren,KO/TKO,1,3:32,3,0,,,,,,,,,,,,,,,,
2023-07-01,Allstars Fight Night - AFN 1,,Mark Vologdin,Nodar Khotenashvili,Mark Vologdin,SUB,1,2:25,3,0,,,,,,,,,,,,,,,,
2023-07-01,UFC on ESPN 48 - Strickland vs. Magomedov,,Ismael Bonfim,Benoit St. Denis,Benoit St. Denis,SUB,1,4:48,3,0,,,,,,,,,,,,,,,,
2023-07-07,LFA 162 - Conceicao vs. Lopes,,Andre Lima,Igor Taylon,Andre Lima,KO/TKO,2,4:59,3,0,,,,,,,,,,,,,,,,
2023-07-07,LFA 162 - Conceicao vs. Lopes,,Marcio Barbosa,Wellington Prado,Marcio Barbosa,KO/TKO,1,2:40,3,0,,,,,,,,,,,,,,,,
2023-07-07,LFA 162 - Conceicao vs. Lopes,,Rafael Tobias,Miguel Porto,Miguel Porto,KO/TKO,2,2:02,3,0,,,,,,,,,,,,,,,,
2023-07-07,LFA 162 - Conceicao vs. Lopes,,Michael Oliveira,Francisco Chagas Ataliba Junior,Michael Oliveira,KO/TKO,1,4:48,3,0,,,,,,,,,,,,,,,,
2023-07-08,UFC 290 - Volkanovski vs. Rodriguez,,Yazmin Jauregui,Denise Gomes,Denise Gomes,KO/TKO,1,0:20,3,0,,,,,,,,,,,,,,,,
2023-07-08,UFC 290 - Volkanovski vs. Rodriguez,,Alexandre Pantoja,Brandon Moreno,Alexandre Pantoja,S-DEC,5,5:00,5,0,,,,,,,,,,,,,,,,
2023-07-08,UFC 290 - Volkanovski vs. Rodriguez,,Alonzo Menifield,Jimmy Crute,Alonzo Menifield,SUB,2,1:55,3,0,,,,,,,,,,,,,,,,
2023-07-08,UFC 290 - Volkanovski vs. Rodriguez,,Edgar Chairez,Tatsuro Taira,Tatsuro Taira,DEC,3,5:00,3,0,,,,,,,,,,,,,,,,
2023-07-08,UFC 290 - Volkanovski vs. Rodriguez,,Dan Hooker,Jalin Turner,Dan Hooker,S-DEC,3,5:00,3,0,,,,,,,,,,,,,,,,
2023-07-08,Professional Fighters League - PFL Europe 2: 2023 Regular Season,,Francesco Nuzzi,Farbod Iran Nezhad,Francesco Nuzzi,KO/TKO,1,1:52,3,0,,,,,,,,,,,,,,,,
2023-07-08,UFC 290 - Volkanovski vs. Rodriguez,,Vitor Petrino,Marcin Prachnio,Vitor Petrino,SUB,3,3:42,3,0,,,,,,,,,,,,,,,,
2023-07-08,UFC 290 - Volkanovski vs. Rodriguez,,Esteban Ribovics,Kamuela Kirk,Esteban Ribovics,DEC,3,5:00,3,0,,,,,,,,,,,,,,,,
2023-07-08,RCC - Intro 27,,Robert Valentin,Samuil Shelest,Robert Valentin,SUB,2,4:51,3,0,,,,,,,,,,,,,,,,
2023-07-08,ARMMADA - ARMMADA 5,,Jovan Leka,Vlado Neferanovic,Jovan Leka,KO/TKO,1,4:45,3,0,,,,,,,,,,,,,,,,
2023-07-08,ARMMADA - ARMMADA 5,,Marina Spasic,Indy Briar,Marina Spasic,DEC,3,5:00,3,0,,,,,,,,,,,,,,,,
2023-07-09,JCK Night Cage Series - 2022-2023 Regular Season Part 29: Bounty Competition Finals,,Meng Ding,Qi Wang,Meng Ding,KO/TKO,2,1:31,3,0,,,,,,,,,,,,,,,,
2023-07-09,LFL 9 - Levels Fight League 9,,Louie Sutherland,Moreno Kacapor,Moreno Kacapor,DEC,3,5:00,3,0,,,,,,,,,,,,,,,,
2023-07-14,One Championship - One Friday Fights 25,,Daniil Donchenko,Gabriel Souza,Daniil Donchenko,KO/TKO,1,1:24,3,0,,,,,,,,,,,,,,,,
2023-07-14,CFFC 121 - Cage Fury Fighting Championships 121: Perez vs. Vasil,,Treston Vines,Raheam Forest,Raheam Forest,KO/TKO,1,0:26,3,0,,,,,,,,,,,,,,,,
2023-07-14,AMC Fight Nights 121 - Makhno vs. Bikrev,,Magomed Zaynukov,Tamirlan Ashakhanov,Magomed Zaynukov,KO/TKO,2,4:28,3,0,,,,,,,,,,,,,,,,
2023-07-15,UFC on ESPN 49 - Holm vs. Bueno Silva,,Ailin Perez,Ashlee Evans-Smith,Ailin Perez,DEC,3,5:00,3,0,,,,,,,,,,,,,,,,
2023-07-15,UFC on ESPN 49 - Holm vs. Bueno Silva,,Norma Dumont,Chelsea Chandler,Norma Dumont,DEC,3,5:00,3,0,,,,,,,,,,,,,,,,
2023-07-15,PFI 9 - Paranagua Fight International,,Luis Felipe Dias,Daniel Oliveira,Luis Felipe Dias,SUB,1,0:40,3,0,,,,,,,,,,,,,,,,
2023-07-15,MC Fight 1 - Encontro de Campeoes,,Ravena Oliveira,Sara Raquel Braga de Andrade,Ravena Oliveira,KO/TKO,1,0:27,3,0,,,,,,,,,,,,,,,,
2023-07-21,Titan FC 83 - Lewis vs. Decca,,Luis Hernandez,Brian Topp,Luis Hernandez,KO/TKO,1,0:03,3,0,,,,,,,,,,,,,,,,
2023-07-21,CW 157 - Cage Warriors 157: London,,Morgan Charriere,Diego Silva,Morgan Charriere,KO/TKO,3,4:13,3,0,,,,,,,,,,,,,,,,
2023-07-22,UFC Fight Night 224 - Aspinall vs. Tybura,,Fares Ziam,Jai Herbert,Fares Ziam,DEC,3,5:00,3,0,,,,,,,,,,,,,,,,
2023-07-22,UFC Fight Night 224 - Aspinall vs. Tybura,,Nathaniel Wood,Andre Fili,Nathaniel Wood,DEC,3,5:00,3,0,,,,,,,,,,,,,,,,
2023-07-22,Shamrock FC - Shamrock 347: 25-Year Anniversary,,Jackson McVey,James Regina,Jackson McVey,KO/TKO,1,0:42,3,0,,,,,,,,,,,,,,,,
2023-07-22,UFC Fight Night 224 - Aspinall vs. Tybura,,Joel Alvarez,Marc Diakiese,Joel Alvarez,SUB,2,4:26,3,0,,,,,,,,,,,,,,,,
2023-07-22,UFC Fight Night 224 - Aspinall vs. Tybura,,Marcin Tybura,Tom Aspinall,Tom Aspinall,KO/TKO,1,1:13,5,0,,,,,,,,,,,,,,,,
2023-07-25,WLF - W.A.R.S. 66,,Ailinuer Ahejiang,Usman Elmuzaev,Ailinuer Ahejiang,SUB,1,0:58,3,0,,,,,,,,,,,,,,,,
2023-07-28,Oktagon MMA - Oktagon 45: Special,,Robert Bryczek,Samuel Kristofic,Robert Bryczek,KO/TKO,1,0:55,3,0,,,,,,,,,,,,,,,,
2023-07-28,Oktagon MMA - Oktagon 45: Special,,Felipe Lima,Jonas Magard,Felipe Lima,DEC,5,5:00,5,0,,,,,,,,,,,,,,,,
2023-07-28,FAC 20 - Fighting Alliance Championship 20,,Gauge Young,Luis Muro,Gauge Young,KO/TKO,2,0:55,3,0,,,,,,,,,,,,,,,,
2023-07-29,Oktagon MMA - Oktagon 45: Stvanice,,Losene Keita,Mate Sanikidze,Mate Sanikidze,KO/TKO,1,1:08,3,0,,,,,,,,,,,,,,,,
2023-07-29,COGA 75 - MMA Summer Showdown 2023,,Bilal Hasan,Sonny Suranjin,nc,NC,1,0:07,3,0,,,,,,,,,,,,,,,,
2023-07-29,UFC 291 - Poirier vs. Gaethje 2,,Darrius Flowers,Jake Matthews,Jake Matthews,SUB,2,2:37,3,0,,,,,,,,,,,,,,,,
2023-07-29,CW 158 - Cage Warriors 158: Rome,,Mason Jones,Alexandre Ribeiro,Mason Jones,KO/TKO,1,3:23,3,0,,,,,,,,,,,,,,,,
2023-07-29,UFC 291 - Poirier vs. Gaethje 2,,Uros Medic,Matthew Semelsberger,Uros Medic,KO/TKO,3,2:36,3,0,,,,,,,,,,,,,,,,
2023-07-29,UFC 291 - Poirier vs. Gaethje 2,,Jan Blachowicz,Alex Pereira,Alex Pereira,S-DEC,3,5:00,3,0,,,,,,,,,,,,,,,,
2023-07-30,Rizin FF - Super Rizin 2,,Patricio Freire,Chihiro Suzuki,Chihiro Suzuki,KO/TKO,1,2:32,3,0,,,,,,,,,,,,,,,,
2023-07-30,Rizin FF - Super Rizin 2,,Tofiq Musayev,Akira Okada,Tofiq Musayev,KO/TKO,2,1:11,3,0,,,,,,,,,,,,,,,,
2023-08-04,LFA 164 - Mazo vs. Lavado,,Lerryan Douglas,Isaac Thomson,Isaac Thomson,KO/TKO,2,1:40,3,0,,,,,,,,,,,,,,,,
2023-08-04,LFA 164 - Mazo vs. Lavado,,Myktybek Orolbai,Glaucio Eliziario,Myktybek Orolbai,KO/TKO,2,1:33,3,0,,,,,,,,,,,,,,,,
2023-08-05,UFC on ESPN 50 - Sandhagen vs. Font,,Raoni Barcelos,Kyler Phillips,Kyler Phillips,DEC,3,5:00,3,0,,,,,,,,,,,,,,,,
2023-08-05,UFC on ESPN 50 - Sandhagen vs. Font,,Ignacio Bahamondes,Ludovit Klein,Ludovit Klein,DEC,3,5:00,3,0,,,,,,,,,,,,,,,,
2023-08-05,UFC on ESPN 50 - Sandhagen vs. Font,,Sean Woodson,Dennis Buzukja,Sean Woodson,DEC,3,5:00,3,0,,,,,,,,,,,,,,,,
2023-08-05,UFC on ESPN 50 - Sandhagen vs. Font,,Kennedy Nzechukwu,Dustin Jacoby,Dustin Jacoby,KO/TKO,1,1:22,3,0,,,,,,,,,,,,,,,,
2023-08-05,UFC on ESPN 50 - Sandhagen vs. Font,,Jeremiah Wells,Carlston Harris,Carlston Harris,SUB,3,1:50,3,0,,,,,,,,,,,,,,,,
2023-08-05,UFC on ESPN 50 - Sandhagen vs. Font,,Billy Quarantillo,Damon Jackson,Billy Quarantillo,DEC,3,5:00,3,0,,,,,,,,,,,,,,,,
2023-08-05,Dragon Fight Sao Paulo - Dragon Fight 5,,Jose Luiz,Carlos Amaral Jr.,Jose Luiz,SUB,1,2:30,3,0,,,,,,,,,,,,,,,,
2023-08-08,Dana White's Contender Series - Contender Series 2023: Week 1,,Kevin Borjas,Victor Dias,Kevin Borjas,DEC,3,5:00,3,0,,,,,,,,,,,,,,,,
2023-08-08,Dana White's Contender Series - Contender Series 2023: Week 1,,Lucas Fernando,Cesar Almeida,Cesar Almeida,DEC,3,5:00,3,0,,,,,,,,,,,,,,,,
2023-08-08,Dana White's Contender Series - Contender Series 2023: Week 1,,Bogdan Grad,Tom Nolan,Tom Nolan,KO/TKO,1,1:23,3,0,,,,,,,,,,,,,,,,
2023-08-12,UFC on ESPN 51 - Luque vs. dos Anjos,,Vicente Luque,Rafael dos Anjos,Vicente Luque,DEC,5,5:00,5,0,,,,,,,,,,,,,,,,
2023-08-12,UFC on ESPN 51 - Luque vs. dos Anjos,,Juliana Miller,Luana Santos,Luana Santos,KO/TKO,1,3:41,3,0,,,,,,,,,,,,,,,,
2023-08-12,LKC 5 - Liberty Kombat Champion 5,,Ravena Oliveira,Simone da Silva,Ravena Oliveira,KO/TKO,3,4:16,3,0,,,,,,,,,,,,,,,,
2023-08-15,Dana White's Contender Series - Contender Series 2023: Week 2,,Eduarda Moura,Janaina Silva,Eduarda Moura,SUB,1,4:00,3,0,,,,,,,,,,,,,,,,
2023-08-18,LFA 165 - Compton vs. Valente,,Eduardo Henrique,Leandro Soares,Eduardo Henrique,DEC,3,5:00,3,0,,,,,,,,,,,,,,,,
2023-08-19,UFC 292 - Sterling vs. O'Malley,,Marlon Vera,Pedro Munhoz,Marlon Vera,DEC,3,5:00,3,0,,,,,,,,,,,,,,,,
2023-08-19,AFC 27 / Heat 52 - Angel's Fighting Championship 27 / Heat 52,,Joo Sang Yoo,Takuya Kuramoto,Joo Sang Yoo,KO/TKO,1,0:32,3,0,,,,,,,,,,,,,,,,
2023-08-19,KSW 85 - Parnasse vs. Ruchala,,Salahdine Parnasse,Robert Ruchala,Salahdine Parnasse,KO/TKO,4,4:42,5,0,,,,,,,,,,,,,,,,
2023-08-19,UFC 292 - Sterling vs. O'Malley,,Gregory Rodrigues,Denis Tiuliulin,Gregory Rodrigues,KO/TKO,1,1:43,3,0,,,,,,,,,,,,,,,,
2023-08-19,UFC 292 - Sterling vs. O'Malley,,Ian Garry,Neil Magny,Ian Garry,DEC,3,5:00,3,0,,,,,,,,,,,,,,,,
2023-08-19,UFC 292 - Sterling vs. O'Malley,,Amanda Lemos,Weili Zhang,Weili Zhang,DEC,5,5:00,5,0,,,,,,,,,,,,,,,,
2023-08-19,Samurai Fight 4 - Pereira vs. Silva,,Carol Foro,Maria Jose Gomes da Silva,Carol Foro,SUB,1,3:58,3,0,,,,,,,,,,,,,,,,
2023-08-22,Dana White's Contender Series - Contender Series 2023: Week 3,,Oban Elliott,Kaik Brito,Oban Elliott,S-DEC,3,5:00,3,0,,,,,,,,,,,,,,,,
2023-08-26,UFC Fight Night 225 - Holloway vs. Korean Zombie,,Rinya Nakamura,Fernie Garcia,Rinya Nakamura,DEC,3,5:00,3,0,,,,,,,,,,,,,,,,
2023-08-26,UFC Fight Night 225 - Holloway vs. Korean Zombie,,Giga Chikadze,Alex Caceres,Giga Chikadze,DEC,3,5:00,3,0,,,,,,,,,,,,,,,,
2023-08-26,UFC Fight Night 225 - Holloway vs. Korean Zombie,,Waldo Cortes-Acosta,Lukasz Brzeski,Waldo Cortes-Acosta,KO/TKO,1,3:01,3,0,,,,,,,,,,,,,,,,
2023-08-26,UFC Fight Night 225 - Holloway vs. Korean Zombie,,J.J. Aldrich,Na Liang,J.J. Aldrich,KO/TKO,2,4:49,3,0,,,,,,,,,,,,,,,,
2023-08-26,UFC Fight Night 225 - Holloway vs. Korean Zombie,,Ryan Spann,Anthony Smith,Anthony Smith,S-DEC,3,5:00,3,0,,,,,,,,,,,,,,,,
2023-08-26,NLFC - Next Level Fight Club 15,,Nilson Rojas,Adrian Haly,Nilson Rojas,KO/TKO,3,4:45,3,0,,,,,,,,,,,,,,,,
2023-08-26,WKG & M-1 Global - MMA Fight in Shenzhen,,Ailinuer Ahejiang,Ryo Takagi,Ailinuer Ahejiang,SUB,1,2:12,3,0,,,,,,,,,,,,,,,,
2023-08-26,UFC Fight Night 225 - Holloway vs. Korean Zombie,,Chidi Njokuani,Michal Oleksiejczuk,Michal Oleksiejczuk,KO/TKO,1,4:16,3,0,,,,,,,,,,,,,,,,
2023-08-26,Jungle Fight 119 - Sao Paulo,,Alexia Thainara,Sabrina Oliveira,Alexia Thainara,DEC,3,5:00,3,0,,,,,,,,,,,,,,,,
2023-08-26,UFC Fight Night 225 - Holloway vs. Korean Zombie,,Billy Goff,Yusaku Kinoshita,Billy Goff,KO/TKO,1,3:49,3,0,,,,,,,,,,,,,,,,
2023-08-26,FMS 3 - Fight Music Show 3: Popo vs. Jr. Duble,,Guilherme Pat,Leandro Moreira de Oliveira,Guilherme Pat,DEC,3,5:00,3,0,,,,,,,,,,,,,,,,
2023-08-27,UFC - Road to UFC Season 2: Singapore Semifinals 2,,Zhu Rong,Sang Wook Kim,Zhu Rong,DEC,3,5:00,3,0,,,,,,,,,,,,,,,,
2023-08-27,UFC - Road to UFC Season 2: Singapore Semifinals 1,,Rei Tsuruya,Mark Climaco,Rei Tsuruya,DEC,3,5:00,3,0,,,,,,,,,,,,,,,,
2023-08-27,UFC - Road to UFC Season 2: Singapore Semifinals 2,,Long Xiao,Shuya Kamikubo,Long Xiao,S-DEC,3,5:00,3,0,,,,,,,,,,,,,,,,
2023-08-29,Dana White's Contender Series - Contender Series 2023: Week 4,,Yousri Belgaroui,Marco Tulio,Marco Tulio,DEC,3,5:00,3,0,,,,,,,,,,,,,,,,
2023-08-29,Dana White's Contender Series - Contender Series 2023: Week 4,,Thomas Petersen,Chandler Cole,Thomas Petersen,SUB,2,1:08,3,0,,,,,,,,,,,,,,,,
2023-09-01,One Championship - One Friday Fights 31,,Ilimbek Akylbek Uulu,Gadzhimurad Gasanguseinov,Ilimbek Akylbek Uulu,DEC,3,5:00,3,0,,,,,,,,,,,,,,,,
2023-09-01,CFFC 123 - Cage Fury Fighting Championships 123: Perez vs. Vasil,,Bilal Hasan,Orlando Ortega,Bilal Hasan,KO/TKO,1,4:15,3,0,,,,,,,,,,,,,,,,
2023-09-02,UFC Fight Night 226 - Gane vs. Spivak,,Manon Fiorot,Rose Namajunas,Manon Fiorot,DEC,3,5:00,3,0,,,,,,,,,,,,,,,,
2023-09-02,UFC Fight Night 226 - Gane vs. Spivak,,Morgan Charriere,Manolo Zecchini,Morgan Charriere,KO/TKO,1,3:51,3,0,,,,,,,,,,,,,,,,
2023-09-02,UFC Fight Night 226 - Gane vs. Spivak,,Nora Cornolle,Joselyne Edwards,Nora Cornolle,DEC,3,5:00,3,0,,,,,,,,,,,,,,,,
2023-09-02,UFC Fight Night 226 - Gane vs. Spivak,,Serghei Spivac,Ciryl Gane,Ciryl Gane,KO/TKO,2,3:44,3,0,,,,,,,,,,,,,,,,
2023-09-02,UNF 11 - Up Next Fighting 11,,Gianni Vazquez,Narek Avagyan,Gianni Vazquez,KO/TKO,2,3:55,3,0,,,,,,,,,,,,,,,,
2023-09-02,UFC Fight Night 226 - Gane vs. Spivak,,Bogdan Guskov,Volkan Oezdemir,Volkan Oezdemir,SUB,1,3:46,3,0,,,,,,,,,,,,,,,,
2023-09-02,ACA 162 - Tumenov vs. Palmer,,Abubakar Vagaev,Michel Prazeres,Abubakar Vagaev,DEC,5,5:00,5,0,,,,,,,,,,,,,,,,
2023-09-02,MMA Series 71 - Abrahamyan vs. Fomewou,,Muhammad Saidov,Ali Foladi,Muhammad Saidov,KO/TKO,2,1:50,3,0,,,,,,,,,,,,,,,,
2023-09-05,Dana White's Contender Series - Contender Series 2023: Week 5,,Jean Silva,Kevin Vallejos,Jean Silva,DEC,3,5:00,3,0,,,,,,,,,,,,,,,,
2023-09-05,Dana White's Contender Series - Contender Series 2023: Week 5,,Bruno Lopes,Brendson Ribeiro,Brendson Ribeiro,KO/TKO,1,3:47,3,0,,,,,,,,,,,,,,,,
2023-09-07,Brave CF 74 / HXMMA 11 - Brave Combat Federation 74 / Hexagone MMA 11,,Borislav Nikolic,Ali Guliev,Borislav Nikolic,KO/TKO,1,1:34,3,0,,,,,,,,,,,,,,,,
2023-09-08,Eternal MMA 78 - Sydney,,Joseph Larcinese,Troy Fumo,Joseph Larcinese,SUB,1,4:04,3,0,,,,,,,,,,,,,,,,
2023-09-09,NGF 3 - New Generation Fighting 3,,Mehemmedali Osmanli,Elkhan Hasanov,Mehemmedali Osmanli,SUB,5,3:14,5,0,,,,,,,,,,,,,,,,
2023-09-09,UFC 293 - Adesanya vs. Strickland,,Tai Tuivasa,Alexander Volkov,Alexander Volkov,SUB,2,4:37,3,0,,,,,,,,,,,,,,,,
2023-09-09,CAM 22 - Circuito Argentino de MMA 22,,Sofia Montenegro,Sofia Landi,Sofia Montenegro,SUB,1,2:04,3,0,,,,,,,,,,,,,,,,
2023-09-09,UFC 293 - Adesanya vs. Strickland,,Jack Jenkins,Jose Mariscal,Jose Mariscal,KO/TKO,2,3:19,3,0,,,,,,,,,,,,,,,,
2023-09-09,UFC 293 - Adesanya vs. Strickland,,Nasrat Haqparast,Landon Quinones,Nasrat Haqparast,DEC,3,5:00,3,0,,,,,,,,,,,,,,,,
2023-09-09,UFC 293 - Adesanya vs. Strickland,,Israel Adesanya,Sean Strickland,Sean Strickland,DEC,5,5:00,5,0,,,,,,,,,,,,,,,,
2023-09-12,Dana White's Contender Series - Contender Series 2023: Week 6,,Julia Polastri,Patricia Alujas,Julia Polastri,SUB,2,4:05,3,0,,,,,,,,,,,,,,,,
2023-09-15,One Championship - One Friday Fights 33,,Rabindra Dhant,Torepchi Dongak,Rabindra Dhant,KO/TKO,3,1:55,3,0,,,,,,,,,,,,,,,,
2023-09-16,UFC Fight Night 227 - Grasso vs. Shevchenko 2,,Raul Rosas Jr.,Terrence Mitchell,Raul Rosas Jr.,KO/TKO,1,0:54,3,0,,,,,,,,,,,,,,,,
2023-09-16,UFC Fight Night 227 - Grasso vs. Shevchenko 2,,Alexa Grasso,Valentina Shevchenko,draw,DRAW,5,5:00,5,0,,,,,,,,,,,,,,,,
2023-09-16,UFC Fight Night 227 - Grasso vs. Shevchenko 2,,Edgar Chairez,Daniel Lacerda,nc,NC,1,3:47,3,0,,,,,,,,,,,,,,,,
2023-09-16,MMAGP - Mixed Martial Arts Grand Prix: Kouadja vs. Maalem,,Klaudia Sygula,Yulia Kutsenko,Klaudia Sygula,KO/TKO,2,0:00,3,0,,,,,,,,,,,,,,,,
2023-09-16,AFC 28 - Angel's Fighting Championship 28,,Young Jae Song,Hoang Minh Dang,Young Jae Song,KO/TKO,1,0:20,3,0,,,,,,,,,,,,,,,,
2023-09-16,UFC Fight Night 227 - Grasso vs. Shevchenko 2,,Elise Reed,Lupita Godinez,Lupita Godinez,SUB,2,3:30,3,0,,,,,,,,,,,,,,,,
2023-09-19,Dana White's Contender Series - Contender Series 2023: Week 7,,Shamil Gaziev,Greg Velasco,Shamil Gaziev,SUB,1,2:38,3,0,,,,,,,,,,,,,,,,
2023-09-19,Dana White's Contender Series - Contender Series 2023: Week 7,,Stephanie Luciano,Talita Alencar,draw,DRAW,3,5:00,3,0,,,,,,,,,,,,,,,,
2023-09-23,UFC Fight Night 228 - Fiziev vs. Gamrot,,Charles Jourdain,Ricardo Ramos,Charles Jourdain,SUB,1,3:12,3,0,,,,,,,,,,,,,,,,
2023-09-23,UFC Fight Night 228 - Fiziev vs. Gamrot,,Dan Ige,Bryce Mitchell,Bryce Mitchell,DEC,3,5:00,3,0,,,,,,,,,,,,,,,,
2023-09-23,Eternal MMA 79 - Gold Coast,,George Mangos,Brogan Stewart-Ng,George Mangos,SUB,1,2:55,3,0,,,,,,,,,,,,,,,,
2023-09-23,UFC Fight Night 228 - Fiziev vs. Gamrot,,Mateusz Gamrot,Rafael Fiziev,Mateusz Gamrot,KO/TKO,2,2:03,5,0,,,,,,,,,,,,,,,,
2023-09-23,UFC Fight Night 228 - Fiziev vs. Gamrot,,Miles Johns,Dan Argueta,nc,NC,3,5:00,3,0,,,,,,,,,,,,,,,,
2023-09-23,Bellator 299 - Eblen vs. Edwards,,Noah Gugnon,Mark Ewen,Mark Ewen,KO/TKO,2,3:51,3,0,,,,,,,,,,,,,,,,
2023-09-24,Fury FC - Challenger Series 7,,Robelis Despaigne,Stevie Payne,Robelis Despaigne,KO/TKO,1,0:03,3,0,,,,,,,,,,,,,,,,
2023-09-24,Rizin FF - Rizin 44,,Ramazonbek Temirov,Takaki Soya,Ramazonbek Temirov,KO/TKO,1,3:15,3,0,,,,,,,,,,,,,,,,
2023-09-26,Dana White's Contender Series - Contender Series 2023: Week 8,,Carli Judice,Ernesta Kareckaite,Ernesta Kareckaite,S-DEC,3,5:00,3,0,,,,,,,,,,,,,,,,
2023-09-30,Babilon MMA 39 - Kacprzak vs. Rakowicz,,Iwo Baraniewski,Kamil Bartosinski,Iwo Baraniewski,SUB,1,0:00,3,0,,,,,,,,,,,,,,,,
2023-09-30,Bison Kombat 3 - Professional and Amateur MMA,,Ryan Gandra,Leonardo Bezerra,Ryan Gandra,SUB,1,2:30,3,0,,,,,,,,,,,,,,,,
2023-09-30,Gladiator - Gladiator 023 in Osaka,,Dagiisuren Chagnaadorj,Jae Hyuk Bang,Jae Hyuk Bang,DEC,3,5:00,3,0,,,,,,,,,,,,,,,,
2023-09-30,Professional Fighters League - PFL Europe 3: 2023 Playoffs,,Shanelle Dyer,Luisa Fernanda Cifuentes,Shanelle Dyer,DEC,3,5:00,3,0,,,,,,,,,,,,,,,,
2023-09-30,Souza Combat MV - Souza Combat MV 1,,Carol Foro,Janine Fonseca do Nascimento,Carol Foro,DEC,3,5:00,3,0,,,,,,,,,,,,,,,,
2023-10-01,Rizin FF - Landmark Vol. 6,,Machi Fukuda,Ayaka Watanabe,Machi Fukuda,S-DEC,3,5:00,3,0,,,,,,,,,,,,,,,,
2023-10-03,Dana White's Contender Series - Contender Series 2023: Week 9,,Rodolfo Bellato,Murtaza Talha Ali,Rodolfo Bellato,KO/TKO,2,4:46,3,0,,,,,,,,,,,,,,,,
2023-10-03,Dana White's Contender Series - Contender Series 2023: Week 9,,Mauricio Ruffy,Raimond Magomedaliev,Mauricio Ruffy,KO/TKO,3,4:45,3,0,,,,,,,,,,,,,,,,
2023-10-06,LFA 169 - Ward vs. Walker,,Richie Miranda,Derion Chapman,Richie Miranda,KO/TKO,1,1:39,3,0,,,,,,,,,,,,,,,,
2023-10-07,UFC Fight Night 229 - Dawson vs. Green,,Vanessa Demopoulos,Kanako Murata,Vanessa Demopoulos,DEC,3,5:00,3,0,,,,,,,,,,,,,,,,
2023-10-07,UFC Fight Night 229 - Dawson vs. Green,,J.J. Aldrich,Montana De La Rosa,J.J. Aldrich,DEC,3,5:00,3,0,,,,,,,,,,,,,,,,
2023-10-07,NFC 53 - Naiza Fighter Championship 53,,Daniil Donchenko,Kanybek Zhanybek Uulu,Kanybek Zhanybek Uulu,DEC,5,5:00,5,0,,,,,,,,,,,,,,,,
2023-10-07,UFC Fight Night 229 - Dawson vs. Green,,Qileng Aori,Johnny Munoz Jr.,Qileng Aori,DEC,3,5:00,3,0,,,,,,,,,,,,,,,,
2023-10-07,SF - Shogun Fights 27,,Mansur Abdul-Malik,Donelei Benedetto,Mansur Abdul-Malik,KO/TKO,1,2:00,3,0,,,,,,,,,,,,,,,,
2023-10-10,Dana White's Contender Series - Contender Series 2023: Week 10,,Andre Lima,Rickson Thai Zenidim Bueno,Andre Lima,DEC,3,5:00,3,0,,,,,,,,,,,,,,,,
2023-10-10,Dana White's Contender Series - Contender Series 2023: Week 10,,MarQuel Mederos,Issa Isakov,MarQuel Mederos,KO/TKO,1,4:09,3,0,,,,,,,,,,,,,,,,
2023-10-14,UFC Fight Night 230 - Yusuff vs. Barboza,,Heili Alateng,Chris Gutierrez,Chris Gutierrez,DEC,3,5:00,3,0,,,,,,,,,,,,,,,,
2023-10-14,Fusion Fight League - McMillen vs. Dufloo,,Tommy McMillen,Arthur Dufloo,Tommy McMillen,KO/TKO,1,0:20,3,0,,,,,,,,,,,,,,,,
2023-10-14,CW 161 - Cage Warriors 161: Dublin,,Mason Jones,Yann Liasse,Mason Jones,KO/TKO,2,4:24,3,0,,,,,,,,,,,,,,,,
2023-10-14,UFC Fight Night 230 - Yusuff vs. Barboza,,Edson Barboza,Sodiq Yusuff,Edson Barboza,DEC,5,5:00,5,0,,,,,,,,,,,,,,,,
2023-10-14,UFC Fight Night 230 - Yusuff vs. Barboza,,Darren Elkins,T.J. Brown,Darren Elkins,SUB,3,2:23,3,0,,,,,,,,,,,,,,,,
2023-10-14,UFC Fight Night 230 - Yusuff vs. Barboza,,Ravena Oliveira,Tainara Lisboa,Tainara Lisboa,DEC,3,5:00,3,0,,,,,,,,,,,,,,,,
2023-10-14,FEN 51 - Oleksiejczuk vs. Fishgold,,Damian Rzepecki,Estabili Amato,Damian Rzepecki,SUB,2,4:52,3,0,,,,,,,,,,,,,,,,
2023-10-15,Grachan - Grachan 65: 15th Anniversary Tournament,,Takaya Suzuki,Kazumasa Kanai,Takaya Suzuki,KO/TKO,1,3:05,3,0,,,,,,,,,,,,,,,,
2023-10-21,UFC 294 - Makhachev vs. Volkanovski 2,,Sedriques Dumas,Abu Azaitar,Sedriques Dumas,DEC,3,5:00,3,0,,,,,,,,,,,,,,,,
2023-10-21,UFC 294 - Makhachev vs. Volkanovski 2,,Tim Elliott,Muhammad Mokaev,Muhammad Mokaev,SUB,3,3:03,3,0,,,,,,,,,,,,,,,,
2023-10-21,UFC 294 - Makhachev vs. Volkanovski 2,,Trevor Peek,Mohammad Yahya,Trevor Peek,DEC,3,5:00,3,0,,,,,,,,,,,,,,,,
2023-10-21,UFC 294 - Makhachev vs. Volkanovski 2,,Muhammadjon Naimov,Nathaniel Wood,Muhammadjon Naimov,DEC,3,5:00,3,0,,,,,,,,,,,,,,,,
2023-10-21,MMAGP - Mixed Martial Arts Grand Prix,,Michael Aljarouj,Josivaldo Costa Araujo,Michael Aljarouj,KO/TKO,1,5:00,3,0,,,,,,,,,,,,,,,,
2023-10-21,UNF 13 - Up Next Fighting 13,,Chris Padilla,Justin Jaynes,Chris Padilla,KO/TKO,2,3:10,3,0,,,,,,,,,,,,,,,,
2023-10-21,UFC 294 - Makhachev vs. Volkanovski 2,,Islam Makhachev,Alexander Volkanovski,Islam Makhachev,KO/TKO,1,3:06,5,0,,,,,,,,,,,,,,,,
2023-10-21,UFC 294 - Makhachev vs. Volkanovski 2,,Magomed Ankalaev,Johnny Walker,nc,NC,1,3:13,3,0,,,,,,,,,,,,,,,,
2023-10-27,Falcons Fighting Series - FFS 1,,Namsrai Batbayar,Ankhbayar Tserenbold,Namsrai Batbayar,SUB,1,0:00,3,0,,,,,,,,,,,,,,,,
2023-10-27,LFA 170 - Talundzic vs. Frunza,,Myktybek Orolbai,Hayward Charles,Myktybek Orolbai,KO/TKO,2,0:41,3,0,,,,,,,,,,,,,,,,
2023-10-28,Jue Cheng King - JCK Fight Night 72,,Meng Ding,Tuluosibake Kuerbanjiang,Meng Ding,KO/TKO,3,0:24,3,0,,,,,,,,,,,,,,,,
2023-10-28,Eternal MMA 80 - Perth,,Quillan Salkilld,Brett Pastore,Quillan Salkilld,DEC,5,5:00,5,0,,,,,,,,,,,,,,,,
2023-10-28,SFS 16 - Shuriken Fight Series 16,,Navajo Stirling,Kelvin Fitial,Navajo Stirling,KO/TKO,1,2:41,3,0,,,,,,,,,,,,,,,,
2023-10-29,LFL 10 - Levels Fight League 10,,Yousri Belgaroui,Giorgi Kvelidze,Yousri Belgaroui,KO/TKO,1,4:59,3,0,,,,,,,,,,,,,,,,
2023-10-29,LFL 10 - Levels Fight League 10,,Mario Pinto,Benjamin Sehic,Mario Pinto,KO/TKO,3,1:18,3,0,,,,,,,,,,,,,,,,
2023-11-03,LFA 171 - Neves vs. Cunha,,Ryan Gandra,Alessandro Gambulino,Ryan Gandra,KO/TKO,2,2:38,3,0,,,,,,,,,,,,,,,,
2023-11-03,One Championship - One on Prime Video 16: Haggerty vs. Andrade,,Bo Meng,Ayaka Miura,Ayaka Miura,SUB,1,2:09,3,0,,,,,,,,,,,,,,,,
2023-11-03,LFA 171 - Neves vs. Cunha,,Marcio Barbosa,Gian Sarturi,Marcio Barbosa,KO/TKO,1,3:08,3,0,,,,,,,,,,,,,,,,
2023-11-03,LFA 171 - Neves vs. Cunha,,Michael Oliveira,Eduardo Alencar,Michael Oliveira,KO/TKO,1,0:31,3,0,,,,,,,,,,,,,,,,
2023-11-04,UFC Fight Night 231 - Almeida vs. Lewis,,Elves Brener,Kaynan Kruschewsky,Elves Brener,KO/TKO,1,4:01,3,0,,,,,,,,,,,,,,,,
2023-11-04,UFC Fight Night 231 - Almeida vs. Lewis,,Eduarda Moura,Montserrat Ruiz,Eduarda Moura,KO/TKO,2,2:14,3,0,,,,,,,,,,,,,,,,
2023-11-04,UFC Fight Night 231 - Almeida vs. Lewis,,Modestas Bukauskas,Vitor Petrino,Vitor Petrino,KO/TKO,2,1:03,3,0,,,,,,,,,,,,,,,,
2023-11-04,UFC Fight Night 231 - Almeida vs. Lewis,,Denise Gomes,Angela Hill,Angela Hill,DEC,3,5:00,3,0,,,,,,,,,,,,,,,,
2023-11-04,Rizin FF - Landmark Vol. 7,,Farida Abdueva,Anastasiya Svetkivska,Anastasiya Svetkivska,SUB,2,4:20,3,0,,,,,,,,,,,,,,,,
2023-11-04,UFC Fight Night 231 - Almeida vs. Lewis,,Kaue Fernandes,Marc Diakiese,Marc Diakiese,S-DEC,3,5:00,3,0,,,,,,,,,,,,,,,,
2023-11-04,Rizin FF - Landmark Vol. 7,,Tofiq Musayev,Koji Takeda,Tofiq Musayev,KO/TKO,3,2:03,3,0,,,,,,,,,,,,,,,,
2023-11-04,Superior Challenge 26 - Legends,,Nina Nikolija Milosevic,Cecilie Maria Bolander,Cecilie Maria Bolander,S-DEC,3,5:00,3,0,,,,,,,,,,,,,,,,
2023-11-04,FNC 13 - Belgrade,,Marina Spasic,Samin Kamal Beik,Marina Spasic,KO/TKO,2,3:32,3,0,,,,,,,,,,,,,,,,
2023-11-09,Castro Fight - Castro Fight Night,,Rafael Tobias,Luis Andrade de Oliveira,Rafael Tobias,SUB,1,2:03,3,0,,,,,,,,,,,,,,,,
2023-11-10,CFS 14 - Cage Fight Series 14,,Bogdan Grad,Breno Marinho,Bogdan Grad,KO/TKO,2,0:38,3,0,,,,,,,,,,,,,,,,
2023-11-11,UFC 295 - Prochazka vs. Pereira,,John Castaneda,Kyung Ho Kang,John Castaneda,DEC,3,5:00,3,0,,,,,,,,,,,,,,,,
2023-11-11,UFC 295 - Prochazka vs. Pereira,,Joshua Van,Kevin Borjas,Joshua Van,DEC,3,5:00,3,0,,,,,,,,,,,,,,,,
2023-11-11,UFC 295 - Prochazka vs. Pereira,,Jamall Emmers,Dennis Buzukja,Jamall Emmers,KO/TKO,1,0:49,3,0,,,,,,,,,,,,,,,,
2023-11-11,UFC 295 - Prochazka vs. Pereira,,Mackenzie Dern,Jessica Andrade,Jessica Andrade,KO/TKO,2,3:15,3,0,,,,,,,,,,,,,,,,
2023-11-11,Ignite Fights - Mecca 20,,Steven Asplund,Anthony Garrett,Steven Asplund,KO/TKO,1,0:11,3,0,,,,,,,,,,,,,,,,
2023-11-11,UFC 295 - Prochazka vs. Pereira,,Mateusz Rebecki,Roosevelt Roberts,Mateusz Rebecki,SUB,1,3:08,3,0,,,,,,,,,,,,,,,,
2023-11-11,UFC 295 - Prochazka vs. Pereira,,Steve Erceg,Alessandro Costa,Steve Erceg,DEC,3,5:00,3,0,,,,,,,,,,,,,,,,
2023-11-12,Tuff-N-Uff - Tuff-N-Uff 134,,Eric McConico,Maki Pitolo,Eric McConico,KO/TKO,3,2:35,3,0,,,,,,,,,,,,,,,,
2023-11-17,LFA 172 - Davis vs. Chapolin,,Lerryan Douglas,Ivan Tena,Lerryan Douglas,KO/TKO,1,1:38,3,0,,,,,,,,,,,,,,,,
2023-11-17,LFA 172 - Davis vs. Chapolin,,Eduardo Henrique,Cody Davis,Eduardo Henrique,KO/TKO,4,2:36,5,0,,,,,,,,,,,,,,,,
2023-11-18,UFC Fight Night 232 - Allen vs. Craig,,Ailin Perez,Lucie Pudilova,Ailin Perez,DEC,3,5:00,3,0,,,,,,,,,,,,,,,,
2023-11-18,UFC Fight Night 232 - Allen vs. Craig,,Joanderson Brito,Jonathan Pearce,Joanderson Brito,SUB,2,3:54,3,0,,,,,,,,,,,,,,,,
2023-11-18,Northwest Fight Promotions - CageWarriors NorthWest 5,,Jose Delgado,Sean Gee,Jose Delgado,SUB,3,2:24,3,0,,,,,,,,,,,,,,,,
2023-11-18,FLA 12 - Fight League Atlantic,,Cameron Nelson,Christian Tremayne,Christian Tremayne,S-DEC,3,5:00,3,0,,,,,,,,,,,,,,,,
2023-11-18,UFC Fight Night 232 - Allen vs. Craig,,Charles Johnson,Rafael Estevam,Rafael Estevam,DEC,3,5:00,3,0,,,,,,,,,,,,,,,,
2023-11-18,UFC Fight Night 232 - Allen vs. Craig,,Myktybek Orolbai,Uros Medic,Myktybek Orolbai,SUB,2,4:12,3,0,,,,,,,,,,,,,,,,
2023-11-18,FSC 27 - FightStar Championship 27,,Louie Sutherland,Luis Carlos Brito,Louie Sutherland,KO/TKO,1,4:11,3,0,,,,,,,,,,,,,,,,
2023-11-23,Deep - Jewels 43,,Machi Fukuda,Arisa Matsuda,Arisa Matsuda,S-DEC,3,5:00,3,0,,,,,,,,,,,,,,,,
2023-11-25,Dragon FC - Longsan Fight,,Maimaitijiang Yilizhati,Unknown Fighter,Maimaitijiang Yilizhati,KO/TKO,1,0:49,3,0,,,,,,,,,,,,,,,,
2023-11-25,Dome Of War - Dome Of War 1,,Jeisla Chaves,Janine Fonseca do Nascimento,Jeisla Chaves,DEC,3,5:00,3,0,,,,,,,,,,,,,,,,
2023-12-01,FAC 22 - Fighting Alliance Championship 22,,Gauge Young,Brexton Everett,Gauge Young,KO/TKO,1,2:41,3,0,,,,,,,,,,,,,,,,
2023-12-02,UFC on ESPN 52 - Dariush vs. Tsarukyan,,Rodolfo Bellato,Ihor Potieria,Rodolfo Bellato,KO/TKO,2,4:17,3,0,,,,,,,,,,,,,,,,
2023-12-02,UFC on ESPN 52 - Dariush vs. Tsarukyan,,Arman Tsarukyan,Beneil Dariush,Arman Tsarukyan,KO/TKO,1,1:04,5,0,,,,,,,,,,,,,,,,
2023-12-02,UFC on ESPN 52 - Dariush vs. Tsarukyan,,Drakkar Klose,Joe Solecki,Drakkar Klose,KO/TKO,1,1:41,3,0,,,,,,,,,,,,,,,,
2023-12-02,UFC on ESPN 52 - Dariush vs. Tsarukyan,,Punahele Soriano,Dustin Stoltzfus,Dustin Stoltzfus,SUB,2,4:10,3,0,,,,,,,,,,,,,,,,
2023-12-02,UFC on ESPN 52 - Dariush vs. Tsarukyan,,Jalin Turner,King Green,Jalin Turner,KO/TKO,1,2:49,3,0,,,,,,,,,,,,,,,,
2023-12-02,MMA Series 75 - All Stars,,Muhammad Saidov,Ashraf Bashandy,Muhammad Saidov,KO/TKO,1,0:17,3,0,,,,,,,,,,,,,,,,
2023-12-03,Fury FC 84 - Fury Fighting Championship 84: Young vs. Richardson,,Robelis Despaigne,Miles Banks,Robelis Despaigne,KO/TKO,1,0:04,3,0,,,,,,,,,,,,,,,,
2023-12-09,Fusion Fight League - Seasons Beatings: Winter vs. McMillen,,Tommy McMillen,Dustin Winter,Tommy McMillen,SUB,1,1:41,3,0,,,,,,,,,,,,,,,,
2023-12-09,UFC Fight Night 233 - Song vs. Gutierrez,,Tim Elliott,Su Mudaerji,Tim Elliott,SUB,1,4:02,3,0,,,,,,,,,,,,,,,,
2023-12-09,Oktagon MMA - Oktagon 50: Ostrava,,Losene Keita,Niko Samsonidse,Losene Keita,KO/TKO,2,0:23,3,0,,,,,,,,,,,,,,,,
2023-12-09,UFC Fight Night 233 - Song vs. Gutierrez,,Yadong Song,Chris Gutierrez,Yadong Song,DEC,5,5:00,5,0,,,,,,,,,,,,,,,,
2023-12-09,AFC 29 - Angel's Fighting Championship 29: Warriors,,Young Jae Song,Shunichi Shimizu,Young Jae Song,KO/TKO,1,1:46,3,0,,,,,,,,,,,,,,,,
2023-12-09,UFC Fight Night 233 - Song vs. Gutierrez,,Nasrat Haqparast,Jamie Mullarkey,Nasrat Haqparast,KO/TKO,1,1:44,3,0,,,,,,,,,,,,,,,,
2023-12-09,Lions FC 10 - Lions Fighting Championship 10,,Robert Valentin,Zoran Dod,Robert Valentin,KO/TKO,1,5:00,3,0,,,,,,,,,,,,,,,,
2023-12-15,Ares 18 - Shiguemoto vs. Augen,,Axel Sola,Turpal Younousov,Axel Sola,KO/TKO,4,4:22,5,0,,,,,,,,,,,,,,,,
2023-12-15,One Championship - One Friday Fights 45,,Rabindra Dhant,Ismail Khan,Ismail Khan,DEC,3,5:00,3,0,,,,,,,,,,,,,,,,
2023-12-15,Ares 18 - Shiguemoto vs. Augen,,Shanelle Dyer,Liliya Kazak,Shanelle Dyer,KO/TKO,3,1:08,3,0,,,,,,,,,,,,,,,,
2023-12-15,LFA 173 - Fernando vs. Bekoev,,Lucas Fernando,Azamat Bekoev,Azamat Bekoev,DEC,5,5:00,5,0,,,,,,,,,,,,,,,,
2023-12-15,LFA 173 - Fernando vs. Bekoev,,Giovanna Canuto,Natalia Kuziutina,Natalia Kuziutina,DEC,5,5:00,5,0,,,,,,,,,,,,,,,,
2023-12-16,UFC 296 - Edwards vs. Covington,,Alexandre Pantoja,Brandon Royval,Alexandre Pantoja,DEC,5,5:00,5,0,,,,,,,,,,,,,,,,
2023-12-16,UFC 296 - Edwards vs. Covington,,Alonzo Menifield,Dustin Jacoby,Alonzo Menifield,DEC,3,5:00,3,0,,,,,,,,,,,,,,,,
2023-12-16,UFC 296 - Edwards vs. Covington,,Casey O'Neill,Ariane Lipski da Silva,Ariane Lipski da Silva,SUB,2,1:18,3,0,,,,,,,,,,,,,,,,
2023-12-16,KSW 89 - Bartosinski vs. Parnasse,,Salahdine Parnasse,Adrian Bartosinski,Adrian Bartosinski,DEC,5,5:00,5,0,,,,,,,,,,,,,,,,
2023-12-16,FCC 36 - Full Contact Contender 36,,Kurtis Campbell,Sean Pero,Kurtis Campbell,DEC,3,5:00,3,0,,,,,,,,,,,,,,,,
2023-12-16,UFC 296 - Edwards vs. Covington,,Shamil Gaziev,Martin Buday,Shamil Gaziev,KO/TKO,2,0:56,3,0,,,,,,,,,,,,,,,,
2023-12-17,SFT 46 - Black Diamond vs. Peregrino,,Alexia Thainara,Thaiane Souza,Alexia Thainara,SUB,1,4:09,3,0,,,,,,,,,,,,,,,,
2023-12-22,WLF - W.A.R.S. 70,,Maimaitijiang Yilizhati,Biekedawulieti Biekedawulieti,Maimaitijiang Yilizhati,SUB,1,1:48,3,0,,,,,,,,,,,,,,,,
2023-12-24,Pancrase - 340: 30th Anniversary Tournament 2,,Ryo Tajima,Kunihisa Sasa,Ryo Tajima,DEC,3,5:00,3,0,,,,,,,,,,,,,,,,
2023-12-29,Oktagon MMA - Oktagon 51: Final,,Vlastislav Cepo,Piotr Wawrzyniak,Piotr Wawrzyniak,KO/TKO,3,3:19,3,0,,,,,,,,,,,,,,,,
2023-12-31,Rizin FF - Rizin 45,,Kai Asakura,Juan Archuleta,Kai Asakura,KO/TKO,2,3:20,3,0,,,,,,,,,,,,,,,,
2024-01-12,One Championship - One Friday Fights 47,,Ilimbek Akylbek Uulu,Khalim Nazruloev,Khalim Nazruloev,KO/TKO,2,1:59,3,0,,,,,,,,,,,,,,,,
2024-01-12,LFA 174 - Jones vs. Gennrich,,Wesley Schultz,Maurice Morris,Wesley Schultz,KO/TKO,1,1:52,3,0,,,,,,,,,,,,,,,,
2024-01-12,LFA 174 - Jones vs. Gennrich,,Steven Asplund,Billy Ray Valdez,Steven Asplund,KO/TKO,1,4:48,3,0,,,,,,,,,,,,,,,,
2024-01-13,UFC Fight Night 234 - Ankalaev vs. Walker 2,,Ricky Simon,Mario Bautista,Mario Bautista,DEC,3,5:00,3,0,,,,,,,,,,,,,,,,
2024-01-13,UFC Fight Night 234 - Ankalaev vs. Walker 2,,Joshua Van,Felipe Bunes,Joshua Van,KO/TKO,2,4:31,3,0,,,,,,,,,,,,,,,,
2024-01-13,UFC Fight Night 234 - Ankalaev vs. Walker 2,,Brunno Ferreira,Phil Hawes,Brunno Ferreira,KO/TKO,1,4:55,3,0,,,,,,,,,,,,,,,,
2024-01-13,UFC Fight Night 234 - Ankalaev vs. Walker 2,,Jean Silva,Westin Wilson,Jean Silva,KO/TKO,1,4:12,3,0,,,,,,,,,,,,,,,,
2024-01-13,UFC Fight Night 234 - Ankalaev vs. Walker 2,,Waldo Cortes-Acosta,Andrei Arlovski,Waldo Cortes-Acosta,DEC,3,5:00,3,0,,,,,,,,,,,,,,,,
2024-01-13,UFC Fight Night 234 - Ankalaev vs. Walker 2,,Magomed Ankalaev,Johnny Walker,Magomed Ankalaev,KO/TKO,2,2:42,5,0,,,,,,,,,,,,,,,,
2024-01-20,UFC 297 - Strickland vs. Du Plessis,,Charles Jourdain,Sean Woodson,Sean Woodson,S-DEC,3,5:00,3,0,,,,,,,,,,,,,,,,
2024-01-20,UFC 297 - Strickland vs. Du Plessis,,Gillian Robertson,Polyana Viana,Gillian Robertson,KO/TKO,2,3:12,3,0,,,,,,,,,,,,,,,,
2024-01-20,UFC 297 - Strickland vs. Du Plessis,,Neil Magny,Mike Malott,Neil Magny,KO/TKO,3,4:45,3,0,,,,,,,,,,,,,,,,
2024-01-20,UFC 297 - Strickland vs. Du Plessis,,Sam Patterson,Yohan Lainesse,Sam Patterson,SUB,1,2:03,3,0,,,,,,,,,,,,,,,,
2024-01-21,Fury FC 85 - Fury Fighting Championship 85: Aswell vs. Altum,,Michael Aswell,Josh Altum,Michael Aswell,KO/TKO,4,5:00,5,0,,,,,,,,,,,,,,,,
2024-01-21,TB 1 - Top Brights 1,,Daniil Donchenko,Sang Kwon Han,Daniil Donchenko,KO/TKO,2,0:01,3,0,,,,,,,,,,,,,,,,
2024-01-27,Babilon MMA 42 - Gladkowicz vs. Zajac,,Iwo Baraniewski,Miroslav Uchytil,Iwo Baraniewski,SUB,1,3:54,3,0,,,,,,,,,,,,,,,,
2024-01-27,Jungle Strike Championship - JSC x MMAGP,,Michael Aljarouj,Liridon Ramani,Michael Aljarouj,DEC,5,5:00,5,0,,,,,,,,,,,,,,,,
2024-01-27,LFA 175 - Lopes vs. Brigagao,,Bruno Lopes,Marcos Brigagao,Bruno Lopes,SUB,2,4:58,3,0,,,,,,,,,,,,,,,,
2024-01-27,LFA 175 - Lopes vs. Brigagao,,Carol Foro,Beatriz Consuli Diniz,Beatriz Consuli Diniz,S-DEC,3,5:00,3,0,,,,,,,,,,,,,,,,
2024-01-28,Shooto - Professional Shooto 2024 Vol. 1,,Takaya Suzuki,Yuichi Miyagi,Takaya Suzuki,KO/TKO,1,0:04,3,0,,,,,,,,,,,,,,,,
2024-02-02,Tuff-N-Uff - Tuff-N-Uff 135,,Jose Delgado,Desmond Manabat,Jose Delgado,SUB,1,1:38,3,0,,,,,,,,,,,,,,,,
2024-02-02,Tuff-N-Uff - Tuff-N-Uff 135,,Eric McConico,Tyler Ray,Eric McConico,DEC,3,5:00,3,0,,,,,,,,,,,,,,,,
2024-02-03,UFC Fight Night 235 - Dolidze vs. Imavov,,Muslim Salikhov,Randy Brown,Randy Brown,KO/TKO,1,3:17,3,0,,,,,,,,,,,,,,,,
2024-02-03,UFC - Road to UFC Season 2: Las Vegas Finals,,Zhu Rong,Shin Haraguchi,Zhu Rong,SUB,3,3:06,3,0,,,,,,,,,,,,,,,,
2024-02-03,UFC - Road to UFC Season 2: Las Vegas Finals,,Rei Tsuruya,Niushiyue Ji,Rei Tsuruya,KO/TKO,1,4:59,3,0,,,,,,,,,,,,,,,,
2024-02-03,UFC Fight Night 235 - Dolidze vs. Imavov,,Roman Dolidze,Nassourdine Imavov,Nassourdine Imavov,S-DEC,5,5:00,5,0,,,,,,,,,,,,,,,,
2024-02-03,UFC Fight Night 235 - Dolidze vs. Imavov,,MarQuel Mederos,Landon Quinones,MarQuel Mederos,DEC,3,5:00,3,0,,,,,,,,,,,,,,,,
2024-02-03,UFC Fight Night 235 - Dolidze vs. Imavov,,Charles Johnson,Azat Maksum,Charles Johnson,DEC,3,5:00,3,0,,,,,,,,,,,,,,,,
2024-02-03,UFC Fight Night 235 - Dolidze vs. Imavov,,Gilbert Urbina,Charles Radtke,Charles Radtke,KO/TKO,1,4:47,3,0,,,,,,,,,,,,,,,,
2024-02-03,FPC - Fight Parc Championship,,Noah Gugnon,Samvel Vardanyan,Samvel Vardanyan,DEC,3,5:00,3,0,,,,,,,,,,,,,,,,
2024-02-03,UFC Fight Night 235 - Dolidze vs. Imavov,,Thomas Petersen,Jamal Pogues,Jamal Pogues,DEC,3,5:00,3,0,,,,,,,,,,,,,,,,
2024-02-04,Fury FC - Challenger Series 11,,Yadier Del Valle,Adam Smith,Yadier Del Valle,SUB,1,1:06,3,0,,,,,,,,,,,,,,,,
2024-02-09,CFFC 129 - Cage Fury Fighting Championships 129: Kline vs. Romero,,Bilal Hasan,Jacob Romano,Bilal Hasan,KO/TKO,2,0:23,3,0,,,,,,,,,,,,,,,,
2024-02-09,LFA 176 - Johns vs. Walker,,Mansur Abdul-Malik,Allan St-Gelais,Mansur Abdul-Malik,KO/TKO,1,1:40,3,0,,,,,,,,,,,,,,,,
2024-02-10,UFC Fight Night 236 - Hermansson vs. Pyfer,,Rodolfo Vieira,Armen Petrosyan,Rodolfo Vieira,SUB,1,4:48,3,0,,,,,,,,,,,,,,,,
2024-02-10,UFC Fight Night 236 - Hermansson vs. Pyfer,,Robert Bryczek,Ihor Potieria,Ihor Potieria,DEC,3,5:00,3,0,,,,,,,,,,,,,,,,
2024-02-10,Eternal MMA 82 - Perth,,Marwan Rahiki,Julian Giustiniano,Marwan Rahiki,KO/TKO,1,0:28,3,0,,,,,,,,,,,,,,,,
2024-02-10,UFC Fight Night 236 - Hermansson vs. Pyfer,,Dan Ige,Andre Fili,Dan Ige,KO/TKO,1,2:43,3,0,,,,,,,,,,,,,,,,
2024-02-10,HXMMA 14 - Hexagone MMA 14,,Matthieu Letho Duclos,Alexis Fontes,Matthieu Letho Duclos,KO/TKO,1,0:00,3,0,,,,,,,,,,,,,,,,
2024-02-10,UFC Fight Night 236 - Hermansson vs. Pyfer,,Qileng Aori,Daniel Marcos,nc,NC,2,3:28,3,0,,,,,,,,,,,,,,,,
2024-02-10,UFC Fight Night 236 - Hermansson vs. Pyfer,,Darrius Flowers,Michael Johnson,Michael Johnson,DEC,3,5:00,3,0,,,,,,,,,,,,,,,,
2024-02-10,UFC Fight Night 236 - Hermansson vs. Pyfer,,Gregory Rodrigues,Brad Tavares,Gregory Rodrigues,KO/TKO,3,0:55,3,0,,,,,,,,,,,,,,,,
2024-02-10,UFC Fight Night 236 - Hermansson vs. Pyfer,,Jeremiah Wells,Max Griffin,Max Griffin,S-DEC,3,5:00,3,0,,,,,,,,,,,,,,,,
2024-02-10,Eternal MMA 82 - Perth,,Quillan Salkilld,Dom Mar Fan,Quillan Salkilld,SUB,2,3:03,3,0,,,,,,,,,,,,,,,,
2024-02-10,UFC Fight Night 236 - Hermansson vs. Pyfer,,Bogdan Guskov,Zac Pauga,Bogdan Guskov,KO/TKO,1,3:38,3,0,,,,,,,,,,,,,,,,
2024-02-17,UFC 298 - Volkanovski vs. Topuria,,Rinya Nakamura,Carlos Vera,Rinya Nakamura,DEC,3,5:00,3,0,,,,,,,,,,,,,,,,
2024-02-17,UFC 298 - Volkanovski vs. Topuria,,Anthony Hernandez,Roman Kopylov,Anthony Hernandez,SUB,2,3:23,3,0,,,,,,,,,,,,,,,,
2024-02-17,CN - Combat Night: Tally,,Ryan Kuse,Thiago Belo,Ryan Kuse,DEC,3,5:00,3,0,,,,,,,,,,,,,,,,
2024-02-17,UFC 298 - Volkanovski vs. Topuria,,Ian Garry,Geoff Neal,Ian Garry,S-DEC,3,5:00,3,0,,,,,,,,,,,,,,,,
2024-02-17,UFC 298 - Volkanovski vs. Topuria,,Mackenzie Dern,Amanda Lemos,Amanda Lemos,DEC,3,5:00,3,0,,,,,,,,,,,,,,,,
2024-02-17,UFC 298 - Volkanovski vs. Topuria,,Oban Elliott,Valentine Woodburn,Oban Elliott,DEC,3,5:00,3,0,,,,,,,,,,,,,,,,
2024-02-17,ARMMADA - ARMMADA 7,,Jovan Leka,Amiran Severnii,Jovan Leka,KO/TKO,1,2:13,3,0,,,,,,,,,,,,,,,,
2024-02-18,LFL 11 - Levels Fight League 11,,Yousri Belgaroui,Ahmed Sami,Yousri Belgaroui,DEC,5,5:00,5,0,,,,,,,,,,,,,,,,
2024-02-18,LFL 11 - Levels Fight League 11,,Mario Pinto,Kasim Aras,Mario Pinto,DEC,5,5:00,5,0,,,,,,,,,,,,,,,,
2024-02-23,Urijah Faber A1 Combat 18 - Mauldin vs. Machado,,Valesca Machado,Taylor Mauldin,Valesca Machado,KO/TKO,1,0:49,3,0,,,,,,,,,,,,,,,,
2024-02-23,CW 166 - Cage Warriors 166: San Diego,,Mason Jones,Bryce Logan,Mason Jones,KO/TKO,2,2:45,3,0,,,,,,,,,,,,,,,,
2024-02-24,UFC Fight Night 237 - Moreno vs. Royval 2,,Raoni Barcelos,Cristian Quinonez,Raoni Barcelos,SUB,3,2:04,3,0,,,,,,,,,,,,,,,,
2024-02-24,Khan Fight - Grand Prix of Bursa,,Mehemmedali Osmanli,Amir Hossein Habibi,Mehemmedali Osmanli,SUB,3,1:50,3,0,,,,,,,,,,,,,,,,
2024-02-24,Khan Fight - Grand Prix of Bursa,,Mehemmedali Osmanli,Talha Derdiyok,Mehemmedali Osmanli,SUB,2,2:34,3,0,,,,,,,,,,,,,,,,
2024-02-24,UFC Fight Night 237 - Moreno vs. Royval 2,,Yazmin Jauregui,Sam Hughes,Yazmin Jauregui,DEC,3,5:00,3,0,,,,,,,,,,,,,,,,
2024-02-24,UFC Fight Night 237 - Moreno vs. Royval 2,,Brandon Moreno,Brandon Royval,Brandon Royval,S-DEC,5,5:00,5,0,,,,,,,,,,,,,,,,
2024-02-24,UFC Fight Night 237 - Moreno vs. Royval 2,,Edgar Chairez,Daniel Lacerda,Edgar Chairez,SUB,1,2:17,3,0,,,,,,,,,,,,,,,,
2024-02-24,UFC Fight Night 237 - Moreno vs. Royval 2,,Fares Ziam,Claudio Puelles,Fares Ziam,S-DEC,3,5:00,3,0,,,,,,,,,,,,,,,,
2024-02-24,UFC Fight Night 237 - Moreno vs. Royval 2,,Muhammadjon Naimov,Erik Silva,Muhammadjon Naimov,KO/TKO,1,0:44,3,0,,,,,,,,,,,,,,,,
2024-03-01,One Championship - One 166: Qatar,,Reinier de Ridder,Anatoly Malykhin,Anatoly Malykhin,KO/TKO,3,1:16,3,0,,,,,,,,,,,,,,,,
2024-03-02,UFC Fight Night 238 - Rozenstruik vs. Gaziev,,Umar Nurmagomedov,Bekzat Almakhan,Umar Nurmagomedov,DEC,3,5:00,3,0,,,,,,,,,,,,,,,,
2024-03-02,UFC Fight Night 238 - Rozenstruik vs. Gaziev,,Alex Perez,Muhammad Mokaev,Muhammad Mokaev,DEC,3,5:00,3,0,,,,,,,,,,,,,,,,
2024-03-02,UFC Fight Night 238 - Rozenstruik vs. Gaziev,,Vitor Petrino,Tyson Pedro,Vitor Petrino,DEC,3,5:00,3,0,,,,,,,,,,,,,,,,
2024-03-02,UFC Fight Night 238 - Rozenstruik vs. Gaziev,,Shamil Gaziev,Jairzinho Rozenstruik,Jairzinho Rozenstruik,KO/TKO,4,5:00,5,0,,,,,,,,,,,,,,,,
2024-03-02,Oktagon MMA - Oktagon 54: Kincl vs. Wawrzyniak,,Milos Janicic,Ebrahim Hosseinpour,Milos Janicic,KO/TKO,2,1:23,3,0,,,,,,,,,,,,,,,,
2024-03-02,UFC Fight Night 238 - Rozenstruik vs. Gaziev,,Ludovit Klein,A.J. Cunningham,Ludovit Klein,KO/TKO,1,4:36,3,0,,,,,,,,,,,,,,,,
2024-03-02,UFC Fight Night 238 - Rozenstruik vs. Gaziev,,Steve Erceg,Matt Schnell,Steve Erceg,KO/TKO,2,0:26,3,0,,,,,,,,,,,,,,,,
2024-03-08,LFA 178 - Satybaldiev vs. Assis,,Osman Diaz,Chuck Campbell,Osman Diaz,KO/TKO,1,4:59,3,0,,,,,,,,,,,,,,,,
2024-03-09,UFC 299 - O'Malley vs. Vera 2,,Marlon Vera,Sean O'Malley,Sean O'Malley,DEC,5,5:00,5,0,,,,,,,,,,,,,,,,
2024-03-09,UFC 299 - O'Malley vs. Vera 2,,Robelis Despaigne,Josh Parisian,Robelis Despaigne,KO/TKO,1,0:18,3,0,,,,,,,,,,,,,,,,
2024-03-09,UFC 299 - O'Malley vs. Vera 2,,Curtis Blaydes,Jailton Almeida,Curtis Blaydes,KO/TKO,2,0:36,3,0,,,,,,,,,,,,,,,,
2024-03-09,UFC 299 - O'Malley vs. Vera 2,,Michael Page,Kevin Holland,Michael Page,DEC,3,5:00,3,0,,,,,,,,,,,,,,,,
2024-03-09,FCC 37 - Full Contact Contender 37,,Kurtis Campbell,Karl Fletcher,Kurtis Campbell,KO/TKO,1,0:45,3,0,,,,,,,,,,,,,,,,
2024-03-09,UFC 299 - O'Malley vs. Vera 2,,Yadong Song,Petr Yan,Petr Yan,DEC,3,5:00,3,0,,,,,,,,,,,,,,,,
2024-03-09,MFN 14 - Matrix Fight Night 14,,Chungreng Koren,Mohammed Farhad,Chungreng Koren,KO/TKO,4,3:48,5,0,,,,,,,,,,,,,,,,
2024-03-09,King Fight - King FIght,,Jeisla Chaves,Raila Almeida,Jeisla Chaves,KO/TKO,1,2:40,3,0,,,,,,,,,,,,,,,,
2024-03-09,UFC 299 - O'Malley vs. Vera 2,,Mateusz Gamrot,Rafael dos Anjos,Mateusz Gamrot,DEC,3,5:00,3,0,,,,,,,,,,,,,,,,
2024-03-09,Allstars Fight Night - AFN 5,,Mark Vologdin,Ricardo Monteiro,Mark Vologdin,KO/TKO,1,1:29,3,0,,,,,,,,,,,,,,,,
2024-03-09,RCC - Intro 31,,Magomed Zaynukov,Erzhan Manarbekov,Magomed Zaynukov,KO/TKO,1,4:09,3,0,,,,,,,,,,,,,,,,
2024-03-09,ACA 172 - Esengulov vs. Vagaev,,Abubakar Vagaev,Edil Esengulov,Abubakar Vagaev,DEC,5,5:00,5,0,,,,,,,,,,,,,,,,
2024-03-15,NFC 58 - Naiza Fighter Championship 58: Gasanov vs. Khamidov,,Daniil Donchenko,Rustam Yusupov,Daniil Donchenko,KO/TKO,1,2:45,3,0,,,,,,,,,,,,,,,,
2024-03-15,The King of Fighters - KOF: Fight Club,,Delphine Benouaich,Gracy Maia,Delphine Benouaich,KO/TKO,3,2:03,3,0,,,,,,,,,,,,,,,,
2024-03-15,CFS 15 - Cage Fight Series 15,,Bogdan Grad,Caiona Batista,Bogdan Grad,SUB,1,1:03,3,0,,,,,,,,,,,,,,,,
2024-03-16,UFC Fight Night 239 - Tuivasa vs. Tybura,,Tai Tuivasa,Marcin Tybura,Marcin Tybura,SUB,1,4:08,5,0,,,,,,,,,,,,,,,,
2024-03-16,LIS 1 - Llescas I Sobrasadas 1,,Fabia Sintes,Carlo Perseo D'Ambrosio,Fabia Sintes,KO/TKO,1,4:27,3,0,,,,,,,,,,,,,,,,
2024-03-16,UFC Fight Night 239 - Tuivasa vs. Tybura,,Kennedy Nzechukwu,Ovince St. Preux,Ovince St. Preux,S-DEC,3,5:00,3,0,,,,,,,,,,,,,,,,
2024-03-16,FEN 53 - Oleksiejczuk vs. Kuanyshbayev,,Damian Rzepecki,Giorgi Esiava,Damian Rzepecki,KO/TKO,3,4:16,3,0,,,,,,,,,,,,,,,,
2024-03-22,Bellator Champions Series Belfast - Anderson vs. Moore,,Patricio Freire,Jeremy Kennedy,Patricio Freire,KO/TKO,3,4:07,3,0,,,,,,,,,,,,,,,,
2024-03-22,WLF - W.A.R.S. 71,,Namsrai Batbayar,Jinbo Zou,Namsrai Batbayar,SUB,1,2:25,3,0,,,,,,,,,,,,,,,,
2024-03-22,Bellator Champions Series Belfast - Anderson vs. Moore,,Manoel Sousa,Tim Wilde,Manoel Sousa,KO/TKO,1,4:48,3,0,,,,,,,,,,,,,,,,
2024-03-23,UFC on ESPN 53 - Ribas vs. Namajunas,,Edmen Shahbazyan,A.J. Dobson,Edmen Shahbazyan,KO/TKO,1,4:33,3,0,,,,,,,,,,,,,,,,
2024-03-23,UFC on ESPN 53 - Ribas vs. Namajunas,,Andre Lima,Igor Severino,Andre Lima,DQ,2,2:52,3,0,,,,,,,,,,,,,,,,
2024-03-23,UFC on ESPN 53 - Ribas vs. Namajunas,,Billy Quarantillo,Youssef Zalal,Youssef Zalal,SUB,2,1:50,3,0,,,,,,,,,,,,,,,,
2024-03-23,UFC on ESPN 53 - Ribas vs. Namajunas,,Miles Johns,Cody Gibson,Miles Johns,DEC,3,5:00,3,0,,,,,,,,,,,,,,,,
2024-03-23,LFA 179 - Neto vs. Antunes,,Michael Oliveira,Dallys Gama,Michael Oliveira,KO/TKO,3,4:47,3,0,,,,,,,,,,,,,,,,
2024-03-23,Oktagon MMA - Oktagon 55: Jungwirth vs. Pukac 2,,Alexander Poppeck,Jeremy Kimball,Alexander Poppeck,KO/TKO,1,3:30,3,0,,,,,,,,,,,,,,,,
2024-03-29,All In Combat - AIC 5: Mixan vs. Vines,,Treston Vines,Chris Mixan,Treston Vines,DEC,3,5:00,3,0,,,,,,,,,,,,,,,,
2024-03-29,LFA 180 - Lawrence vs. Ward,,Richie Miranda,Kegan Agnew,Richie Miranda,DEC,3,5:00,3,0,,,,,,,,,,,,,,,,
2024-03-30,UFC on ESPN 54 - Blanchfield vs. Fiorot,,Sedriques Dumas,Nursulton Ruziboev,Nursulton Ruziboev,KO/TKO,1,3:18,3,0,,,,,,,,,,,,,,,,
2024-03-30,UFC on ESPN 54 - Blanchfield vs. Fiorot,,Manon Fiorot,Erin Blanchfield,Manon Fiorot,DEC,5,5:00,5,0,,,,,,,,,,,,,,,,
2024-03-30,UFC on ESPN 54 - Blanchfield vs. Fiorot,,Jamall Emmers,Nate Landwehr,Nate Landwehr,KO/TKO,1,4:43,3,0,,,,,,,,,,,,,,,,
2024-03-30,UFC on ESPN 54 - Blanchfield vs. Fiorot,,Chidi Njokuani,Rhys McKee,Chidi Njokuani,S-DEC,3,5:00,3,0,,,,,,,,,,,,,,,,
2024-03-30,UFC on ESPN 54 - Blanchfield vs. Fiorot,,Vicente Luque,Joaquin Buckley,Joaquin Buckley,KO/TKO,2,3:17,3,0,,,,,,,,,,,,,,,,
2024-03-30,FW - FightWorld 33,,Ty Cole Miller,Michael Tovar,Ty Cole Miller,DEC,3,5:00,3,0,,,,,,,,,,,,,,,,
2024-03-30,UNF 17 - Up Next Fighting 17,,Gianni Vazquez,Trevor Wells,Gianni Vazquez,DEC,3,5:00,3,0,,,,,,,,,,,,,,,,
2024-03-30,UFC on ESPN 54 - Blanchfield vs. Fiorot,,Dennis Buzukja,Connor Matthews,Dennis Buzukja,KO/TKO,3,0:22,3,0,,,,,,,,,,,,,,,,
2024-03-31,Pancrase - 341: 30th Anniversary Tournament 3,,Ryo Tajima,Rui Imura,Rui Imura,DEC,3,5:00,3,0,,,,,,,,,,,,,,,,
2024-04-04,FCOC - Fight Club OC,,Sean Sharaf,Chadricc Kindle,Sean Sharaf,KO/TKO,1,4:31,3,0,,,,,,,,,,,,,,,,
2024-04-05,LFA 181 - Siqueira vs. Hernandez,,Wesley Schultz,Adland Benson,Wesley Schultz,KO/TKO,1,3:39,3,0,,,,,,,,,,,,,,,,
2024-04-05,LFA 181 - Siqueira vs. Hernandez,,Steven Asplund,Larry Gonzales,Steven Asplund,DEC,3,5:00,3,0,,,,,,,,,,,,,,,,
2024-04-06,UFC Fight Night 240 - Allen vs. Curtis 2,,Norma Dumont,Germaine de Randamie,Norma Dumont,DEC,3,5:00,3,0,,,,,,,,,,,,,,,,
2024-04-06,UFC Fight Night 240 - Allen vs. Curtis 2,,Ignacio Bahamondes,Christos Giagos,Ignacio Bahamondes,KO/TKO,1,3:34,3,0,,,,,,,,,,,,,,,,
2024-04-06,SMMA 37 - Showcase MMA 37,,Thomas Gantt,Paul Teague,Thomas Gantt,SUB,1,0:21,3,0,,,,,,,,,,,,,,,,
2024-04-06,KSW 93 - Paris: Parnasse vs. Mircea,,Salahdine Parnasse,Valeriu Mircea,Salahdine Parnasse,KO/TKO,1,4:00,3,0,,,,,,,,,,,,,,,,
2024-04-06,UFC Fight Night 240 - Allen vs. Curtis 2,,Trevor Peek,Charlie Campbell,Charlie Campbell,DEC,3,5:00,3,0,,,,,,,,,,,,,,,,
2024-04-06,UFC Fight Night 240 - Allen vs. Curtis 2,,Morgan Charriere,Jose Mariscal,Jose Mariscal,S-DEC,3,5:00,3,0,,,,,,,,,,,,,,,,
2024-04-06,UFC Fight Night 240 - Allen vs. Curtis 2,,Nora Cornolle,Melissa Mullins,Nora Cornolle,KO/TKO,2,3:06,3,0,,,,,,,,,,,,,,,,
2024-04-06,Ring FC 4 - Ring Championship 4 / Challenge League 02,,Bo Hyun Park,Aira Koga,Aira Koga,S-DEC,3,5:00,3,0,,,,,,,,,,,,,,,,
2024-04-06,Fighter Stars - Fighter Stars 3,,Rafael Tobias,Guilherme Lopes Cunha,Rafael Tobias,SUB,1,1:11,3,0,,,,,,,,,,,,,,,,
2024-04-06,UFC Fight Night 240 - Allen vs. Curtis 2,,Valter Walker,Lukasz Brzeski,Lukasz Brzeski,DEC,3,5:00,3,0,,,,,,,,,,,,,,,,
2024-04-12,Fusion Fight League - Great Falls,,Tommy McMillen,Josh Wright,Tommy McMillen,SUB,1,2:13,3,0,,,,,,,,,,,,,,,,
2024-04-13,UFC 300 - Pereira vs. Hill,,Arman Tsarukyan,Charles Oliveira,Arman Tsarukyan,S-DEC,3,5:00,3,0,,,,,,,,,,,,,,,,
2024-04-13,UFC 300 - Pereira vs. Hill,,Xiaonan Yan,Weili Zhang,Weili Zhang,DEC,5,5:00,5,0,,,,,,,,,,,,,,,,
2024-04-13,UFC 300 - Pereira vs. Hill,,Jalin Turner,Renato Carneiro,Renato Carneiro,KO/TKO,2,4:11,3,0,,,,,,,,,,,,,,,,
2024-04-13,UFC 300 - Pereira vs. Hill,,Aleksandar Rakic,Jiri Prochazka,Jiri Prochazka,KO/TKO,2,3:17,3,0,,,,,,,,,,,,,,,,
2024-04-20,GFC - Gomes Fight Championship 8,,Jeisla Chaves,Siddhi Lalit,Jeisla Chaves,KO/TKO,1,4:59,3,0,,,,,,,,,,,,,,,,
2024-04-21,Fury FC 89 - Fury Fighting Championship 89: Richardson vs. Aswell,,Michael Aswell,Nate Richardson,Michael Aswell,KO/TKO,1,1:08,3,0,,,,,,,,,,,,,,,,
2024-04-21,Fury FC 89 - Fury Fighting Championship 89: Richardson vs. Aswell,,Ryan Kuse,Cameron Smotherman,Cameron Smotherman,S-DEC,3,5:00,3,0,,,,,,,,,,,,,,,,
2024-04-21,FMS - Fight Music Show: Fight Night 3,,Rafael Tobias,Willyanedson Paiva,Rafael Tobias,DEC,3,5:00,3,0,,,,,,,,,,,,,,,,
2024-04-27,United Fight League - UFL 4: Grand Prix Finals,,Jose Delgado,Alberto Romo,Jose Delgado,KO/TKO,3,0:16,3,0,,,,,,,,,,,,,,,,
2024-04-27,UFC on ESPN 55 - Nicolau vs. Perez,,Ryan Spann,Bogdan Guskov,Bogdan Guskov,KO/TKO,2,3:16,3,0,,,,,,,,,,,,,,,,
2024-04-27,UFC on ESPN 55 - Nicolau vs. Perez,,Alex Perez,Matheus Nicolau,Alex Perez,KO/TKO,2,2:16,5,0,,,,,,,,,,,,,,,,
2024-04-27,UFC on ESPN 55 - Nicolau vs. Perez,,Maheshate Hayisaer,Gabriel Benitez,Maheshate Hayisaer,S-DEC,3,5:00,3,0,,,,,,,,,,,,,,,,
2024-04-27,UFC on ESPN 55 - Nicolau vs. Perez,,Chris Padilla,James Llontop,Chris Padilla,SUB,1,4:33,3,0,,,,,,,,,,,,,,,,
2024-04-27,UFC on ESPN 55 - Nicolau vs. Perez,,Uros Medic,Tim Means,Uros Medic,KO/TKO,1,2:09,3,0,,,,,,,,,,,,,,,,
2024-05-03,The King of Fighters 5 - KOF 5,,Delphine Benouaich,Amina Mukhamed,Delphine Benouaich,S-DEC,3,5:00,3,0,,,,,,,,,,,,,,,,
2024-05-03,FAC 24 - Fighting Alliance Championship 24,,Gauge Young,Josh Tulley,Gauge Young,KO/TKO,1,5:00,3,0,,,,,,,,,,,,,,,,
2024-05-03,LFA 183 - Cantanhede vs. Guimaraes,,Lucas Fernando,Joao Paulo Silva Santos,Lucas Fernando,DEC,3,5:00,3,0,,,,,,,,,,,,,,,,
2024-05-04,UFC 301 - Pantoja vs. Erceg,,Elves Brener,Myktybek Orolbai,Myktybek Orolbai,DEC,3,5:00,3,0,,,,,,,,,,,,,,,,
2024-05-04,UFC 301 - Pantoja vs. Erceg,,Alexandre Pantoja,Steve Erceg,Alexandre Pantoja,DEC,5,5:00,5,0,,,,,,,,,,,,,,,,
2024-05-04,UFC 301 - Pantoja vs. Erceg,,Mauricio Ruffy,Jamie Mullarkey,Mauricio Ruffy,KO/TKO,1,4:42,3,0,,,,,,,,,,,,,,,,
2024-05-04,UFC 301 - Pantoja vs. Erceg,,Joanderson Brito,Jack Shore,Joanderson Brito,KO/TKO,2,3:35,3,0,,,,,,,,,,,,,,,,
2024-05-04,UFC 301 - Pantoja vs. Erceg,,Drakkar Klose,Joaquim Silva,Drakkar Klose,DEC,3,5:00,3,0,,,,,,,,,,,,,,,,
2024-05-04,Oktagon MMA - Oktagon 57: Eckerlin vs. Broz,,Losene Keita,Agy Sardari,Losene Keita,DEC,3,5:00,3,0,,,,,,,,,,,,,,,,
2024-05-04,UFC 301 - Pantoja vs. Erceg,,Kevin Borjas,Alessandro Costa,Alessandro Costa,KO/TKO,2,1:35,3,0,,,,,,,,,,,,,,,,
2024-05-04,UFC 301 - Pantoja vs. Erceg,,Vitor Petrino,Anthony Smith,Anthony Smith,SUB,1,2:00,3,0,,,,,,,,,,,,,,,,
2024-05-04,HFS - Hex Fight Series 30,,Navajo Stirling,Stuart Dare,Navajo Stirling,KO/TKO,1,3:46,3,0,,,,,,,,,,,,,,,,
2024-05-04,Tahiti Fighting Championship - Challenger Series,,Nina Nikolija Milosevic,Tehanahana Bernardino,Nina Nikolija Milosevic,SUB,3,3:10,3,0,,,,,,,,,,,,,,,,
2024-05-04,UFC 301 - Pantoja vs. Erceg,,Ismael Bonfim,Vinc Pichel,Ismael Bonfim,DEC,3,5:00,3,0,,,,,,,,,,,,,,,,
2024-05-05,Bali MMA - Canggu Fight Night 30,,Kasib Murdoch,Amir Mokhtar,Kasib Murdoch,KO/TKO,2,3:15,3,0,,,,,,,,,,,,,,,,
2024-05-11,UFC on ESPN 56 - Lewis vs. Nascimento,,Alonzo Menifield,Carlos Ulberg,Carlos Ulberg,KO/TKO,1,0:12,3,0,,,,,,,,,,,,,,,,
2024-05-11,UFC on ESPN 56 - Lewis vs. Nascimento,,Robelis Despaigne,Waldo Cortes-Acosta,Waldo Cortes-Acosta,DEC,3,5:00,3,0,,,,,,,,,,,,,,,,
2024-05-11,UFC on ESPN 56 - Lewis vs. Nascimento,,J.J. Aldrich,Veronica Hardy,Veronica Hardy,DEC,3,5:00,3,0,,,,,,,,,,,,,,,,
2024-05-11,UFC on ESPN 56 - Lewis vs. Nascimento,,Nursulton Ruziboev,Joaquin Buckley,Joaquin Buckley,DEC,3,5:00,3,0,,,,,,,,,,,,,,,,
2024-05-11,WKG & M-1 Global - MMA Fight in Turpan,,Namsrai Batbayar,Sarvarbek Kenzhaev,Namsrai Batbayar,KO/TKO,1,4:07,3,0,,,,,,,,,,,,,,,,
2024-05-11,UFC on ESPN 56 - Lewis vs. Nascimento,,Sean Woodson,Alex Caceres,Sean Woodson,DEC,3,5:00,3,0,,,,,,,,,,,,,,,,
2024-05-11,WKG & M-1 Global - MMA Fight in Turpan,,Ailinuer Ahejiang,Zhasurbek Sobirov,Zhasurbek Sobirov,DEC,3,5:00,3,0,,,,,,,,,,,,,,,,
2024-05-11,UFC on ESPN 56 - Lewis vs. Nascimento,,Esteban Ribovics,Terrance McKinney,Esteban Ribovics,KO/TKO,1,0:37,3,0,,,,,,,,,,,,,,,,
2024-05-11,UFC on ESPN 56 - Lewis vs. Nascimento,,Charles Johnson,Jake Hadley,Charles Johnson,DEC,3,5:00,3,0,,,,,,,,,,,,,,,,
2024-05-11,UFC on ESPN 56 - Lewis vs. Nascimento,,Diego Ferreira,Mateusz Rebecki,Diego Ferreira,KO/TKO,3,4:51,3,0,,,,,,,,,,,,,,,,
2024-05-11,UFC on ESPN 56 - Lewis vs. Nascimento,,Billy Goff,Trey Waters,Trey Waters,DEC,3,5:00,3,0,,,,,,,,,,,,,,,,
2024-05-12,Fury FC 90 - Fury Fighting Championship 90: Dixon vs. Macklin,,Luis Hernandez,Nick Lancaster,Luis Hernandez,SUB,1,2:56,3,0,,,,,,,,,,,,,,,,
2024-05-17,LFA 184 - Diaz vs. Lewis,,Osman Diaz,Bevon Lewis,Osman Diaz,KO/TKO,2,3:24,3,0,,,,,,,,,,,,,,,,
2024-05-17,Octagon Promotion - Octagon 58: Chapanov vs. Totrov,,Farida Abdueva,Zulfiya Kurbashova,Farida Abdueva,DEC,3,5:00,3,0,,,,,,,,,,,,,,,,
2024-05-17,LFA 184 - Diaz vs. Lewis,,Lerryan Douglas,Nathan Ghareeb,Lerryan Douglas,KO/TKO,2,0:45,3,0,,,,,,,,,,,,,,,,
2024-05-17,Bellator Champions Series Paris - Mix vs. Magomedov 2,,Louie Sutherland,Slim Trabelsi,Slim Trabelsi,DEC,3,5:00,3,0,,,,,,,,,,,,,,,,
2024-05-18,UFC Fight Night 241 - Barboza vs. Murphy,,Heili Alateng,Kleydson Rodrigues,Heili Alateng,DEC,3,5:00,3,0,,,,,,,,,,,,,,,,
2024-05-18,UFC Fight Night 241 - Barboza vs. Murphy,,Vanessa Demopoulos,Emily Ducote,Vanessa Demopoulos,S-DEC,3,5:00,3,0,,,,,,,,,,,,,,,,
2024-05-18,UFC Fight Night 241 - Barboza vs. Murphy,,Oumar Sy,George Tokkos,Oumar Sy,SUB,1,3:43,3,0,,,,,,,,,,,,,,,,
2024-05-18,Khan Fight 4 - The War Code,,Pavel Andrusca,Balabek Abbas,Pavel Andrusca,KO/TKO,2,4:58,3,0,,,,,,,,,,,,,,,,
2024-05-18,UFC - Road to UFC Season 3: Shanghai Quarterfinals 2,,Young Jae Song,Masuto Kawana,Masuto Kawana,DEC,3,5:00,3,0,,,,,,,,,,,,,,,,
2024-05-18,UFC Fight Night 241 - Barboza vs. Murphy,,Edson Barboza,Lerone Murphy,Lerone Murphy,DEC,5,5:00,5,0,,,,,,,,,,,,,,,,
2024-05-18,UFC Fight Night 241 - Barboza vs. Murphy,,Ramiz Brahimaj,Themba Gorimbo,Themba Gorimbo,DEC,3,5:00,3,0,,,,,,,,,,,,,,,,
2024-05-18,UAE Warriors 50 - AlQaisi vs. Bark,,Diyar Nurgozhay,Emiliano Sordi,Diyar Nurgozhay,KO/TKO,1,4:17,3,0,,,,,,,,,,,,,,,,
2024-05-18,Soldado Combat 2 - Atila vs. Vaqueiro,,Carol Foro,Patricia do Nascimento Pereira,Carol Foro,KO/TKO,1,1:10,3,0,,,,,,,,,,,,,,,,
2024-05-18,ARMMADA - ARMMADA 8,,Jovan Leka,Anton Vinnikov,Anton Vinnikov,DEC,5,5:00,5,0,,,,,,,,,,,,,,,,
2024-05-24,Eternal MMA 84 - Sydney,,Joseph Larcinese,Zac Gregson,Joseph Larcinese,SUB,3,2:49,3,0,,,,,,,,,,,,,,,,
2024-05-25,WOW 14 - Madrid,,Fabia Sintes,Pietro Mochetti,Fabia Sintes,DEC,3,5:00,3,0,,,,,,,,,,,,,,,,
2024-05-25,Nepal Warriors Championship - Fight Night 3,,Rabindra Dhant,Korey Sutcliffe,Rabindra Dhant,DEC,3,5:00,3,0,,,,,,,,,,,,,,,,
2024-05-25,Jungle Fight 126 - Brasilia,,Carol Foro,Regiane Silva,Carol Foro,KO/TKO,1,1:27,3,0,,,,,,,,,,,,,,,,
2024-05-26,Deep - Jewels 45,,Machi Fukuda,Si Woo Park,Si Woo Park,S-DEC,3,5:00,3,0,,,,,,,,,,,,,,,,
2024-06-01,UFC 302 - Makhachev vs. Poirier,,Ailin Perez,Joselyne Edwards,Ailin Perez,DEC,3,5:00,3,0,,,,,,,,,,,,,,,,
2024-06-01,The King of Fighters 6 - KOF 6,,Delphine Benouaich,Marta Amigo Abeledo,Delphine Benouaich,KO/TKO,1,3:45,3,0,,,,,,,,,,,,,,,,
2024-06-01,UFC 302 - Makhachev vs. Poirier,,Andre Lima,Mitch Raposo,Andre Lima,S-DEC,3,5:00,3,0,,,,,,,,,,,,,,,,
2024-06-01,UFC 302 - Makhachev vs. Poirier,,Islam Makhachev,Dustin Poirier,Islam Makhachev,SUB,5,2:42,5,0,,,,,,,,,,,,,,,,
2024-06-01,FNC 17 - Stosic vs. Fabjan,,Marina Spasic,Marina Nica,Marina Spasic,KO/TKO,1,2:08,3,0,,,,,,,,,,,,,,,,
2024-06-06,NGF 4 - New Generation Fighting 4,,Mehemmedali Osmanli,Omar Ashour,Mehemmedali Osmanli,KO/TKO,2,2:36,3,0,,,,,,,,,,,,,,,,
2024-06-08,UFC on ESPN 57 - Cannonier vs. Imavov,,Raul Rosas Jr.,Ricky Turcios,Raul Rosas Jr.,SUB,2,2:22,3,0,,,,,,,,,,,,,,,,
2024-06-08,Combate Global - Amaya vs. Jean-Francois,,Melissa Amaya,Samantha Jean-Francois,Melissa Amaya,KO/TKO,2,3:44,3,0,,,,,,,,,,,,,,,,
2024-06-08,UFC on ESPN 57 - Cannonier vs. Imavov,,John Castaneda,Daniel Marcos,Daniel Marcos,DEC,3,5:00,3,0,,,,,,,,,,,,,,,,
2024-06-08,UFC on ESPN 57 - Cannonier vs. Imavov,,Brunno Ferreira,Dustin Stoltzfus,Brunno Ferreira,KO/TKO,1,4:51,3,0,,,,,,,,,,,,,,,,
2024-06-08,UFC on ESPN 57 - Cannonier vs. Imavov,,Eduarda Moura,Denise Gomes,Denise Gomes,S-DEC,3,5:00,3,0,,,,,,,,,,,,,,,,
2024-06-08,UFC on ESPN 57 - Cannonier vs. Imavov,,Punahele Soriano,Miguel Baeza,Punahele Soriano,DEC,3,5:00,3,0,,,,,,,,,,,,,,,,
2024-06-08,HXMMA 18 - Hexagone MMA 18,,Michael Aljarouj,Lenno Rodrigo Pinheiro da Silva,Michael Aljarouj,KO/TKO,2,1:41,3,0,,,,,,,,,,,,,,,,
2024-06-08,Professional Fighters League - PFL Europe 2: 2024 Regular Season,,Shanelle Dyer,Mariam Torchinava,Shanelle Dyer,KO/TKO,1,3:53,3,0,,,,,,,,,,,,,,,,
2024-06-08,UFC on ESPN 57 - Cannonier vs. Imavov,,Ludovit Klein,Thiago Moises,Ludovit Klein,DEC,3,5:00,3,0,,,,,,,,,,,,,,,,
2024-06-08,BTC 24 - Apex,,Kyle Prepolec,Gustavo Wurlitzer,Kyle Prepolec,KO/TKO,1,3:04,3,0,,,,,,,,,,,,,,,,
2024-06-08,UFC on ESPN 57 - Cannonier vs. Imavov,,Dustin Jacoby,Dominick Reyes,Dominick Reyes,KO/TKO,1,2:00,3,0,,,,,,,,,,,,,,,,
2024-06-09,Fury FC 91 - Fury Fighting Championship 91: Moran vs. Rodriguez,,Yadier Del Valle,Pena Allamov,Yadier Del Valle,DEC,3,5:00,3,0,,,,,,,,,,,,,,,,
2024-06-13,Professional Fighters League - PFL 4: 2024 Regular Season,,Tyrell Fortune,Marcelo Golm,Tyrell Fortune,DEC,3,5:00,3,0,,,,,,,,,,,,,,,,
2024-06-14,Ares 22 - Sola vs. Imavov,,Axel Sola,Daguir Imavov,draw,DRAW,5,5:00,5,0,,,,,,,,,,,,,,,,
2024-06-14,CFFC 132 - Cage Fury Fighting Championships 132: Daukaus vs. Patershuk,,Bilal Hasan,Shamel Findley,Bilal Hasan,KO/TKO,1,4:33,3,0,,,,,,,,,,,,,,,,
2024-06-14,HFS - Hex Fight Series 31,,George Mangos,Justin Van Heerden,George Mangos,SUB,3,4:57,3,0,,,,,,,,,,,,,,,,
2024-06-14,Double Down Fighting Championship - DDFC 1: Sowma vs. Graves,,Anthony Wint,Jawaski Bethly,Anthony Wint,SUB,1,0:43,3,0,,,,,,,,,,,,,,,,
2024-06-14,HFS - Hex Fight Series 31,,Navajo Stirling,Sam Kei,Navajo Stirling,KO/TKO,3,1:48,3,0,,,,,,,,,,,,,,,,
2024-06-15,UFC on ESPN 58 - Perez vs. Taira,,Brady Hiestand,Garrett Armfield,Brady Hiestand,SUB,3,1:52,3,0,,,,,,,,,,,,,,,,
2024-06-15,UFC on ESPN 58 - Perez vs. Taira,,Alex Perez,Tatsuro Taira,Tatsuro Taira,KO/TKO,2,2:59,5,0,,,,,,,,,,,,,,,,
2024-06-15,UFC on ESPN 58 - Perez vs. Taira,,Julia Polastri,Josefine Lindgren Knutsson,Josefine Lindgren Knutsson,DEC,3,5:00,3,0,,,,,,,,,,,,,,,,
2024-06-15,UFC on ESPN 58 - Perez vs. Taira,,Carli Judice,Gabriella Fernandes,Gabriella Fernandes,S-DEC,3,5:00,3,0,,,,,,,,,,,,,,,,
2024-06-15,UFC on ESPN 58 - Perez vs. Taira,,Miles Johns,Douglas Silva de Andrade,Miles Johns,DEC,3,5:00,3,0,,,,,,,,,,,,,,,,
2024-06-22,UFC on ABC 6 - Whittaker vs. Aliskerov,,Muhammadjon Naimov,Felipe Lima,Felipe Lima,SUB,3,1:15,3,0,,,,,,,,,,,,,,,,
2024-06-22,UFC on ABC 6 - Whittaker vs. Aliskerov,,Long Xiao,Chang Ho Lee,Chang Ho Lee,S-DEC,3,5:00,3,0,,,,,,,,,,,,,,,,
2024-06-22,Eternal MMA 86 - Gold Coast,,Lawrence Lui,Toby Meech,Lawrence Lui,KO/TKO,1,3:53,3,0,,,,,,,,,,,,,,,,
2024-06-22,UFC on ABC 6 - Whittaker vs. Aliskerov,,Nasrat Haqparast,Jared Gordon,Nasrat Haqparast,S-DEC,3,5:00,3,0,,,,,,,,,,,,,,,,
2024-06-22,LFA 186 - Bekoev vs. Foxworth,,Ty Cole Miller,Ryan Charlebois,Ty Cole Miller,KO/TKO,1,0:45,3,0,,,,,,,,,,,,,,,,
2024-06-22,UFC on ABC 6 - Whittaker vs. Aliskerov,,Daniel Rodriguez,Kelvin Gastelum,Kelvin Gastelum,DEC,3,5:00,3,0,,,,,,,,,,,,,,,,
2024-06-28,WLF - W.A.R.S. 75,,Maimaitijiang Yilizhati,Korogly Kemilev,Maimaitijiang Yilizhati,KO/TKO,2,2:15,3,0,,,,,,,,,,,,,,,,
2024-06-29,UFC 303 - Pereira vs. Prochazka 2,,Ricky Simon,Vinicius Oliveira,Vinicius Oliveira,DEC,3,5:00,3,0,,,,,,,,,,,,,,,,
2024-06-29,UFC 303 - Pereira vs. Prochazka 2,,Charles Jourdain,Jean Silva,Jean Silva,KO/TKO,2,1:22,3,0,,,,,,,,,,,,,,,,
2024-06-29,ZFN - Z-Fight Night 1,,Joo Sang Yoo,Reinaldo Ekson,Joo Sang Yoo,DEC,3,5:00,3,0,,,,,,,,,,,,,,,,
2024-06-29,UFC 303 - Pereira vs. Prochazka 2,,Dan Ige,Diego Lopes,Diego Lopes,DEC,3,5:00,3,0,,,,,,,,,,,,,,,,
2024-06-29,NLC 25 - New Line Cagefighting 25,,Thomas Gantt,Joshua Hewlett,Thomas Gantt,KO/TKO,1,4:24,3,0,,,,,,,,,,,,,,,,
2024-06-29,UFC 303 - Pereira vs. Prochazka 2,,Michael Page,Ian Garry,Ian Garry,DEC,3,5:00,3,0,,,,,,,,,,,,,,,,
2024-06-29,UFC 303 - Pereira vs. Prochazka 2,,Rei Tsuruya,Carlos Hernandez,Rei Tsuruya,DEC,3,5:00,3,0,,,,,,,,,,,,,,,,
2024-06-29,Impact Promotions - Birmingham Beatdown 2,,Treston Vines,Ratavious Williams,Treston Vines,KO/TKO,1,1:50,3,0,,,,,,,,,,,,,,,,
2024-06-29,UFC 303 - Pereira vs. Prochazka 2,,Roman Dolidze,Anthony Smith,Roman Dolidze,DEC,3,5:00,3,0,,,,,,,,,,,,,,,,
2024-06-29,UFC 303 - Pereira vs. Prochazka 2,,Gillian Robertson,Michelle Waterson-Gomez,Gillian Robertson,DEC,3,5:00,3,0,,,,,,,,,,,,,,,,
2024-07-06,NFC 62 - Naiza Fighter Championship 62: Abzaliev vs. Santos,,Daniil Donchenko,Kanybek Zhanybek Uulu,Daniil Donchenko,SUB,4,4:31,5,0,,,,,,,,,,,,,,,,
2024-07-06,KARMMA - Fight Night 2,,Delphine Benouaich,Maristela Alves do Nascimento,Delphine Benouaich,KO/TKO,2,4:10,3,0,,,,,,,,,,,,,,,,
2024-07-06,GFC - Gomes Fight Championship 9,,Jeisla Chaves,Marcela Silva,Jeisla Chaves,DEC,3,5:00,3,0,,,,,,,,,,,,,,,,
2024-07-07,Gladiator - Gladiator 027 in Osaka,,Dagiisuren Chagnaadorj,Adonis Sevilleno,Dagiisuren Chagnaadorj,S-DEC,3,5:00,3,0,,,,,,,,,,,,,,,,
2024-07-12,LFA 188 - Sweeney vs. Do Nascimento,,Jose Delgado,Joao Lucas Faria,Jose Delgado,KO/TKO,1,1:20,3,0,,,,,,,,,,,,,,,,
2024-07-12,LFA 188 - Sweeney vs. Do Nascimento,,Stanley Dorsainvil,Cedric Katambwa,Stanley Dorsainvil,DEC,3,5:00,3,0,,,,,,,,,,,,,,,,
2024-07-13,UFC on ESPN 59 - Namajunas vs. Cortez,,Montel Jackson,Da'Mon Blackshear,Montel Jackson,KO/TKO,1,0:18,3,0,,,,,,,,,,,,,,,,
2024-07-13,UFC on ESPN 59 - Namajunas vs. Cortez,,Joshua Van,Charles Johnson,Charles Johnson,KO/TKO,3,0:20,3,0,,,,,,,,,,,,,,,,
2024-07-13,UFC on ESPN 59 - Namajunas vs. Cortez,,Jean Silva,Drew Dober,Jean Silva,KO/TKO,3,1:28,3,0,,,,,,,,,,,,,,,,
2024-07-13,UFC on ESPN 59 - Namajunas vs. Cortez,,Muslim Salikhov,Santiago Ponzinibbio,Muslim Salikhov,S-DEC,3,5:00,3,0,,,,,,,,,,,,,,,,
2024-07-13,UFC on ESPN 59 - Namajunas vs. Cortez,,Darrius Flowers,Evan Elder,Evan Elder,SUB,2,1:46,3,0,,,,,,,,,,,,,,,,
2024-07-13,Shamrock FC 356 - St. Charles,,Jackson McVey,Jaquis Williams,Jackson McVey,SUB,1,0:53,3,0,,,,,,,,,,,,,,,,
2024-07-20,UFC on ESPN 60 - Lemos vs. Jandiroba,,Doo Ho Choi,Bill Algeo,Doo Ho Choi,KO/TKO,2,3:38,3,0,,,,,,,,,,,,,,,,
2024-07-20,NLC 26 - New Line Cagefighting 26,,Thomas Gantt,Skyler Mauller,Thomas Gantt,KO/TKO,2,0:39,3,0,,,,,,,,,,,,,,,,
2024-07-20,Oktagon MMA - Oktagon 59: Paradeiser vs. Torres,,Losene Keita,Predrag Bogdanovic,Losene Keita,KO/TKO,2,4:15,3,0,,,,,,,,,,,,,,,,
2024-07-20,Jungle Fight 128 - Sao Paulo,,Hector Santiago,Pedro Freitas,Hector Santiago,KO/TKO,1,1:38,3,0,,,,,,,,,,,,,,,,
2024-07-20,UFC on ESPN 60 - Lemos vs. Jandiroba,,Amanda Lemos,Virna Jandiroba,Virna Jandiroba,SUB,2,4:48,5,0,,,,,,,,,,,,,,,,
2024-07-20,UFC on ESPN 60 - Lemos vs. Jandiroba,,Thomas Petersen,Mohammed Usman,Thomas Petersen,DEC,3,5:00,3,0,,,,,,,,,,,,,,,,
2024-07-21,OFL 9 - Open Fight LATAM 9,,Nilson Rojas,William Rocha,Nilson Rojas,KO/TKO,1,4:25,3,0,,,,,,,,,,,,,,,,
2024-07-21,Bali MMA - Canggu Fight Night 31,,Kasib Murdoch,Roy Martin Sitinjak,Kasib Murdoch,KO/TKO,1,2:10,3,0,,,,,,,,,,,,,,,,
2024-07-25,CW 175 - Cage Warriors 175: Manchester,,Mason Jones,Michael Pagani,Mason Jones,DEC,3,5:00,3,0,,,,,,,,,,,,,,,,
2024-07-26,Tuff-N-Uff - Tuff-N-Uff 138,,Eric McConico,Jarome Hatch,Eric McConico,SUB,1,3:23,3,0,,,,,,,,,,,,,,,,
2024-07-27,UFC 304 - Edwards vs. Muhammad 2,,Giga Chikadze,Arnold Allen,Arnold Allen,DEC,3,5:00,3,0,,,,,,,,,,,,,,,,
2024-07-27,SFMMA - Superfight MMA 22,,Marwan Rahiki,Ryan Dennis,Marwan Rahiki,KO/TKO,1,4:31,3,0,,,,,,,,,,,,,,,,
2024-07-27,UFC 304 - Edwards vs. Muhammad 2,,Curtis Blaydes,Tom Aspinall,Tom Aspinall,KO/TKO,1,1:00,3,0,,,,,,,,,,,,,,,,
2024-07-27,NIF MMA 19 - North Iowa Fights 19,,Thomas Gantt,Jon Kennedy,Thomas Gantt,SUB,1,1:54,3,0,,,,,,,,,,,,,,,,
2024-07-27,UFC 304 - Edwards vs. Muhammad 2,,Modestas Bukauskas,Marcin Prachnio,Modestas Bukauskas,SUB,3,3:12,3,0,,,,,,,,,,,,,,,,
2024-07-27,UFC 304 - Edwards vs. Muhammad 2,,Nathaniel Wood,Daniel Pineda,Nathaniel Wood,DEC,3,5:00,3,0,,,,,,,,,,,,,,,,
2024-07-27,SFS 18 - Shuriken Fight Series 18,,Lawrence Lui,Daniel Mitchell,Lawrence Lui,DEC,3,5:00,3,0,,,,,,,,,,,,,,,,
2024-07-27,UFC 304 - Edwards vs. Muhammad 2,,Gregory Rodrigues,Christian Leroy Duncan,Gregory Rodrigues,DEC,3,5:00,3,0,,,,,,,,,,,,,,,,
2024-07-27,UAE Warriors 51 - Magomedov vs. Kabdulla,,Reinier de Ridder,Magomedmurad Khasaev,Reinier de Ridder,KO/TKO,1,2:24,3,0,,,,,,,,,,,,,,,,
2024-07-27,UAE Warriors 51 - Magomedov vs. Kabdulla,,Carol Foro,Marina Nica,Carol Foro,KO/TKO,1,2:41,3,0,,,,,,,,,,,,,,,,
2024-07-27,UFC 304 - Edwards vs. Muhammad 2,,Oban Elliott,Preston Parsons,Oban Elliott,DEC,3,5:00,3,0,,,,,,,,,,,,,,,,
2024-07-27,SFS 18 - Shuriken Fight Series 18,,Nina Nikolija Milosevic,Anastasiya Koroleva,Nina Nikolija Milosevic,DEC,3,5:00,3,0,,,,,,,,,,,,,,,,
2024-07-27,UAE Warriors 51 - Magomedov vs. Kabdulla,,Magomed Zaynukov,Wilian Poles,Magomed Zaynukov,DEC,3,5:00,3,0,,,,,,,,,,,,,,,,
2024-07-27,UFC 304 - Edwards vs. Muhammad 2,,Sam Patterson,Kiefer Crosbie,Sam Patterson,SUB,1,2:50,3,0,,,,,,,,,,,,,,,,
2024-08-01,FFC 79 - Cannetti vs. Vacacela,,Rafael Tobias,Marcelo Nunez,Rafael Tobias,KO/TKO,1,1:10,3,0,,,,,,,,,,,,,,,,
2024-08-02,Professional Fighters League - PFL 7: 2024 Playoffs,,Tyrell Fortune,Sergey Bilostenniy,Sergey Bilostenniy,SUB,1,2:00,3,0,,,,,,,,,,,,,,,,
2024-08-03,UFC on ABC 7 - Sandhagen vs. Nurmagomedov,,Sedriques Dumas,Denis Tiuliulin,Sedriques Dumas,DEC,3,5:00,3,0,,,,,,,,,,,,,,,,
2024-08-03,UFC on ABC 7 - Sandhagen vs. Nurmagomedov,,Elves Brener,Joel Alvarez,Joel Alvarez,KO/TKO,3,3:36,3,0,,,,,,,,,,,,,,,,
2024-08-03,UFC on ABC 7 - Sandhagen vs. Nurmagomedov,,Alonzo Menifield,Azamat Murzakanov,Azamat Murzakanov,KO/TKO,2,3:18,3,0,,,,,,,,,,,,,,,,
2024-08-03,UFC on ABC 7 - Sandhagen vs. Nurmagomedov,,Marlon Vera,Deiveson Figueiredo,Deiveson Figueiredo,DEC,3,5:00,3,0,,,,,,,,,,,,,,,,
2024-08-03,NLC 27 - New Line Cagefighting 27,,Thomas Gantt,Kyle Wright,nc,NC,2,3:32,3,0,,,,,,,,,,,,,,,,
2024-08-03,UFC on ABC 7 - Sandhagen vs. Nurmagomedov,,Umar Nurmagomedov,Cory Sandhagen,Umar Nurmagomedov,DEC,5,5:00,5,0,,,,,,,,,,,,,,,,
2024-08-03,Shooto - Colors 3,,Bo Hyun Park,Ayaka Watanabe,Bo Hyun Park,DEC,3,5:00,3,0,,,,,,,,,,,,,,,,
2024-08-03,UFC on ABC 7 - Sandhagen vs. Nurmagomedov,,Shamil Gaziev,Don'Tale Mayes,Shamil Gaziev,DEC,3,5:00,3,0,,,,,,,,,,,,,,,,
2024-08-03,UFC on ABC 7 - Sandhagen vs. Nurmagomedov,,Mackenzie Dern,Lupita Godinez,Mackenzie Dern,DEC,3,5:00,3,0,,,,,,,,,,,,,,,,
2024-08-03,UFC on ABC 7 - Sandhagen vs. Nurmagomedov,,Kaue Fernandes,Mohammad Yahya,Kaue Fernandes,KO/TKO,1,4:45,3,0,,,,,,,,,,,,,,,,
2024-08-09,One Championship - One Friday Fights 74,,Ilimbek Akylbek Uulu,Dzhokhar Eskiev,Dzhokhar Eskiev,KO/TKO,1,0:15,3,0,,,,,,,,,,,,,,,,
2024-08-09,Invicta FC 56 - Maia vs. Cantuaria,,Valesca Machado,Yulia Ostroverkhova,Valesca Machado,DEC,3,5:00,3,0,,,,,,,,,,,,,,,,
2024-08-09,Brave CF 84 - Brave Combat Federation 84,,Borislav Nikolic,Eqiyuebu,Borislav Nikolic,KO/TKO,1,4:50,3,0,,,,,,,,,,,,,,,,
2024-08-10,NLC 28 - New Line Cagefighting 28,,Thomas Gantt,Ernesto Zarate,Thomas Gantt,SUB,2,2:10,3,0,,,,,,,,,,,,,,,,
2024-08-10,UFC on ESPN 61 - Tybura vs. Spivac 2,,Serghei Spivac,Marcin Tybura,Serghei Spivac,SUB,1,1:44,5,0,,,,,,,,,,,,,,,,
2024-08-10,UFC on ESPN 61 - Tybura vs. Spivac 2,,Stephanie Luciano,Talita Alencar,Stephanie Luciano,DEC,3,5:00,3,0,,,,,,,,,,,,,,,,
2024-08-13,Dana White's Contender Series - Contender Series 2024: Week 1,,Jose Delgado,Ernie Juarez,Jose Delgado,KO/TKO,2,1:25,3,0,,,,,,,,,,,,,,,,
2024-08-13,Dana White's Contender Series - Contender Series 2024: Week 1,,Meng Ding,Rami Hamed,Rami Hamed,DEC,3,5:00,3,0,,,,,,,,,,,,,,,,
2024-08-13,Dana White's Contender Series - Contender Series 2024: Week 1,,Wesley Schultz,Mansur Abdul-Malik,Mansur Abdul-Malik,KO/TKO,2,3:55,3,0,,,,,,,,,,,,,,,,
2024-08-13,Dana White's Contender Series - Contender Series 2024: Week 1,,Bruno Lopes,Mikheil Sazhiniani,Bruno Lopes,KO/TKO,2,4:14,3,0,,,,,,,,,,,,,,,,
2024-08-17,UFC 305 - Du Plessis vs. Adesanya,,Tai Tuivasa,Jairzinho Rozenstruik,Jairzinho Rozenstruik,S-DEC,3,5:00,3,0,,,,,,,,,,,,,,,,
2024-08-17,UFC 305 - Du Plessis vs. Adesanya,,Casey O'Neill,Luana Santos,Casey O'Neill,DEC,3,5:00,3,0,,,,,,,,,,,,,,,,
2024-08-17,UFC 305 - Du Plessis vs. Adesanya,,Dan Hooker,Mateusz Gamrot,Dan Hooker,S-DEC,3,5:00,3,0,,,,,,,,,,,,,,,,
2024-08-17,UFC 305 - Du Plessis vs. Adesanya,,Jack Jenkins,Herbert Burns,Jack Jenkins,KO/TKO,3,0:48,3,0,,,,,,,,,,,,,,,,
2024-08-17,Anthony Pettis FC - Waukesha RMBL,,Donte Johnson,Gabriel Sayeg,Donte Johnson,KO/TKO,1,0:33,3,0,,,,,,,,,,,,,,,,
2024-08-17,UFC 305 - Du Plessis vs. Adesanya,,Steve Erceg,Kai Kara-France,Kai Kara-France,KO/TKO,1,4:04,3,0,,,,,,,,,,,,,,,,
2024-08-17,UFC 305 - Du Plessis vs. Adesanya,,Valter Walker,Junior Tafa,Valter Walker,SUB,1,4:56,3,0,,,,,,,,,,,,,,,,
2024-08-17,UFC 305 - Du Plessis vs. Adesanya,,Israel Adesanya,Dricus Du Plessis,Dricus Du Plessis,SUB,4,3:38,5,0,,,,,,,,,,,,,,,,
2024-08-20,Dana White's Contender Series - Contender Series 2024: Week 2,,Rizvan Kuniev,Hugo Cunha,Rizvan Kuniev,KO/TKO,1,4:59,3,0,,,,,,,,,,,,,,,,
2024-08-23,LFA 190 - Chapolin vs. Siqueira,,Lerryan Douglas,Javier Reyes,Lerryan Douglas,KO/TKO,2,2:56,3,0,,,,,,,,,,,,,,,,
2024-08-23,LFA 190 - Chapolin vs. Siqueira,,Eduardo Henrique,Igor Sergio Gordo Siqueira,Eduardo Henrique,KO/TKO,1,1:26,3,0,,,,,,,,,,,,,,,,
2024-08-23,LFA 190 - Chapolin vs. Siqueira,,Richie Miranda,Maycon Mendonca,Richie Miranda,DEC,3,5:00,3,0,,,,,,,,,,,,,,,,
2024-08-24,UFC on ESPN 62 - Cannonier vs. Borralho,,Edmen Shahbazyan,Gerald Meerschaert,Gerald Meerschaert,SUB,2,4:12,3,0,,,,,,,,,,,,,,,,
2024-08-24,UFC on ESPN 62 - Cannonier vs. Borralho,,Neil Magny,Michael Morales,Michael Morales,KO/TKO,1,4:39,3,0,,,,,,,,,,,,,,,,
2024-08-24,UFC on ESPN 62 - Cannonier vs. Borralho,,Robert Valentin,Ryan Loder,Ryan Loder,KO/TKO,2,1:49,3,0,,,,,,,,,,,,,,,,
2024-08-24,UFC on ESPN 62 - Cannonier vs. Borralho,,Dennis Buzukja,Francis Marshall,Francis Marshall,S-DEC,3,5:00,3,0,,,,,,,,,,,,,,,,
2024-08-27,Dana White's Contender Series - Contender Series 2024: Week 3,,Michael Aswell,Bogdan Grad,Bogdan Grad,S-DEC,3,5:00,3,0,,,,,,,,,,,,,,,,
2024-08-27,Dana White's Contender Series - Contender Series 2024: Week 3,,Matthieu Letho Duclos,Marco Tulio,Marco Tulio,KO/TKO,2,2:38,3,0,,,,,,,,,,,,,,,,
2024-08-30,LFA 191 - Prado vs. Lopes,,Hector Santiago,Pedro Sousa,Hector Santiago,KO/TKO,1,3:53,3,0,,,,,,,,,,,,,,,,
2024-08-30,LFA 191 - Prado vs. Lopes,,Lucas Fernando,Pedro Oliveira,Lucas Fernando,DEC,3,5:00,3,0,,,,,,,,,,,,,,,,
2024-08-30,LFA 191 - Prado vs. Lopes,,Guilherme Pat,Mauricio Boni Cogo Queiroz,Guilherme Pat,KO/TKO,3,3:13,3,0,,,,,,,,,,,,,,,,
2024-08-31,MFN 15 - Matrix Fight Night 15,,Chungreng Koren,Kantharaj Agasa,Chungreng Koren,KO/TKO,2,2:46,3,0,,,,,,,,,,,,,,,,
2024-09-03,Dana White's Contender Series - Contender Series 2024: Week 4,,Djorden Santos,Will Currie,Djorden Santos,DEC,3,5:00,3,0,,,,,,,,,,,,,,,,
2024-09-03,Dana White's Contender Series - Contender Series 2024: Week 4,,Gauge Young,Quillan Salkilld,Quillan Salkilld,DEC,3,5:00,3,0,,,,,,,,,,,,,,,,
2024-09-06,LXF 19 - Lights Out Xtreme Fighting 19,,Sean Sharaf,L.J. Torres,Sean Sharaf,KO/TKO,1,3:19,3,0,,,,,,,,,,,,,,,,
2024-09-07,UFC Fight Night 242 - Burns vs. Brady,,Vanessa Demopoulos,Jaqueline Amorim,Jaqueline Amorim,SUB,1,3:28,3,0,,,,,,,,,,,,,,,,
2024-09-07,HFS - Hex Fight Series 32,,Marwan Rahiki,Michael Mannu,Marwan Rahiki,KO/TKO,1,N/A,3,0,,,,,,,,,,,,,,,,
2024-09-07,Shamrock FC 357 - St. Charles,,Thomas Gantt,Montrell James,Thomas Gantt,DEC,3,5:00,3,0,,,,,,,,,,,,,,,,
2024-09-07,UFC Fight Night 242 - Burns vs. Brady,,Zhu Rong,Chris Padilla,Chris Padilla,KO/TKO,2,4:14,3,0,,,,,,,,,,,,,,,,
2024-09-07,FCC 39 - Full Contact Contender 39,,Kurtis Campbell,Matheus Lima,Kurtis Campbell,DEC,5,5:00,5,0,,,,,,,,,,,,,,,,
2024-09-07,UFC Fight Night 242 - Burns vs. Brady,,Trevor Peek,Yanal Ashmouz,Yanal Ashmouz,DEC,3,5:00,3,0,,,,,,,,,,,,,,,,
2024-09-07,UFC Fight Night 242 - Burns vs. Brady,,Andre Lima,Felipe dos Santos,Andre Lima,DEC,3,5:00,3,0,,,,,,,,,,,,,,,,
2024-09-07,HFS - Hex Fight Series 32,,George Mangos,Jarrett Wilbraham,George Mangos,SUB,2,N/A,3,0,,,,,,,,,,,,,,,,
2024-09-07,HFS - Hex Fight Series 32,,Kasib Murdoch,Jake Piper,Kasib Murdoch,SUB,3,N/A,3,0,,,,,,,,,,,,,,,,
2024-09-08,Deep - Jewels 46,,Machi Fukuda,Morgane Manfredi,Machi Fukuda,SUB,2,2:43,3,0,,,,,,,,,,,,,,,,
2024-09-10,Dana White's Contender Series - Contender Series 2024: Week 5,,Yousri Belgaroui,Taiga Iwasaki,Yousri Belgaroui,KO/TKO,3,2:34,3,0,,,,,,,,,,,,,,,,
2024-09-10,Dana White's Contender Series - Contender Series 2024: Week 5,,Navajo Stirling,Phillip Latu,Navajo Stirling,KO/TKO,2,2:21,3,0,,,,,,,,,,,,,,,,
2024-09-14,UFC 306 - Noche UFC: O'Malley vs. Dvalishvili,,Raul Rosas Jr.,Qileng Aori,Raul Rosas Jr.,DEC,3,5:00,3,0,,,,,,,,,,,,,,,,
2024-09-14,UFC 306 - Noche UFC: O'Malley vs. Dvalishvili,,Norma Dumont,Irene Aldana,Norma Dumont,DEC,3,5:00,3,0,,,,,,,,,,,,,,,,
2024-09-14,UFC 306 - Noche UFC: O'Malley vs. Dvalishvili,,Yazmin Jauregui,Ketlen Souza,Ketlen Souza,SUB,1,3:02,3,0,,,,,,,,,,,,,,,,
2024-09-14,UFC 306 - Noche UFC: O'Malley vs. Dvalishvili,,Joshua Van,Edgar Chairez,Joshua Van,DEC,3,5:00,3,0,,,,,,,,,,,,,,,,
2024-09-14,UFC 306 - Noche UFC: O'Malley vs. Dvalishvili,,Alexa Grasso,Valentina Shevchenko,Valentina Shevchenko,DEC,5,5:00,5,0,,,,,,,,,,,,,,,,
2024-09-14,UFC 306 - Noche UFC: O'Malley vs. Dvalishvili,,Ignacio Bahamondes,Manuel Torres,Ignacio Bahamondes,KO/TKO,1,4:02,3,0,,,,,,,,,,,,,,,,
2024-09-14,UFC 306 - Noche UFC: O'Malley vs. Dvalishvili,,Esteban Ribovics,Daniel Zellhuber,Esteban Ribovics,S-DEC,3,5:00,3,0,,,,,,,,,,,,,,,,
2024-09-14,Bellator Champions Series London - McCourt vs. Collins,,Manoel Sousa,Archie Colgan,Archie Colgan,DEC,3,5:00,3,0,,,,,,,,,,,,,,,,
2024-09-20,NFC 168 - National Fighting Championship 168,,Treston Vines,Robert Hale,Treston Vines,SUB,2,4:45,3,0,,,,,,,,,,,,,,,,
2024-09-20,LFA 193 - Bowers vs. Borisova,,Jackson McVey,Ben Fowler,Jackson McVey,SUB,1,0:33,3,0,,,,,,,,,,,,,,,,
2024-09-20,LFA 193 - Bowers vs. Borisova,,Steven Asplund,Denzel Freeman,Denzel Freeman,SUB,2,1:17,3,0,,,,,,,,,,,,,,,,
2024-09-21,Oktagon MMA - Oktagon 61: Paradeiser vs. Duque,,Losene Keita,Mateusz Legierski,Losene Keita,DEC,3,5:00,3,0,,,,,,,,,,,,,,,,
2024-09-21,FLA 16 - Fight League Atlantic,,Cameron Nelson,Ryan Rohovich,Cameron Nelson,DEC,3,5:00,3,0,,,,,,,,,,,,,,,,
2024-09-24,Dana White's Contender Series - Contender Series 2024: Week 7,,Alexia Thainara,Rose Conceicao,Alexia Thainara,DEC,3,5:00,3,0,,,,,,,,,,,,,,,,
2024-09-25,FFC 81 - Vera vs. Carnica,,Sofia Montenegro,Anyela Perez,Sofia Montenegro,DEC,3,5:00,3,0,,,,,,,,,,,,,,,,
2024-09-26,Ares 25 - Sola vs. Gagloev,,Axel Sola,Soslan Gagloev,Axel Sola,KO/TKO,2,4:59,3,0,,,,,,,,,,,,,,,,
2024-09-27,CFFC 136 - Cage Fury Fighting Championships 136: Forest vs. Richards,,Bilal Hasan,Jose Leon,Bilal Hasan,SUB,2,2:16,3,0,,,,,,,,,,,,,,,,
2024-09-27,Octagon Promotion - Octagon 63: Kasymaly uulu vs. Azizli,,Farida Abdueva,Zeynab Jafari,Farida Abdueva,KO/TKO,2,2:43,3,0,,,,,,,,,,,,,,,,
2024-09-28,UFC Fight Night 243 - Moicano vs. St. Denis,,Ailin Perez,Darya Zheleznyakova,Ailin Perez,SUB,1,3:52,3,0,,,,,,,,,,,,,,,,
2024-09-28,UAE Warriors 54 - Jumaev vs. Sadygov,,Mehemmedali Osmanli,Shamil Boraev,Mehemmedali Osmanli,SUB,2,3:28,3,0,,,,,,,,,,,,,,,,
2024-09-28,Babilon MMA 47 - Dudek vs. Hunanyan,,Iwo Baraniewski,Cemey dos Santos,Iwo Baraniewski,KO/TKO,1,1:11,3,0,,,,,,,,,,,,,,,,
2024-09-28,UFC Fight Night 243 - Moicano vs. St. Denis,,Joanderson Brito,William Gomis,William Gomis,S-DEC,3,5:00,3,0,,,,,,,,,,,,,,,,
2024-09-28,UFC Fight Night 243 - Moicano vs. St. Denis,,Fares Ziam,Matt Frevola,Fares Ziam,KO/TKO,3,2:59,3,0,,,,,,,,,,,,,,,,
2024-09-28,UFC Fight Night 243 - Moicano vs. St. Denis,,Morgan Charriere,Gabriel Miranda,Morgan Charriere,KO/TKO,2,0:27,3,0,,,,,,,,,,,,,,,,
2024-09-28,UFC Fight Night 243 - Moicano vs. St. Denis,,Oumar Sy,Da Woon Jung,Oumar Sy,DEC,3,5:00,3,0,,,,,,,,,,,,,,,,
2024-09-28,UFC Fight Night 243 - Moicano vs. St. Denis,,Nora Cornolle,Jacqueline Cavalcanti,Jacqueline Cavalcanti,S-DEC,3,5:00,3,0,,,,,,,,,,,,,,,,
2024-09-28,Professional Fighters League - PFL Europe 3: 2024 Playoffs,,Shanelle Dyer,Valentina Scatizzi,Shanelle Dyer,S-DEC,3,5:00,3,0,,,,,,,,,,,,,,,,
2024-09-28,UFC Fight Night 243 - Moicano vs. St. Denis,,Ludovit Klein,Roosevelt Roberts,Ludovit Klein,DEC,3,5:00,3,0,,,,,,,,,,,,,,,,
2024-09-28,Brave CF 88 / WFC - Brave Combat Federation 88 / World Freefight Challenge,,Marina Spasic,Maristela Alves do Nascimento,Marina Spasic,KO/TKO,3,2:11,3,0,,,,,,,,,,,,,,,,
2024-10-01,Dana White's Contender Series - Contender Series 2024: Week 8,,David Martinez,Xavier Franklin,David Martinez,DEC,3,5:00,3,0,,,,,,,,,,,,,,,,
2024-10-01,Dana White's Contender Series - Contender Series 2024: Week 8,,Diyar Nurgozhay,Bartosz Szewczyk,Diyar Nurgozhay,KO/TKO,2,3:32,3,0,,,,,,,,,,,,,,,,
2024-10-03,Coliseum 1 - Coliseum Fighting Championship,,Noah Gugnon,Bruno Nunes,Noah Gugnon,SUB,1,4:20,3,0,,,,,,,,,,,,,,,,
2024-10-05,UFC 307 - Pereira vs. Rountree,,Ryan Spann,Ovince St. Preux,Ryan Spann,SUB,1,1:35,3,0,,,,,,,,,,,,,,,,
2024-10-05,UFC 307 - Pereira vs. Rountree,,Roman Dolidze,Kevin Holland,Roman Dolidze,KO/TKO,1,5:00,3,0,,,,,,,,,,,,,,,,
2024-10-06,Gladiator - Gladiator 028 in Osaka,,Dagiisuren Chagnaadorj,Chihaya Ishizuki,Dagiisuren Chagnaadorj,SUB,2,4:19,3,0,,,,,,,,,,,,,,,,
2024-10-08,Dana White's Contender Series - Contender Series 2024: Week 9,,Mario Pinto,Lucas Triverio Camacho,Mario Pinto,KO/TKO,1,1:43,3,0,,,,,,,,,,,,,,,,
2024-10-11,The King of Fighters 8 - KOF 8,,Delphine Benouaich,Anita Bekus,Delphine Benouaich,DEC,3,5:00,3,0,,,,,,,,,,,,,,,,
2024-10-12,UFC Fight Night 244 - Royval vs. Taira,,Sean Sharaf,Junior Tafa,Junior Tafa,KO/TKO,2,2:15,3,0,,,,,,,,,,,,,,,,
2024-10-12,UFC Fight Night 244 - Royval vs. Taira,,Rafa Garcia,Grant Dawson,Grant Dawson,KO/TKO,2,1:42,3,0,,,,,,,,,,,,,,,,
2024-10-12,Happy Elephant - MMA Champions League,,Ce Liu,Ivan Gnizditskiy,Ivan Gnizditskiy,KO/TKO,2,1:55,3,0,,,,,,,,,,,,,,,,
2024-10-12,UFC Fight Night 244 - Royval vs. Taira,,Julia Polastri,Cory McKenna,Julia Polastri,S-DEC,3,5:00,3,0,,,,,,,,,,,,,,,,
2024-10-12,UFC Fight Night 244 - Royval vs. Taira,,Chidi Njokuani,Jared Gooden,Chidi Njokuani,DEC,3,5:00,3,0,,,,,,,,,,,,,,,,
2024-10-12,UFC Fight Night 244 - Royval vs. Taira,,Daniel Rodriguez,Alex Morono,Daniel Rodriguez,S-DEC,3,5:00,3,0,,,,,,,,,,,,,,,,
2024-10-12,UFC Fight Night 244 - Royval vs. Taira,,Ramazonbek Temirov,C.J. Vergara,Ramazonbek Temirov,KO/TKO,1,2:50,3,0,,,,,,,,,,,,,,,,
2024-10-15,Dana White's Contender Series - Contender Series 2024: Week 10,,Yadier Del Valle,Antonio Monteiro,Yadier Del Valle,DEC,3,5:00,3,0,,,,,,,,,,,,,,,,
2024-10-18,LFA 194 - Magomedov vs. Leyva,,Giovanna Canuto,Ershirley Kessy Pereira,Giovanna Canuto,KO/TKO,1,4:03,3,0,,,,,,,,,,,,,,,,
2024-10-19,UFC Fight Night 245 - Hernandez vs. Pereira,,Robelis Despaigne,Austen Lane,Austen Lane,DEC,3,5:00,3,0,,,,,,,,,,,,,,,,
2024-10-19,RCWC - Halloween Brawl 8,,Thomas Gantt,Cody Carrillo,Thomas Gantt,SUB,2,0:41,3,0,,,,,,,,,,,,,,,,
2024-10-19,VFN 41 - Vendetta Fight Nights 41,,Pavel Andrusca,Ahmet Simsek,Pavel Andrusca,KO/TKO,1,3:40,3,0,,,,,,,,,,,,,,,,
2024-10-19,UFC Fight Night 245 - Hernandez vs. Pereira,,Su Mudaerji,Charles Johnson,Charles Johnson,DEC,3,5:00,3,0,,,,,,,,,,,,,,,,
2024-10-19,UFC Fight Night 245 - Hernandez vs. Pereira,,Anthony Hernandez,Michel Pereira,Anthony Hernandez,KO/TKO,5,2:22,5,0,,,,,,,,,,,,,,,,
2024-10-19,UFC Fight Night 245 - Hernandez vs. Pereira,,Elise Reed,Jessica Penne,Elise Reed,DEC,3,5:00,3,0,,,,,,,,,,,,,,,,
2024-10-19,UFC Fight Night 245 - Hernandez vs. Pereira,,Darren Elkins,Daniel Pineda,Darren Elkins,DEC,3,5:00,3,0,,,,,,,,,,,,,,,,
2024-10-19,Allstars Fight Night - AFN 8,,Mark Vologdin,Renan Cesar Baptista,Mark Vologdin,KO/TKO,1,3:54,3,0,,,,,,,,,,,,,,,,
2024-10-25,WLF - W.A.R.S. 79,,Maimaitijiang Yilizhati,Vasily Melnikov,Maimaitijiang Yilizhati,KO/TKO,1,1:12,3,0,,,,,,,,,,,,,,,,
2024-10-26,EFC Global 50 - Turdubekov vs. Yuldashev,,Ilimbek Akylbek Uulu,Ozodbek Bobokulov,Ilimbek Akylbek Uulu,SUB,1,1:02,3,0,,,,,,,,,,,,,,,,
2024-10-26,UFC 308 - Topuria vs. Holloway,,Brunno Ferreira,Abus Magomedov,Abus Magomedov,SUB,3,3:14,3,0,,,,,,,,,,,,,,,,
2024-10-26,UFC 308 - Topuria vs. Holloway,,Dan Ige,Lerone Murphy,Lerone Murphy,DEC,3,5:00,3,0,,,,,,,,,,,,,,,,
2024-10-26,WLF - WLF 549,,Ailinuer Ahejiang,Gabriel Gabrielyan,Ailinuer Ahejiang,SUB,1,4:02,3,0,,,,,,,,,,,,,,,,
2024-10-26,UFC 308 - Topuria vs. Holloway,,Kennedy Nzechukwu,Chris Barnett,Kennedy Nzechukwu,KO/TKO,1,4:27,3,0,,,,,,,,,,,,,,,,
2024-10-26,UFC 308 - Topuria vs. Holloway,,Myktybek Orolbai,Mateusz Rebecki,Mateusz Rebecki,S-DEC,3,5:00,3,0,,,,,,,,,,,,,,,,
2024-10-26,UFC 308 - Topuria vs. Holloway,,Aleksandar Rakic,Magomed Ankalaev,Magomed Ankalaev,DEC,3,5:00,3,0,,,,,,,,,,,,,,,,
2024-10-27,Bali MMA - Canggu Fight Night 32,,Kasib Murdoch,Rufino Mante,Kasib Murdoch,KO/TKO,1,3:17,3,0,,,,,,,,,,,,,,,,
2024-11-02,UFC Fight Night 246 - Moreno vs. Albazi,,Charles Jourdain,Victor Henry,Charles Jourdain,SUB,2,3:43,3,0,,,,,,,,,,,,,,,,
2024-11-02,UFC Fight Night 246 - Moreno vs. Albazi,,Brandon Moreno,Amir Albazi,Brandon Moreno,DEC,5,5:00,5,0,,,,,,,,,,,,,,,,
2024-11-02,LIS 2 - Llescas I Sobrasadas 2,,Fabia Sintes,Mohamed El Goundeuz,Fabia Sintes,KO/TKO,1,1:40,3,0,,,,,,,,,,,,,,,,
2024-11-02,UFC Fight Night 246 - Moreno vs. Albazi,,Dustin Stoltzfus,Marc-Andre Barriault,Dustin Stoltzfus,KO/TKO,1,4:28,3,0,,,,,,,,,,,,,,,,
2024-11-08,Fierce FC 34 - Fierce Fighting Championship 34,,Christian Edwards,Jarome Hatch,Christian Edwards,KO/TKO,0,0:00,3,0,,,,,,,,,,,,,,,,
2024-11-09,UFC Fight Night 247 - Magny vs. Prates,,Klaudia Sygula,Melissa Mullins,Melissa Mullins,KO/TKO,2,1:20,3,0,,,,,,,,,,,,,,,,
2024-11-09,UFC Fight Night 247 - Magny vs. Prates,,Denise Gomes,Karolina Kowalkiewicz,Denise Gomes,DEC,3,5:00,3,0,,,,,,,,,,,,,,,,
2024-11-09,Dragon FC - Longsan Fight: China Cup International MMA Tournament,,Ailinuer Ahejiang,Fudo Ito,Ailinuer Ahejiang,KO/TKO,1,2:57,3,0,,,,,,,,,,,,,,,,
2024-11-09,UFC Fight Night 247 - Magny vs. Prates,,Reinier de Ridder,Gerald Meerschaert,Reinier de Ridder,SUB,3,1:44,3,0,,,,,,,,,,,,,,,,
2024-11-09,UFC Fight Night 247 - Magny vs. Prates,,Gillian Robertson,Luana Pinheiro,Gillian Robertson,DEC,3,5:00,3,0,,,,,,,,,,,,,,,,
2024-11-09,UFC Fight Night 247 - Magny vs. Prates,,Mansur Abdul-Malik,Dusko Todorovic,Mansur Abdul-Malik,KO/TKO,1,2:44,3,0,,,,,,,,,,,,,,,,
2024-11-09,UFC Fight Night 247 - Magny vs. Prates,,Tresean Gore,Antonio Trocoli,Tresean Gore,SUB,1,1:23,3,0,,,,,,,,,,,,,,,,
2024-11-09,UFC Fight Night 247 - Magny vs. Prates,,Neil Magny,Carlos Prates,Carlos Prates,KO/TKO,1,4:50,5,0,,,,,,,,,,,,,,,,
2024-11-16,UFC 309 - Jones vs. Miocic,,Mauricio Ruffy,James Llontop,Mauricio Ruffy,DEC,3,5:00,3,0,,,,,,,,,,,,,,,,
2024-11-16,UFC 309 - Jones vs. Miocic,,Eduarda Moura,Veronica Hardy,Eduarda Moura,DEC,3,5:00,3,0,,,,,,,,,,,,,,,,
2024-11-16,AFC 35 - Angel's Fighting Championship 35: Knockout,,Young Jae Song,Ryo Takagi,Young Jae Song,KO/TKO,1,2:21,3,0,,,,,,,,,,,,,,,,
2024-11-16,PFC 40 - Peak Fighting 40,,Stanley Dorsainvil,Johnny Smith,Stanley Dorsainvil,SUB,1,3:34,3,0,,,,,,,,,,,,,,,,
2024-11-16,UFC 309 - Jones vs. Miocic,,Ramiz Brahimaj,Mickey Gall,Ramiz Brahimaj,KO/TKO,1,2:55,3,0,,,,,,,,,,,,,,,,
2024-11-16,UFC 309 - Jones vs. Miocic,,Marcin Tybura,Jhonata Diniz,Marcin Tybura,KO/TKO,2,5:00,3,0,,,,,,,,,,,,,,,,
2024-11-16,UFC 309 - Jones vs. Miocic,,Oban Elliott,Bassil Hafez,Oban Elliott,KO/TKO,3,0:40,3,0,,,,,,,,,,,,,,,,
2024-11-22,Babilon MMA 49 - Politylo vs. Majdan,,Iwo Baraniewski,Sylwester Borys,Iwo Baraniewski,KO/TKO,1,3:01,3,0,,,,,,,,,,,,,,,,
2024-11-22,LFA 197 - Kuziutina vs Guimaraes,,Ryan Gandra,Vladimir Calvo Marrero,Ryan Gandra,KO/TKO,1,2:28,3,0,,,,,,,,,,,,,,,,
2024-11-22,LFA 197 - Kuziutina vs Guimaraes,,Marcio Barbosa,Luis Felipe de Oliveira,Marcio Barbosa,KO/TKO,1,2:54,3,0,,,,,,,,,,,,,,,,
2024-11-22,LFA 197 - Kuziutina vs Guimaraes,,Michael Oliveira,Aldo Pereira,Michael Oliveira,DEC,3,5:00,3,0,,,,,,,,,,,,,,,,
2024-11-23,UFC Fight Night 248 - Yan vs. Figueiredo,,Osman Diaz,Mingyang Zhang,Mingyang Zhang,KO/TKO,1,2:25,3,0,,,,,,,,,,,,,,,,
2024-11-23,UFC Fight Night 248 - Yan vs. Figueiredo,,Muslim Salikhov,Kenan Song,Muslim Salikhov,KO/TKO,1,3:49,3,0,,,,,,,,,,,,,,,,
2024-11-23,Naiza FC 69 - Naiza Fighter Championship 69: Donchenko vs. Kudaibergenov,,Daniil Donchenko,Rustem Kudaibergenov,Daniil Donchenko,DEC,5,5:00,5,0,,,,,,,,,,,,,,,,
2024-11-23,HXMMA 21 - Hexagone MMA 21,,Michael Aljarouj,Pedro Nobre,Michael Aljarouj,KO/TKO,1,1:10,3,0,,,,,,,,,,,,,,,,
2024-11-23,UFC Fight Night 248 - Yan vs. Figueiredo,,Xiaonan Yan,Tabatha Ricci,Xiaonan Yan,DEC,3,5:00,3,0,,,,,,,,,,,,,,,,
2024-11-23,UFC Fight Night 248 - Yan vs. Figueiredo,,Long Xiao,Quang Le,Long Xiao,KO/TKO,3,1:28,3,0,,,,,,,,,,,,,,,,
2024-11-23,UFC Fight Night 248 - Yan vs. Figueiredo,,Maheshate Hayisaer,Nikolas Motta,Nikolas Motta,DEC,3,5:00,3,0,,,,,,,,,,,,,,,,
2024-11-23,HFS - Hex Fight Series 33,,George Mangos,Shoichi Tomita,George Mangos,KO/TKO,1,1:27,3,0,,,,,,,,,,,,,,,,
2024-11-23,Deep - Jewels 47,,Machi Fukuda,Suwanan Boonsorn,Machi Fukuda,SUB,2,2:27,3,0,,,,,,,,,,,,,,,,
2024-11-23,Soldado Combat 4 - Vambert vs. Roberto,,Carol Foro,Dayane Mestrinha,Carol Foro,KO/TKO,1,2:16,3,0,,,,,,,,,,,,,,,,
2024-11-23,FEN 57 - Rzepecki vs. Jablonski,,Damian Rzepecki,Marcin Jablonski,Damian Rzepecki,KO/TKO,3,4:13,3,0,,,,,,,,,,,,,,,,
2024-11-29,Eternal MMA 90 - Gold Coast,,Joseph Larcinese,Oden Muscat,Joseph Larcinese,SUB,3,4:39,3,0,,,,,,,,,,,,,,,,
2024-11-30,NIF MMA 20 - North Iowa Fights 20,,Thomas Gantt,Josh Henry,Thomas Gantt,KO/TKO,3,0:16,3,0,,,,,,,,,,,,,,,,
2024-11-30,FCC 40 - Full Contact Contender 40,,Kurtis Campbell,Daniel Matusic,Kurtis Campbell,KO/TKO,1,2:49,3,0,,,,,,,,,,,,,,,,
2024-11-30,UNF 21 - Up Next Fighting 21,,Gianni Vazquez,Victor Rosas,Gianni Vazquez,DEC,3,5:00,3,0,,,,,,,,,,,,,,,,
2024-12-06,FAC 27 - Fighting Alliance Championship 27: Young vs. Grant,,Gauge Young,Eric Grant,Gauge Young,KO/TKO,2,0:11,3,0,,,,,,,,,,,,,,,,
2024-12-06,LFA 198 - Miranda vs. Oyarzun,,Ty Cole Miller,Arthur de Barros Vieira Rocha,nc,NC,1,3:30,3,0,,,,,,,,,,,,,,,,
2024-12-06,LFA 198 - Miranda vs. Oyarzun,,Richie Miranda,Hugo Oyarzun,Richie Miranda,DEC,3,5:00,3,0,,,,,,,,,,,,,,,,
2024-12-07,UFC 310 - Pantoja vs. Asakura,,Joshua Van,Cody Durden,Joshua Van,DEC,3,5:00,3,0,,,,,,,,,,,,,,,,
2024-12-07,UFC 310 - Pantoja vs. Asakura,,Alexandre Pantoja,Kai Asakura,Alexandre Pantoja,SUB,2,2:05,5,0,,,,,,,,,,,,,,,,
2024-12-07,UFC 310 - Pantoja vs. Asakura,,Doo Ho Choi,Nate Landwehr,Doo Ho Choi,KO/TKO,3,3:21,3,0,,,,,,,,,,,,,,,,
2024-12-07,UFC 310 - Pantoja vs. Asakura,,Kennedy Nzechukwu,Lukasz Brzeski,Kennedy Nzechukwu,KO/TKO,1,4:51,3,0,,,,,,,,,,,,,,,,
2024-12-07,UFC 310 - Pantoja vs. Asakura,,Ian Garry,Shavkat Rakhmonov,Shavkat Rakhmonov,DEC,5,5:00,5,0,,,,,,,,,,,,,,,,
2024-12-07,UFC 310 - Pantoja vs. Asakura,,Vicente Luque,Themba Gorimbo,Vicente Luque,SUB,1,0:52,3,0,,,,,,,,,,,,,,,,
2024-12-07,The King of Fighters 11 - KOF 11,,Noah Gugnon,Nicolas Di Franco,Noah Gugnon,KO/TKO,2,3:24,3,0,,,,,,,,,,,,,,,,
2024-12-07,Oktagon MMA - Oktagon 64: Moeil vs. Todev 2,,Alexander Poppeck,Mateusz Strzelczyk,nc,NC,1,2:28,3,0,,,,,,,,,,,,,,,,
2024-12-08,LFL 15 - Levels Fight League 15,,Louie Sutherland,Renato Rangel,Louie Sutherland,DEC,3,5:00,3,0,,,,,,,,,,,,,,,,
2024-12-13,Invicta FC 59 - Bernardo vs. Maia,,Valesca Machado,Yasmin Castanho,Valesca Machado,DEC,3,5:00,3,0,,,,,,,,,,,,,,,,
2024-12-14,ZFN - Z-Fight Night 2,,Joo Sang Yoo,Masuto Kawana,Joo Sang Yoo,KO/TKO,1,1:15,3,0,,,,,,,,,,,,,,,,
2024-12-14,Fusion Fight League - Season's Beatings,,Tommy McMillen,Genier Penagos,Tommy McMillen,SUB,1,1:10,3,0,,,,,,,,,,,,,,,,
2024-12-14,UFC on ESPN 63 - Covington vs. Buckley,,Drakkar Klose,Joel Alvarez,Joel Alvarez,KO/TKO,1,2:48,3,0,,,,,,,,,,,,,,,,
2024-12-14,UFC on ESPN 63 - Covington vs. Buckley,,Felipe Lima,Miles Johns,Felipe Lima,DEC,3,5:00,3,0,,,,,,,,,,,,,,,,
2024-12-14,The King of Fighters 12 - KOF 12,,Delphine Benouaich,Naizi Cantanhede,Naizi Cantanhede,DEC,5,5:00,5,0,,,,,,,,,,,,,,,,
2024-12-14,UFC on ESPN 63 - Covington vs. Buckley,,Sean Woodson,Fernando Padilla,Sean Woodson,KO/TKO,1,4:58,3,0,,,,,,,,,,,,,,,,
2024-12-14,UFC on ESPN 63 - Covington vs. Buckley,,Vitor Petrino,Dustin Jacoby,Dustin Jacoby,KO/TKO,3,3:44,3,0,,,,,,,,,,,,,,,,
2024-12-14,UFC on ESPN 63 - Covington vs. Buckley,,Billy Quarantillo,Cub Swanson,Cub Swanson,KO/TKO,3,1:36,3,0,,,,,,,,,,,,,,,,
2024-12-14,UFC on ESPN 63 - Covington vs. Buckley,,Navajo Stirling,George Tokkos,Navajo Stirling,DEC,3,5:00,3,0,,,,,,,,,,,,,,,,
2024-12-14,ARMMADA - ARMMADA 10,,Borislav Nikolic,Cleuber Cabral,Borislav Nikolic,SUB,2,2:59,3,0,,,,,,,,,,,,,,,,
2024-12-14,MMA Series 87 - Dyakonov vs. Andryushko,,Muhammad Saidov,Leonardo Guimaraes,Muhammad Saidov,KO/TKO,2,1:07,3,0,,,,,,,,,,,,,,,,
2024-12-15,Fury FC 99 - Fury Fighting Championship 99: Aswell vs. Ramos,,Michael Aswell,Dorian Ramos,Michael Aswell,S-DEC,3,5:00,3,0,,,,,,,,,,,,,,,,
2024-12-20,KSW 101 - Le Classique: Parnasse vs. Varela,,Salahdine Parnasse,Wilson Varela,Salahdine Parnasse,KO/TKO,2,1:00,3,0,,,,,,,,,,,,,,,,
2024-12-29,Oktagon MMA - Oktagon 65: Paradeiser vs. Keita 2,,Losene Keita,Ronald Paradeiser,Losene Keita,KO/TKO,2,4:02,3,0,,,,,,,,,,,,,,,,
2025-01-04,Reality Fighting - Mohegun Sun Arena,,Thomas Gantt,Anthony Benevides,Thomas Gantt,KO/TKO,2,2:34,3,0,,,,,,,,,,,,,,,,
2025-01-10,HXMMA 23 - Hexagone MMA 23,,Matthieu Letho Duclos,Daichi Henry Mikami,Matthieu Letho Duclos,DEC,5,5:00,5,0,,,,,,,,,,,,,,,,
2025-01-10,WLF - W.A.R.S. 81,,Maimaitijiang Yilizhati,Woo Ram Shim,Maimaitijiang Yilizhati,KO/TKO,1,3:59,3,0,,,,,,,,,,,,,,,,
2025-01-10,One Championship - One on Prime Video 27,,Bo Meng,Chihiro Sawada,Bo Meng,DEC,3,5:00,3,0,,,,,,,,,,,,,,,,
2025-01-11,UFC Fight Night 249 - Dern vs. Ribas 2,,Punahele Soriano,Uros Medic,Punahele Soriano,KO/TKO,1,0:31,3,0,,,,,,,,,,,,,,,,
2025-01-11,UFC Fight Night 249 - Dern vs. Ribas 2,,Mackenzie Dern,Amanda Ribas,Mackenzie Dern,SUB,3,4:56,5,0,,,,,,,,,,,,,,,,
2025-01-11,UFC Fight Night 249 - Dern vs. Ribas 2,,Bruno Lopes,Magomed Gadzhiyasulov,Bruno Lopes,DEC,3,5:00,3,0,,,,,,,,,,,,,,,,
2025-01-11,UFC Fight Night 249 - Dern vs. Ribas 2,,Santiago Ponzinibbio,Carlston Harris,Santiago Ponzinibbio,KO/TKO,3,3:13,3,0,,,,,,,,,,,,,,,,
2025-01-12,Gladiator - Gladiator 029 in Osaka,,Dagiisuren Chagnaadorj,Jae Hyuk Bang,Jae Hyuk Bang,DEC,3,5:00,3,0,,,,,,,,,,,,,,,,
2025-01-17,UAE Warriors 57 - AlQaisi vs. Vargas,,Carol Foro,Zulfiya Kurbashova,Carol Foro,KO/TKO,2,3:30,3,0,,,,,,,,,,,,,,,,
2025-01-18,UFC 311 - Makhachev vs. Moicano,,Raoni Barcelos,Payton Talbott,Raoni Barcelos,DEC,3,5:00,3,0,,,,,,,,,,,,,,,,
2025-01-18,UFC 311 - Makhachev vs. Moicano,,Ailin Perez,Karol Rosa,Ailin Perez,DEC,3,5:00,3,0,,,,,,,,,,,,,,,,
2025-01-18,UFC 311 - Makhachev vs. Moicano,,Rinya Nakamura,Muin Gafurov,Muin Gafurov,DEC,3,5:00,3,0,,,,,,,,,,,,,,,,
2025-01-18,Shamrock FC 360 - St. Charles,,Christian Edwards,Jake Collier,Christian Edwards,KO/TKO,1,3:36,3,0,,,,,,,,,,,,,,,,
2025-01-18,Ares 28 - Sola vs. Caio,,Axel Sola,Lucas Caio,Axel Sola,KO/TKO,2,3:43,3,0,,,,,,,,,,,,,,,,
2025-01-18,UFC 311 - Makhachev vs. Moicano,,Umar Nurmagomedov,Merab Dvalishvili,Merab Dvalishvili,DEC,5,5:00,5,0,,,,,,,,,,,,,,,,
2025-01-18,UFC 311 - Makhachev vs. Moicano,,Serghei Spivac,Jailton Almeida,Jailton Almeida,KO/TKO,1,4:53,3,0,,,,,,,,,,,,,,,,
2025-01-18,UFC 311 - Makhachev vs. Moicano,,Reinier de Ridder,Kevin Holland,Reinier de Ridder,SUB,1,3:31,3,0,,,,,,,,,,,,,,,,
2025-01-18,UFC 311 - Makhachev vs. Moicano,,Islam Makhachev,Renato Carneiro,Islam Makhachev,SUB,1,4:05,3,0,,,,,,,,,,,,,,,,
2025-01-18,UFC 311 - Makhachev vs. Moicano,,Diego Ferreira,Grant Dawson,Grant Dawson,DEC,3,5:00,3,0,,,,,,,,,,,,,,,,
2025-01-18,UFC 311 - Makhachev vs. Moicano,,Bogdan Guskov,Billy Elekana,Bogdan Guskov,SUB,2,3:33,3,0,,,,,,,,,,,,,,,,
2025-01-25,LFA 200 - Johns vs. Douglas,,Lerryan Douglas,Elijah Johns,Lerryan Douglas,KO/TKO,2,2:35,3,0,,,,,,,,,,,,,,,,
2025-01-25,LFA 200 - Johns vs. Douglas,,Steven Asplund,Hammer Morton,Steven Asplund,KO/TKO,3,1:29,3,0,,,,,,,,,,,,,,,,
2025-02-01,UFC Fight Night 250 - Adesanya vs. Imavov,,Fares Ziam,Mike Davis,Fares Ziam,DEC,3,5:00,3,0,,,,,,,,,,,,,,,,
2025-02-01,UFC Fight Night 250 - Adesanya vs. Imavov,,Michael Page,Sharabutdin Magomedov,Michael Page,DEC,3,5:00,3,0,,,,,,,,,,,,,,,,
2025-02-01,UFC Fight Night 250 - Adesanya vs. Imavov,,Muhammadjon Naimov,Kaan Ofli,Muhammadjon Naimov,DEC,3,5:00,3,0,,,,,,,,,,,,,,,,
2025-02-01,CFFC 139 - Cage Fury Fighting Championships 139: Hasan vs. Hauser,,Bilal Hasan,Brian Hauser,Bilal Hasan,KO/TKO,2,2:11,3,0,,,,,,,,,,,,,,,,
2025-02-01,FLA 18 - Fight League Atlantic,,Cameron Nelson,Manuel Garcia,Cameron Nelson,DEC,3,5:00,3,0,,,,,,,,,,,,,,,,
2025-02-01,UFC Fight Night 250 - Adesanya vs. Imavov,,Shamil Gaziev,Thomas Petersen,Shamil Gaziev,KO/TKO,1,3:12,3,0,,,,,,,,,,,,,,,,
2025-02-01,UFC Fight Night 250 - Adesanya vs. Imavov,,Bogdan Grad,Lucas Alexander,Bogdan Grad,KO/TKO,2,4:22,3,0,,,,,,,,,,,,,,,,
2025-02-01,UFC Fight Night 250 - Adesanya vs. Imavov,,Israel Adesanya,Nassourdine Imavov,Nassourdine Imavov,KO/TKO,2,0:30,5,0,,,,,,,,,,,,,,,,
2025-02-08,UFC 312 - Du Plessis vs. Strickland 2,,Rodolfo Bellato,Jimmy Crute,draw,DRAW,3,5:00,3,0,,,,,,,,,,,,,,,,
2025-02-08,FFIT - Fight For It 24,,Thomas Gantt,Deven Paulsen,Thomas Gantt,KO/TKO,1,4:44,3,0,,,,,,,,,,,,,,,,
2025-02-08,UFC 312 - Du Plessis vs. Strickland 2,,Zhu Rong,Kody Steele,Zhu Rong,DEC,3,5:00,3,0,,,,,,,,,,,,,,,,
2025-02-08,UFC 312 - Du Plessis vs. Strickland 2,,Jack Jenkins,Gabriel Santos,Gabriel Santos,SUB,3,2:06,3,0,,,,,,,,,,,,,,,,
2025-02-08,UFC 312 - Du Plessis vs. Strickland 2,,Quillan Salkilld,Anshul Jubli,Quillan Salkilld,KO/TKO,1,0:19,3,0,,,,,,,,,,,,,,,,
2025-02-08,ACA 183 - Tumenov vs. Vagaev,,Abubakar Vagaev,Albert Tumenov,Abubakar Vagaev,DEC,5,5:00,5,0,,,,,,,,,,,,,,,,
2025-02-15,UFC Fight Night 251 - Cannonier vs. Rodrigues,,Rodolfo Vieira,Andre Petroski,Andre Petroski,DEC,3,5:00,3,0,,,,,,,,,,,,,,,,
2025-02-15,UFC Fight Night 251 - Cannonier vs. Rodrigues,,Edmen Shahbazyan,Dylan Budka,Edmen Shahbazyan,KO/TKO,1,1:35,3,0,,,,,,,,,,,,,,,,
2025-02-15,UFC Fight Night 251 - Cannonier vs. Rodrigues,,Jose Delgado,Connor Matthews,Jose Delgado,KO/TKO,1,2:58,3,0,,,,,,,,,,,,,,,,
2025-02-15,WOW 16 - Bilbao,,Fabia Sintes,Cheriff Larossi,Fabia Sintes,SUB,1,3:28,3,0,,,,,,,,,,,,,,,,
2025-02-15,UFC Fight Night 251 - Cannonier vs. Rodrigues,,Gregory Rodrigues,Jared Cannonier,Jared Cannonier,KO/TKO,4,0:21,5,0,,,,,,,,,,,,,,,,
2025-02-15,UFC Fight Night 251 - Cannonier vs. Rodrigues,,Valter Walker,Don'Tale Mayes,Valter Walker,SUB,1,1:17,3,0,,,,,,,,,,,,,,,,
2025-02-15,UFC Fight Night 251 - Cannonier vs. Rodrigues,,Ismael Bonfim,Nazim Sadykhov,Nazim Sadykhov,KO/TKO,1,5:00,3,0,,,,,,,,,,,,,,,,
2025-02-16,LFL 16 - Levels Fight League 16,,Louie Sutherland,Luis Carlos Brito,Louie Sutherland,KO/TKO,1,3:25,3,0,,,,,,,,,,,,,,,,
2025-02-21,Fury FC 102 - Fury Fighting Championship 102,,Terrance Chatman,Erick Prieto,Terrance Chatman,KO/TKO,1,5:00,3,0,,,,,,,,,,,,,,,,
2025-02-22,UFC Fight Night 252 - Cejudo vs. Song,,Ricky Simon,Javid Basharat,Ricky Simon,KO/TKO,1,3:58,3,0,,,,,,,,,,,,,,,,
2025-02-22,UFC Fight Night 252 - Cejudo vs. Song,,Alonzo Menifield,Julius Walker,Alonzo Menifield,S-DEC,3,5:00,3,0,,,,,,,,,,,,,,,,
2025-02-22,UFC Fight Night 252 - Cejudo vs. Song,,Jean Silva,Melsik Baghdasaryan,Jean Silva,KO/TKO,1,4:15,3,0,,,,,,,,,,,,,,,,
2025-02-22,UFC Fight Night 252 - Cejudo vs. Song,,Nursulton Ruziboev,Eric McConico,Nursulton Ruziboev,KO/TKO,2,0:33,3,0,,,,,,,,,,,,,,,,
2025-02-22,UFC Fight Night 252 - Cejudo vs. Song,,Modestas Bukauskas,Raffael Cerqueira,Modestas Bukauskas,KO/TKO,1,2:12,3,0,,,,,,,,,,,,,,,,
2025-02-22,VFN 43 - Vendetta Fight Nights 43,,Pavel Andrusca,Eriquis Camilo Soares,Pavel Andrusca,KO/TKO,2,1:38,3,0,,,,,,,,,,,,,,,,
2025-02-22,UFC Fight Night 252 - Cejudo vs. Song,,Yadong Song,Henry Cejudo,Yadong Song,DEC,3,5:00,5,0,,,,,,,,,,,,,,,,
2025-02-22,UFC Fight Night 252 - Cejudo vs. Song,,Anthony Hernandez,Brendan Allen,Anthony Hernandez,DEC,3,5:00,3,0,,,,,,,,,,,,,,,,
2025-02-22,UFC Fight Night 252 - Cejudo vs. Song,,Mansur Abdul-Malik,Nick Klein,Mansur Abdul-Malik,KO/TKO,2,3:24,3,0,,,,,,,,,,,,,,,,
2025-02-22,UAE Warriors 58 - Magomedov vs. Da Silva,,Magomed Zaynukov,Shakhmar Sadygov,Magomed Zaynukov,DEC,3,5:00,3,0,,,,,,,,,,,,,,,,
2025-03-01,OCL - Ohio Combat League 36,,Josiah Harrell,Quinton Parks Jr.,Josiah Harrell,KO/TKO,2,3:34,3,0,,,,,,,,,,,,,,,,
2025-03-01,HFS - Hex Fight Series 34,,Marwan Rahiki,Michael Barber,Marwan Rahiki,KO/TKO,1,3:02,3,0,,,,,,,,,,,,,,,,
2025-03-01,UFC Fight Night 253 - Kape vs. Almabayev,,J.J. Aldrich,Andrea Lee,J.J. Aldrich,DEC,3,5:00,3,0,,,,,,,,,,,,,,,,
2025-03-01,FCC 41 - Full Contact Contender 41,,Kurtis Campbell,Marcio Valerio,Kurtis Campbell,SUB,2,0:44,3,0,,,,,,,,,,,,,,,,
2025-03-01,UFC Fight Night 253 - Kape vs. Almabayev,,Mario Pinto,Austen Lane,Mario Pinto,KO/TKO,2,0:39,3,0,,,,,,,,,,,,,,,,
2025-03-01,HFS - Hex Fight Series 34,,George Mangos,Ethan Thomas,George Mangos,KO/TKO,1,0:34,3,0,,,,,,,,,,,,,,,,
2025-03-01,UFC Fight Night 253 - Kape vs. Almabayev,,Nasrat Haqparast,Esteban Ribovics,Nasrat Haqparast,S-DEC,3,5:00,3,0,,,,,,,,,,,,,,,,
2025-03-01,UFC Fight Night 253 - Kape vs. Almabayev,,Charles Johnson,Ramazonbek Temirov,Ramazonbek Temirov,DEC,3,5:00,3,0,,,,,,,,,,,,,,,,
2025-03-01,UNF 23 - Up Next Fighting 23,,Gianni Vazquez,Austin Russell,Gianni Vazquez,SUB,2,1:33,3,0,,,,,,,,,,,,,,,,
2025-03-01,ARMMADA - ARMMADA 11,,Jovan Leka,Dirlei Broenstrup,Jovan Leka,DEC,3,5:00,3,0,,,,,,,,,,,,,,,,
2025-03-01,UFC Fight Night 253 - Kape vs. Almabayev,,Sam Patterson,Danny Barlow,Sam Patterson,KO/TKO,1,3:10,3,0,,,,,,,,,,,,,,,,
2025-03-08,UFC 313 - Pereira vs. Ankalaev,,Joshua Van,Rei Tsuruya,Joshua Van,DEC,3,5:00,3,0,,,,,,,,,,,,,,,,
2025-03-08,UFC 313 - Pereira vs. Ankalaev,,Mauricio Ruffy,King Green,Mauricio Ruffy,KO/TKO,1,2:07,3,0,,,,,,,,,,,,,,,,
2025-03-08,UFC 313 - Pereira vs. Ankalaev,,Osman Diaz,Djorden Santos,Osman Diaz,DEC,3,5:00,3,0,,,,,,,,,,,,,,,,
2025-03-08,UFC 313 - Pereira vs. Ankalaev,,Brunno Ferreira,Armen Petrosyan,Brunno Ferreira,SUB,2,4:27,3,0,,,,,,,,,,,,,,,,
2025-03-08,UFC 313 - Pereira vs. Ankalaev,,Ignacio Bahamondes,Jalin Turner,Ignacio Bahamondes,SUB,1,2:29,3,0,,,,,,,,,,,,,,,,
2025-03-08,UFC 313 - Pereira vs. Ankalaev,,Amanda Lemos,Iasmin Lucindo,Amanda Lemos,DEC,3,5:00,3,0,,,,,,,,,,,,,,,,
2025-03-08,SFS 20 - Shuriken Fight Series 20,,Nina Nikolija Milosevic,Gina Gee,Nina Nikolija Milosevic,SUB,1,0:52,3,0,,,,,,,,,,,,,,,,
2025-03-08,UFC 313 - Pereira vs. Ankalaev,,Magomed Ankalaev,Alex Pereira,Magomed Ankalaev,DEC,5,5:00,5,0,,,,,,,,,,,,,,,,
2025-03-14,Babilon MMA 51 - Kolecki vs. Mysiala,,Iwo Baraniewski,Kamil Stachura,Iwo Baraniewski,KO/TKO,1,3:02,3,0,,,,,,,,,,,,,,,,
2025-03-14,One Championship - One Friday Fights 100,,Jingnan Xiong,Bo Meng,Jingnan Xiong,DEC,3,5:00,3,0,,,,,,,,,,,,,,,,
2025-03-15,UFC Fight Night 254 - Vettori vs. Dolidze 2,,Waldo Cortes-Acosta,Ryan Spann,Waldo Cortes-Acosta,KO/TKO,2,4:48,3,0,,,,,,,,,,,,,,,,
2025-03-15,UFC Fight Night 254 - Vettori vs. Dolidze 2,,Andre Lima,Daniel Barez,Andre Lima,SUB,3,3:05,3,0,,,,,,,,,,,,,,,,
2025-03-15,UFC Fight Night 254 - Vettori vs. Dolidze 2,,Roman Dolidze,Marvin Vettori,Roman Dolidze,DEC,5,5:00,5,0,,,,,,,,,,,,,,,,
2025-03-15,UFC Fight Night 254 - Vettori vs. Dolidze 2,,Carli Judice,Yuneisy Duben,Carli Judice,KO/TKO,1,1:40,3,0,,,,,,,,,,,,,,,,
2025-03-15,UFC Fight Night 254 - Vettori vs. Dolidze 2,,Chidi Njokuani,Elizeu Zaleski dos Santos,Chidi Njokuani,KO/TKO,2,2:19,3,0,,,,,,,,,,,,,,,,
2025-03-15,UFC Fight Night 254 - Vettori vs. Dolidze 2,,Diyar Nurgozhay,Brendson Ribeiro,Brendson Ribeiro,SUB,2,1:28,3,0,,,,,,,,,,,,,,,,
2025-03-15,UFC Fight Night 254 - Vettori vs. Dolidze 2,,Stephanie Luciano,Sam Hughes,Sam Hughes,S-DEC,3,5:00,3,0,,,,,,,,,,,,,,,,
2025-03-16,Shooto - Professional Shooto 2025 Vol. 2,,Bo Hyun Park,Haruka Hasegawa,Bo Hyun Park,DEC,3,5:00,3,0,,,,,,,,,,,,,,,,
2025-03-22,UFC Fight Night 255 - Edwards vs. Brady,,Morgan Charriere,Nathaniel Wood,Nathaniel Wood,DEC,3,5:00,3,0,,,,,,,,,,,,,,,,
2025-03-22,UFC Fight Night 255 - Edwards vs. Brady,,Chris Padilla,Jai Herbert,Chris Padilla,S-DEC,3,5:00,3,0,,,,,,,,,,,,,,,,
2025-03-22,UFC Fight Night 255 - Edwards vs. Brady,,Kaue Fernandes,Guram Kutateladze,Kaue Fernandes,DEC,3,5:00,3,0,,,,,,,,,,,,,,,,
2025-03-22,UFC Fight Night 255 - Edwards vs. Brady,,Alexia Thainara,Molly McCann,Alexia Thainara,SUB,1,4:32,3,0,,,,,,,,,,,,,,,,
2025-03-22,Jungle Fight 135 - MMA World League: Brasilia,,Carol Foro,Sofia Esquer,Carol Foro,KO/TKO,1,1:30,3,0,,,,,,,,,,,,,,,,
2025-03-22,UFC Fight Night 255 - Edwards vs. Brady,,Jan Blachowicz,Carlos Ulberg,Carlos Ulberg,DEC,3,5:00,3,0,,,,,,,,,,,,,,,,
2025-03-22,UFC Fight Night 255 - Edwards vs. Brady,,Marcin Tybura,Mick Parkin,Marcin Tybura,DEC,3,5:00,3,0,,,,,,,,,,,,,,,,
2025-03-23,Fury FC 103 - Fury Fighting Championship 103: Englund vs. Minus,,Anthony Wint,Omar El-Sahlah,Anthony Wint,S-DEC,3,5:00,3,0,,,,,,,,,,,,,,,,
2025-03-23,Anthony Pettis FC 16 - Milwaukee Fight Night 7,,Donte Johnson,Deontre Butts,Donte Johnson,KO/TKO,1,1:09,3,0,,,,,,,,,,,,,,,,
2025-03-28,LFA 205 - Pires vs. Abojer,,Manoel Sousa,Lucas Barros Oliveira,Manoel Sousa,DEC,3,5:00,3,0,,,,,,,,,,,,,,,,
2025-03-29,UFC on ESPN 64 - Moreno vs. Erceg,,Raul Rosas Jr.,Vince Morales,Raul Rosas Jr.,DEC,3,5:00,3,0,,,,,,,,,,,,,,,,
2025-03-29,UFC on ESPN 64 - Moreno vs. Erceg,,Brandon Moreno,Steve Erceg,Brandon Moreno,DEC,5,5:00,5,0,,,,,,,,,,,,,,,,
2025-03-29,UFC on ESPN 64 - Moreno vs. Erceg,,David Martinez,Saimon Oliveira,David Martinez,KO/TKO,1,4:38,3,0,,,,,,,,,,,,,,,,
2025-03-29,UFC on ESPN 64 - Moreno vs. Erceg,,Edgar Chairez,C.J. Vergara,Edgar Chairez,SUB,1,2:30,3,0,,,,,,,,,,,,,,,,
2025-03-29,UFC on ESPN 64 - Moreno vs. Erceg,,Rafa Garcia,Vinc Pichel,Rafa Garcia,DEC,3,5:00,3,0,,,,,,,,,,,,,,,,
2025-03-29,UFC on ESPN 64 - Moreno vs. Erceg,,Kevin Borjas,Ronaldo Rodriguez,Kevin Borjas,DEC,3,5:00,3,0,,,,,,,,,,,,,,,,
2025-03-29,UFC on ESPN 64 - Moreno vs. Erceg,,Julia Polastri,Lupita Godinez,Lupita Godinez,DEC,3,5:00,3,0,,,,,,,,,,,,,,,,
2025-03-29,UFC on ESPN 64 - Moreno vs. Erceg,,MarQuel Mederos,Austin Hubbard,MarQuel Mederos,S-DEC,3,5:00,3,0,,,,,,,,,,,,,,,,
2025-03-29,UFC on ESPN 64 - Moreno vs. Erceg,,Jamall Emmers,Gabriel Miranda,Jamall Emmers,KO/TKO,1,4:06,3,0,,,,,,,,,,,,,,,,
2025-03-30,Rizin FF - Rizin 50,,Machi Fukuda,Seo Young Park,Machi Fukuda,KO/TKO,2,4:04,3,0,,,,,,,,,,,,,,,,
2025-04-05,UFC on ESPN 65 - Emmett vs. Murphy,,Vanessa Demopoulos,Talita Alencar,Talita Alencar,DEC,3,5:00,3,0,,,,,,,,,,,,,,,,
2025-04-05,UFC on ESPN 65 - Emmett vs. Murphy,,Joanderson Brito,Pat Sabatini,Pat Sabatini,DEC,3,5:00,3,0,,,,,,,,,,,,,,,,
2025-04-05,UFC on ESPN 65 - Emmett vs. Murphy,,Robert Valentin,Torrez Finney,Torrez Finney,S-DEC,3,5:00,3,0,,,,,,,,,,,,,,,,
2025-04-06,Gladiator - Gladiator 030 in Osaka,,Dagiisuren Chagnaadorj,Yuki Iwakura,Dagiisuren Chagnaadorj,DEC,3,5:00,3,0,,,,,,,,,,,,,,,,
2025-04-06,DF - Demo Fight 21,,Jeisla Chaves,Rebeca Maria Sousa,Jeisla Chaves,KO/TKO,3,4:31,3,0,,,,,,,,,,,,,,,,
2025-04-11,EFC - Empire Fighting Championship 30,,Sean King III,Angel Martinez,Sean King III,KO/TKO,1,0:32,3,0,,,,,,,,,,,,,,,,
2025-04-11,Professional Fighters League - 2025 PFL World Tournament 2: First Round,,Francesco Nuzzi,Mando Gutierrez,Mando Gutierrez,SUB,1,4:13,3,0,,,,,,,,,,,,,,,,
2025-04-11,LFA 206 - Gennrich vs. Lebosnoyani,,Steven Asplund,Raiden Kovacs,Steven Asplund,KO/TKO,2,1:53,3,0,,,,,,,,,,,,,,,,
2025-04-11,Jez Premier Promotions - Fight Night,,Nina Nikolija Milosevic,Maricel Dela Torre,Nina Nikolija Milosevic,KO/TKO,1,1:14,3,0,,,,,,,,,,,,,,,,
2025-04-12,UFC 314 - Volkanovski vs. Lopes,,Sedriques Dumas,Michal Oleksiejczuk,Michal Oleksiejczuk,KO/TKO,1,2:49,3,0,,,,,,,,,,,,,,,,
2025-04-12,UFC 314 - Volkanovski vs. Lopes,,Patricio Freire,Yair Rodriguez,Yair Rodriguez,DEC,3,5:00,3,0,,,,,,,,,,,,,,,,
2025-04-12,UFC 314 - Volkanovski vs. Lopes,,Jean Silva,Bryce Mitchell,Jean Silva,SUB,2,3:52,3,0,,,,,,,,,,,,,,,,
2025-04-12,UFC 314 - Volkanovski vs. Lopes,,Dan Ige,Sean Woodson,Dan Ige,KO/TKO,3,1:12,3,0,,,,,,,,,,,,,,,,
2025-04-12,HXMMA 26 - Hexagone MMA 26,,Michael Aljarouj,Romero Reis,nc,NC,5,5:00,5,0,,,,,,,,,,,,,,,,
2025-04-12,UFC 314 - Volkanovski vs. Lopes,,Nora Cornolle,Hailey Cowan,Nora Cornolle,SUB,2,1:52,3,0,,,,,,,,,,,,,,,,
2025-04-12,UFC 314 - Volkanovski vs. Lopes,,Xiaonan Yan,Virna Jandiroba,Virna Jandiroba,DEC,3,5:00,3,0,,,,,,,,,,,,,,,,
2025-04-12,UFC 314 - Volkanovski vs. Lopes,,Su Mudaerji,Mitch Raposo,Su Mudaerji,S-DEC,3,5:00,3,0,,,,,,,,,,,,,,,,
2025-04-12,MFL 56 - Michiana Fight League 56: Big Bang,,Wesley Schultz,Dustin Pape,Wesley Schultz,SUB,1,0:55,3,0,,,,,,,,,,,,,,,,
2025-04-12,UFC 314 - Volkanovski vs. Lopes,,Tresean Gore,Marco Tulio,Marco Tulio,KO/TKO,2,3:16,3,0,,,,,,,,,,,,,,,,
2025-04-12,TKO Palmas - TKO Palmasnet 3,,Rafael Tobias,Wellington Silva Lopes,Rafael Tobias,KO/TKO,2,0:00,3,0,,,,,,,,,,,,,,,,
2025-04-12,UFC 314 - Volkanovski vs. Lopes,,Darren Elkins,Julian Erosa,Julian Erosa,KO/TKO,1,4:15,3,0,,,,,,,,,,,,,,,,
2025-04-12,ARMMADA - ARMMADA 12,,Jovan Leka,Tiago Afonso,Jovan Leka,KO/TKO,1,1:48,3,0,,,,,,,,,,,,,,,,
2025-04-13,LFL 17 - Levels Fight League 17,,Louie Sutherland,Matusalem Santos,Louie Sutherland,DEC,3,5:00,3,0,,,,,,,,,,,,,,,,
2025-04-18,Brave CF 93 - Brave Combat Federation 93,,Rabindra Dhant,Eqiyuebu,Rabindra Dhant,KO/TKO,1,2:56,3,0,,,,,,,,,,,,,,,,
2025-04-18,LFA 207 - Lewis vs. Miranda,,Richie Miranda,Richie Lewis,Richie Miranda,KO/TKO,5,2:04,5,0,,,,,,,,,,,,,,,,
2025-04-19,Octagon Promotion - Octagon 71: Tursyn vs. Abdueva,,Farida Abdueva,Ayan Tursyn,Farida Abdueva,DEC,5,5:00,5,0,,,,,,,,,,,,,,,,
2025-04-19,NAFC - Super Brawl,,Donte Johnson,Jordan Seufzer,Donte Johnson,KO/TKO,1,1:24,3,0,,,,,,,,,,,,,,,,
2025-04-25,HXMMA 27 - Hexagone MMA 27,,Matthieu Letho Duclos,Thiago Hayne,Matthieu Letho Duclos,KO/TKO,2,4:21,3,0,,,,,,,,,,,,,,,,
2025-04-26,UFC on ESPN 66 - Garry vs. Prates,,Heili Alateng,Da'Mon Blackshear,Da'Mon Blackshear,DEC,3,5:00,3,0,,,,,,,,,,,,,,,,
2025-04-26,UFC on ESPN 66 - Garry vs. Prates,,John Castaneda,Chris Gutierrez,Chris Gutierrez,S-DEC,3,5:00,3,0,,,,,,,,,,,,,,,,
2025-04-26,UFC on ESPN 66 - Garry vs. Prates,,Giga Chikadze,David Onama,David Onama,DEC,3,5:00,3,0,,,,,,,,,,,,,,,,
2025-04-26,RUF MMA 62 - Ringside Unified Fighting,,Tommy McMillen,Dumar Roa,Tommy McMillen,SUB,1,1:58,3,0,,,,,,,,,,,,,,,,
2025-04-26,MMAU1 - MMA University 1: Najafi vs. Costa,,Levi Rodrigues,Jhonny Pereira,Levi Rodrigues,KO/TKO,3,0:21,3,0,,,,,,,,,,,,,,,,
2025-04-26,UFC on ESPN 66 - Garry vs. Prates,,Gauge Young,Evan Elder,Evan Elder,DEC,3,5:00,3,0,,,,,,,,,,,,,,,,
2025-04-26,UFC on ESPN 66 - Garry vs. Prates,,Ian Garry,Carlos Prates,Ian Garry,DEC,5,5:00,5,0,,,,,,,,,,,,,,,,
2025-04-26,Oktagon MMA - Oktagon 70: Kristofic vs. Humburger,,Vlastislav Cepo,Erhan Kartal,Vlastislav Cepo,KO/TKO,1,4:01,3,0,,,,,,,,,,,,,,,,
2025-04-30,Xtreme Fighting Championships - XFC Young Guns 7-8,,Luis Hernandez,Joaquin Campos,Luis Hernandez,SUB,1,2:52,3,0,,,,,,,,,,,,,,,,
2025-04-30,Xtreme Fighting Championships - XFC Young Guns 7-8,,Takaya Suzuki,Gabriel Bellomini,Takaya Suzuki,KO/TKO,1,2:54,3,0,,,,,,,,,,,,,,,,
2025-05-03,UFC on ESPN 67 - Sandhagen vs. Figueiredo,,Montel Jackson,Daniel Marcos,Montel Jackson,DEC,3,5:00,3,0,,,,,,,,,,,,,,,,
2025-05-03,UFC on ESPN 67 - Sandhagen vs. Figueiredo,,Reinier de Ridder,Bo Nickal,Reinier de Ridder,KO/TKO,2,1:53,3,0,,,,,,,,,,,,,,,,
2025-05-03,UFC on ESPN 67 - Sandhagen vs. Figueiredo,,Mason Jones,Jeremy Stephens,Mason Jones,DEC,3,5:00,3,0,,,,,,,,,,,,,,,,
2025-05-03,UFC on ESPN 67 - Sandhagen vs. Figueiredo,,Gillian Robertson,Marina Rodriguez,Gillian Robertson,KO/TKO,2,2:07,3,0,,,,,,,,,,,,,,,,
2025-05-03,UFC on ESPN 67 - Sandhagen vs. Figueiredo,,Juliana Miller,Ivana Petrovic,Juliana Miller,DEC,3,5:00,3,0,,,,,,,,,,,,,,,,
2025-05-03,UFC on ESPN 67 - Sandhagen vs. Figueiredo,,Daniel Rodriguez,Santiago Ponzinibbio,Daniel Rodriguez,KO/TKO,3,1:12,3,0,,,,,,,,,,,,,,,,
2025-05-03,UFC on ESPN 67 - Sandhagen vs. Figueiredo,,Thomas Petersen,Don'Tale Mayes,Thomas Petersen,DEC,3,5:00,3,0,,,,,,,,,,,,,,,,
2025-05-10,UFC 315 - Muhammad vs. Della Maddalena,,Alexa Grasso,Natalia Silva,Natalia Silva,DEC,3,5:00,3,0,,,,,,,,,,,,,,,,
2025-05-10,UFC 315 - Muhammad vs. Della Maddalena,,Manon Fiorot,Valentina Shevchenko,Valentina Shevchenko,DEC,5,5:00,5,0,,,,,,,,,,,,,,,,
2025-05-10,KSW 106 - Parnasse vs. Ziolkowski,,Salahdine Parnasse,Marian Ziolkowski,Salahdine Parnasse,KO/TKO,2,3:54,3,0,,,,,,,,,,,,,,,,
2025-05-10,UFC 315 - Muhammad vs. Della Maddalena,,Modestas Bukauskas,Ion Cutelaba,Modestas Bukauskas,S-DEC,3,5:00,3,0,,,,,,,,,,,,,,,,
2025-05-10,VFN 45 - Vendetta Fight Nights 45,,Pavel Andrusca,Thyago Silva Nascimento,Pavel Andrusca,SUB,1,2:39,3,0,,,,,,,,,,,,,,,,
2025-05-10,UFC 315 - Muhammad vs. Della Maddalena,,Navajo Stirling,Ivan Erslan,Navajo Stirling,DEC,3,5:00,3,0,,,,,,,,,,,,,,,,
2025-05-10,UFC 315 - Muhammad vs. Della Maddalena,,Kyle Prepolec,Benoit St. Denis,Benoit St. Denis,SUB,2,2:35,3,0,,,,,,,,,,,,,,,,
2025-05-10,Tahiti Fighting Championship - TFC 4,,Nina Nikolija Milosevic,Nadine Mandiau,Nina Nikolija Milosevic,DEC,3,5:00,3,0,,,,,,,,,,,,,,,,
2025-05-10,LXF 24 - Lights Out Xtreme Fighting 24,,Tyrell Fortune,Myron Dennis,Tyrell Fortune,KO/TKO,2,2:29,3,0,,,,,,,,,,,,,,,,
2025-05-16,Ares 30 - Chamsoudinov vs. Lima,,Delphine Benouaich,Mileide Simplicio,Delphine Benouaich,KO/TKO,2,0:47,3,0,,,,,,,,,,,,,,,,
2025-05-17,OCL - Ohio Combat League 38,,Josiah Harrell,Melvin Guillard,Josiah Harrell,SUB,1,3:25,3,0,,,,,,,,,,,,,,,,
2025-05-17,UFC Fight Night 256 - Burns vs. Morales,,Nursulton Ruziboev,Dustin Stoltzfus,Nursulton Ruziboev,DEC,3,5:00,3,0,,,,,,,,,,,,,,,,
2025-05-17,UFC Fight Night 256 - Burns vs. Morales,,Denise Gomes,Elise Reed,Denise Gomes,KO/TKO,2,0:30,3,0,,,,,,,,,,,,,,,,
2025-05-17,UFC Fight Night 256 - Burns vs. Morales,,Yadier Del Valle,Connor Matthews,Yadier Del Valle,SUB,1,2:54,3,0,,,,,,,,,,,,,,,,
2025-05-17,Oktagon MMA - Oktagon 71: Poppeck vs. Langer,,Alexander Poppeck,Pavol Langer,Alexander Poppeck,KO/TKO,1,1:15,3,0,,,,,,,,,,,,,,,,
2025-05-22,UFC - Road to UFC Season 4: Shanghai Quarterfinals 1,,Namsrai Batbayar,Wataru Yamauchi,Namsrai Batbayar,KO/TKO,2,0:46,3,0,,,,,,,,,,,,,,,,
2025-05-23,UFC - Road to UFC Season 4: Shanghai Quarterfinals 4,,Lawrence Lui,Qinghe Zhang,Lawrence Lui,DEC,3,5:00,3,0,,,,,,,,,,,,,,,,
2025-05-24,CFFC 142 - Cage Fury Fighting Championships 142: Fernandez vs. Edwards,,Christian Edwards,Luke Fernandez,Luke Fernandez,DEC,4,5:00,5,0,,,,,,,,,,,,,,,,
2025-05-24,Forja MMA - Forja MMA 03,,Jose Luiz,Jhon Lyon Linhares Ribeiro,Jose Luiz,SUB,1,3:30,3,0,,,,,,,,,,,,,,,,
2025-05-24,FNC 23 - Fabjan vs. Moeil,,Milos Janicic,Marko Bojkovic,Milos Janicic,KO/TKO,2,2:20,3,0,,,,,,,,,,,,,,,,
2025-05-31,UFC on ESPN 68 - Blanchfield vs. Barber,,Michael Aswell,Bolaji Oki,Bolaji Oki,DEC,3,5:00,3,0,,,,,,,,,,,,,,,,
2025-05-31,HFS - Hex Fight Series 35,,Marwan Rahiki,Semakadde Kakembo,Marwan Rahiki,SUB,4,N/A,5,0,,,,,,,,,,,,,,,,
2025-05-31,HFS - Hex Fight Series 35,,Kasib Murdoch,Liam Gusti,Kasib Murdoch,KO/TKO,3,N/A,3,0,,,,,,,,,,,,,,,,
2025-05-31,Rizin FF - World Series in Korea,,Young Jae Song,Yoshiki Nakahara,Young Jae Song,KO/TKO,3,1:28,3,0,,,,,,,,,,,,,,,,
2025-05-31,UFC on ESPN 68 - Blanchfield vs. Barber,,Ramiz Brahimaj,Billy Goff,Ramiz Brahimaj,SUB,1,3:16,3,0,,,,,,,,,,,,,,,,
2025-05-31,UFC on ESPN 68 - Blanchfield vs. Barber,,Mateusz Gamrot,Ludovit Klein,Mateusz Gamrot,DEC,3,5:00,3,0,,,,,,,,,,,,,,,,
2025-05-31,UFC on ESPN 68 - Blanchfield vs. Barber,,Bruno Lopes,Dustin Jacoby,Dustin Jacoby,KO/TKO,1,1:50,3,0,,,,,,,,,,,,,,,,
2025-05-31,UFC on ESPN 68 - Blanchfield vs. Barber,,Dusko Todorovic,Zachary Reese,Zachary Reese,DEC,3,5:00,3,0,,,,,,,,,,,,,,,,
2025-06-01,Pancrase - 354,,Ryo Tajima,Mahiro Yamaki,Ryo Tajima,KO/TKO,3,1:54,3,0,,,,,,,,,,,,,,,,
2025-06-06,CFFC 143 - Cage Fury Fighting Championships 143: Hasan vs. Eastman,,Bilal Hasan,Jason Eastman,Bilal Hasan,KO/TKO,4,1:46,5,0,,,,,,,,,,,,,,,,
2025-06-07,UFC 316 - Dvalishvili vs. O'Malley 2,,Joshua Van,Bruno Silva,Joshua Van,KO/TKO,3,4:01,3,0,,,,,,,,,,,,,,,,
2025-06-07,UFC 316 - Dvalishvili vs. O'Malley 2,,Joo Sang Yoo,Jeka Saragih,Joo Sang Yoo,KO/TKO,1,0:28,3,0,,,,,,,,,,,,,,,,
2025-06-07,UFC 316 - Dvalishvili vs. O'Malley 2,,Waldo Cortes-Acosta,Serghei Spivac,Waldo Cortes-Acosta,DEC,3,5:00,3,0,,,,,,,,,,,,,,,,
2025-06-07,WOW 20 - Madrid: La Noche de los Campeones,,Fabia Sintes,Davi Santos,Fabia Sintes,DEC,5,5:00,5,0,,,,,,,,,,,,,,,,
2025-06-07,UFC 316 - Dvalishvili vs. O'Malley 2,,MarQuel Mederos,Mark Choinski,MarQuel Mederos,DEC,3,5:00,3,0,,,,,,,,,,,,,,,,
2025-06-07,UFC 316 - Dvalishvili vs. O'Malley 2,,Vicente Luque,Kevin Holland,Kevin Holland,SUB,2,1:03,3,0,,,,,,,,,,,,,,,,
2025-06-07,UFC 316 - Dvalishvili vs. O'Malley 2,,Quillan Salkilld,Yanal Ashmouz,Quillan Salkilld,DEC,3,5:00,3,0,,,,,,,,,,,,,,,,
2025-06-07,Brave CF 96 - Brave Combat Federation 96,,Borislav Nikolic,Nicholas Hwende,Borislav Nikolic,SUB,4,1:42,5,0,,,,,,,,,,,,,,,,
2025-06-13,LFA 210 - Lawrence vs. Reyes,,Jackson McVey,Mataeo Garner,Jackson McVey,KO/TKO,1,1:28,3,0,,,,,,,,,,,,,,,,
2025-06-14,UFC on ESPN 69 - Usman vs. Buckley,,Raoni Barcelos,Cody Garbrandt,Raoni Barcelos,DEC,3,5:00,3,0,,,,,,,,,,,,,,,,
2025-06-14,UFC on ESPN 69 - Usman vs. Buckley,,Rodolfo Bellato,Paul Craig,nc,NC,1,4:59,3,0,,,,,,,,,,,,,,,,
2025-06-14,UFC on ESPN 69 - Usman vs. Buckley,,Ricky Simon,Cameron Smotherman,Ricky Simon,DEC,3,5:00,3,0,,,,,,,,,,,,,,,,
2025-06-14,UFC on ESPN 69 - Usman vs. Buckley,,Vanessa Demopoulos,Jamey-Lyn Horth,Jamey-Lyn Horth,DEC,3,5:00,3,0,,,,,,,,,,,,,,,,
2025-06-14,UFC on ESPN 69 - Usman vs. Buckley,,Alonzo Menifield,Oumar Sy,Alonzo Menifield,DEC,3,5:00,3,0,,,,,,,,,,,,,,,,
2025-06-14,UFC on ESPN 69 - Usman vs. Buckley,,Edmen Shahbazyan,Andre Petroski,Edmen Shahbazyan,DEC,3,5:00,3,0,,,,,,,,,,,,,,,,
2025-06-14,Ares 31 - Sola vs. Oudelha,,Axel Sola,Ghiles Oudelha,Axel Sola,DEC,5,5:00,5,0,,,,,,,,,,,,,,,,
2025-06-14,Rizin FF - Landmark Vol. 11,,Machi Fukuda,Haruka Hasegawa,Machi Fukuda,DEC,3,5:00,3,0,,,,,,,,,,,,,,,,
2025-06-14,MGL-1 Fighting Championship - MGL-1 FC 22,,Dagiisuren Chagnaadorj,Caiona Batista,Dagiisuren Chagnaadorj,SUB,2,3:03,3,0,,,,,,,,,,,,,,,,
2025-06-14,UFC on ESPN 69 - Usman vs. Buckley,,Mansur Abdul-Malik,Cody Brundage,draw,DRAW,3,0:36,3,0,,,,,,,,,,,,,,,,
2025-06-14,NIF MMA 21 - North Iowa Fights 21,,Donte Johnson,Ryan Parker,Donte Johnson,KO/TKO,1,4:27,3,0,,,,,,,,,,,,,,,,
2025-06-14,Ares 31 - Sola vs. Oudelha,,Noah Gugnon,Ioan Harris,Noah Gugnon,KO/TKO,1,1:02,3,0,,,,,,,,,,,,,,,,
2025-06-14,Allstars Fight Night - AFN 10,,Mark Vologdin,Francisco Cleiton Monteiro,Mark Vologdin,SUB,1,4:05,3,0,,,,,,,,,,,,,,,,
2025-06-14,WAR MMA 6 - Alicante 2,,Nina Nikolija Milosevic,Sandra Succar,Nina Nikolija Milosevic,KO/TKO,1,3:03,3,0,,,,,,,,,,,,,,,,
2025-06-15,LFL 18 - Levels Fight League 18,,Louie Sutherland,Luke Newland,Louie Sutherland,KO/TKO,1,2:50,3,0,,,,,,,,,,,,,,,,
2025-06-19,Combate Global - Combate Female 2,,Melissa Amaya,Megumi Sugimoto,Melissa Amaya,KO/TKO,1,3:51,3,0,,,,,,,,,,,,,,,,
2025-06-20,LFA 211 - Mesquita vs. Dinwoodie,,Giovanna Canuto,Flor Hernandez,Giovanna Canuto,SUB,1,1:49,3,0,,,,,,,,,,,,,,,,
2025-06-21,UFC on ABC 8 - Hill vs. Rountree,,Curtis Blaydes,Rizvan Kuniev,Curtis Blaydes,S-DEC,3,5:00,3,0,,,,,,,,,,,,,,,,
2025-06-21,UFC on ABC 8 - Hill vs. Rountree,,Ignacio Bahamondes,Rafael Fiziev,Rafael Fiziev,DEC,3,5:00,3,0,,,,,,,,,,,,,,,,
2025-06-21,UFC on ABC 8 - Hill vs. Rountree,,Muhammadjon Naimov,Bogdan Grad,Muhammadjon Naimov,DEC,3,5:00,3,0,,,,,,,,,,,,,,,,
2025-06-21,UFC on ABC 8 - Hill vs. Rountree,,Klaudia Sygula,Irina Alekseeva,Klaudia Sygula,DEC,3,5:00,3,0,,,,,,,,,,,,,,,,
2025-06-21,MMA Mexico 5 - Gallito vs. Prendido,,Sofia Montenegro,Damara Vargas,Sofia Montenegro,DEC,3,5:00,3,0,,,,,,,,,,,,,,,,
2025-06-21,UFC on ABC 8 - Hill vs. Rountree,,Myktybek Orolbai,Tofiq Musayev,Myktybek Orolbai,SUB,1,4:35,3,0,,,,,,,,,,,,,,,,
2025-06-21,UFC on ABC 8 - Hill vs. Rountree,,Oban Elliott,Seok Hyeon Ko,Seok Hyeon Ko,DEC,3,5:00,3,0,,,,,,,,,,,,,,,,
2025-06-21,FEN 59 - Ostrowski vs. Janur,,Damian Rzepecki,Patryk Dunski,Damian Rzepecki,KO/TKO,2,2:40,3,0,,,,,,,,,,,,,,,,
2025-06-22,Fury FC 105 - Fury Fighting Championship 105: Whitehead vs. Valenzuela,,Terrance Chatman,Steven Gurrola,Terrance Chatman,KO/TKO,2,4:11,3,0,,,,,,,,,,,,,,,,
2025-06-25,Xtreme Fighting Championships - XFC Young Guns 9-10,,Anthony Wint,Emmanuel Verdier,Anthony Wint,KO/TKO,3,4:02,3,0,,,,,,,,,,,,,,,,
2025-06-28,UFC 317 - Topuria vs. Oliveira,,Joshua Van,Brandon Royval,Joshua Van,DEC,3,5:00,3,0,,,,,,,,,,,,,,,,
2025-06-28,UFC 317 - Topuria vs. Oliveira,,Alexandre Pantoja,Kai Kara-France,Alexandre Pantoja,SUB,3,1:55,3,0,,,,,,,,,,,,,,,,
2025-06-28,UFC 317 - Topuria vs. Oliveira,,Jose Delgado,Hyder Amil,Jose Delgado,KO/TKO,1,0:26,3,0,,,,,,,,,,,,,,,,
2025-06-28,UFC 317 - Topuria vs. Oliveira,,Felipe Lima,Payton Talbott,Payton Talbott,DEC,3,5:00,3,0,,,,,,,,,,,,,,,,
2025-06-28,Eternal MMA 97 - Perth,,Joseph Larcinese,Frank Jankowski,Joseph Larcinese,SUB,1,3:42,3,0,,,,,,,,,,,,,,,,
2025-06-28,UFC 317 - Topuria vs. Oliveira,,Gregory Rodrigues,Jack Hermansson,Gregory Rodrigues,KO/TKO,1,4:21,3,0,,,,,,,,,,,,,,,,
2025-06-29,Tuff-N-Uff - Tuff-N-Uff 145,,Luis Hernandez,Miles Hunsinger,Luis Hernandez,SUB,2,0:49,3,0,,,,,,,,,,,,,,,,
2025-07-04,ARMMADA - ARMMADA 13,,Jovan Leka,Genadi Jorjoliani,Jovan Leka,KO/TKO,2,4:30,3,0,,,,,,,,,,,,,,,,
2025-07-05,Beatdown Promotions 11 - Rahiki vs. Schlupp,,Marwan Rahiki,Gabriel Schlupp,Marwan Rahiki,KO/TKO,2,0:00,3,0,,,,,,,,,,,,,,,,
2025-07-05,Jez Premier Promotions - Fight Night 2,,Nina Nikolija Milosevic,Desi Rahayu,Nina Nikolija Milosevic,KO/TKO,1,0:58,3,0,,,,,,,,,,,,,,,,
2025-07-12,UFC on ESPN 70 - Lewis vs. Teixeira,,Eduarda Moura,Lauren Murphy,Eduarda Moura,DEC,3,5:00,3,0,,,,,,,,,,,,,,,,
2025-07-12,UFC on ESPN 70 - Lewis vs. Teixeira,,Morgan Charriere,Nate Landwehr,Morgan Charriere,KO/TKO,3,0:27,3,0,,,,,,,,,,,,,,,,
2025-07-12,Jungle Fight 138 - Fight of the Million: Women's Flyweight Grand Prix Quarterfinals,,Hector Santiago,Thiago Santos,Hector Santiago,KO/TKO,1,0:29,3,0,,,,,,,,,,,,,,,,
2025-07-12,UFC on ESPN 70 - Lewis vs. Teixeira,,Vitor Petrino,Austen Lane,Vitor Petrino,SUB,1,4:16,3,0,,,,,,,,,,,,,,,,
2025-07-12,UFC on ESPN 70 - Lewis vs. Teixeira,,Kennedy Nzechukwu,Valter Walker,Valter Walker,SUB,1,0:54,3,0,,,,,,,,,,,,,,,,
2025-07-12,UFC on ESPN 70 - Lewis vs. Teixeira,,Chidi Njokuani,Jake Matthews,Jake Matthews,SUB,1,1:09,3,0,,,,,,,,,,,,,,,,
2025-07-18,Fury FC 106 - Fury Fighting Championship 106: Maranhao vs. Minev,,Sean King III,Christian Hightower,Sean King III,DEC,3,5:00,3,0,,,,,,,,,,,,,,,,
2025-07-19,UFC 318 - Holloway vs. Poirier 3,,Patricio Freire,Dan Ige,Patricio Freire,DEC,3,5:00,3,0,,,,,,,,,,,,,,,,
2025-07-19,UFC 318 - Holloway vs. Poirier 3,,Brunno Ferreira,Jackson McVey,Brunno Ferreira,SUB,1,3:35,3,0,,,,,,,,,,,,,,,,
2025-07-19,UFC 318 - Holloway vs. Poirier 3,,Ryan Spann,Lukasz Brzeski,Ryan Spann,SUB,1,2:47,3,0,,,,,,,,,,,,,,,,
2025-07-19,UFC 318 - Holloway vs. Poirier 3,,Carli Judice,Nicolle Caliari,Carli Judice,KO/TKO,3,1:30,3,0,,,,,,,,,,,,,,,,
2025-07-19,UFC 318 - Holloway vs. Poirier 3,,Daniel Rodriguez,Kevin Holland,Daniel Rodriguez,DEC,3,5:00,3,0,,,,,,,,,,,,,,,,
2025-07-19,UFC 318 - Holloway vs. Poirier 3,,Robert Valentin,Ateba Abega Gautier,Ateba Abega Gautier,KO/TKO,1,1:10,3,0,,,,,,,,,,,,,,,,
2025-07-21,Shooto - Professional Shooto 2025 Vol. 6,,Bo Hyun Park,Momoka Hoshuyama,Bo Hyun Park,KO/TKO,4,1:38,5,0,,,,,,,,,,,,,,,,
2025-07-24,UAE Warriors 62 - Boynazarov vs. Llontop,,Mehemmedali Osmanli,Faeez Jacobs,Mehemmedali Osmanli,DEC,3,5:00,3,0,,,,,,,,,,,,,,,,
2025-07-26,UFC on ABC 9 - Whittaker vs. de Ridder,,Muslim Salikhov,Carlos Leal,Muslim Salikhov,KO/TKO,1,0:42,3,0,,,,,,,,,,,,,,,,
2025-07-26,UFC on ABC 9 - Whittaker vs. de Ridder,,Reinier de Ridder,Robert Whittaker,Reinier de Ridder,S-DEC,5,5:00,5,0,,,,,,,,,,,,,,,,
2025-07-26,UFC on ABC 9 - Whittaker vs. de Ridder,,Bogdan Guskov,Nikita Krylov,Bogdan Guskov,KO/TKO,1,4:18,3,0,,,,,,,,,,,,,,,,
2025-07-27,Fury FC - Challenger Series 14,,Donte Johnson,James Ford,Donte Johnson,KO/TKO,1,3:37,3,0,,,,,,,,,,,,,,,,
2025-08-02,UFC on ESPN 71 - Taira vs. Park,,Rinya Nakamura,Nathan Fletcher,Rinya Nakamura,KO/TKO,1,1:02,3,0,,,,,,,,,,,,,,,,
2025-08-02,UFC on ESPN 71 - Taira vs. Park,,Rodolfo Vieira,Tresean Gore,Rodolfo Vieira,DEC,3,5:00,3,0,,,,,,,,,,,,,,,,
2025-08-02,UFC on ESPN 71 - Taira vs. Park,,Elves Brener,Esteban Ribovics,Esteban Ribovics,DEC,3,5:00,3,0,,,,,,,,,,,,,,,,
2025-08-02,OCL - Ohio Combat League 39,,Josiah Harrell,Kegan Gennrich,Josiah Harrell,DEC,3,5:00,3,0,,,,,,,,,,,,,,,,
2025-08-02,UFC on ESPN 71 - Taira vs. Park,,Nora Cornolle,Karol Rosa,Karol Rosa,DEC,3,5:00,3,0,,,,,,,,,,,,,,,,
2025-08-02,MFN 17 - Matrix Fight Night 17,,Rabindra Dhant,Chungreng Koren,Rabindra Dhant,KO/TKO,3,0:54,3,0,,,,,,,,,,,,,,,,
2025-08-02,UFC on ESPN 71 - Taira vs. Park,,Neil Magny,Elizeu Zaleski dos Santos,Neil Magny,KO/TKO,2,4:39,3,0,,,,,,,,,,,,,,,,
2025-08-02,UFC on ESPN 71 - Taira vs. Park,,Mateusz Rebecki,Chris Duncan,Chris Duncan,DEC,3,5:00,3,0,,,,,,,,,,,,,,,,
2025-08-09,UFC on ESPN 72 - Dolidze vs. Hernandez,,Anthony Hernandez,Roman Dolidze,Anthony Hernandez,SUB,4,2:45,5,0,,,,,,,,,,,,,,,,
2025-08-09,UFC on ESPN 72 - Dolidze vs. Hernandez,,Eric McConico,Cody Brundage,Eric McConico,S-DEC,3,5:00,3,0,,,,,,,,,,,,,,,,
2025-08-09,UFC on ESPN 72 - Dolidze vs. Hernandez,,Miles Johns,Jean Matsumoto,Jean Matsumoto,S-DEC,3,5:00,3,0,,,,,,,,,,,,,,,,
2025-08-09,UFC on ESPN 72 - Dolidze vs. Hernandez,,Uros Medic,Gilbert Urbina,Uros Medic,KO/TKO,1,1:03,3,0,,,,,,,,,,,,,,,,
2025-08-09,UFC on ESPN 72 - Dolidze vs. Hernandez,,Steve Erceg,Ode Osbourne,Steve Erceg,DEC,3,5:00,3,0,,,,,,,,,,,,,,,,
2025-08-12,Dana White's Contender Series - Contender Series 2025: Week 1,,George Mangos,Radley Da Silva,Radley Da Silva,DEC,3,5:00,3,0,,,,,,,,,,,,,,,,
2025-08-12,Dana White's Contender Series - Contender Series 2025: Week 1,,Ty Cole Miller,Jimmy Drago,Ty Cole Miller,DEC,3,5:00,3,0,,,,,,,,,,,,,,,,
2025-08-15,LFA 214 - Fernando vs. Latu,,Lucas Fernando,Phillip Latu,Lucas Fernando,KO/TKO,1,1:03,3,0,,,,,,,,,,,,,,,,
2025-08-16,UFC 319 - Du Plessis vs. Chimaev,,Joseph Morales,Alibi Idiris,Joseph Morales,SUB,2,3:04,3,0,,,,,,,,,,,,,,,,
2025-08-16,UFC 319 - Du Plessis vs. Chimaev,,Tim Elliott,Kai Asakura,Tim Elliott,SUB,2,4:39,3,0,,,,,,,,,,,,,,,,
2025-08-16,UFC 319 - Du Plessis vs. Chimaev,,Drakkar Klose,Edson Barboza,Drakkar Klose,DEC,3,5:00,3,0,,,,,,,,,,,,,,,,
2025-08-16,UFC 319 - Du Plessis vs. Chimaev,,Michael Page,Jared Cannonier,Michael Page,DEC,3,5:00,3,0,,,,,,,,,,,,,,,,
2025-08-16,RUF MMA 64 - Lopez vs. Fortune,,Tyrell Fortune,Tony Lopez,Tyrell Fortune,KO/TKO,1,0:27,3,0,,,,,,,,,,,,,,,,
2025-08-21,FFC 94 - Llontop vs. Brasil,,Nilson Rojas,Wallafy de Paulo,Nilson Rojas,KO/TKO,1,4:30,3,0,,,,,,,,,,,,,,,,
2025-08-22,UFC - Road to UFC Season 4: Shanghai Semifinals 1,,Namsrai Batbayar,Agulali,Namsrai Batbayar,SUB,1,4:45,3,0,,,,,,,,,,,,,,,,
2025-08-22,UFC - Road to UFC Season 4: Shanghai Semifinals 1,,Lawrence Lui,Van Y Nghiem,Lawrence Lui,KO/TKO,2,1:48,3,0,,,,,,,,,,,,,,,,
2025-08-22,LFA 215 - Miranda vs. Barzilay,,Eduardo Henrique,Devon Lozej,Eduardo Henrique,KO/TKO,1,2:57,3,0,,,,,,,,,,,,,,,,
2025-08-22,LFA 215 - Miranda vs. Barzilay,,Richie Miranda,Ilay Barzilay,Richie Miranda,DEC,5,5:00,5,0,,,,,,,,,,,,,,,,
2025-08-23,UFC Fight Night 257 - Walker vs. Zhang,,Waldo Cortes-Acosta,Sergei Pavlovich,Sergei Pavlovich,DEC,3,5:00,3,0,,,,,,,,,,,,,,,,
2025-08-23,UFC Fight Night 257 - Walker vs. Zhang,,Zhu Rong,Austin Hubbard,Zhu Rong,DEC,3,5:00,3,0,,,,,,,,,,,,,,,,
2025-08-23,UFC Fight Night 257 - Walker vs. Zhang,,Su Mudaerji,Kevin Borjas,Su Mudaerji,DEC,3,5:00,3,0,,,,,,,,,,,,,,,,
2025-08-23,UFC Fight Night 257 - Walker vs. Zhang,,Long Xiao,Su Young You,Su Young You,DEC,3,5:00,3,0,,,,,,,,,,,,,,,,
2025-08-23,UFC Fight Night 257 - Walker vs. Zhang,,Maheshate Hayisaer,Gauge Young,Gauge Young,DEC,3,5:00,3,0,,,,,,,,,,,,,,,,
2025-08-23,UFC Fight Night 257 - Walker vs. Zhang,,Charles Johnson,Lone'er Kavanagh,Charles Johnson,KO/TKO,2,4:35,3,0,,,,,,,,,,,,,,,,
2025-08-23,UFC Fight Night 257 - Walker vs. Zhang,,Diyar Nurgozhay,Uran Satybaldiev,Uran Satybaldiev,SUB,1,2:45,3,0,,,,,,,,,,,,,,,,
2025-08-26,Dana White's Contender Series - Contender Series 2025: Week 3,,Ryan Gandra,Trent Miller,Ryan Gandra,KO/TKO,1,2:51,3,0,,,,,,,,,,,,,,,,
2025-08-26,Dana White's Contender Series - Contender Series 2025: Week 3,,Marcio Barbosa,Damon Wilson,Marcio Barbosa,KO/TKO,1,4:14,3,0,,,,,,,,,,,,,,,,
2025-08-26,Dana White's Contender Series - Contender Series 2025: Week 3,,Donte Johnson,Darion Abbey,Donte Johnson,KO/TKO,1,1:04,3,0,,,,,,,,,,,,,,,,
2025-08-26,Dana White's Contender Series - Contender Series 2025: Week 3,,Manoel Sousa,Cristian Perez,Manoel Sousa,KO/TKO,3,3:00,3,0,,,,,,,,,,,,,,,,
2025-08-30,AFC 12 - Alabama Fighting Championship: The Great Commission,,Treston Vines,Ethan Hughes,Treston Vines,KO/TKO,1,3:10,3,0,,,,,,,,,,,,,,,,
2025-08-30,HFS - Hex Fight Series 36,,Kasib Murdoch,Sung Jin Kim,Kasib Murdoch,KO/TKO,4,0:37,5,0,,,,,,,,,,,,,,,,
2025-08-30,CFP 11 - Curitiba Fight Pro 11,,Jose Luiz,Bruno de Jesus,Jose Luiz,SUB,1,2:29,3,0,,,,,,,,,,,,,,,,
2025-09-02,Dana White's Contender Series - Contender Series 2025: Week 4,,Tommy McMillen,David Mgoyan,Tommy McMillen,S-DEC,3,5:00,3,0,,,,,,,,,,,,,,,,
2025-09-02,Dana White's Contender Series - Contender Series 2025: Week 4,,Eduardo Henrique,An Tuan Ho,Eduardo Henrique,DEC,3,5:00,3,0,,,,,,,,,,,,,,,,
2025-09-05,LFA 216 - Silva vs. Bertolso,,Levi Rodrigues,Alan Ribeiro,Levi Rodrigues,KO/TKO,1,2:47,3,0,,,,,,,,,,,,,,,,
2025-09-06,UFC Fight Night 258 - Imavov vs. Borralho,,Robert Bryczek,Brad Tavares,Robert Bryczek,KO/TKO,3,1:43,3,0,,,,,,,,,,,,,,,,
2025-09-06,UFC Fight Night 258 - Imavov vs. Borralho,,Mauricio Ruffy,Benoit St. Denis,Benoit St. Denis,SUB,2,2:56,3,0,,,,,,,,,,,,,,,,
2025-09-06,UFC Fight Night 258 - Imavov vs. Borralho,,Axel Sola,Rhys McKee,Axel Sola,KO/TKO,3,2:02,3,0,,,,,,,,,,,,,,,,
2025-09-06,UFC Fight Night 258 - Imavov vs. Borralho,,Modestas Bukauskas,Paul Craig,Modestas Bukauskas,KO/TKO,1,5:00,3,0,,,,,,,,,,,,,,,,
2025-09-06,UFC Fight Night 258 - Imavov vs. Borralho,,Oumar Sy,Brendson Ribeiro,Oumar Sy,KO/TKO,1,4:42,3,0,,,,,,,,,,,,,,,,
2025-09-06,UFC Fight Night 258 - Imavov vs. Borralho,,Mason Jones,Bolaji Oki,Mason Jones,KO/TKO,2,3:18,3,0,,,,,,,,,,,,,,,,
2025-09-06,UFC Fight Night 258 - Imavov vs. Borralho,,Kaue Fernandes,Harry Hardwick,Kaue Fernandes,KO/TKO,1,3:21,3,0,,,,,,,,,,,,,,,,
2025-09-06,UFC Fight Night 258 - Imavov vs. Borralho,,Marcin Tybura,Ante Delija,Ante Delija,KO/TKO,1,2:03,3,0,,,,,,,,,,,,,,,,
2025-09-06,UFC Fight Night 258 - Imavov vs. Borralho,,Sam Patterson,Trey Waters,Sam Patterson,KO/TKO,1,3:01,3,0,,,,,,,,,,,,,,,,
2025-09-07,Deep - Jewels 50,,Machi Fukuda,Si Woo Park,Machi Fukuda,S-DEC,3,5:00,3,0,,,,,,,,,,,,,,,,
2025-09-07,Fury FC 109 - Fury Fighting Championship 109: Graves vs. Silva,,Terrance Chatman,Dwight Maters,Terrance Chatman,DEC,3,5:00,3,0,,,,,,,,,,,,,,,,
2025-09-09,Dana White's Contender Series - Contender Series 2025: Week 5,,Lerryan Douglas,Cam Teague,Lerryan Douglas,KO/TKO,1,0:36,3,0,,,,,,,,,,,,,,,,
2025-09-09,Dana White's Contender Series - Contender Series 2025: Week 5,,Shanelle Dyer,Carol Foro,Carol Foro,DEC,3,5:00,3,0,,,,,,,,,,,,,,,,
2025-09-09,Dana White's Contender Series - Contender Series 2025: Week 5,,Steven Asplund,Anthony Guarascio,Steven Asplund,KO/TKO,1,0:16,3,0,,,,,,,,,,,,,,,,
2025-09-10,UAE Warriors 63 - Morozov vs. Saraliev,,Muhammad Saidov,Valmir da Silva,Muhammad Saidov,DEC,3,5:00,3,0,,,,,,,,,,,,,,,,
2025-09-12,LFA 217 - McKee vs. Nobre,,Gable Steveson,Braden Peterson,Gable Steveson,KO/TKO,1,1:38,3,0,,,,,,,,,,,,,,,,
2025-09-13,UFC Fight Night 259 - Noche UFC: Lopes vs. Silva,,Sedriques Dumas,Zachary Reese,nc,NC,1,0:51,3,0,,,,,,,,,,,,,,,,
2025-09-13,NGF 5 - New Generation Fighting 5,,Mehemmedali Osmanli,Ali Yousefi,Mehemmedali Osmanli,DEC,3,5:00,3,0,,,,,,,,,,,,,,,,
2025-09-13,UFC Fight Night 259 - Noche UFC: Lopes vs. Silva,,Jean Silva,Diego Lopes,Diego Lopes,KO/TKO,2,4:48,5,0,,,,,,,,,,,,,,,,
2025-09-13,UFC Fight Night 259 - Noche UFC: Lopes vs. Silva,,David Martinez,Rob Font,David Martinez,DEC,3,5:00,3,0,,,,,,,,,,,,,,,,
2025-09-13,UFC Fight Night 259 - Noche UFC: Lopes vs. Silva,,Rafa Garcia,Jared Gordon,Rafa Garcia,KO/TKO,3,2:27,3,0,,,,,,,,,,,,,,,,
2025-09-13,UFC Fight Night 259 - Noche UFC: Lopes vs. Silva,,Daniil Donchenko,Rodrigo Sezinando,Daniil Donchenko,KO/TKO,1,4:27,3,0,,,,,,,,,,,,,,,,
2025-09-13,Ares 34 - Begai vs. Diakhate,,Delphine Benouaich,Ingrid Silva,Ingrid Silva,S-DEC,3,5:00,3,0,,,,,,,,,,,,,,,,
2025-09-13,UFC Fight Night 259 - Noche UFC: Lopes vs. Silva,,Dustin Stoltzfus,Kelvin Gastelum,Kelvin Gastelum,DEC,3,5:00,3,0,,,,,,,,,,,,,,,,
2025-09-13,UFC Fight Night 259 - Noche UFC: Lopes vs. Silva,,Diego Ferreira,Alexander Hernandez,Alexander Hernandez,KO/TKO,2,3:46,3,0,,,,,,,,,,,,,,,,
2025-09-13,UFC Fight Night 259 - Noche UFC: Lopes vs. Silva,,Amanda Lemos,Tatiana Suarez,Tatiana Suarez,DEC,3,5:00,3,0,,,,,,,,,,,,,,,,
2025-09-13,UFC Fight Night 259 - Noche UFC: Lopes vs. Silva,,Dusko Todorovic,Jose Medina,Dusko Todorovic,SUB,1,4:21,3,0,,,,,,,,,,,,,,,,
2025-09-16,Dana White's Contender Series - Contender Series 2025: Week 6,,Iwo Baraniewski,Mahamed Aly,Iwo Baraniewski,KO/TKO,1,0:20,3,0,,,,,,,,,,,,,,,,
2025-09-16,Dana White's Contender Series - Contender Series 2025: Week 6,,Thomas Gantt,Adam Livingston,Thomas Gantt,SUB,1,2:47,3,0,,,,,,,,,,,,,,,,
2025-09-20,FLA 21 - Fight League Atlantic,,Cameron Nelson,Kenyon Moore,Cameron Nelson,KO/TKO,1,2:43,3,0,,,,,,,,,,,,,,,,
2025-09-20,LXF 27 - Lights Out Xtreme Fighting 27,,Tyrell Fortune,Demoreo Dennis,Tyrell Fortune,KO/TKO,3,3:56,3,0,,,,,,,,,,,,,,,,
2025-09-23,Dana White's Contender Series - Contender Series 2025: Week 7,,Sofia Montenegro,Jeisla Chaves,Jeisla Chaves,S-DEC,3,5:00,3,0,,,,,,,,,,,,,,,,
2025-09-23,Dana White's Contender Series - Contender Series 2025: Week 7,,Rafael Tobias,Jair de Oliveira,Rafael Tobias,SUB,1,3:46,3,0,,,,,,,,,,,,,,,,
2025-09-27,UFC Fight Night 260 - Ulberg vs. Reyes,,Rodolfo Bellato,Navajo Stirling,Navajo Stirling,DEC,3,5:00,3,0,,,,,,,,,,,,,,,,
2025-09-27,UFC Fight Night 260 - Ulberg vs. Reyes,,Jack Jenkins,Ramon Taveras,Jack Jenkins,DEC,3,5:00,3,0,,,,,,,,,,,,,,,,
2025-09-27,UFC Fight Night 260 - Ulberg vs. Reyes,,Neil Magny,Jake Matthews,Neil Magny,SUB,3,3:08,3,0,,,,,,,,,,,,,,,,
2025-09-27,UFC Fight Night 260 - Ulberg vs. Reyes,,Alexia Thainara,Konklak Suphisara,Alexia Thainara,DEC,3,5:00,3,0,,,,,,,,,,,,,,,,
2025-09-28,Thunder Fight 51 - Copa Thunder 43: Dynamite,,Hector Santiago,Mateus Sales,Hector Santiago,KO/TKO,2,2:50,3,0,,,,,,,,,,,,,,,,
2025-09-30,Dana White's Contender Series - Contender Series 2025: Week 8,,Kurtis Campbell,Demba Seck,Kurtis Campbell,KO/TKO,1,1:20,3,0,,,,,,,,,,,,,,,,
2025-10-04,UFC 320 - Ankalaev vs. Pereira 2,,Joo Sang Yoo,Daniel Santos,Daniel Santos,KO/TKO,2,0:21,3,0,,,,,,,,,,,,,,,,
2025-10-04,UFC 320 - Ankalaev vs. Pereira 2,,Edmen Shahbazyan,Andre Muniz,Edmen Shahbazyan,KO/TKO,1,4:58,3,0,,,,,,,,,,,,,,,,
2025-10-04,UFC 320 - Ankalaev vs. Pereira 2,,Punahele Soriano,Nikolay Veretennikov,Punahele Soriano,DEC,3,5:00,3,0,,,,,,,,,,,,,,,,
2025-10-04,CW 195 - Cage Warriors 195: Rome,,Francesco Nuzzi,Lucas Rodrigues,Francesco Nuzzi,KO/TKO,1,3:52,3,0,,,,,,,,,,,,,,,,
2025-10-04,Urijah Faber's A1 Combat 30 - Huseynov vs. Ding,,Meng Ding,Mirali Huseynov,Meng Ding,KO/TKO,2,2:45,3,0,,,,,,,,,,,,,,,,
2025-10-04,UFC 320 - Ankalaev vs. Pereira 2,,Treston Vines,Ateba Abega Gautier,Ateba Abega Gautier,KO/TKO,1,1:41,3,0,,,,,,,,,,,,,,,,
2025-10-04,UFC 320 - Ankalaev vs. Pereira 2,,Ramiz Brahimaj,Austin Vanderford,Ramiz Brahimaj,SUB,2,2:24,3,0,,,,,,,,,,,,,,,,
2025-10-04,Oktagon MMA - Oktagon 77: Engizek vs. Humburger,,Vlastislav Cepo,Daniel Schwindt,Vlastislav Cepo,KO/TKO,1,3:38,3,0,,,,,,,,,,,,,,,,
2025-10-04,UFC 320 - Ankalaev vs. Pereira 2,,Magomed Ankalaev,Alex Pereira,Alex Pereira,KO/TKO,1,1:20,5,0,,,,,,,,,,,,,,,,
2025-10-07,Dana White's Contender Series - Contender Series 2025: Week 9,,Luis Felipe Dias,Donavon Hedrick,Luis Felipe Dias,SUB,2,4:37,3,0,,,,,,,,,,,,,,,,
2025-10-07,Dana White's Contender Series - Contender Series 2025: Week 9,,Mark Vologdin,Adrian Luna Martinetti,Adrian Luna Martinetti,DEC,3,5:00,3,0,,,,,,,,,,,,,,,,
2025-10-07,Dana White's Contender Series - Contender Series 2025: Week 9,,Magomed Zaynukov,Lucas Caldas,Magomed Zaynukov,DEC,3,5:00,3,0,,,,,,,,,,,,,,,,
2025-10-11,CN - Combat Night: South Florida,,Luis Hernandez,Paulo Machado,Luis Hernandez,KO/TKO,3,3:13,3,0,,,,,,,,,,,,,,,,
2025-10-11,UFC Fight Night 261 - Oliveira vs. Gamrot,,Montel Jackson,Deiveson Figueiredo,Deiveson Figueiredo,S-DEC,3,5:00,3,0,,,,,,,,,,,,,,,,
2025-10-11,UFC Fight Night 261 - Oliveira vs. Gamrot,,Michael Aswell,Lucas Almeida,Michael Aswell,KO/TKO,1,1:42,3,0,,,,,,,,,,,,,,,,
2025-10-11,UFC Fight Night 261 - Oliveira vs. Gamrot,,Mario Pinto,Jhonata Diniz,Mario Pinto,KO/TKO,2,4:10,3,0,,,,,,,,,,,,,,,,
2025-10-11,UFC Fight Night 261 - Oliveira vs. Gamrot,,Julia Polastri,Karolina Kowalkiewicz,Julia Polastri,KO/TKO,3,2:56,3,0,,,,,,,,,,,,,,,,
2025-10-11,UFC Fight Night 261 - Oliveira vs. Gamrot,,Vitor Petrino,Thomas Petersen,Vitor Petrino,KO/TKO,3,0:26,3,0,,,,,,,,,,,,,,,,
2025-10-11,UFC Fight Night 261 - Oliveira vs. Gamrot,,Joel Alvarez,Vicente Luque,Joel Alvarez,DEC,3,5:00,3,0,,,,,,,,,,,,,,,,
2025-10-11,UFC Fight Night 261 - Oliveira vs. Gamrot,,Mateusz Gamrot,Charles Oliveira,Charles Oliveira,SUB,2,2:48,5,0,,,,,,,,,,,,,,,,
2025-10-11,UNF 28 - Up Next Fighting 28,,Gianni Vazquez,Narek Avagyan,Gianni Vazquez,KO/TKO,2,2:56,3,0,,,,,,,,,,,,,,,,
2025-10-14,Dana White's Contender Series - Contender Series 2025: Week 10,,Marwan Rahiki,Ananias Mulumba,Marwan Rahiki,KO/TKO,2,2:13,3,0,,,,,,,,,,,,,,,,
2025-10-14,Dana White's Contender Series - Contender Series 2025: Week 10,,Levi Rodrigues,Freddy Vidal,nc,NC,1,3:20,3,0,,,,,,,,,,,,,,,,
2025-10-14,Dana White's Contender Series - Contender Series 2025: Week 10,,Wesley Schultz,Mario Mingaj,Wesley Schultz,SUB,1,1:51,3,0,,,,,,,,,,,,,,,,
2025-10-14,Dana White's Contender Series - Contender Series 2025: Week 10,,Michael Oliveira,Victor Valenzuela,Michael Oliveira,KO/TKO,2,3:56,3,0,,,,,,,,,,,,,,,,
2025-10-14,Dana White's Contender Series - Contender Series 2025: Week 10,,Jovan Leka,Azamat Nuftillaev,Jovan Leka,DEC,3,5:00,3,0,,,,,,,,,,,,,,,,
2025-10-18,UFC Fight Night 262 - De Ridder vs. Allen,,Marlon Vera,Aiemann Zahabi,Aiemann Zahabi,S-DEC,3,5:00,3,0,,,,,,,,,,,,,,,,
2025-10-18,UFC Fight Night 262 - De Ridder vs. Allen,,Charles Jourdain,Davey Grant,Charles Jourdain,SUB,1,3:05,3,0,,,,,,,,,,,,,,,,
2025-10-18,UFC Fight Night 262 - De Ridder vs. Allen,,Manon Fiorot,Jasmine Jasudavicius,Manon Fiorot,KO/TKO,1,1:14,3,0,,,,,,,,,,,,,,,,
2025-10-18,UFC Fight Night 262 - De Ridder vs. Allen,,Yousri Belgaroui,Azamat Bekoev,Yousri Belgaroui,KO/TKO,3,0:55,3,0,,,,,,,,,,,,,,,,
2025-10-18,UFC Fight Night 262 - De Ridder vs. Allen,,Djorden Santos,Danny Barlow,Djorden Santos,DEC,3,5:00,3,0,,,,,,,,,,,,,,,,
2025-10-18,UFC Fight Night 262 - De Ridder vs. Allen,,Qileng Aori,Cody Gibson,Qileng Aori,KO/TKO,1,0:21,3,0,,,,,,,,,,,,,,,,
2025-10-18,UFC Fight Night 262 - De Ridder vs. Allen,,Reinier de Ridder,Brendan Allen,Brendan Allen,KO/TKO,4,5:00,5,0,,,,,,,,,,,,,,,,
2025-10-18,UFC Fight Night 262 - De Ridder vs. Allen,,Ravena Oliveira,Stephanie Luciano,Stephanie Luciano,SUB,3,2:50,3,0,,,,,,,,,,,,,,,,
2025-10-18,Ares 35 - Baki vs. Zebo,,Noah Gugnon,Adrian Prisceanu,Noah Gugnon,KO/TKO,1,3:33,3,0,,,,,,,,,,,,,,,,
2025-10-18,UFC Fight Night 262 - De Ridder vs. Allen,,Kyle Prepolec,Drew Dober,Drew Dober,KO/TKO,3,1:16,3,0,,,,,,,,,,,,,,,,
2025-10-24,WLF - W.A.R.S. 88,,Maimaitijiang Yilizhati,Maksim Lylov,Maksim Lylov,DEC,3,5:00,3,0,,,,,,,,,,,,,,,,
2025-10-25,UFC 321 - Aspinall vs. Gane,,Jose Delgado,Nathaniel Wood,Nathaniel Wood,DEC,3,5:00,3,0,,,,,,,,,,,,,,,,
2025-10-25,UFC 321 - Aspinall vs. Gane,,Umar Nurmagomedov,Mario Bautista,Umar Nurmagomedov,DEC,3,5:00,3,0,,,,,,,,,,,,,,,,
2025-10-25,UFC 321 - Aspinall vs. Gane,,Nasrat Haqparast,Quillan Salkilld,Quillan Salkilld,KO/TKO,1,2:30,3,0,,,,,,,,,,,,,,,,
2025-10-25,LFA 220 - Tanner vs. Cyr,,Ryan Kuse,Kevin Natividad,Ryan Kuse,DEC,3,5:00,3,0,,,,,,,,,,,,,,,,
2025-10-25,UFC 321 - Aspinall vs. Gane,,Mackenzie Dern,Virna Jandiroba,Mackenzie Dern,DEC,5,5:00,5,0,,,,,,,,,,,,,,,,
2025-10-25,UFC 321 - Aspinall vs. Gane,,Louie Sutherland,Valter Walker,Valter Walker,SUB,1,1:24,3,0,,,,,,,,,,,,,,,,
2025-10-25,UFC 321 - Aspinall vs. Gane,,Aleksandar Rakic,Azamat Murzakanov,Azamat Murzakanov,KO/TKO,1,3:11,3,0,,,,,,,,,,,,,,,,
2025-10-25,UFC 321 - Aspinall vs. Gane,,Ludovit Klein,Mateusz Rebecki,Ludovit Klein,S-DEC,3,5:00,3,0,,,,,,,,,,,,,,,,
2025-10-30,WXF - APEC 2025 Korea Summit Commemorative World MMA Competition,,Bo Hyun Park,Maria Belanson,Bo Hyun Park,S-DEC,3,4:00,3,0,,,,,,,,,,,,,,,,
2025-11-01,UFC Fight Night 263 - Garcia vs. Onama,,Norma Dumont,Ketlen Vieira,Norma Dumont,S-DEC,3,5:00,3,0,,,,,,,,,,,,,,,,
2025-11-01,UFC Fight Night 263 - Garcia vs. Onama,,Sedriques Dumas,Donte Johnson,Donte Johnson,SUB,2,1:25,3,0,,,,,,,,,,,,,,,,
2025-11-01,UFC Fight Night 263 - Garcia vs. Onama,,Waldo Cortes-Acosta,Ante Delija,Waldo Cortes-Acosta,KO/TKO,1,3:59,3,0,,,,,,,,,,,,,,,,
2025-11-01,UFC Fight Night 263 - Garcia vs. Onama,,Jeremiah Wells,Themba Gorimbo,Jeremiah Wells,DEC,3,5:00,3,0,,,,,,,,,,,,,,,,
2025-11-01,UFC Fight Night 263 - Garcia vs. Onama,,Yadier Del Valle,Isaac Dulgarian,Yadier Del Valle,SUB,1,3:41,3,0,,,,,,,,,,,,,,,,
2025-11-07,HXMMA 36 - Hexagone MMA 36,,Matthieu Letho Duclos,Moacir Rocha,Matthieu Letho Duclos,KO/TKO,2,4:28,3,0,,,,,,,,,,,,,,,,
2025-11-07,Brave CF 100 - Brave Combat Federation 100,,Borislav Nikolic,Hamza Kooheji,Borislav Nikolic,KO/TKO,4,4:53,5,0,,,,,,,,,,,,,,,,
2025-11-08,UFC Fight Night 264 - Bonfim vs. Brown,,Raoni Barcelos,Ricky Simon,Raoni Barcelos,DEC,3,5:00,3,0,,,,,,,,,,,,,,,,
2025-11-08,UFC Fight Night 264 - Bonfim vs. Brown,,Joseph Morales,Matt Schnell,Joseph Morales,SUB,1,2:54,3,0,,,,,,,,,,,,,,,,
2025-11-08,UFC Fight Night 264 - Bonfim vs. Brown,,Muslim Salikhov,Uros Medic,Uros Medic,KO/TKO,1,1:03,3,0,,,,,,,,,,,,,,,,
2025-11-08,UFC Fight Night 264 - Bonfim vs. Brown,,Denise Gomes,Tecia Pennington,Denise Gomes,DEC,3,5:00,3,0,,,,,,,,,,,,,,,,
2025-11-08,Octagon Promotion - Octagon 81: Abdueva vs. Monteiro,,Farida Abdueva,Silvania Monteiro,Farida Abdueva,KO/TKO,1,4:59,3,0,,,,,,,,,,,,,,,,
2025-11-08,UFC Fight Night 264 - Bonfim vs. Brown,,Jamall Emmers,Hyder Amil,Jamall Emmers,DEC,3,5:00,3,0,,,,,,,,,,,,,,,,
2025-11-08,UFC Fight Night 264 - Bonfim vs. Brown,,Chris Padilla,Ismael Bonfim,Chris Padilla,KO/TKO,2,4:30,3,0,,,,,,,,,,,,,,,,
2025-11-08,UFC Fight Night 264 - Bonfim vs. Brown,,Jackson McVey,Zachary Reese,Zachary Reese,SUB,2,1:38,3,0,,,,,,,,,,,,,,,,
2025-11-08,UFC Fight Night 264 - Bonfim vs. Brown,,Miles Johns,Daniel Marcos,Daniel Marcos,SUB,2,4:23,3,0,,,,,,,,,,,,,,,,
2025-11-09,Fury FC 111 - Fury Fighting Championship 111: Taylor vs. Israilov,,Sean King III,Anthony Toro,Sean King III,DEC,3,5:00,3,0,,,,,,,,,,,,,,,,
2025-11-15,UAE Warriors 65 - Silva vs. Oliveira,,Mehemmedali Osmanli,Bakhtovar Yunusov,Mehemmedali Osmanli,SUB,2,1:57,3,0,,,,,,,,,,,,,,,,
2025-11-15,UFC 322 - Della Maddalena vs. Makhachev,,Rodolfo Vieira,Bo Nickal,Bo Nickal,KO/TKO,3,2:24,3,0,,,,,,,,,,,,,,,,
2025-11-15,UAE Warriors 65 - Silva vs. Oliveira,,Pavel Andrusca,Zhawupasi Daermisi,Pavel Andrusca,KO/TKO,1,3:53,3,0,,,,,,,,,,,,,,,,
2025-11-15,Eternal MMA 101 - Gold Coast,,George Mangos,Justin Van Heerden,George Mangos,KO/TKO,1,1:52,3,0,,,,,,,,,,,,,,,,
2025-11-15,UFC 322 - Della Maddalena vs. Makhachev,,Gregory Rodrigues,Roman Kopylov,Gregory Rodrigues,DEC,3,5:00,3,0,,,,,,,,,,,,,,,,
2025-11-15,UFC 322 - Della Maddalena vs. Makhachev,,Islam Makhachev,Jack Della Maddalena,Islam Makhachev,DEC,5,5:00,5,0,,,,,,,,,,,,,,,,
2025-11-15,UFC 322 - Della Maddalena vs. Makhachev,,Eric McConico,Baisangur Susurkaev,Baisangur Susurkaev,KO/TKO,3,1:38,3,0,,,,,,,,,,,,,,,,
2025-11-21,Fury FC - Challenger Series 15,,Anthony Wint,Miles Banks,Anthony Wint,KO/TKO,1,0:21,3,0,,,,,,,,,,,,,,,,
2025-11-22,UFC Fight Night 265 - Tsarukyan vs. Hooker,,Arman Tsarukyan,Dan Hooker,Arman Tsarukyan,SUB,2,3:34,5,0,,,,,,,,,,,,,,,,
2025-11-22,UFC Fight Night 265 - Tsarukyan vs. Hooker,,Alonzo Menifield,Volkan Oezdemir,Volkan Oezdemir,KO/TKO,1,1:27,3,0,,,,,,,,,,,,,,,,
2025-11-22,UFC Fight Night 265 - Tsarukyan vs. Hooker,,Waldo Cortes-Acosta,Shamil Gaziev,Waldo Cortes-Acosta,KO/TKO,1,1:22,3,0,,,,,,,,,,,,,,,,
2025-11-22,UFC Fight Night 265 - Tsarukyan vs. Hooker,,Alex Perez,Asu Almabayev,Asu Almabayev,SUB,3,0:22,3,0,,,,,,,,,,,,,,,,
2025-11-22,HFS - Hex Fight Series 37,,Kasib Murdoch,Kristopher Ustijanovski,Kasib Murdoch,DEC,5,5:00,5,0,,,,,,,,,,,,,,,,
2025-11-22,UFC Fight Night 265 - Tsarukyan vs. Hooker,,Ian Garry,Belal Muhammad,Ian Garry,DEC,3,5:00,3,0,,,,,,,,,,,,,,,,
2025-11-22,UFC Fight Night 265 - Tsarukyan vs. Hooker,,Myktybek Orolbai,Jack Hermansson,Myktybek Orolbai,KO/TKO,1,2:46,3,0,,,,,,,,,,,,,,,,
2025-11-22,UFC Fight Night 265 - Tsarukyan vs. Hooker,,Bogdan Grad,Luke Riley,Luke Riley,KO/TKO,2,0:30,3,0,,,,,,,,,,,,,,,,
2025-11-22,Oktagon MMA - Oktagon 80: Legierski vs. Korkmaz,,Alexander Poppeck,David Hosek,Alexander Poppeck,KO/TKO,2,2:25,3,0,,,,,,,,,,,,,,,,
2025-11-22,UFC Fight Night 265 - Tsarukyan vs. Hooker,,Saygid Izagakhmaev,Nicolas Dalby,Nicolas Dalby,S-DEC,3,5:00,3,0,,,,,,,,,,,,,,,,
2025-11-23,Anthony Pettis FC 21 - New Mexico Fight Night 2,,Gable Steveson,Kevin Hein,Gable Steveson,KO/TKO,1,0:24,3,0,,,,,,,,,,,,,,,,
2025-11-23,Brave CF 102 - Brave Combat Federation 102 / WFC 29,,Marina Spasic,Marina Merchuk,Marina Merchuk,DEC,3,5:00,3,0,,,,,,,,,,,,,,,,
2025-11-28,WOW 24 - Vitoria,,Fabia Sintes,Amir Malekpour,Fabia Sintes,SUB,3,4:35,3,0,,,,,,,,,,,,,,,,
2025-12-06,AFP 104 - American Fight Promotions,,Ilimbek Akylbek Uulu,Mo Miller,Ilimbek Akylbek Uulu,SUB,4,2:14,5,0,,,,,,,,,,,,,,,,
2025-12-06,UFC 323 - Dvalishvili vs. Yan 2,,Joshua Van,Alexandre Pantoja,Joshua Van,KO/TKO,1,0:26,3,0,,,,,,,,,,,,,,,,
2025-12-06,UFC 323 - Dvalishvili vs. Yan 2,,Iwo Baraniewski,Ibo Aslan,Iwo Baraniewski,KO/TKO,1,1:29,3,0,,,,,,,,,,,,,,,,
2025-12-06,UFC 323 - Dvalishvili vs. Yan 2,,Brunno Ferreira,Marvin Vettori,Brunno Ferreira,DEC,3,5:00,3,0,,,,,,,,,,,,,,,,
2025-12-06,UFC 323 - Dvalishvili vs. Yan 2,,Brandon Moreno,Tatsuro Taira,Tatsuro Taira,KO/TKO,2,2:24,3,0,,,,,,,,,,,,,,,,
2025-12-06,UFC 323 - Dvalishvili vs. Yan 2,,Fares Ziam,Nazim Sadykhov,Fares Ziam,KO/TKO,2,4:59,3,0,,,,,,,,,,,,,,,,
2025-12-06,UFC 323 - Dvalishvili vs. Yan 2,,Muhammadjon Naimov,Mairon Santos,Mairon Santos,KO/TKO,3,0:21,3,0,,,,,,,,,,,,,,,,
2025-12-06,UFC 323 - Dvalishvili vs. Yan 2,,Jalin Turner,Edson Barboza,Jalin Turner,KO/TKO,1,2:24,3,0,,,,,,,,,,,,,,,,
2025-12-06,UFC 323 - Dvalishvili vs. Yan 2,,Mansur Abdul-Malik,Antonio Trocoli,Mansur Abdul-Malik,SUB,1,1:09,3,0,,,,,,,,,,,,,,,,
2025-12-06,UFC 323 - Dvalishvili vs. Yan 2,,Jan Blachowicz,Bogdan Guskov,draw,DRAW,3,5:00,3,0,,,,,,,,,,,,,,,,
2025-12-13,UFC on ESPN 73 - Royval vs. Kape,,Sean Sharaf,Steven Asplund,Steven Asplund,KO/TKO,2,3:49,3,0,,,,,,,,,,,,,,,,
2025-12-13,UFC on ESPN 73 - Royval vs. Kape,,Joanderson Brito,Isaac Thomson,Joanderson Brito,DEC,3,5:00,3,0,,,,,,,,,,,,,,,,
2025-12-13,UFC on ESPN 73 - Royval vs. Kape,,Giga Chikadze,Kevin Vallejos,Kevin Vallejos,KO/TKO,2,1:29,3,0,,,,,,,,,,,,,,,,
2025-12-13,UFC on ESPN 73 - Royval vs. Kape,,Morgan Charriere,Melquizael Costa,Melquizael Costa,KO/TKO,1,1:14,3,0,,,,,,,,,,,,,,,,
2025-12-13,Ares 36 - Jbalia vs. Sabirov,,Delphine Benouaich,Lindsey Payne,Delphine Benouaich,SUB,1,3:10,3,0,,,,,,,,,,,,,,,,
2025-12-13,UFC on ESPN 73 - Royval vs. Kape,,Kennedy Nzechukwu,Marcus Almeida,draw,DRAW,3,5:00,3,0,,,,,,,,,,,,,,,,
2025-12-13,UFC on ESPN 73 - Royval vs. Kape,,Neil Magny,Yaroslav Amosov,Yaroslav Amosov,SUB,1,3:14,3,0,,,,,,,,,,,,,,,,
2025-12-13,UFC on ESPN 73 - Royval vs. Kape,,Guilherme Pat,Allen Frye,Guilherme Pat,DEC,3,5:00,3,0,,,,,,,,,,,,,,,,
2025-12-20,CFFC 149 - Cage Fury Fighting Championships 149: Cafaro vs. Patton,,Bilal Hasan,Renaldy Manse,Bilal Hasan,KO/TKO,1,2:47,3,0,,,,,,,,,,,,,,,,
2025-12-20,Dragon FC - Longsan Fight: Day 1,,Ailinuer Ahejiang,Grigoriy Belyaev,Ailinuer Ahejiang,S-DEC,3,5:00,3,0,,,,,,,,,,,,,,,,
2025-12-20,FNC 26 - Janicic vs. Oliveira,,Milos Janicic,Alex Oliveira,Milos Janicic,KO/TKO,1,1:50,3,0,,,,,,,,,,,,,,,,
2025-12-21,Thunder Fight 54 - Copa Thunder 44: Explosive Edition,,Hector Santiago,Maycon Alcino,Maycon Alcino,SUB,2,4:01,3,0,,,,,,,,,,,,,,,,
2025-12-21,Pancrase - 360,,Ryo Tajima,Rui Imura,Ryo Tajima,KO/TKO,1,3:42,3,0,,,,,,,,,,,,,,,,
2026-01-16,LFA 224 - Adams vs. Bilalov,,Josiah Harrell,Bekmyrza Dosmatov,Josiah Harrell,KO/TKO,3,3:28,3,0,,,,,,,,,,,,,,,,
2026-01-16,LFA 224 - Adams vs. Bilalov,,Giovanna Canuto,Janaina Silva,Giovanna Canuto,SUB,3,2:38,3,0,,,,,,,,,,,,,,,,
2026-01-17,KSW 114 - Parnasse vs. Held,,Salahdine Parnasse,Marcin Held,Salahdine Parnasse,KO/TKO,2,3:35,3,0,,,,,,,,,,,,,,,,
2026-01-18,Fury FC 113 - Fury Fighting Championship 113: Kamara vs. Silva,,Takaya Suzuki,Antonio Figueiredo,Takaya Suzuki,KO/TKO,2,2:12,3,0,,,,,,,,,,,,,,,,
2026-01-18,Fury FC 113 - Fury Fighting Championship 113: Kamara vs. Silva,,Terrance Chatman,Omar El-Sahlah,Terrance Chatman,KO/TKO,1,0:21,3,0,,,,,,,,,,,,,,,,
2026-01-19,WLF Zepai Cup - Tianshan Summit Duel,,Maimaitijiang Yilizhati,Denis Chernikov,Maimaitijiang Yilizhati,KO/TKO,1,3:51,3,0,,,,,,,,,,,,,,,,
2026-01-24,UFC 324 - Gaethje vs. Pimblett,,Jean Silva,Arnold Allen,Jean Silva,DEC,3,5:00,3,0,,,,,,,,,,,,,,,,
2026-01-24,UFC 324 - Gaethje vs. Pimblett,,Waldo Cortes-Acosta,Derrick Lewis,Waldo Cortes-Acosta,KO/TKO,2,3:14,3,0,,,,,,,,,,,,,,,,
2026-01-24,UFC 324 - Gaethje vs. Pimblett,,Modestas Bukauskas,Nikita Krylov,Nikita Krylov,KO/TKO,3,4:57,3,0,,,,,,,,,,,,,,,,
2026-01-24,UFC 324 - Gaethje vs. Pimblett,,Yadong Song,Sean O'Malley,Sean O'Malley,DEC,3,5:00,3,0,,,,,,,,,,,,,,,,
2026-01-24,UFC 324 - Gaethje vs. Pimblett,,Umar Nurmagomedov,Deiveson Figueiredo,Umar Nurmagomedov,DEC,3,5:00,3,0,,,,,,,,,,,,,,,,
2026-01-24,UFC 324 - Gaethje vs. Pimblett,,Alex Perez,Charles Johnson,Alex Perez,KO/TKO,1,3:16,3,0,,,,,,,,,,,,,,,,
2026-01-24,UFC 324 - Gaethje vs. Pimblett,,Ty Cole Miller,Adam Fugitt,Ty Cole Miller,KO/TKO,1,4:59,3,0,,,,,,,,,,,,,,,,
2026-01-31,UFC 325 - Volkanovski vs. Lopes 2,,Mauricio Ruffy,Rafael Fiziev,Mauricio Ruffy,KO/TKO,2,4:30,3,0,,,,,,,,,,,,,,,,
2026-01-31,UFC 325 - Volkanovski vs. Lopes 2,,Tai Tuivasa,Tallison Teixeira,Tallison Teixeira,DEC,3,5:00,3,0,,,,,,,,,,,,,,,,
2026-01-31,UFC 325 - Volkanovski vs. Lopes 2,,Dan Hooker,Benoit St. Denis,Benoit St. Denis,KO/TKO,2,4:45,3,0,,,,,,,,,,,,,,,,
2026-01-31,UFC 325 - Volkanovski vs. Lopes 2,,Lawrence Lui,Rangbo Sulang,Lawrence Lui,S-DEC,3,5:00,3,0,,,,,,,,,,,,,,,,
2026-01-31,Eternal MMA 102 - Sydney,,Joseph Larcinese,Anthony Drilich,Joseph Larcinese,KO/TKO,3,4:24,3,0,,,,,,,,,,,,,,,,
2026-01-31,UFC 325 - Volkanovski vs. Lopes 2,,Quillan Salkilld,Jamie Mullarkey,Quillan Salkilld,SUB,1,3:02,3,0,,,,,,,,,,,,,,,,
2026-01-31,UFC 325 - Volkanovski vs. Lopes 2,,Oban Elliott,Jonathan Micallef,Jonathan Micallef,SUB,2,3:31,3,0,,,,,,,,,,,,,,,,
2026-01-31,Oktagon MMA - Oktagon 83: Samsonidse vs. Machaev,,Alexander Poppeck,Jesus Samuel Chavarria,Alexander Poppeck,SUB,1,3:30,3,0,,,,,,,,,,,,,,,,
2026-02-06,Fury FC 115 - Fury Fighting Championship 115: Macklin vs. Bakhtiyar,,Sean King III,Dumar Roa,Sean King III,KO/TKO,1,4:54,3,0,,,,,,,,,,,,,,,,
2026-02-07,UFC Fight Night 266 - Bautista vs. Oliveira,,Eduarda Moura,Cong Wang,Cong Wang,DEC,3,5:00,3,0,,,,,,,,,,,,,,,,
2026-02-07,UFC Fight Night 266 - Bautista vs. Oliveira,,Daniil Donchenko,Alex Morono,Daniil Donchenko,DEC,3,5:00,3,0,,,,,,,,,,,,,,,,
2026-02-07,UFC Fight Night 266 - Bautista vs. Oliveira,,Klaudia Sygula,Priscila Cachoeira,Klaudia Sygula,DEC,3,5:00,3,0,,,,,,,,,,,,,,,,
2026-02-07,FLA 23 - Fight League Atlantic,,Cameron Nelson,Joao Machado,Cameron Nelson,SUB,2,2:13,3,0,,,,,,,,,,,,,,,,
2026-02-07,UFC Fight Night 266 - Bautista vs. Oliveira,,Gianni Vazquez,Javid Basharat,Javid Basharat,DEC,3,5:00,3,0,,,,,,,,,,,,,,,,
2026-02-07,UFC Fight Night 266 - Bautista vs. Oliveira,,Rizvan Kuniev,Jailton Almeida,Rizvan Kuniev,DEC,3,5:00,3,0,,,,,,,,,,,,,,,,
2026-02-07,UFC Fight Night 266 - Bautista vs. Oliveira,,Dustin Jacoby,Julius Walker,Dustin Jacoby,KO/TKO,2,1:42,3,0,,,,,,,,,,,,,,,,
2026-02-14,Brave CF 104 - Brave Combat Federation 104,,Borislav Nikolic,Matheus Malta,Borislav Nikolic,KO/TKO,2,3:22,3,0,,,,,,,,,,,,,,,,
2026-02-14,Brave CF 104 - Brave Combat Federation 104,,Nina Nikolija Milosevic,Dina Osman,Nina Nikolija Milosevic,DEC,3,5:00,3,0,,,,,,,,,,,,,,,,
2026-02-14,Brave CF 104 - Brave Combat Federation 104,,Jovan Leka,Charlie Milner,Jovan Leka,SUB,1,2:36,3,0,,,,,,,,,,,,,,,,
2026-02-19,MFL 3 - Steveson vs. Lezama,,Gable Steveson,Hugo Lezama,Gable Steveson,KO/TKO,1,3:50,3,0,,,,,,,,,,,,,,,,
2026-02-21,Shamrock FC 373 - Kansas City,,Christian Edwards,Glendal Whitney,Christian Edwards,KO/TKO,2,4:22,3,0,,,,,,,,,,,,,,,,
2026-02-21,UFC Fight Night 267 - Strickland vs. Hernandez,,Josiah Harrell,Jacobe Smith,Jacobe Smith,KO/TKO,1,3:01,3,0,,,,,,,,,,,,,,,,
2026-02-21,UFC Fight Night 267 - Strickland vs. Hernandez,,Dan Ige,Melquizael Costa,Melquizael Costa,KO/TKO,1,4:56,3,0,,,,,,,,,,,,,,,,
2026-02-21,UFC Fight Night 267 - Strickland vs. Hernandez,,Punahele Soriano,Ramiz Brahimaj,Punahele Soriano,DEC,3,5:00,3,0,,,,,,,,,,,,,,,,
2026-02-21,UFC Fight Night 267 - Strickland vs. Hernandez,,Nora Cornolle,Joselyne Edwards,Joselyne Edwards,SUB,2,2:44,3,0,,,,,,,,,,,,,,,,
2026-02-21,UFC Fight Night 267 - Strickland vs. Hernandez,,Anthony Hernandez,Sean Strickland,Sean Strickland,KO/TKO,3,2:23,5,0,,,,,,,,,,,,,,,,
2026-02-21,UFC Fight Night 267 - Strickland vs. Hernandez,,Serghei Spivac,Ante Delija,Serghei Spivac,DEC,3,5:00,3,0,,,,,,,,,,,,,,,,
2026-02-21,UFC Fight Night 267 - Strickland vs. Hernandez,,Carli Judice,Juliana Miller,Carli Judice,DEC,3,5:00,3,0,,,,,,,,,,,,,,,,
2026-02-21,UFC Fight Night 267 - Strickland vs. Hernandez,,Chidi Njokuani,Carlos Leal,Carlos Leal,DEC,3,5:00,3,0,,,,,,,,,,,,,,,,
2026-02-21,UFC Fight Night 267 - Strickland vs. Hernandez,,Yadier Del Valle,Jordan Leavitt,Jordan Leavitt,DEC,3,5:00,3,0,,,,,,,,,,,,,,,,
2026-02-21,UFC Fight Night 267 - Strickland vs. Hernandez,,Uros Medic,Geoff Neal,Uros Medic,KO/TKO,1,1:19,3,0,,,,,,,,,,,,,,,,
2026-02-23,Deep - Jewels 52,,Machi Fukuda,Dan Bi Kim,Machi Fukuda,SUB,1,0:58,3,0,,,,,,,,,,,,,,,,
2026-02-28,UFC Fight Night 268 - Moreno vs. Kavanagh,,Ailin Perez,Macy Chiasson,Ailin Perez,DEC,3,5:00,3,0,,,,,,,,,,,,,,,,
2026-02-28,UFC Fight Night 268 - Moreno vs. Kavanagh,,Marlon Vera,David Martinez,David Martinez,DEC,3,5:00,3,0,,,,,,,,,,,,,,,,
2026-02-28,UFC Fight Night 268 - Moreno vs. Kavanagh,,Ryan Gandra,Jose Medina,Ryan Gandra,KO/TKO,1,0:41,3,0,,,,,,,,,,,,,,,,
2026-02-28,UFC Fight Night 268 - Moreno vs. Kavanagh,,Brandon Moreno,Lone'er Kavanagh,Lone'er Kavanagh,DEC,5,5:00,5,0,,,,,,,,,,,,,,,,
2026-02-28,UFC Fight Night 268 - Moreno vs. Kavanagh,,Edgar Chairez,Felipe Bunes,Edgar Chairez,S-DEC,3,5:00,3,0,,,,,,,,,,,,,,,,
2026-02-28,UFC Fight Night 268 - Moreno vs. Kavanagh,,Kevin Borjas,Imanol Rodriguez,Imanol Rodriguez,KO/TKO,2,4:21,3,0,,,,,,,,,,,,,,,,
2026-02-28,UFC Fight Night 268 - Moreno vs. Kavanagh,,Wesley Schultz,Damian Pinas,Damian Pinas,KO/TKO,1,2:30,3,0,,,,,,,,,,,,,,,,
2026-03-07,UFC 326 - Holloway vs. Oliveira 2,,Raul Rosas Jr.,Rob Font,Raul Rosas Jr.,DEC,3,5:00,3,0,,,,,,,,,,,,,,,,
2026-03-07,UFC 326 - Holloway vs. Oliveira 2,,Rodolfo Bellato,Luke Fernandez,Rodolfo Bellato,KO/TKO,1,2:42,3,0,,,,,,,,,,,,,,,,
2026-03-07,UFC 326 - Holloway vs. Oliveira 2,,Brunno Ferreira,Gregory Rodrigues,Gregory Rodrigues,KO/TKO,1,1:47,3,0,,,,,,,,,,,,,,,,
2026-03-07,UFC 326 - Holloway vs. Oliveira 2,,Su Mudaerji,Jesus Santos Aguilar,Su Mudaerji,DEC,3,5:00,3,0,,,,,,,,,,,,,,,,
2026-03-07,UFC 326 - Holloway vs. Oliveira 2,,Long Xiao,Cody Garbrandt,Cody Garbrandt,DEC,3,5:00,3,0,,,,,,,,,,,,,,,,
2026-03-07,UFC 326 - Holloway vs. Oliveira 2,,Reinier de Ridder,Caio Borralho,Caio Borralho,DEC,3,5:00,3,0,,,,,,,,,,,,,,,,
2026-03-07,UFC 326 - Holloway vs. Oliveira 2,,Donte Johnson,Cody Brundage,Donte Johnson,S-DEC,3,5:00,3,0,,,,,,,,,,,,,,,,
2026-03-07,UFC 326 - Holloway vs. Oliveira 2,,Rafael Tobias,Diyar Nurgozhay,Diyar Nurgozhay,DEC,3,5:00,3,0,,,,,,,,,,,,,,,,
2026-03-14,UFC Fight Night 269 - Emmett vs. Vallejos,,Jose Delgado,Andre Fili,Jose Delgado,S-DEC,3,5:00,3,0,,,,,,,,,,,,,,,,
2026-03-14,UFC Fight Night 269 - Emmett vs. Vallejos,,Marwan Rahiki,Harry Hardwick,Marwan Rahiki,KO/TKO,2,5:00,3,0,,,,,,,,,,,,,,,,
2026-03-14,UFC Fight Night 269 - Emmett vs. Vallejos,,Oumar Sy,Ion Cutelaba,Ion Cutelaba,SUB,1,4:24,3,0,,,,,,,,,,,,,,,,
2026-03-14,AFC 40 - Angel's Fighting Championship 40: Ho Tram Faceoff,,Young Jae Song,Takumi Suzuki,Young Jae Song,KO/TKO,1,0:52,3,0,,,,,,,,,,,,,,,,
2026-03-14,UFC Fight Night 269 - Emmett vs. Vallejos,,Vitor Petrino,Steven Asplund,Vitor Petrino,DEC,3,5:00,3,0,,,,,,,,,,,,,,,,
2026-03-14,UFC Fight Night 269 - Emmett vs. Vallejos,,Gillian Robertson,Amanda Lemos,Gillian Robertson,DEC,3,5:00,3,0,,,,,,,,,,,,,,,,
2026-03-14,UFC Fight Night 269 - Emmett vs. Vallejos,,Charles Johnson,Bruno Silva,Charles Johnson,S-DEC,3,5:00,3,0,,,,,,,,,,,,,,,,
2026-03-14,UFC Fight Night 269 - Emmett vs. Vallejos,,Myktybek Orolbai,Chris Curtis,Myktybek Orolbai,DEC,3,5:00,3,0,,,,,,,,,,,,,,,,
2026-03-14,UFC Fight Night 269 - Emmett vs. Vallejos,,Manoel Sousa,Bolaji Oki,Manoel Sousa,KO/TKO,3,4:12,3,0,,,,,,,,,,,,,,,,
2026-03-15,Puro Impacto Fight Championship - PIFC 34,,Hector Santiago,Fernando Henrique,Hector Santiago,DEC,3,5:00,3,0,,,,,,,,,,,,,,,,
2026-03-15,Fury FC 117 - Fury Fighting Championship 117: Wint vs. Tatum,,Anthony Wint,Jamahl Tatum,Anthony Wint,KO/TKO,1,0:37,3,0,,,,,,,,,,,,,,,,
2026-03-21,UFC Fight Night 270 - Evloev vs. Murphy,,Iwo Baraniewski,Austen Lane,Iwo Baraniewski,KO/TKO,1,0:28,3,0,,,,,,,,,,,,,,,,
2026-03-21,UFC Fight Night 270 - Evloev vs. Murphy,,Michael Aswell,Luke Riley,Luke Riley,DEC,3,5:00,3,0,,,,,,,,,,,,,,,,
2026-03-21,UFC Fight Night 270 - Evloev vs. Murphy,,Axel Sola,Mason Jones,Mason Jones,DEC,3,5:00,3,0,,,,,,,,,,,,,,,,
2026-03-21,UFC Fight Night 270 - Evloev vs. Murphy,,Michael Page,Sam Patterson,Michael Page,DEC,3,5:00,3,0,,,,,,,,,,,,,,,,
2026-03-21,UFC Fight Night 270 - Evloev vs. Murphy,,Kurtis Campbell,Danny Silva,Danny Silva,KO/TKO,2,0:31,3,0,,,,,,,,,,,,,,,,
2026-03-21,UFC Fight Night 270 - Evloev vs. Murphy,,Losene Keita,Nathaniel Wood,Nathaniel Wood,S-DEC,3,5:00,3,0,,,,,,,,,,,,,,,,
2026-03-21,UFC Fight Night 270 - Evloev vs. Murphy,,Mario Pinto,Felipe Franco,Mario Pinto,DEC,3,5:00,3,0,,,,,,,,,,,,,,,,
2026-03-21,UFC Fight Night 270 - Evloev vs. Murphy,,Roman Dolidze,Christian Leroy Duncan,Christian Leroy Duncan,DEC,3,5:00,3,0,,,,,,,,,,,,,,,,
2026-03-21,UFC Fight Night 270 - Evloev vs. Murphy,,Shanelle Dyer,Ravena Oliveira,Shanelle Dyer,KO/TKO,2,1:17,3,0,,,,,,,,,,,,,,,,
2026-03-21,UFC Fight Night 270 - Evloev vs. Murphy,,Louie Sutherland,Brando Pericic,Brando Pericic,KO/TKO,1,1:48,3,0,,,,,,,,,,,,,,,,
2026-03-28,UFC Fight Night 271 - Adesanya vs. Pyfer,,Ricky Simon,Adrian Yanez,draw,DRAW,3,5:00,3,0,,,,,,,,,,,,,,,,
2026-03-28,UFC Fight Night 271 - Adesanya vs. Pyfer,,Casey O'Neill,Gabriella Fernandes,Casey O'Neill,KO/TKO,1,3:11,3,0,,,,,,,,,,,,,,,,
2026-03-28,UFC Fight Night 271 - Adesanya vs. Pyfer,,Alexa Grasso,Maycee Barber,Alexa Grasso,KO/TKO,1,2:42,3,0,,,,,,,,,,,,,,,,
2026-03-28,UFC Fight Night 271 - Adesanya vs. Pyfer,,Ignacio Bahamondes,Tofiq Musayev,Tofiq Musayev,DEC,3,5:00,3,0,,,,,,,,,,,,,,,,
2026-03-28,UFC Fight Night 271 - Adesanya vs. Pyfer,,Yousri Belgaroui,Mansur Abdul-Malik,Yousri Belgaroui,KO/TKO,3,3:39,3,0,,,,,,,,,,,,,,,,
2026-03-28,WOW 28 - Barcelona,,Fabia Sintes,Abdul Karim Badakhshi,Fabia Sintes,SUB,3,3:11,3,0,,,,,,,,,,,,,,,,
2026-03-28,UAE Warriors 69 - Chopurov vs. Ramos,,Farida Abdueva,Fernanda da Silva Souza,Farida Abdueva,DEC,3,5:00,3,0,,,,,,,,,,,,,,,,
2026-03-28,UFC Fight Night 271 - Adesanya vs. Pyfer,,Lerryan Douglas,Julian Erosa,Lerryan Douglas,KO/TKO,1,3:33,3,0,,,,,,,,,,,,,,,,
2026-03-28,UFC Fight Night 271 - Adesanya vs. Pyfer,,Alexia Thainara,Bruna Brasil,Alexia Thainara,DEC,3,5:00,3,0,,,,,,,,,,,,,,,,
2026-03-28,UFC Fight Night 271 - Adesanya vs. Pyfer,,Bruno Lopes,Navajo Stirling,Navajo Stirling,KO/TKO,2,4:05,3,0,,,,,,,,,,,,,,,,
2026-03-28,UFC Fight Night 271 - Adesanya vs. Pyfer,,Marcin Tybura,Tyrell Fortune,Tyrell Fortune,DEC,3,5:00,3,0,,,,,,,,,,,,,,,,
2026-03-28,UFC Fight Night 271 - Adesanya vs. Pyfer,,Israel Adesanya,Joe Pyfer,Joe Pyfer,KO/TKO,2,4:18,5,0,,,,,,,,,,,,,,,,
2026-04-03,Ares 39 - Jbalia vs. Diatta,,Noah Gugnon,Bruno Matos de Sousa,Noah Gugnon,KO/TKO,1,3:08,3,0,,,,,,,,,,,,,,,,
2026-04-04,UFC Fight Night 272 - Moicano vs. Duncan,,Tommy McMillen,Manolo Zecchini,Tommy McMillen,KO/TKO,1,3:57,3,0,,,,,,,,,,,,,,,,
2026-04-04,UFC Fight Night 272 - Moicano vs. Duncan,,Darrius Flowers,Lando Vannata,Darrius Flowers,KO/TKO,2,0:52,3,0,,,,,,,,,,,,,,,,
2026-04-04,UFC Fight Night 272 - Moicano vs. Duncan,,Tresean Gore,Azamat Bekoev,Tresean Gore,SUB,3,3:27,3,0,,,,,,,,,,,,,,,,
2026-04-04,UFC Fight Night 272 - Moicano vs. Duncan,,Guilherme Pat,Thomas Petersen,Thomas Petersen,S-DEC,3,5:00,3,0,,,,,,,,,,,,,,,,
2026-04-04,UFC Fight Night 272 - Moicano vs. Duncan,,Hailey Cowan,Alice Pereira,Alice Pereira,KO/TKO,2,4:24,3,0,,,,,,,,,,,,,,,,
2026-04-05,SFH 28 - Miletich vs. Pereyra,,Ryan Kuse,Leandro Camargo,Ryan Kuse,KO/TKO,2,4:38,3,0,,,,,,,,,,,,,,,,
2026-04-11,UFC 327 - Prochazka vs. Ulberg,,Patricio Freire,Aaron Pico,Aaron Pico,DEC,3,5:00,3,0,,,,,,,,,,,,,,,,
2026-04-11,UFC 327 - Prochazka vs. Ulberg,,Curtis Blaydes,Josh Hokit,Josh Hokit,DEC,3,5:00,3,0,,,,,,,,,,,,,,,,
2026-04-11,HXMMA 43 - Hexagone MMA 43,,Matthieu Letho Duclos,Ilian Bouafia,Matthieu Letho Duclos,KO/TKO,1,1:04,3,0,,,,,,,,,,,,,,,,
2026-04-11,CW 204 - Cage Warriors 204: Rome,,Francesco Nuzzi,Manoel Costa,nc,NC,1,3:35,3,0,,,,,,,,,,,,,,,,
2026-04-11,UFC 327 - Prochazka vs. Ulberg,,MarQuel Mederos,Chris Padilla,draw,DRAW,3,5:00,3,0,,,,,,,,,,,,,,,,
2026-04-11,UFC 327 - Prochazka vs. Ulberg,,Esteban Ribovics,Mateusz Gamrot,Mateusz Gamrot,SUB,2,4:19,3,0,,,,,,,,,,,,,,,,
2026-04-11,UFC 327 - Prochazka vs. Ulberg,,Vicente Luque,Kelvin Gastelum,Vicente Luque,SUB,1,4:08,3,0,,,,,,,,,,,,,,,,
2026-04-11,ARMMADA - ARMMADA 17,,Jovan Leka,Danilo Suzart,Jovan Leka,KO/TKO,2,1:19,3,0,,,,,,,,,,,,,,,,
2026-04-11,Oktagon MMA - Oktagon 86: Materla vs. Jungwirth,,Alexander Poppeck,Tomasz Narkun,Alexander Poppeck,DEC,3,5:00,3,0,,,,,,,,,,,,,,,,
2026-04-11,ARMMADA - ARMMADA 17,,Marina Spasic,Samara Santos,Marina Spasic,KO/TKO,3,4:48,3,0,,,,,,,,,,,,,,,,
2026-04-11,WOW 29 - Valencia,,Damian Rzepecki,Corneliu Lascar Rotaru,Damian Rzepecki,DEC,3,5:00,3,0,,,,,,,,,,,,,,,,
2026-04-12,Fury FC 118 - Fury Fighting Championship 118: Chatman vs. Dennis,,Sean King III,Cristian Lopez,Sean King III,SUB,2,1:40,3,0,,,,,,,,,,,,,,,,
2026-04-12,Fury FC 118 - Fury Fighting Championship 118: Chatman vs. Dennis,,Terrance Chatman,Myron Dennis,Myron Dennis,S-DEC,5,5:00,5,0,,,,,,,,,,,,,,,,
2026-04-18,UFC Fight Night 273 - Burns vs. Malott,,John Castaneda,Mark Vologdin,draw,DRAW,3,5:00,3,0,,,,,,,,,,,,,,,,
2026-04-18,UFC Fight Night 273 - Burns vs. Malott,,Charles Jourdain,Kyler Phillips,Charles Jourdain,DEC,3,5:00,3,0,,,,,,,,,,,,,,,,
2026-04-18,UFC Fight Night 273 - Burns vs. Malott,,J.J. Aldrich,Jamey-Lyn Horth,J.J. Aldrich,DEC,3,5:00,3,0,,,,,,,,,,,,,,,,
2026-04-18,UFC Fight Night 273 - Burns vs. Malott,,Marcio Barbosa,Dennis Buzukja,Marcio Barbosa,KO/TKO,1,1:20,3,0,,,,,,,,,,,,,,,,
2026-04-18,UFC Fight Night 273 - Burns vs. Malott,,Gauge Young,Thiago Moises,Gauge Young,S-DEC,3,5:00,3,0,,,,,,,,,,,,,,,,
2026-04-18,UFC Fight Night 273 - Burns vs. Malott,,Robert Valentin,Julien Leblanc,Robert Valentin,SUB,1,2:22,3,0,,,,,,,,,,,,,,,,
2026-04-25,UFC Fight Night 274 - Sterling vs. Zalal,,Raoni Barcelos,Montel Jackson,Raoni Barcelos,S-DEC,3,5:00,3,0,,,,,,,,,,,,,,,,
2026-04-25,UFC Fight Night 274 - Sterling vs. Zalal,,Norma Dumont,Joselyne Edwards,Joselyne Edwards,DEC,3,5:00,3,0,,,,,,,,,,,,,,,,
2026-04-25,UFC Fight Night 274 - Sterling vs. Zalal,,Sedriques Dumas,Jackson McVey,Jackson McVey,SUB,1,2:14,3,0,,,,,,,,,,,,,,,,
2026-04-25,UFC Fight Night 274 - Sterling vs. Zalal,,Rodolfo Vieira,Eric McConico,Eric McConico,DEC,3,5:00,3,0,,,,,,,,,,,,,,,,
2026-04-25,UFC Fight Night 274 - Sterling vs. Zalal,,Rafa Garcia,Alexander Hernandez,Rafa Garcia,DEC,3,5:00,3,0,,,,,,,,,,,,,,,,
2026-04-25,UFC Fight Night 274 - Sterling vs. Zalal,,Ryan Spann,Marcus Almeida,Ryan Spann,KO/TKO,2,2:10,3,0,,,,,,,,,,,,,,,,
2026-04-25,UFC Fight Night 274 - Sterling vs. Zalal,,Julia Polastri,Talita Alencar,Talita Alencar,DEC,3,5:00,3,0,,,,,,,,,,,,,,,,
2026-05-02,UFC Fight Night 275 - Della Maddalena vs. Prates,,Robert Bryczek,Cameron Rowston,Cameron Rowston,DEC,3,5:00,3,0,,,,,,,,,,,,,,,,
2026-05-02,UFC Fight Night 275 - Della Maddalena vs. Prates,,Tai Tuivasa,Louie Sutherland,Louie Sutherland,DEC,3,5:00,3,0,,,,,,,,,,,,,,,,
2026-05-02,UFC Fight Night 275 - Della Maddalena vs. Prates,,Marwan Rahiki,Oliver Schmid,Marwan Rahiki,KO/TKO,1,2:47,3,0,,,,,,,,,,,,,,,,
2026-05-02,UFC Fight Night 275 - Della Maddalena vs. Prates,,Tim Elliott,Steve Erceg,Steve Erceg,DEC,3,5:00,3,0,,,,,,,,,,,,,,,,
2026-05-02,UFC Fight Night 275 - Della Maddalena vs. Prates,,Shamil Gaziev,Brando Pericic,Brando Pericic,KO/TKO,2,3:44,3,0,,,,,,,,,,,,,,,,
2026-05-02,UFC Fight Night 275 - Della Maddalena vs. Prates,,Wesley Schultz,Ben Johnston,Wesley Schultz,SUB,3,1:50,3,0,,,,,,,,,,,,,,,,
2026-05-02,UFC Fight Night 275 - Della Maddalena vs. Prates,,Quillan Salkilld,Beneil Dariush,Quillan Salkilld,KO/TKO,1,3:29,3,0,,,,,,,,,,,,,,,,
2026-05-09,UFC 328 - Chimaev vs. Strickland,,Joshua Van,Tatsuro Taira,Joshua Van,KO/TKO,5,1:32,5,0,,,,,,,,,,,,,,,,
2026-05-09,UFC 328 - Chimaev vs. Strickland,,Osman Diaz,Ateba Abega Gautier,Ateba Abega Gautier,KO/TKO,2,1:10,3,0,,,,,,,,,,,,,,,,
2026-05-09,UFC 328 - Chimaev vs. Strickland,,Waldo Cortes-Acosta,Alexander Volkov,Alexander Volkov,DEC,3,5:00,3,0,,,,,,,,,,,,,,,,
2026-05-09,UFC 328 - Chimaev vs. Strickland,,Djorden Santos,Baisangur Susurkaev,Baisangur Susurkaev,SUB,3,4:12,3,0,,,,,,,,,,,,,,,,
2026-05-09,UFC 328 - Chimaev vs. Strickland,,Joel Alvarez,Yaroslav Amosov,Yaroslav Amosov,SUB,2,1:13,3,0,,,,,,,,,,,,,,,,
2026-05-09,Combate Global 99 - Mexico vs. USA 2,,Gianni Vazquez,Komronbek Ortikov,Gianni Vazquez,KO/TKO,2,1:34,3,0,,,,,,,,,,,,,,,,
2026-05-09,UFC 328 - Chimaev vs. Strickland,,Mateusz Rebecki,Grant Dawson,Grant Dawson,SUB,3,4:42,3,0,,,,,,,,,,,,,,,,
2026-05-09,UAE Warriors 71 - Rudniev vs. Mezhlumyan,,Muhammad Saidov,Henrique da Silva,Muhammad Saidov,KO/TKO,1,1:03,3,0,,,,,,,,,,,,,,,,
2026-05-16,UFC Fight Night 276 - Allen vs. Costa,,Christian Edwards,Modestas Bukauskas,Modestas Bukauskas,S-DEC,3,5:00,3,0,,,,,,,,,,,,,,,,
2026-05-16,UFC Fight Night 276 - Allen vs. Costa,,Doo Ho Choi,Daniel Santos,Doo Ho Choi,KO/TKO,2,4:29,3,0,,,,,,,,,,,,,,,,
2026-05-16,Most Valuable Promotions - Rousey vs. Carano,,Robelis Despaigne,Junior dos Santos,Robelis Despaigne,KO/TKO,1,2:59,3,0,,,,,,,,,,,,,,,,
2026-05-16,UFC Fight Night 276 - Allen vs. Costa,,Thomas Gantt,Artur Minev,Thomas Gantt,KO/TKO,2,2:51,3,0,,,,,,,,,,,,,,,,
2026-05-16,Most Valuable Promotions - Rousey vs. Carano,,Salahdine Parnasse,Kenneth Cross,Salahdine Parnasse,KO/TKO,1,4:18,3,0,,,,,,,,,,,,,,,,
2026-05-22,LFA 233 - Piersma vs. Bianchini,,Stanley Dorsainvil,Daniel Holt,Stanley Dorsainvil,KO/TKO,3,4:06,3,0,,,,,,,,,,,,,,,,
2026-05-22,LFA 233 - Piersma vs. Bianchini,,Richie Miranda,Robert Varricchio,Richie Miranda,SUB,2,1:02,3,0,,,,,,,,,,,,,,,,
2026-05-23,WLF - W.A.R.S. 94,,Ce Liu,Igor Barabanov,Ce Liu,KO/TKO,1,4:56,3,0,,,,,,,,,,,,,,,,
2026-05-23,Money Moicano MMA - Money Moicano MMA 1,,Hector Santiago,Paulo Nogueira,Hector Santiago,KO/TKO,1,3:42,3,0,,,,,,,,,,,,,,,,
2026-05-28,UFC - Road to UFC Season 5: Macau Quarterfinals 1,,Zhu Rong,Victor Martinez,Zhu Rong,KO/TKO,1,1:10,3,0,,,,,,,,,,,,,,,,
2026-05-28,UFC - Road to UFC Season 5: Macau Quarterfinals 1,,George Mangos,Yuito Yanagawa,George Mangos,KO/TKO,1,3:19,3,0,,,,,,,,,,,,,,,,
2026-05-28,UFC - Road to UFC Season 5: Macau Quarterfinals 1,,Ailinuer Ahejiang,Gwan Woo Lim,Ailinuer Ahejiang,DEC,3,5:00,3,0,,,,,,,,,,,,,,,,
2026-05-28,UFC - Road to UFC Season 5: Macau Quarterfinals 1,,Rabindra Dhant,Kimbert Alintozon,Rabindra Dhant,KO/TKO,2,4:37,3,0,,,,,,,,,,,,,,,,
2026-05-28,UFC - Road to UFC Season 5: Macau Quarterfinals 1,,Kasib Murdoch,Yunosuke Minami,Kasib Murdoch,SUB,3,3:46,3,0,,,,,,,,,,,,,,,,
2026-05-28,UFC - Road to UFC Season 5: Macau Quarterfinals 1,,Dagiisuren Chagnaadorj,Gezhen Re,Dagiisuren Chagnaadorj,S-DEC,3,5:00,3,0,,,,,,,,,,,,,,,,
2026-05-28,UFC - Road to UFC Season 5: Macau Quarterfinals 1,,Young Jae Song,Jin Aoi,Young Jae Song,SUB,2,3:39,3,0,,,,,,,,,,,,,,,,
2026-05-28,UFC - Road to UFC Season 5: Macau Quarterfinals 1,,Ryo Tajima,Haitao Ti,Ryo Tajima,S-DEC,3,5:00,3,0,,,,,,,,,,,,,,,,
2026-05-28,UFC - Road to UFC Season 5: Macau Quarterfinals 1,,Chungreng Koren,Ryuho Miyaguchi,Chungreng Koren,SUB,2,4:00,3,0,,,,,,,,,,,,,,,,
2026-05-29,UFC - Road to UFC Season 5: Macau Quarterfinals 2,,Namsrai Batbayar,Shuai Yin,Namsrai Batbayar,KO/TKO,1,1:48,3,0,,,,,,,,,,,,,,,,
2026-05-29,UFC - Road to UFC Season 5: Macau Quarterfinals 2,,Bo Meng,Arisa Matsuda,Bo Meng,DEC,3,5:00,3,0,,,,,,,,,,,,,,,,
2026-05-29,UFC - Road to UFC Season 5: Macau Quarterfinals 2,,Machi Fukuda,Anelya Toktogonova,Machi Fukuda,KO/TKO,2,1:53,3,0,,,,,,,,,,,,,,,,
2026-05-29,UFC - Road to UFC Season 5: Macau Quarterfinals 2,,Takaya Suzuki,Otgonbaatar Boldbaatar,Takaya Suzuki,KO/TKO,1,4:36,3,0,,,,,,,,,,,,,,,,
2026-05-29,UFC - Road to UFC Season 5: Macau Quarterfinals 2,,Joseph Larcinese,Ryoga Arimoto,Joseph Larcinese,S-DEC,3,5:00,3,0,,,,,,,,,,,,,,,,
2026-05-29,UFC - Road to UFC Season 5: Macau Quarterfinals 2,,Bo Hyun Park,Huaxiang Dong,Bo Hyun Park,S-DEC,3,5:00,3,0,,,,,,,,,,,,,,,,
2026-05-29,UFC - Road to UFC Season 5: Macau Quarterfinals 2,,Farida Abdueva,Xiaocan Feng,Farida Abdueva,KO/TKO,1,2:02,3,0,,,,,,,,,,,,,,,,
2026-05-29,LFA 234 - Fernando vs. Soares,,Lucas Fernando,Leon Soares,Lucas Fernando,KO/TKO,1,1:28,3,0,,,,,,,,,,,,,,,,
2026-05-30,UFC Fight Night 277 - Song vs. Figueiredo,,Alonzo Menifield,Mingyang Zhang,Alonzo Menifield,KO/TKO,1,4:15,3,0,,,,,,,,,,,,,,,,
2026-05-30,UFC Fight Night 277 - Song vs. Figueiredo,,Luis Felipe Dias,Yi Sak Lee,Luis Felipe Dias,KO/TKO,1,3:40,3,0,,,,,,,,,,,,,,,,
2026-05-30,UFC Fight Night 277 - Song vs. Figueiredo,,Yadong Song,Deiveson Figueiredo,Yadong Song,SUB,2,4:42,5,0,,,,,,,,,,,,,,,,
2026-05-30,UFC Fight Night 277 - Song vs. Figueiredo,,Kai Asakura,Cameron Smotherman,Kai Asakura,KO/TKO,1,1:50,3,0,,,,,,,,,,,,,,,,
2026-05-30,UFC Fight Night 277 - Song vs. Figueiredo,,Qileng Aori,Cody Haddon,Cody Haddon,KO/TKO,2,2:11,3,0,,,,,,,,,,,,,,,,
2026-05-30,UFC Fight Night 277 - Song vs. Figueiredo,,Su Mudaerji,Alex Perez,nc,NC,2,1:45,3,0,,,,,,,,,,,,,,,,
2026-05-30,UFC Fight Night 277 - Song vs. Figueiredo,,Rei Tsuruya,Luis Gurule,Rei Tsuruya,SUB,1,3:19,3,0,,,,,,,,,,,,,,,,
2026-05-30,UFC Fight Night 277 - Song vs. Figueiredo,,Jingnan Xiong,Angela Hill,Angela Hill,DEC,3,5:00,3,0,,,,,,,,,,,,,,,,
2026-05-30,UFC Fight Night 277 - Song vs. Figueiredo,,Meng Ding,Jose Henrique Souza,Jose Henrique Souza,S-DEC,3,5:00,3,0,,,,,,,,,,,,,,,,
2026-06-06,UFC Fight Night 278 - Muhammad vs. Bonfim,,Iwo Baraniewski,Junior Tafa,Iwo Baraniewski,KO/TKO,1,1:25,3,0,,,,,,,,,,,,,,,,
2026-06-06,UFC Fight Night 278 - Muhammad vs. Bonfim,,Edmen Shahbazyan,Brendan Allen,Brendan Allen,DEC,3,5:00,3,0,,,,,,,,,,,,,,,,
2026-06-06,UFC Fight Night 278 - Muhammad vs. Bonfim,,Joanderson Brito,Jordan Leavitt,Joanderson Brito,SUB,1,4:19,3,0,,,,,,,,,,,,,,,,
2026-06-06,UFC Fight Night 278 - Muhammad vs. Bonfim,,Edgar Chairez,Bruno Silva,Edgar Chairez,SUB,1,4:13,3,0,,,,,,,,,,,,,,,,
2026-06-06,UFC Fight Night 278 - Muhammad vs. Bonfim,,Fares Ziam,Tom Nolan,Tom Nolan,DEC,3,5:00,3,0,,,,,,,,,,,,,,,,
2026-06-06,FLA 25 - Fight League Atlantic,,Cameron Nelson,Luis Guerrero,Cameron Nelson,KO/TKO,2,1:47,3,0,,,,,,,,,,,,,,,,
2026-06-06,UFC Fight Night 278 - Muhammad vs. Bonfim,,Jeisla Chaves,Yuneisy Duben,Jeisla Chaves,S-DEC,3,5:00,3,0,,,,,,,,,,,,,,,,
2026-06-14,UFC White House - Freedom 250: Topuria vs. Gaethje,,Mauricio Ruffy,Michael Chandler,Mauricio Ruffy,KO/TKO,1,4:29,3,0,,,,,,,,,,,,,,,,
2026-06-20,UFC Fight Night 279 - Kape vs. Horiguchi 2,,Michael Aswell,Gaston Bolanos,Gaston Bolanos,DEC,3,5:00,3,0,,,,,,,,,,,,,,,,
2026-06-20,UFC Fight Night 279 - Kape vs. Horiguchi 2,,Andre Lima,Kevin Borjas,Kevin Borjas,DEC,3,5:00,3,0,,,,,,,,,,,,,,,,
2026-06-20,UFC Fight Night 279 - Kape vs. Horiguchi 2,,Navajo Stirling,Ion Cutelaba,Navajo Stirling,KO/TKO,2,3:23,3,0,,,,,,,,,,,,,,,,
2026-06-27,UFC Fight Night 280 - Fiziev vs. Torres,,Brunno Ferreira,Ikram Aliskerov,Ikram Aliskerov,DEC,3,5:00,3,0,,,,,,,,,,,,,,,,
2026-06-27,UFC Fight Night 280 - Fiziev vs. Torres,,Nursulton Ruziboev,Andrey Pulyaev,Nursulton Ruziboev,SUB,1,3:58,3,0,,,,,,,,,,,,,,,,
2026-06-27,UFC Fight Night 280 - Fiziev vs. Torres,,Daniil Donchenko,Theodor Berggren,Daniil Donchenko,KO/TKO,2,1:35,3,0,,,,,,,,,,,,,,,,
2026-06-27,UFC Fight Night 280 - Fiziev vs. Torres,,Charles Johnson,Asu Almabayev,Asu Almabayev,SUB,3,3:33,3,0,,,,,,,,,,,,,,,,
2026-07-11,UFC 329 - McGregor vs. Holloway 2,,Gable Steveson,Elisha Ellison,Gable Steveson,KO/TKO,1,2:31,3,0,,,,,,,,,,,,,,,,
2026-07-11,UFC 329 - McGregor vs. Holloway 2,,Ryan Gandra,Zachary Reese,Ryan Gandra,KO/TKO,1,1:15,3,0,,,,,,,,,,,,,,,,
2026-07-18,UFC Fight Night 281 - Du Plessis vs. Usman,,Jose Delgado,Austin Bashi,Jose Delgado,DEC,3,5:00,3,0,,,,,,,,,,,,,,,,
2026-07-18,UFC Fight Night 281 - Du Plessis vs. Usman,,Tommy McMillen,Alberto Montes,Tommy McMillen,KO/TKO,3,3:29,3,0,,,,,,,,,,,,,,,,
2026-07-18,UFC Fight Night 281 - Du Plessis vs. Usman,,Levi Rodrigues,Felipe Franco,Felipe Franco,KO/TKO,2,1:40,3,0,,,,,,,,,,,,,,,,
2026-07-19,Fury FC 121 - Fury Fighting Championship 121: Martinez vs. Amaro,,Terrance Chatman,Juan Torres,Terrance Chatman,KO/TKO,1,3:32,3,0,,,,,,,,,,,,,,,,
2026-07-22,Inka 59 - Guerra en Sudamerica,,Nilson Rojas,Gonzalo Hanampa,Nilson Rojas,DEC,3,5:00,3,0,,,,,,,,,,,,,,,,
2026-07-23,UAE Warriors 72 - Chopurov vs. McLaren,,Pavel Andrusca,Pengchu Gexi,Pavel Andrusca,KO/TKO,1,2:09,3,0,,,,,,,,,,,,,,,,
2026-07-24,Fury FC 122 - Fury Fighting Championship 122: King vs. Ivy,,Sean King III,Dimitre Ivy,Sean King III,KO/TKO,2,4:09,3,0,,,,,,,,,,,,,,,,
2026-07-25,UFC Fight Night 282 - Ankalaev vs. Guskov,,Axel Sola,Ismael Bonfim,Axel Sola,SUB,1,4:44,3,0,,,,,,,,,,,,,,,,
2026-07-25,WKG - MMA Fight in Aksu,,Maheshate Hayisaer,Rustam Karimov,Maheshate Hayisaer,KO/TKO,2,1:23,3,0,,,,,,,,,,,,,,,,
2026-07-25,UFC Fight Night 282 - Ankalaev vs. Guskov,,Magomed Ankalaev,Bogdan Guskov,Magomed Ankalaev,KO/TKO,5,2:41,5,0,,,,,,,,,,,,,,,,
2026-07-25,UFC Fight Night 282 - Ankalaev vs. Guskov,,Ramazonbek Temirov,Steve Erceg,Ramazonbek Temirov,KO/TKO,1,4:21,3,0,,,,,,,,,,,,,,,,
2026-07-25,UFC Fight Night 282 - Ankalaev vs. Guskov,,Magomed Zaynukov,Damian Rzepecki,Magomed Zaynukov,DEC,3,5:00,3,0,,,,,,,,,,,,,,,,
2026-07-25,UFC Fight Night 282 - Ankalaev vs. Guskov,,Rizvan Kuniev,Tyrell Fortune,Rizvan Kuniev,KO/TKO,3,1:12,3,0,,,,,,,,,,,,,,,,
2026-07-25,UFC Fight Night 282 - Ankalaev vs. Guskov,,Abubakar Vagaev,Saygid Izagakhmaev,Abubakar Vagaev,DEC,3,5:00,3,0,,,,,,,,,,,,,,,,
2026-07-25,UFC Fight Night 282 - Ankalaev vs. Guskov,,Valter Walker,Thomas Petersen,Valter Walker,SUB,1,1:32,3,0,,,,,,,,,,,,,,,,
2026-07-25,UFC Fight Night 282 - Ankalaev vs. Guskov,,Muhammad Saidov,Dustin Jacoby,Muhammad Saidov,KO/TKO,2,4:49,3,0,,,,,,,,,,,,,,,,
2026-07-25,UFC Fight Night 282 - Ankalaev vs. Guskov,,Sam Patterson,Santiago Ponzinibbio,Sam Patterson,KO/TKO,2,3:06,3,0,,,,,,,,,,,,,,,,
2026-08-01,UFC Fight Night 283 - Medic vs. Rodriguez,,Uros Medic,Daniel Rodriguez,Uros Medic,KO/TKO,1,0:30,5,0,,,,,,,,,,,,,,,,
2026-08-01,UFC Fight Night 283 - Medic vs. Rodriguez,,Navajo Stirling,Jan Blachowicz,Navajo Stirling,KO/TKO,1,2:56,3,0,,,,,,,,,,,,,,,,
2026-08-01,UFC Fight Night 283 - Medic vs. Rodriguez,,Aleksandar Rakic,Marcin Tybura,Aleksandar Rakic,DEC,3,5:00,3,0,,,,,,,,,,,,,,,,
2026-08-01,UFC Fight Night 283 - Medic vs. Rodriguez,,Robert Valentin,Dusko Todorovic,Robert Valentin,SUB,1,4:14,3,0,,,,,,,,,,,,,,,,
2026-08-01,UFC Fight Night 283 - Medic vs. Rodriguez,,Gilbert Urbina,Vlastislav Cepo,Gilbert Urbina,KO/TKO,1,1:01,3,0,,,,,,,,,,,,,,,,
2026-08-01,UFC Fight Night 283 - Medic vs. Rodriguez,,Noah Gugnon,Milos Janicic,Noah Gugnon,SUB,1,1:21,3,0,,,,,,,,,,,,,,,,
2026-08-01,UFC Fight Night 283 - Medic vs. Rodriguez,,Tofiq Musayev,Ludovit Klein,Tofiq Musayev,KO/TKO,2,4:07,3,0,,,,,,,,,,,,,,,,
2026-08-01,UFC Fight Night 283 - Medic vs. Rodriguez,,Michael Oliveira,Oban Elliott,Michael Oliveira,KO/TKO,1,1:49,3,0,,,,,,,,,,,,,,,,
2026-08-01,UFC Fight Night 283 - Medic vs. Rodriguez,,Borislav Nikolic,Mark Vologdin,Borislav Nikolic,DEC,3,5:00,3,0,,,,,,,,,,,,,,,,
2026-08-01,UFC Fight Night 283 - Medic vs. Rodriguez,,Bogdan Grad,Dennis Buzukja,Bogdan Grad,SUB,2,4:33,3,0,,,,,,,,,,,,,,,,
2026-08-01,UFC Fight Night 283 - Medic vs. Rodriguez,,Mateusz Rebecki,Kyle Prepolec,Mateusz Rebecki,KO/TKO,1,4:41,3,0,,,,,,,,,,,,,,,,
2026-08-01,UFC Fight Night 283 - Medic vs. Rodriguez,,Nina Nikolija Milosevic,Hailey Cowan,Nina Nikolija Milosevic,KO/TKO,1,3:41,3,0,,,,,,,,,,,,,,,,
2026-08-01,UFC Fight Night 283 - Medic vs. Rodriguez,,Jovan Leka,Alexander Poppeck,Jovan Leka,KO/TKO,1,2:22,3,0,,,,,,,,,,,,,,,,
2026-08-01,UFC Fight Night 283 - Medic vs. Rodriguez,,Stephanie Luciano,Marina Spasic,Stephanie Luciano,SUB,1,3:20,3,0,,,,,,,,,,,,,,,,
2026-08-08,UFC Fight Night 284 - Gamrot vs. Salkilld,,Quillan Salkilld,Mateusz Gamrot,Quillan Salkilld,SUB,1,4:25,5,0,,,,,,,,,,,,,,,,
2026-08-08,UFC Fight Night 284 - Gamrot vs. Salkilld,,Diego Ferreira,Billy Quarantillo,Diego Ferreira,DEC,3,5:00,3,0,,,,,,,,,,,,,,,,
2026-08-08,UFC Fight Night 284 - Gamrot vs. Salkilld,,Yadier Del Valle,Darren Elkins,Yadier Del Valle,KO/TKO,1,0:35,3,0,,,,,,,,,,,,,,,,
2026-08-08,UFC Fight Night 284 - Gamrot vs. Salkilld,,Alexia Thainara,Amanda Lemos,Alexia Thainara,DEC,3,5:00,3,0,,,,,,,,,,,,,,,,
2026-08-08,UFC Fight Night 284 - Gamrot vs. Salkilld,,Ty Cole Miller,Billy Goff,Ty Cole Miller,KO/TKO,3,0:15,3,0,,,,,,,,,,,,,,,,
2026-08-08,UFC Fight Night 284 - Gamrot vs. Salkilld,,Steven Asplund,Guilherme Pat,Steven Asplund,DEC,3,5:00,3,0,,,,,,,,,,,,,,,,
2026-08-08,UFC Fight Night 284 - Gamrot vs. Salkilld,,Diyar Nurgozhay,Bruno Lopes,Diyar Nurgozhay,KO/TKO,1,4:59,3,0,,,,,,,,,,,,,,,,
2026-08-08,UFC Fight Night 284 - Gamrot vs. Salkilld,,Jose Luiz,Louie Sutherland,Jose Luiz,SUB,1,1:50,3,0,,,,,,,,,,,,,,,,
2026-08-08,UFC Fight Night 284 - Gamrot vs. Salkilld,,Manoel Sousa,Richie Miranda,Manoel Sousa,DEC,3,5:00,3,0,,,,,,,,,,,,,,,,
2026-08-08,UFC Fight Night 284 - Gamrot vs. Salkilld,,Miles Johns,Gianni Vazquez,Miles Johns,KO/TKO,1,3:09,3,0,,,,,,,,,,,,,,,,
2026-08-08,UFC Fight Night 284 - Gamrot vs. Salkilld,,Juliana Miller,Ravena Oliveira,Juliana Miller,SUB,2,1:38,3,0,,,,,,,,,,,,,,,,
2026-08-08,UFC Fight Night 284 - Gamrot vs. Salkilld,,Carol Foro,Giovanna Canuto,Carol Foro,DEC,3,5:00,3,0,,,,,,,,,,,,,,,,
2026-08-11,Dana White's Contender Series - Contender Series 2026: Week 1,,Bilal Hasan,Mridul Saikia,Bilal Hasan,KO/TKO,1,0:45,3,0,,,,,,,,,,,,,,,,
2026-08-11,Dana White's Contender Series - Contender Series 2026: Week 1,,Anthony Wint,Matthew Adams,Anthony Wint,KO/TKO,1,0:34,3,0,,,,,,,,,,,,,,,,
2026-08-15,UFC 330 - Makhachev vs. Garry,,Islam Makhachev,Ian Garry,Islam Makhachev,DEC,5,5:00,5,0,,,,,,,,,,,,,,,,
2026-08-15,UFC 330 - Makhachev vs. Garry,,Mackenzie Dern,Gillian Robertson,Mackenzie Dern,DEC,5,5:00,5,0,,,,,,,,,,,,,,,,
2026-08-15,UFC 330 - Makhachev vs. Garry,,Jalin Turner,Kaue Fernandes,Jalin Turner,KO/TKO,1,0:39,3,0,,,,,,,,,,,,,,,,
2026-08-15,UFC 330 - Makhachev vs. Garry,,Dustin Stoltzfus,Mansur Abdul-Malik,Dustin Stoltzfus,SUB,2,4:25,3,0,,,,,,,,,,,,,,,,
2026-08-15,UFC 330 - Makhachev vs. Garry,,Esteban Ribovics,Edson Barboza,Esteban Ribovics,KO/TKO,2,1:32,3,0,,,,,,,,,,,,,,,,
2026-08-15,UFC 330 - Makhachev vs. Garry,,Chidi Njokuani,Joel Alvarez,Chidi Njokuani,DEC,3,5:00,3,0,,,,,,,,,,,,,,,,
2026-08-15,UFC 330 - Makhachev vs. Garry,,Charles Johnson,Eduardo Henrique,Charles Johnson,SUB,3,1:36,3,0,,,,,,,,,,,,,,,,
2026-08-15,UFC 330 - Makhachev vs. Garry,,Donte Johnson,Eric McConico,Donte Johnson,KO/TKO,1,1:38,3,0,,,,,,,,,,,,,,,,
2026-08-15,UFC 330 - Makhachev vs. Garry,,Tresean Gore,Vicente Luque,Tresean Gore,DEC,3,5:00,3,0,,,,,,,,,,,,,,,,
2026-08-15,UFC 330 - Makhachev vs. Garry,,Lucas Fernando,Rafael Tobias,Lucas Fernando,KO/TKO,3,1:10,3,0,,,,,,,,,,,,,,,,
2026-08-15,UFC 330 - Makhachev vs. Garry,,Neil Magny,Ramiz Brahimaj,Neil Magny,KO/TKO,2,3:20,3,0,,,,,,,,,,,,,,,,
2026-08-15,UFC 330 - Makhachev vs. Garry,,Jeremiah Wells,Myktybek Orolbai,Jeremiah Wells,SUB,3,1:24,3,0,,,,,,,,,,,,,,,,
2026-08-22,UFC Fight Night 285 - Hernandez vs. Rodrigues,,Gregory Rodrigues,Anthony Hernandez,Gregory Rodrigues,DEC,5,5:00,5,0,,,,,,,,,,,,,,,,
2026-08-22,UFC Fight Night 285 - Hernandez vs. Rodrigues,,Vitor Petrino,Serghei Spivac,Vitor Petrino,DEC,3,5:00,3,0,,,,,,,,,,,,,,,,
2026-08-22,UFC Fight Night 285 - Hernandez vs. Rodrigues,,Reinier de Ridder,Roman Dolidze,Reinier de Ridder,KO/TKO,1,4:01,3,0,,,,,,,,,,,,,,,,
2026-08-22,UFC Fight Night 285 - Hernandez vs. Rodrigues,,MarQuel Mederos,Mason Jones,MarQuel Mederos,KO/TKO,2,2:07,3,0,,,,,,,,,,,,,,,,
2026-08-22,UFC Fight Night 285 - Hernandez vs. Rodrigues,,Carli Judice,Jeisla Chaves,Carli Judice,KO/TKO,1,1:39,3,0,,,,,,,,,,,,,,,,
2026-08-22,UFC Fight Night 285 - Hernandez vs. Rodrigues,,Anthony Wint,Terrance Chatman,Anthony Wint,SUB,1,4:29,3,0,,,,,,,,,,,,,,,,
2026-08-22,UFC Fight Night 285 - Hernandez vs. Rodrigues,,Jamall Emmers,Lerryan Douglas,Jamall Emmers,KO/TKO,1,3:38,3,0,,,,,,,,,,,,,,,,
2026-08-22,UFC Fight Night 285 - Hernandez vs. Rodrigues,,Shamil Gaziev,Kennedy Nzechukwu,Shamil Gaziev,KO/TKO,1,1:20,3,0,,,,,,,,,,,,,,,,
2026-08-22,UFC Fight Night 285 - Hernandez vs. Rodrigues,,Chris Padilla,Nasrat Haqparast,Chris Padilla,SUB,3,4:59,3,0,,,,,,,,,,,,,,,,
2026-08-22,UFC Fight Night 285 - Hernandez vs. Rodrigues,,Marcio Barbosa,Ryan Kuse,Marcio Barbosa,KO/TKO,1,2:47,3,0,,,,,,,,,,,,,,,,
2026-08-22,UFC Fight Night 285 - Hernandez vs. Rodrigues,,Stanley Dorsainvil,Gauge Young,Stanley Dorsainvil,DEC,3,5:00,3,0,,,,,,,,,,,,,,,,
2026-08-22,UFC Fight Night 285 - Hernandez vs. Rodrigues,,Jackson McVey,Wesley Schultz,Jackson McVey,KO/TKO,1,4:13,3,0,,,,,,,,,,,,,,,,
2026-08-22,UFC Fight Night 285 - Hernandez vs. Rodrigues,,Shanelle Dyer,Elise Reed,Shanelle Dyer,KO/TKO,3,1:42,3,0,,,,,,,,,,,,,,,,
2026-08-28,UFC - Road to UFC Season 5: Shanghai Semifinals,,Maheshate Hayisaer,Darrius Flowers,Maheshate Hayisaer,SUB,1,2:31,3,0,,,,,,,,,,,,,,,,
2026-08-28,UFC - Road to UFC Season 5: Shanghai Semifinals,,Maimaitijiang Yilizhati,Treston Vines,draw,DRAW,3,5:00,3,0,,,,,,,,,,,,,,,,
2026-08-28,UFC - Road to UFC Season 5: Shanghai Semifinals,,George Mangos,Ailinuer Ahejiang,George Mangos,SUB,2,2:03,3,0,,,,,,,,,,,,,,,,
2026-08-28,UFC - Road to UFC Season 5: Shanghai Semifinals,,Rabindra Dhant,Kasib Murdoch,Rabindra Dhant,S-DEC,3,5:00,3,0,,,,,,,,,,,,,,,,
2026-08-28,UFC - Road to UFC Season 5: Shanghai Semifinals,,Bo Meng,Machi Fukuda,Bo Meng,S-DEC,3,5:00,3,0,,,,,,,,,,,,,,,,
2026-08-28,UFC - Road to UFC Season 5: Shanghai Semifinals,,Takaya Suzuki,Joseph Larcinese,Takaya Suzuki,KO/TKO,3,0:15,3,0,,,,,,,,,,,,,,,,
2026-08-28,UFC - Road to UFC Season 5: Shanghai Semifinals,,Dagiisuren Chagnaadorj,Young Jae Song,Dagiisuren Chagnaadorj,SUB,1,2:51,3,0,,,,,,,,,,,,,,,,
2026-08-28,UFC - Road to UFC Season 5: Shanghai Semifinals,,Ryo Tajima,Chungreng Koren,Ryo Tajima,DEC,3,5:00,3,0,,,,,,,,,,,,,,,,
2026-08-28,UFC - Road to UFC Season 5: Shanghai Semifinals,,Bo Hyun Park,Farida Abdueva,Bo Hyun Park,DEC,3,5:00,3,0,,,,,,,,,,,,,,,,
2026-08-29,UFC Fight Night 286 - Nurmagomedov vs. Song,,Yadong Song,Umar Nurmagomedov,Yadong Song,KO/TKO,2,1:48,5,0,,,,,,,,,,,,,,,,
2026-08-29,UFC Fight Night 286 - Nurmagomedov vs. Song,,Denise Gomes,Xiaonan Yan,Denise Gomes,KO/TKO,1,4:49,3,0,,,,,,,,,,,,,,,,
2026-08-29,UFC Fight Night 286 - Nurmagomedov vs. Song,,Kai Asakura,Qileng Aori,Kai Asakura,KO/TKO,2,0:34,3,0,,,,,,,,,,,,,,,,
2026-08-29,UFC Fight Night 286 - Nurmagomedov vs. Song,,Su Mudaerji,Alex Perez,Su Mudaerji,DEC,3,5:00,3,0,,,,,,,,,,,,,,,,
2026-08-29,UFC Fight Night 286 - Nurmagomedov vs. Song,,Ce Liu,Levi Rodrigues,Ce Liu,KO/TKO,1,4:26,3,0,,,,,,,,,,,,,,,,
2026-08-29,UFC Fight Night 286 - Nurmagomedov vs. Song,,Bilal Hasan,Nilson Rojas,Bilal Hasan,KO/TKO,2,2:28,3,0,,,,,,,,,,,,,,,,
2026-08-29,UFC Fight Night 286 - Nurmagomedov vs. Song,,Andre Lima,Namsrai Batbayar,Andre Lima,SUB,3,3:03,3,0,,,,,,,,,,,,,,,,
2026-08-29,UFC Fight Night 286 - Nurmagomedov vs. Song,,Rei Tsuruya,Kevin Borjas,Rei Tsuruya,SUB,1,4:14,3,0,,,,,,,,,,,,,,,,
2026-08-29,UFC Fight Night 286 - Nurmagomedov vs. Song,,Sean Woodson,Jack Jenkins,Sean Woodson,S-DEC,3,5:00,3,0,,,,,,,,,,,,,,,,
2026-08-29,UFC Fight Night 286 - Nurmagomedov vs. Song,,Francesco Nuzzi,Long Xiao,Francesco Nuzzi,KO/TKO,1,1:00,3,0,,,,,,,,,,,,,,,,
2026-08-29,UFC Fight Night 286 - Nurmagomedov vs. Song,,Hector Santiago,Lawrence Lui,Hector Santiago,KO/TKO,2,0:53,3,0,,,,,,,,,,,,,,,,
2026-08-29,UFC Fight Night 286 - Nurmagomedov vs. Song,,Julia Polastri,Jingnan Xiong,Julia Polastri,KO/TKO,1,3:06,3,0,,,,,,,,,,,,,,,,
2026-08-29,UFC Fight Night 286 - Nurmagomedov vs. Song,,Cameron Nelson,Meng Ding,Cameron Nelson,DEC,3,5:00,3,0,,,,,,,,,,,,,,,,
2026-09-05,UFC Fight Night 287 - Hooker vs. Parnasse,,Salahdine Parnasse,Dan Hooker,Salahdine Parnasse,KO/TKO,1,2:35,5,0,,,,,,,,,,,,,,,,
2026-09-05,UFC Fight Night 287 - Hooker vs. Parnasse,,Axel Sola,Fares Ziam,Axel Sola,KO/TKO,1,1:40,3,0,,,,,,,,,,,,,,,,
2026-09-05,UFC Fight Night 287 - Hooker vs. Parnasse,,Michael Page,Nursulton Ruziboev,Michael Page,DEC,3,5:00,3,0,,,,,,,,,,,,,,,,
2026-09-05,UFC Fight Night 287 - Hooker vs. Parnasse,,Daniil Donchenko,Punahele Soriano,Daniil Donchenko,DEC,3,5:00,3,0,,,,,,,,,,,,,,,,
2026-09-05,UFC Fight Night 287 - Hooker vs. Parnasse,,Kurtis Campbell,Trevor Peek,Kurtis Campbell,SUB,3,3:07,3,0,,,,,,,,,,,,,,,,
2026-09-05,UFC Fight Night 287 - Hooker vs. Parnasse,,Losene Keita,Muhammadjon Naimov,Losene Keita,KO/TKO,1,2:54,3,0,,,,,,,,,,,,,,,,
2026-09-05,UFC Fight Night 287 - Hooker vs. Parnasse,,Felipe Lima,Morgan Charriere,Felipe Lima,DEC,3,5:00,3,0,,,,,,,,,,,,,,,,
2026-09-05,UFC Fight Night 287 - Hooker vs. Parnasse,,Mario Pinto,Ryan Spann,Mario Pinto,KO/TKO,2,0:55,3,0,,,,,,,,,,,,,,,,
2026-09-05,UFC Fight Night 287 - Hooker vs. Parnasse,,Modestas Bukauskas,Oumar Sy,Modestas Bukauskas,KO/TKO,2,3:57,3,0,,,,,,,,,,,,,,,,
2026-09-05,UFC Fight Night 287 - Hooker vs. Parnasse,,Pavel Andrusca,Nathaniel Wood,Pavel Andrusca,DEC,3,5:00,3,0,,,,,,,,,,,,,,,,
2026-09-05,UFC Fight Night 287 - Hooker vs. Parnasse,,Fabia Sintes,Michael Aljarouj,Fabia Sintes,DEC,3,5:00,3,0,,,,,,,,,,,,,,,,
2026-09-05,UFC Fight Night 287 - Hooker vs. Parnasse,,Nora Cornolle,Klaudia Sygula,Nora Cornolle,DEC,3,5:00,3,0,,,,,,,,,,,,,,,,
2026-09-05,UFC Fight Night 287 - Hooker vs. Parnasse,,Matthieu Letho Duclos,Luis Felipe Dias,Matthieu Letho Duclos,KO/TKO,1,4:35,3,0,,,,,,,,,,,,,,,,
2026-09-05,UFC Fight Night 287 - Hooker vs. Parnasse,,Delphine Benouaich,Sofia Montenegro,Delphine Benouaich,SUB,2,4:22,3,0,,,,,,,,,,,,,,,,
2026-09-12,UFC Fight Night 288 - Noche UFC 4,,Jean Silva,Jose Delgado,Jean Silva,SUB,3,2:57,3,0,,,,,,,,,,,,,,,,
2026-09-12,UFC Fight Night 288 - Noche UFC 4,,Brandon Moreno,Joseph Morales,Brandon Moreno,S-DEC,3,5:00,3,0,,,,,,,,,,,,,,,,
2026-09-12,UFC Fight Night 288 - Noche UFC 4,,Tommy McMillen,Marwan Rahiki,Tommy McMillen,DEC,3,5:00,3,0,,,,,,,,,,,,,,,,
2026-09-12,UFC Fight Night 288 - Noche UFC 4,,Alexa Grasso,Manon Fiorot,Alexa Grasso,DEC,3,5:00,3,0,,,,,,,,,,,,,,,,
2026-09-12,UFC Fight Night 288 - Noche UFC 4,,Curtis Blaydes,Waldo Cortes-Acosta,Curtis Blaydes,DEC,3,5:00,3,0,,,,,,,,,,,,,,,,
2026-09-12,UFC Fight Night 288 - Noche UFC 4,,David Martinez,Dan Ige,David Martinez,DEC,3,5:00,3,0,,,,,,,,,,,,,,,,
2026-09-12,UFC Fight Night 288 - Noche UFC 4,,Tim Elliott,Edgar Chairez,Tim Elliott,DEC,3,5:00,3,0,,,,,,,,,,,,,,,,
2026-09-12,UFC Fight Night 288 - Noche UFC 4,,Ignacio Bahamondes,Muslim Salikhov,Ignacio Bahamondes,DEC,3,5:00,3,0,,,,,,,,,,,,,,,,
2026-09-12,UFC Fight Night 288 - Noche UFC 4,,Yousri Belgaroui,Djorden Santos,Yousri Belgaroui,KO/TKO,1,4:25,3,0,,,,,,,,,,,,,,,,
2026-09-12,UFC Fight Night 288 - Noche UFC 4,,Thomas Gantt,Drakkar Klose,Thomas Gantt,SUB,3,2:46,3,0,,,,,,,,,,,,,,,,
2026-09-12,UFC Fight Night 288 - Noche UFC 4,,Zhu Rong,Rafa Garcia,Zhu Rong,DEC,3,5:00,3,0,,,,,,,,,,,,,,,,
2026-09-12,UFC Fight Night 288 - Noche UFC 4,,Sean King III,Jessie Rosas,Sean King III,KO/TKO,1,0:36,3,0,,,,,,,,,,,,,,,,
2026-09-12,UFC Fight Night 288 - Noche UFC 4,,J.J. Aldrich,Regina Tarin,Regina Tarin,DEC,3,5:00,3,0,,,,,,,,,,,,,,,,
2026-09-15,Dana White's Contender Series - Contender Series 2026: Week 6,,Luis Hernandez,Hugo Guillon,Luis Hernandez,SUB,2,1:01,3,0,,,,,,,,,,,,,,,,
2026-09-19,UFC 331 - Van vs. Pantoja 2,,Joshua Van,Alexandre Pantoja,Joshua Van,DEC,5,5:00,5,0,,,,,,,,,,,,,,,,
2026-09-19,UFC 331 - Van vs. Pantoja 2,,Arman Tsarukyan,Mauricio Ruffy,Arman Tsarukyan,KO/TKO,1,4:56,3,0,,,,,,,,,,,,,,,,
2026-09-19,UFC 331 - Van vs. Pantoja 2,,Patricio Freire,Doo Ho Choi,Patricio Freire,KO/TKO,1,3:28,3,0,,,,,,,,,,,,,,,,
2026-09-19,UFC 331 - Van vs. Pantoja 2,,Sean Sharaf,Gable Steveson,Sean Sharaf,KO/TKO,1,0:12,3,0,,,,,,,,,,,,,,,,
2026-09-19,UFC 331 - Van vs. Pantoja 2,,Alonzo Menifield,Iwo Baraniewski,Alonzo Menifield,S-DEC,3,5:00,3,0,,,,,,,,,,,,,,,,
2026-09-19,UFC 331 - Van vs. Pantoja 2,,Marlon Vera,Charles Jourdain,Marlon Vera,KO/TKO,3,2:02,3,0,,,,,,,,,,,,,,,,
2026-09-19,UFC 331 - Van vs. Pantoja 2,,Robelis Despaigne,Tai Tuivasa,Robelis Despaigne,S-DEC,3,5:00,3,0,,,,,,,,,,,,,,,,
2026-09-19,UFC 331 - Van vs. Pantoja 2,,Michael Aswell,Joo Sang Yoo,Michael Aswell,S-DEC,3,5:00,3,0,,,,,,,,,,,,,,,,
2026-09-19,UFC 331 - Van vs. Pantoja 2,,Ryan Gandra,Osman Diaz,Ryan Gandra,KO/TKO,1,2:04,3,0,,,,,,,,,,,,,,,,
2026-09-19,UFC 331 - Van vs. Pantoja 2,,Edmen Shahbazyan,Brunno Ferreira,Edmen Shahbazyan,DEC,3,5:00,3,0,,,,,,,,,,,,,,,,
2026-09-19,UFC 331 - Van vs. Pantoja 2,,Casey O'Neill,Eduarda Moura,Casey O'Neill,SUB,1,3:22,3,0,,,,,,,,,,,,,,,,
2026-09-19,UFC 331 - Van vs. Pantoja 2,,Joanderson Brito,Giga Chikadze,Joanderson Brito,KO/TKO,1,1:57,3,0,,,,,,,,,,,,,,,,
2026-09-26,UFC Fight Night 289 - Rosas Jr. vs. Barcelos,,Raul Rosas Jr.,Raoni Barcelos,Raul Rosas Jr.,KO/TKO,5,1:38,5,0,,,,,,,,,,,,,,,,
2026-09-26,UFC Fight Night 289 - Rosas Jr. vs. Barcelos,,Ailin Perez,Norma Dumont,Ailin Perez,DEC,3,5:00,3,0,,,,,,,,,,,,,,,,
2026-09-26,UFC Fight Night 289 - Rosas Jr. vs. Barcelos,,Luis Hernandez,Sedriques Dumas,Luis Hernandez,SUB,1,0:57,3,0,,,,,,,,,,,,,,,,
2026-09-26,UFC Fight Night 289 - Rosas Jr. vs. Barcelos,,Ilimbek Akylbek Uulu,Mehemmedali Osmanli,Ilimbek Akylbek Uulu,DQ,1,2:19,3,0,,,,,,,,,,,,,,,,
2026-09-26,UFC Fight Night 289 - Rosas Jr. vs. Barcelos,,Valesca Machado,Melissa Amaya,Valesca Machado,KO/TKO,2,3:19,3,0,,,,,,,,,,,,,,,,
2026-09-26,UFC Fight Night 289 - Rosas Jr. vs. Barcelos,,Brady Hiestand,Rinya Nakamura,Brady Hiestand,SUB,2,4:07,3,0,,,,,,,,,,,,,,,,
2026-09-26,UFC Fight Night 289 - Rosas Jr. vs. Barcelos,,Rodolfo Vieira,Robert Bryczek,Rodolfo Vieira,DEC,3,5:00,3,0,,,,,,,,,,,,,,,,
2026-09-26,UFC Fight Night 289 - Rosas Jr. vs. Barcelos,,Christian Edwards,Rodolfo Bellato,Christian Edwards,KO/TKO,3,1:47,3,0,,,,,,,,,,,,,,,,
2026-09-26,UFC Fight Night 289 - Rosas Jr. vs. Barcelos,,Elves Brener,Josiah Harrell,Elves Brener,KO/TKO,1,4:14,3,0,,,,,,,,,,,,,,,,
2026-09-26,UFC Fight Night 289 - Rosas Jr. vs. Barcelos,,Montel Jackson,Ricky Simon,Montel Jackson,KO/TKO,2,2:39,3,0,,,,,,,,,,,,,,,,
2026-09-26,UFC Fight Night 289 - Rosas Jr. vs. Barcelos,,Heili Alateng,John Castaneda,Heili Alateng,S-DEC,3,5:00,3,0,,,,,,,,,,,,,,,,
2026-09-26,UFC Fight Night 289 - Rosas Jr. vs. Barcelos,,Yazmin Jauregui,Vanessa Demopoulos,Yazmin Jauregui,KO/TKO,1,1:02,3,0,,,,,,,,,,,,,,,,
