name,dob,height_cm,reach_cm,stance,weight_class,weight_class_source,gender,nationality,team,prior_wins,prior_losses,source,url
Billy Goff,1998-06-18,177.8,,,Welterweight,sherdog,M,United States,Dexter MMA,0,0,sherdog,https://www.sherdog.com/fighter/Billy-Goff-282365
Doo Ho Choi,1991-04-10,175.3,,,Featherweight,ufc-roster,M,South Korea,Busan Team MAD,0,0,sherdog,https://www.sherdog.com/fighter/Doo-Ho-Choi-56689
Darrius Flowers,1994-08-25,175.3,,,Lightweight,sherdog,M,United States,Chicago Fight Team,0,0,sherdog,https://www.sherdog.com/fighter/Darrius-Flowers-191363
Yazmin Jauregui,1999-02-28,160.0,,,Strawweight,ufc-roster,F,Mexico,Entram Gym,0,0,sherdog,https://www.sherdog.com/fighter/Yazmin-Jauregui-299051
Esteban Ribovics,1996-04-27,177.8,,,Lightweight,ufc-roster,M,Argentina,Kill Cliff FC,0,0,sherdog,https://www.sherdog.com/fighter/Esteban-Ribovics-214867
Osman Diaz,1990-11-22,193.0,,,Middleweight,sherdog,M,United States,California Mixed Martial Arts,0,0,sherdog,https://www.sherdog.com/fighter/Osman-Diaz-156965
Lerryan Douglas,1995-04-27,177.8,,,Featherweight,sherdog,M,Brazil,Killer Bees,0,0,sherdog,https://www.sherdog.com/fighter/Lerryan-Douglas-77125
Petr Yan,1993-02-11,170.2,,,Bantamweight,ufc-roster,M,Russia,Archangel Michael Club,0,0,sherdog,https://www.sherdog.com/fighter/Petr-Yan-186873
Sharabutdin Magomedov,1994-05-16,188.0,,,Middleweight,ufc-roster,M,Russia,GOR MMA,0,0,sherdog,https://www.sherdog.com/fighter/Sharabutdin-Magomedov-309711
Justin Gaethje,1988-11-14,180.3,,,Lightweight,ufc-roster,M,United States,Genesis Training Center,0,0,sherdog,https://www.sherdog.com/fighter/Justin-Gaethje-46648
Brady Hiestand,1999-04-30,172.7,,,Bantamweight,sherdog,M,United States,Sikjitsu,0,0,sherdog,https://www.sherdog.com/fighter/Brady-Hiestand-249533
Fatima Kline,2000-07-12,167.6,,,Strawweight,sherdog,F,United States,MK Muay Thai,0,0,sherdog,https://www.sherdog.com/fighter/Fatima-Kline-300151
Rabindra Dhant,1998-11-30,175.3,,,Bantamweight,sherdog,M,Nepal,LocknRoll MMA Nepal,0,0,sherdog,https://www.sherdog.com/fighter/Rabindra-Dhant-375262
Jose Aldo,1986-09-09,170.2,,,Featherweight,sherdog,M,Brazil,Nova Uniao,0,0,sherdog,https://www.sherdog.com/fighter/Jose-Aldo-11506
Mizuki Inoue,1994-08-19,162.6,,,Strawweight,ufc-roster,F,Japan,Serra-Longo Fight Team,0,0,sherdog,https://www.sherdog.com/fighter/Mizuki-Inoue-71390
Ricardo Ramos,1995-08-01,175.3,,,Featherweight,sherdog,M,Brazil,Team Alpha Male,0,0,sherdog,https://www.sherdog.com/fighter/Ricardo-Ramos-121143
Mike Malott,1991-11-07,185.4,,,Welterweight,ufc-roster,M,Canada,Team Alpha Male,0,0,sherdog,https://www.sherdog.com/fighter/Mike-Malott-79377
Nursulton Ruziboev,1993-11-19,195.6,,,Middleweight,ufc-roster,M,Uzbekistan,UZB Patriot,0,0,sherdog,https://www.sherdog.com/fighter/Nursulton-Ruziboev-175547
Machi Fukuda,2003-06-03,152.4,,,Strawweight,sherdog,F,Japan,Freelance,0,0,sherdog,https://www.sherdog.com/fighter/Machi-Fukuda-395317
Terrance Chatman,1997-05-05,188.0,,,Heavyweight,sherdog,M,United States,4oz. Fight Club,0,0,sherdog,https://www.sherdog.com/fighter/Terrance-Chatman-432637
Weili Zhang,1989-08-13,162.6,,,Flyweight,ufc-roster,F,China,Fight Ready,0,0,sherdog,https://www.sherdog.com/fighter/Weili-Zhang-186663
Felipe Lima,1998-05-07,167.6,,,Featherweight,ufc-roster,M,Brazil,Allstars Training Center,0,0,sherdog,https://www.sherdog.com/fighter/Felipe-Lima-205627
Santiago Ponzinibbio,1986-09-26,182.9,,,Welterweight,ufc-roster,M,Argentina,American Top Team,0,0,sherdog,https://www.sherdog.com/fighter/Santiago-Ponzinibbio-64593
Hector Santiago,1993-03-21,162.6,,,Bantamweight,sherdog,M,Brazil,Team Lucas Mineiro,0,0,sherdog,https://www.sherdog.com/fighter/Hector-Santiago-453620
Arnold Allen,1994-01-22,175.3,,,Featherweight,ufc-roster,M,England,Tristar Gym,0,0,sherdog,https://www.sherdog.com/fighter/Arnold-Allen-97499
Dusko Todorovic,1994-05-19,185.4,,,Middleweight,ufc-roster,M,Serbia,Secutor,0,0,sherdog,https://www.sherdog.com/fighter/Dusko-Todorovic-207339
Matthieu Letho Duclos,1995-04-04,190.5,,,Middleweight,sherdog,M,France,Venum Training Camp Paris,0,0,sherdog,https://www.sherdog.com/fighter/Matthieu-Letho-Duclos-350789
Ty Cole Miller,2000-06-04,188.0,,,Welterweight,sherdog,M,United States,Fit NHB,0,0,sherdog,https://www.sherdog.com/fighter/Ty-Cole-Miller-360875
Caio Borralho,1993-01-16,188.0,,,Middleweight,ufc-roster,M,Brazil,The Fighting Nerds,0,0,sherdog,https://www.sherdog.com/fighter/Caio-Borralho-188043
Virna Jandiroba,1988-05-30,160.0,,,Strawweight,ufc-roster,F,Brazil,Fight House,0,0,sherdog,https://www.sherdog.com/fighter/Virna-Jandiroba-137557
Tofiq Musayev,1989-12-15,177.8,,,Lightweight,ufc-roster,M,Azerbaijan,Orion Fight Club,0,0,sherdog,https://www.sherdog.com/fighter/Tofiq-Musayev-145311
Rodolfo Vieira,1989-09-25,180.3,,,Middleweight,ufc-roster,M,Brazil,Fusion X-Cel Performance,0,0,sherdog,https://www.sherdog.com/fighter/Rodolfo-Vieira-137167
Dustin Stoltzfus,1991-11-15,180.3,,,Middleweight,ufc-roster,M,United States,Frankers Fight Team,0,0,sherdog,https://www.sherdog.com/fighter/Dustin-Stoltzfus-113779
Karolina Kowalkiewicz,1985-10-15,160.0,,,Strawweight,ufc-roster,F,Poland,American Top Team,0,0,sherdog,https://www.sherdog.com/fighter/Karolina-Kowalkiewicz-101401
Young Jae Song,1996-01-03,172.7,,,Featherweight,sherdog,M,South Korea,Havas MMA,0,0,sherdog,https://www.sherdog.com/fighter/Young-Jae-Song-155665
Melissa Amaya,1994-11-27,162.6,,,Strawweight,sherdog,F,United States,Sikjitsu,0,0,sherdog,https://www.sherdog.com/fighter/Melissa-Amaya-393892
Marina Spasic,,165.1,,,Strawweight,sherdog,F,Serbia,,0,0,sherdog,https://www.sherdog.com/fighter/Marina-Spasic-398528
Diego Ferreira,1985-01-18,175.3,,,Lightweight,ufc-roster,M,Brazil,Fortis MMA,0,0,sherdog,https://www.sherdog.com/fighter/Diego-Ferreira-26358
Volkan Oezdemir,1989-09-19,185.4,,,Light Heavyweight,ufc-roster,M,Switzerland,Fight Move Academy,0,0,sherdog,https://www.sherdog.com/fighter/Volkan-Oezdemir-58503
Gauge Young,2000-07-14,175.3,,,Lightweight,sherdog,M,United States,Ignite Jiu Jitsu & MMA Academy,0,0,sherdog,https://www.sherdog.com/fighter/Gauge-Young-325407
Jeremy Kennedy,1992-09-16,180.3,,,Lightweight,sherdog,M,Canada,Xtreme Couture,0,0,sherdog,https://www.sherdog.com/fighter/Jeremy-Kennedy-104645
Viviane Araujo,1986-11-21,165.1,,,Flyweight,sherdog,F,Brazil,Cerrado MMA,0,0,sherdog,https://www.sherdog.com/fighter/Viviane-Araujo-200603
Darya Zheleznyakova,1996-01-23,175.3,,,Bantamweight,sherdog,F,Russia,MMA Factory,0,0,sherdog,https://www.sherdog.com/fighter/Darya-Zheleznyakova-334747
Drako Rodriguez,1996-06-16,172.7,,,Bantamweight,sherdog,M,United States,One Combat Academy,0,0,sherdog,https://www.sherdog.com/fighter/Drako-Rodriguez-203421
Maimaitijiang Yilizhati,,193.0,,,Middleweight,sherdog,M,China,Tuowu Fight Gym,0,0,sherdog,https://www.sherdog.com/fighter/Maimaitijiang-Yilizhati-422867
Vicente Luque,1991-11-27,180.3,,,Middleweight,ufc-roster,M,United States,Kill Cliff FC,0,0,sherdog,https://www.sherdog.com/fighter/Vicente-Luque-66474
Norma Dumont,1990-10-01,170.2,,,Bantamweight,ufc-roster,F,Brazil,Team Rules,0,0,sherdog,https://www.sherdog.com/fighter/Norma-Dumont-233587
Mizuto Hirota,1981-05-05,170.2,,,Lightweight,sherdog,M,Japan,Cave,0,0,sherdog,https://www.sherdog.com/fighter/Mizuto-Hirota-12078
Francimar Barroso,1980-02-29,185.4,,,Heavyweight,sherdog,M,Brazil,GOR MMA,0,0,sherdog,https://www.sherdog.com/fighter/Francimar-Barroso-14702
Drakkar Klose,1988-03-09,172.7,,,Lightweight,ufc-roster,M,United States,MMA Lab,0,0,sherdog,https://www.sherdog.com/fighter/Drakkar-Klose-84568
Luis Hernandez,1996-08-22,177.8,,,Light Heavyweight,sherdog,M,United States,Freedom Fighters,0,0,sherdog,https://www.sherdog.com/fighter/Luis-Hernandez-371502
Charles Jourdain,1995-11-27,175.3,,,Bantamweight,ufc-roster,M,Canada,Academie Pro Star MMA,0,0,sherdog,https://www.sherdog.com/fighter/Charles-Jourdain-210843
Bogdan Guskov,1992-09-12,188.0,,,Light Heavyweight,ufc-roster,M,Uzbekistan,GOR MMA,0,0,sherdog,https://www.sherdog.com/fighter/Bogdan-Guskov-229253
Meng Ding,1994-09-27,188.0,,,Welterweight,sherdog,M,China,Black Tiger Fight Club,0,0,sherdog,https://www.sherdog.com/fighter/Meng-Ding-241311
Mick Parkin,1995-10-02,190.5,,,Heavyweight,ufc-roster,M,England,TFT MMA,0,0,sherdog,https://www.sherdog.com/fighter/Mick-Parkin-224411
Mehemmedali Osmanli,2004-08-05,175.3,,,Bantamweight,sherdog,,Azerbaijan,Zabit Samedov FC,0,0,sherdog,https://www.sherdog.com/fighter/Mehemmedali-Osmanli-390629
Rafa Garcia,1994-08-05,170.2,,,Lightweight,ufc-roster,M,Mexico,Team Elevation,0,0,sherdog,https://www.sherdog.com/fighter/Rafa-Garcia-186049
Levi Rodrigues,1996-10-15,188.0,,,Light Heavyweight,sherdog,M,Brazil,Rasteira Fight Team,0,0,sherdog,https://www.sherdog.com/fighter/Levi-Rodrigues-386559
Karol Rosa,1994-12-30,170.2,,,Bantamweight,ufc-roster,F,Brazil,GAEA Project,0,0,sherdog,https://www.sherdog.com/fighter/Karol-Rosa-115135
Jasmine Jasudavicius,1989-03-01,170.2,,,Flyweight,ufc-roster,F,Canada,Niagara Top Team,0,0,sherdog,https://www.sherdog.com/fighter/Jasmine-Jasudavicius-311001
Joe Pyfer,1996-09-17,185.4,,,Middleweight,ufc-roster,M,United States,Team Balance,0,0,sherdog,https://www.sherdog.com/fighter/Joe-Pyfer-239253
Tracy Cortez,1993-12-10,165.1,,,Flyweight,ufc-roster,F,United States,Fight Ready,0,0,sherdog,https://www.sherdog.com/fighter/Tracy-Cortez-160955
Lone'er Kavanagh,1999-06-09,162.6,,,Flyweight,sherdog,M,England,Great Britain Top Team,0,0,sherdog,https://www.sherdog.com/fighter/Loneer-Kavanagh-213249
Azamat Murzakanov,1989-04-12,180.3,,,Light Heavyweight,ufc-roster,M,Russia,K Dojo Warrior Tribe,0,0,sherdog,https://www.sherdog.com/fighter/Azamat-Murzakanov-60203
Josh Hokit,1997-11-12,185.4,,,Heavyweight,ufc-roster,M,United States,Jackson-Wink MMA,0,0,sherdog,https://www.sherdog.com/fighter/Josh-Hokit-433441
Christian Edwards,1998-11-05,195.6,,,Light Heavyweight,sherdog,M,United States,Jackson-Wink MMA,0,0,sherdog,https://www.sherdog.com/fighter/Christian-Edwards-270755
Kevin Holland,1992-11-05,190.5,,,Welterweight,ufc-roster,M,United States,Phalanx MMA Academy,0,0,sherdog,https://www.sherdog.com/fighter/Kevin-Holland-108999
Ignacio Bahamondes,1997-08-27,185.4,,,Welterweight,ufc-roster,M,Chile,Valle Flow Striking,0,0,sherdog,https://www.sherdog.com/fighter/Ignacio-Bahamondes-221417
Jordan Espinosa,1989-11-08,170.2,,,Flyweight,sherdog,M,United States,Luttrell-Yee MMA,0,0,sherdog,https://www.sherdog.com/fighter/Jordan-Espinosa-64942
Bryce Mitchell,1994-10-04,175.3,,,Bantamweight,ufc-roster,M,United States,Barata MMA,0,0,sherdog,https://www.sherdog.com/fighter/Bryce-Mitchell-151837
Raoni Barcelos,1987-05-01,170.2,,,Bantamweight,ufc-roster,M,Brazil,Laerte Barcelos Team,0,0,sherdog,https://www.sherdog.com/fighter/Raoni-Barcelos-94587
Joseph Benavidez,1984-07-31,162.6,,,Flyweight,sherdog,M,United States,Xtreme Couture,0,0,sherdog,https://www.sherdog.com/fighter/Joseph-Benavidez-15008
Movsar Evloev,1994-02-11,172.7,,,Featherweight,ufc-roster,M,Russia,American Top Team,0,0,sherdog,https://www.sherdog.com/fighter/Movsar-Evloev-183539
Jessica Andrade,1991-09-25,157.5,,,Strawweight,ufc-roster,F,Brazil,GAEA Project,0,0,sherdog,https://www.sherdog.com/fighter/Jessica-Andrade-100715
Robert Valentin,1995-03-31,188.0,,,Middleweight,sherdog,M,Switzerland,Fight Move Academy,0,0,sherdog,https://www.sherdog.com/fighter/Robert-Valentin-241133
Nina Nikolija Milosevic,1996-08-08,165.1,,,Bantamweight,sherdog,F,Serbia,Family Fight Team,0,0,sherdog,https://www.sherdog.com/fighter/Nina-Nikolija-Milosevic-399822
Miranda Maverick,1997-07-01,160.0,,,Flyweight,ufc-roster,F,United States,Elevation Fight Team,0,0,sherdog,https://www.sherdog.com/fighter/Miranda-Maverick-230031
Lawrence Lui,1996-08-04,172.7,,,Bantamweight,sherdog,M,Hong Kong,City Kickboxing,0,0,sherdog,https://www.sherdog.com/fighter/Lawrence-Lui-327003
Mauricio Ruffy,1996-06-17,180.3,,,Lightweight,ufc-roster,M,Brazil,The Fighting Nerds,0,0,sherdog,https://www.sherdog.com/fighter/Mauricio-Ruffy-192545
Alexander Poppeck,1992-04-06,188.0,,,Heavyweight,sherdog,M,Germany,Munich Top Team,0,0,sherdog,https://www.sherdog.com/fighter/Alexander-Poppeck-99051
Myktybek Orolbai,1998-02-10,177.8,,,Welterweight,ufc-roster,M,Kyrgyzstan,Uluu Kyrgyz Team,0,0,sherdog,https://www.sherdog.com/fighter/Myktybek-Orolbai-316759
Curtis Blaydes,1991-02-18,193.0,,,Heavyweight,ufc-roster,M,United States,Elevation Fight Team,0,0,sherdog,https://www.sherdog.com/fighter/Curtis-Blaydes-172939
Renato Carneiro,1989-05-21,180.3,,,Lightweight,sherdog,M,Brazil,First Fight Center,0,0,sherdog,https://www.sherdog.com/fighter/Renato-Carneiro-61700
Alexia Thainara,1997-11-20,162.6,,,Strawweight,sherdog,F,Brazil,Ribas Family,0,0,sherdog,https://www.sherdog.com/fighter/Alexia-Thainara-287251
Dan Ige,1991-08-06,170.2,,,Featherweight,ufc-roster,M,United States,Xtreme Couture,0,0,sherdog,https://www.sherdog.com/fighter/Dan-Ige-136499
Charles Johnson,1991-01-10,175.3,,,Flyweight,ufc-roster,M,United States,Murcielago MMA,0,0,sherdog,https://www.sherdog.com/fighter/Charles-Johnson-254715
Djorden Santos,1997-08-01,188.0,,,Middleweight,sherdog,M,Brazil,American Top Team,0,0,sherdog,https://www.sherdog.com/fighter/Djorden-Santos-164321
Lucas Fernando,1997-01-10,190.5,,,Light Heavyweight,sherdog,M,Brazil,Rizzo RVT,0,0,sherdog,https://www.sherdog.com/fighter/Lucas-Fernando-227719
Paddy Pimblett,1995-01-03,177.8,,,Lightweight,ufc-roster,M,England,Next Generation MMA Liverpool,0,0,sherdog,https://www.sherdog.com/fighter/Paddy-Pimblett-84902
Morgan Charriere,1995-10-26,172.7,,,Featherweight,sherdog,M,France,Team Chapa Quente,0,0,sherdog,https://www.sherdog.com/fighter/Morgan-Charriere-186243
Sergei Pavlovich,1992-05-13,190.5,,,Heavyweight,ufc-roster,M,Russia,Eagles MMA,0,0,sherdog,https://www.sherdog.com/fighter/Sergei-Pavlovich-184051
Ikram Aliskerov,1992-12-07,182.9,,,Middleweight,ufc-roster,M,Russia,KHK MMA,0,0,sherdog,https://www.sherdog.com/fighter/Ikram-Aliskerov-202763
Valter Walker,1997-12-14,198.1,,,Heavyweight,ufc-roster,M,Brazil,Gor MMA,0,0,sherdog,https://www.sherdog.com/fighter/Valter-Walker-376023
Kai Asakura,1993-10-31,172.7,,,Bantamweight,ufc-roster,M,Japan,Japan Top Team,0,0,sherdog,https://www.sherdog.com/fighter/Kai-Asakura-226035
Dominick Reyes,1989-12-26,193.0,,,Light Heavyweight,ufc-roster,M,United States,Teixeira MMA & Fitness,0,0,sherdog,https://www.sherdog.com/fighter/Dominick-Reyes-145941
Julia Polastri,1998-03-05,157.5,,,Flyweight,sherdog,F,Brazil,CWB Fighter,0,0,sherdog,https://www.sherdog.com/fighter/Julia-Polastri-266047
Steve Erceg,1995-07-27,172.7,,,Flyweight,ufc-roster,M,Australia,Wilkes Martial Arts,0,0,sherdog,https://www.sherdog.com/fighter/Steve-Erceg-228813
Jovan Leka,2002-03-15,193.0,,,Heavyweight,sherdog,M,Serbia,Family Fight Team,0,0,sherdog,https://www.sherdog.com/fighter/Jovan-Leka-403812
Payton Talbott,1998-09-09,177.8,,,Bantamweight,ufc-roster,M,United States,Reno Academy of Combat,0,0,sherdog,https://www.sherdog.com/fighter/Payton-Talbott-296553
Jalin Turner,1995-05-18,190.5,,,Lightweight,ufc-roster,M,United States,Adrenaline Combat Sports,0,0,sherdog,https://www.sherdog.com/fighter/Jalin-Turner-158269
Salahdine Parnasse,1997-12-04,172.7,,,Lightweight,ufc-roster,M,France,Atch Academy,0,0,sherdog,https://www.sherdog.com/fighter/Salahdine-Parnasse-172169
Cong Wang,1992-05-15,170.2,,,Flyweight,ufc-roster,F,China,,0,0,sherdog,https://www.sherdog.com/fighter/Cong-Wang-413126
Farida Abdueva,2004-05-15,162.6,,,Strawweight,sherdog,F,Kyrgyzstan,Tiger Muay Thai,0,0,sherdog,https://www.sherdog.com/fighter/Farida-Abdueva-396921
Ramazonbek Temirov,1997-01-31,165.1,,,Flyweight,sherdog,M,Uzbekistan,Muradov Legion Team,0,0,sherdog,https://www.sherdog.com/fighter/Ramazonbek-Temirov-215649
Manoel Sousa,1997-06-04,175.3,,,Lightweight,sherdog,M,Brazil,Academia Octogono,0,0,sherdog,https://www.sherdog.com/fighter/Manoel-Sousa-319559
Chris Padilla,1995-09-14,175.3,,,Lightweight,sherdog,M,United States,California Mixed Martial Arts,0,0,sherdog,https://www.sherdog.com/fighter/Chris-Padilla-124527
Neil Magny,1987-08-03,190.5,,,Welterweight,ufc-roster,M,United States,Elevation Fight Team,0,0,sherdog,https://www.sherdog.com/fighter/Neil-Magny-69166
Justin Ledet,1988-09-28,193.0,,,Light Heavyweight,sherdog,M,United States,,0,0,sherdog,https://www.sherdog.com/fighter/Justin-Ledet-72052
Pavel Andrusca,2002-05-08,167.6,,,Featherweight,sherdog,M,Moldova,,0,0,sherdog,https://www.sherdog.com/fighter/Pavel-Andrusca-384442
Amanda Ribas,1993-08-26,162.6,,,Strawweight,ufc-roster,F,Brazil,Marcelo Ribas Team,0,0,sherdog,https://www.sherdog.com/fighter/Amanda-Ribas-171625
Rodolfo Bellato,1996-02-05,190.5,,,Light Heavyweight,sherdog,M,Brazil,KO Squad MMA,0,0,sherdog,https://www.sherdog.com/fighter/Rodolfo-Bellato-266457
Benoit St. Denis,1995-12-18,180.3,,,Lightweight,sherdog,M,France,CYFIT,0,0,sherdog,https://www.sherdog.com/fighter/Benoit-St-Denis-317103
Ryo Tajima,1999-08-14,175.3,,,Bantamweight,sherdog,M,Japan,Oota Dojo,0,0,sherdog,https://www.sherdog.com/fighter/Ryo-Tajima-386537
Tyrell Fortune,1990-07-04,188.0,,,Heavyweight,ufc-roster,M,United States,Arizona Combat Sports,0,0,sherdog,https://www.sherdog.com/fighter/Tyrell-Fortune-204623
Michael Oliveira,1998-01-21,182.9,,,Welterweight,sherdog,M,Brazil,KO Squad MMA,0,0,sherdog,https://www.sherdog.com/fighter/Michael-Oliveira-400985
Raul Rosas Jr.,2004-10-08,175.3,,,Bantamweight,ufc-roster,M,United States,10th Planet Jiu Jitsu Las Vegas,0,0,sherdog,https://www.sherdog.com/fighter/Raul-Rosas-Jr-339419
Alonzo Menifield,1987-10-18,182.9,,,Light Heavyweight,ufc-roster,M,United States,Saekson Muay Thai,0,0,sherdog,https://www.sherdog.com/fighter/Alonzo-Menifield-210501
Borislav Nikolic,1993-01-29,175.3,,,Bantamweight,sherdog,M,Serbia,Secutor,0,0,sherdog,https://www.sherdog.com/fighter/Borislav-Nikolic-229283
Yair Rodriguez,1992-10-06,180.3,,,Featherweight,ufc-roster,M,Mexico,Valle Flow Striking,0,0,sherdog,https://www.sherdog.com/fighter/Yair-Rodriguez-106305
Francesco Nuzzi,1996-04-28,160.0,,,Bantamweight,sherdog,M,Italy,Aurora MMA,0,0,sherdog,https://www.sherdog.com/fighter/Francesco-Nuzzi-224863
Zhu Rong,2000-03-07,180.3,,,Lightweight,ufc-roster,M,China,City Kickboxing,0,0,sherdog,https://www.sherdog.com/fighter/Zhu-Rong-233823
Brando Pericic,1994-08-03,195.6,,,Heavyweight,ufc-roster,M,Australia,City Kickboxing,0,0,sherdog,https://www.sherdog.com/fighter/Brando-Pericic-306625
Sean Strickland,1991-02-27,185.4,,,Middleweight,ufc-roster,M,United States,Xtreme Couture,0,0,sherdog,https://www.sherdog.com/fighter/Sean-Strickland-30452
Tim Elliott,1986-12-24,170.2,,,Flyweight,ufc-roster,M,United States,Next Generation Mixed Martial Arts,0,0,sherdog,https://www.sherdog.com/fighter/Tim-Elliott-49213
Nasrat Haqparast,1995-08-22,177.8,,,Lightweight,ufc-roster,M,Morocco,Tristar Gym,0,0,sherdog,https://www.sherdog.com/fighter/Nasrat-Haqparast-122581
Bilal Hasan,2001-07-16,170.2,,,Flyweight,sherdog,,United States,Charlie's Combat Club,0,0,sherdog,https://www.sherdog.com/fighter/Bilal-Hasan-400714
Deiveson Figueiredo,1987-12-18,165.1,,,Bantamweight,ufc-roster,M,Brazil,Team Figueiredo,0,0,sherdog,https://www.sherdog.com/fighter/Deiveson-Figueiredo-110485
Casey O'Neill,1997-10-07,167.6,,,Flyweight,ufc-roster,F,Scotland,Bangtao Muay Thai & MMA,0,0,sherdog,https://www.sherdog.com/fighter/Casey-ONeill-175007
Valentina Shevchenko,1988-03-07,165.1,,,Flyweight,ufc-roster,F,Kyrgyzstan,Tiger Muay Thai,0,0,sherdog,https://www.sherdog.com/fighter/Valentina-Shevchenko-45384
Ryan Kuse,1994-06-24,175.3,,,Featherweight,sherdog,M,United States,The Goat Shed Academy,0,0,sherdog,https://www.sherdog.com/fighter/Ryan-Kuse-126039
Kevin Borjas,1997-12-06,165.1,,,Flyweight,sherdog,M,Peru,Pitbull Martial Arts Center,0,0,sherdog,https://www.sherdog.com/fighter/Kevin-Borjas-245493
Louie Sutherland,1994-02-08,190.5,,,Heavyweight,sherdog,M,England,Great Britain Top Team,0,0,sherdog,https://www.sherdog.com/fighter/Louie-Sutherland-357627
Jingnan Xiong,1988-01-12,165.1,,,Strawweight,ufc-roster,F,China,The Block Bali,0,0,sherdog,https://www.sherdog.com/fighter/Jingnan-Xiong-176083
Shanelle Dyer,2001-04-23,167.6,,,Strawweight,sherdog,F,England,Great Britain Top Team,0,0,sherdog,https://www.sherdog.com/fighter/Shanelle-Dyer-333733
Michael Aswell,2000-09-27,172.7,,,Featherweight,sherdog,M,United States,4oz. Fight Club,0,0,sherdog,https://www.sherdog.com/fighter/Michael-Aswell-286497
Julianna Pena,1989-08-19,170.2,,,Bantamweight,ufc-roster,F,United States,SikJitsu,0,0,sherdog,https://www.sherdog.com/fighter/Julianna-Pena-50883
Fares Ziam,1997-03-21,182.9,,,Lightweight,ufc-roster,M,France,Kill Cliff FC,0,0,sherdog,https://www.sherdog.com/fighter/Fares-Ziam-184241
Bo Hyun Park,1999-05-14,160.0,,,Strawweight,sherdog,F,South Korea,MOB Training Center,0,0,sherdog,https://www.sherdog.com/fighter/Bo-Hyun-Park-297873
Aaron Pico,1996-09-23,172.7,,,Featherweight,ufc-roster,M,United States,Jackson-Wink MMA,0,0,sherdog,https://www.sherdog.com/fighter/Aaron-Pico-191127
Carli Judice,1999-03-02,170.2,,,Flyweight,sherdog,F,United States,Headkicks MMA,0,0,sherdog,https://www.sherdog.com/fighter/Carli-Judice-381889
Joaquin Buckley,1994-04-27,172.7,,,Welterweight,ufc-roster,M,United States,Murcielago MMA,0,0,sherdog,https://www.sherdog.com/fighter/Joaquin-Buckley-175481
Ricky Turcios,1993-06-05,172.7,,,Featherweight,sherdog,M,United States,Team Alpha Male,0,0,sherdog,https://www.sherdog.com/fighter/Ricky-Turcios-80671
Valesca Machado,1996-05-06,162.6,,,Strawweight,ufc-roster,F,Brazil,War Machine,0,0,sherdog,https://www.sherdog.com/fighter/Valesca-Machado-215597
Gillian Robertson,1995-05-17,165.1,,,Strawweight,ufc-roster,F,Canada,The Goat Shed Academy,0,0,sherdog,https://www.sherdog.com/fighter/Gillian-Robertson-219015
Thomas Gantt,1993-01-09,180.3,,,Lightweight,sherdog,M,United States,Jaw Breaker Boxing,0,0,sherdog,https://www.sherdog.com/fighter/Thomas-Gantt-428202
Rafael Tobias,2003-03-20,188.0,,,Light Heavyweight,sherdog,M,Brazil,Chute Boxe Monstro,0,0,sherdog,https://www.sherdog.com/fighter/Rafael-Tobias-403663
Tagir Ulanbekov,1991-07-08,170.2,,,Flyweight,ufc-roster,M,Russia,Eagles MMA,0,0,sherdog,https://www.sherdog.com/fighter/Tagir-Ulanbekov-149259
Macy Chiasson,1991-07-27,180.3,,,Bantamweight,ufc-roster,F,United States,Fortis MMA,0,0,sherdog,https://www.sherdog.com/fighter/Macy-Chiasson-190279
Mateusz Rebecki,1992-10-03,170.2,,,Lightweight,ufc-roster,M,Poland,American Top Team,0,0,sherdog,https://www.sherdog.com/fighter/Mateusz-Rebecki-146417
Stanley Dorsainvil,2000-05-12,177.8,,,Lightweight,sherdog,M,United States,Combat Club,0,0,sherdog,https://www.sherdog.com/fighter/Stanley-Dorsainvil-371512
Losene Keita,1997-12-30,175.3,,,Featherweight,ufc-roster,M,Belgium,Lamiro Fight Club,0,0,sherdog,https://www.sherdog.com/fighter/Losene-Keita-287481
Eric McConico,1990-05-09,182.9,,,Middleweight,sherdog,M,United States,MMA Lab,0,0,sherdog,https://www.sherdog.com/fighter/Eric-McConico-206921
Waldo Cortes-Acosta,1991-10-03,193.0,,,Heavyweight,ufc-roster,M,Dominican Republic,Ultimate Kombat Fitness,0,0,sherdog,https://www.sherdog.com/fighter/Waldo-CortesAcosta-190909
Maheshate Hayisaer,1999-12-01,182.9,,,Lightweight,sherdog,M,China,Enbo Fight Club,0,0,sherdog,https://www.sherdog.com/fighter/Maheshate-Hayisaer-336819
Amanda Lemos,1987-05-22,162.6,,,Strawweight,ufc-roster,F,Brazil,Marajo Brothers Team,0,0,sherdog,https://www.sherdog.com/fighter/Amanda-Lemos-173973
Yusuke Kasuya,1989-11-16,170.2,,,Lightweight,sherdog,M,Japan,Crown Dojo,0,0,sherdog,https://www.sherdog.com/fighter/Yusuke-Kasuya-63414
Tatsuro Taira,2000-01-27,170.2,,,Flyweight,ufc-roster,M,Japan,The Blackbelt Japan,0,0,sherdog,https://www.sherdog.com/fighter/Tatsuro-Taira-293975
Bo Meng,1996-04-21,162.6,,,Strawweight,sherdog,F,China,Tiger Muay Thai,0,0,sherdog,https://www.sherdog.com/fighter/Bo-Meng-216987
Derrick Lewis,1985-02-07,190.5,,,Heavyweight,ufc-roster,M,United States,Main Street Boxing & Muay Thai,0,0,sherdog,https://www.sherdog.com/fighter/Derrick-Lewis-59284
Jimi Manuwa,1980-02-18,182.9,,,Light Heavyweight,sherdog,M,England,Keddles Gym,0,0,sherdog,https://www.sherdog.com/fighter/Jimi-Manuwa-37528
Robert Whittaker,1990-12-20,182.9,,,Light Heavyweight,ufc-roster,M,Australia,PMA Super Martial Arts,0,0,sherdog,https://www.sherdog.com/fighter/Robert-Whittaker-45132
Bogdan Grad,1995-09-18,172.7,,,Featherweight,sherdog,M,Austria,ETTL Bros. MMA,0,0,sherdog,https://www.sherdog.com/fighter/Bogdan-Grad-156707
Sean King III,2003-10-17,182.9,,,Featherweight,sherdog,M,United States,Mid City MMA,0,0,sherdog,https://www.sherdog.com/fighter/Sean-King-III-423706
Brian Ortega,1991-02-21,175.3,,,Featherweight,ufc-roster,M,United States,Black House,0,0,sherdog,https://www.sherdog.com/fighter/Brian-Ortega-65310
Jamall Emmers,1989-07-24,177.8,,,Featherweight,ufc-roster,M,United States,Pinnacle MMA,0,0,sherdog,https://www.sherdog.com/fighter/Jamall-Emmers-84139
Mansur Abdul-Malik,1997-10-07,188.0,,,Middleweight,sherdog,M,United States,Xtreme Couture,0,0,sherdog,https://www.sherdog.com/fighter/Mansur-AbdulMalik-393926
Luis Felipe Dias,1995-01-17,177.8,,,Middleweight,sherdog,M,Brazil,Parana Vale Tudo,0,0,sherdog,https://www.sherdog.com/fighter/Luis-Felipe-Dias-257975
Edgar Chairez,1996-01-27,170.2,,,Flyweight,ufc-roster,M,Mexico,Entram Gym,0,0,sherdog,https://www.sherdog.com/fighter/Edgar-Chairez-244721
Darren Elkins,1984-05-16,177.8,,,Featherweight,sherdog,M,United States,Duneland Vale Tudo,0,0,sherdog,https://www.sherdog.com/fighter/Darren-Elkins-22094
Vitor Petrino,1997-08-28,190.5,,,Heavyweight,ufc-roster,M,Brazil,CM System,0,0,sherdog,https://www.sherdog.com/fighter/Vitor-Petrino-255313
Sean Sharaf,1993-07-11,188.0,,,Heavyweight,sherdog,M,United States,Xtreme Couture,0,0,sherdog,https://www.sherdog.com/fighter/Sean-Sharaf-344701
Hailey Cowan,1992-02-12,172.7,,,Bantamweight,sherdog,F,United States,Blitz MMA,0,0,sherdog,https://www.sherdog.com/fighter/Hailey-Cowan-271495
Jailton Almeida,1991-06-28,193.0,,,Heavyweight,sherdog,M,Brazil,Galpao da Luta,0,0,sherdog,https://www.sherdog.com/fighter/Jailton-Almeida-114657
Arman Tsarukyan,1996-10-11,170.2,,,Lightweight,ufc-roster,M,Russia,American Top Team,0,0,sherdog,https://www.sherdog.com/fighter/Arman-Tsarukyan-213913
Marcin Tybura,1985-11-09,190.5,,,Heavyweight,ufc-roster,M,Poland,Ankos MMA,0,0,sherdog,https://www.sherdog.com/fighter/Marcin-Tybura-86928
Joselyne Edwards,1995-09-29,167.6,,,Bantamweight,ufc-roster,F,Panama,Kings MMA,0,0,sherdog,https://www.sherdog.com/fighter/Joselyne-Edwards-156643
Magomed Zaynukov,1995-01-02,180.3,,,Lightweight,ufc-roster,M,Russia,Abdulmanap Nurmagomedov School,0,0,sherdog,https://www.sherdog.com/fighter/Magomed-Zaynukov-383513
Alex Perez,1992-03-21,167.6,,,Flyweight,ufc-roster,M,United States,Team Oyama,0,0,sherdog,https://www.sherdog.com/fighter/Alex-Perez-12443
Ricky Simon,1992-08-31,167.6,,,Bantamweight,ufc-roster,M,United States,American Top Team Portland,0,0,sherdog,https://www.sherdog.com/fighter/Ricky-Simon-111209
Long Xiao,1998-04-13,172.7,,,Bantamweight,sherdog,M,China,Xin-Du Martial Arts Club,0,0,sherdog,https://www.sherdog.com/fighter/Long-Xiao-233007
Thiago Santos,1984-01-07,188.0,,,Heavyweight,sherdog,M,Brazil,Team Marreta,0,0,sherdog,https://www.sherdog.com/fighter/Thiago-Santos-90021
Fabia Sintes,1994-07-27,172.7,,,Flyweight,sherdog,M,Spain,Levium Armorum Team,0,0,sherdog,https://www.sherdog.com/fighter/Fabia-Sintes-258937
Manel Kape,1993-11-14,167.6,,,Flyweight,ufc-roster,M,Angola,Xtreme Couture,0,0,sherdog,https://www.sherdog.com/fighter/Manel-Kape-101189
Patricio Freire,1987-07-07,167.6,,,Featherweight,sherdog,M,Brazil,Pitbull Brothers,0,0,sherdog,https://www.sherdog.com/fighter/Patricio-Freire-9960
Tom Nolan,2000-03-08,188.0,,,Lightweight,ufc-roster,M,Australia,Team Compton Training Centre,0,0,sherdog,https://www.sherdog.com/fighter/Tom-Nolan-244655
Robelis Despaigne,1988-08-09,200.7,,,Heavyweight,ufc-roster,M,Cuba,MMA Temple,0,0,sherdog,https://www.sherdog.com/fighter/Robelis-Despaigne-406903
Umar Nurmagomedov,1996-01-03,172.7,,,Bantamweight,ufc-roster,M,Russia,Eagles MMA,0,0,sherdog,https://www.sherdog.com/fighter/Umar-Nurmagomedov-240893
Muslim Salikhov,1984-06-09,180.3,,,Welterweight,ufc-roster,M,Russia,Abdulmanap Nurmagomedov School,0,0,sherdog,https://www.sherdog.com/fighter/Muslim-Salikhov-129929
Kennedy Nzechukwu,1992-06-13,195.6,,,Heavyweight,ufc-roster,M,United States,Fortis MMA,0,0,sherdog,https://www.sherdog.com/fighter/Kennedy-Nzechukwu-212289
Ryan Gandra,1995-05-08,185.4,,,Middleweight,sherdog,M,Brazil,Flavio Baiano Team,0,0,sherdog,https://www.sherdog.com/fighter/Ryan-Gandra-404139
Kevin Vallejos,2001-12-08,170.2,,,Featherweight,ufc-roster,M,Argentina,Brothers of Life MMA,0,0,sherdog,https://www.sherdog.com/fighter/Kevin-Vallejos-391233
Diego Lopes,1994-12-30,180.3,,,Featherweight,ufc-roster,M,Brazil,Lobo Gym MMA,0,0,sherdog,https://www.sherdog.com/fighter/Diego-Lopes-112531
Andreas Michailidis,1988-07-18,182.9,,,Middleweight,sherdog,M,Greece,EFL Academy,0,0,sherdog,https://www.sherdog.com/fighter/Andreas-Michailidis-65167
Amir Albazi,1993-10-27,165.1,,,Flyweight,ufc-roster,M,Iraq,Xtreme Couture,0,0,sherdog,https://www.sherdog.com/fighter/Amir-Albazi-51365
Sean Brady,1992-11-23,175.3,,,Welterweight,ufc-roster,M,United States,Renzo Gracie Philly,0,0,sherdog,https://www.sherdog.com/fighter/Sean-Brady-126971
Michael Aljarouj,1997-08-21,167.6,,,Flyweight,sherdog,M,France,Old School Academy,0,0,sherdog,https://www.sherdog.com/fighter/Michael-Aljarouj-250049
Alexandre Pantoja,1990-04-16,165.1,,,Flyweight,ufc-roster,M,Brazil,American Top Team,0,0,sherdog,https://www.sherdog.com/fighter/Alexandre-Pantoja-25023
Modestas Bukauskas,1994-02-10,190.5,,,Light Heavyweight,ufc-roster,M,Lithuania,Gintas Combat,0,0,sherdog,https://www.sherdog.com/fighter/Modestas-Bukauskas-152163
Anthony Smith,1988-07-26,193.0,,,Heavyweight,sherdog,M,United States,Factory X,0,0,sherdog,https://www.sherdog.com/fighter/Anthony-Smith-29470
Josiah Harrell,1998-11-13,170.2,,,Lightweight,sherdog,M,United States,Grove City BJJ,0,0,sherdog,https://www.sherdog.com/fighter/Josiah-Harrell-317135
Michael Page,1987-04-07,190.5,,,Middleweight,sherdog,M,England,London Shootfighters,0,0,sherdog,https://www.sherdog.com/fighter/Michael-Page-91937
Nikita Krylov,1992-03-07,190.5,,,Light Heavyweight,ufc-roster,M,Ukraine,Raty Team,0,0,sherdog,https://www.sherdog.com/fighter/Nikita-Krylov-110937
Namsrai Batbayar,2000-12-29,162.6,,,Flyweight,sherdog,M,Mongolia,Storm Team,0,0,sherdog,https://www.sherdog.com/fighter/Namsrai-Batbayar-403618
Xiaonan Yan,1989-06-16,165.1,,,Strawweight,ufc-roster,F,China,Team Alpha Male,0,0,sherdog,https://www.sherdog.com/fighter/Xiaonan-Yan-67828
Carlos Ulberg,1990-11-17,193.0,,,Light Heavyweight,ufc-roster,M,New Zealand,City Kickboxing,0,0,sherdog,https://www.sherdog.com/fighter/Carlos-Ulberg-84291
Edson Barboza,1986-01-21,180.3,,,Lightweight,sherdog,M,Brazil,American Top Team,0,0,sherdog,https://www.sherdog.com/fighter/Edson-Barboza-46259
Pat Sabatini,1990-11-09,175.3,,,Featherweight,ufc-roster,M,United States,Renzo Gracie Philly,0,0,sherdog,https://www.sherdog.com/fighter/Pat-Sabatini-60415
Treston Vines,1996-06-18,182.9,,,Middleweight,sherdog,M,United States,Kage Fit Academy,0,0,sherdog,https://www.sherdog.com/fighter/Treston-Vines-209133
Dagiisuren Chagnaadorj,1999-12-31,172.7,,,Featherweight,sherdog,M,Mongolia,Shandas Devjee,0,0,sherdog,https://www.sherdog.com/fighter/Dagiisuren-Chagnaadorj-417981
Qileng Aori,1993-06-25,170.2,,,Bantamweight,sherdog,M,China,Fight Ready,0,0,sherdog,https://www.sherdog.com/fighter/Qileng-Aori-222519
Joanderson Brito,1995-02-11,172.7,,,Featherweight,ufc-roster,M,Brazil,Chute Boxe Joao Emilio,0,0,sherdog,https://www.sherdog.com/fighter/Joanderson-Brito-181115
Marcus McGhee,1990-05-07,172.7,,,Bantamweight,ufc-roster,M,United States,MMA Lab,0,0,sherdog,https://www.sherdog.com/fighter/Marcus-McGhee-122153
Billy Quarantillo,1988-12-08,177.8,,,Lightweight,ufc-roster,M,United States,Gracie Tampa South,0,0,sherdog,https://www.sherdog.com/fighter/Billy-Quarantillo-68076
Kayla Harrison,1990-07-02,172.7,,,Bantamweight,ufc-roster,F,United States,American Top Team,0,0,sherdog,https://www.sherdog.com/fighter/Kayla-Harrison-237039
Jacqueline Cavalcanti,1997-08-29,175.3,,,Bantamweight,ufc-roster,F,Portugal,Syndicate MMA,0,0,sherdog,https://www.sherdog.com/fighter/Jacqueline-Cavalcanti-293351
Richie Miranda,1994-08-12,175.3,,,Lightweight,sherdog,M,United States,CSW Training Center,0,0,sherdog,https://www.sherdog.com/fighter/Richie-Miranda-280549
Karine Silva,1993-12-02,162.6,,,Flyweight,ufc-roster,F,Brazil,The Fighting Nerds,0,0,sherdog,https://www.sherdog.com/fighter/Karine-Silva-153807
Jackson McVey,1999-03-25,193.0,,,Middleweight,ufc-roster,M,United States,MMA Lab,0,0,sherdog,https://www.sherdog.com/fighter/Jackson-McVey-349347
Gilbert Urbina,1996-04-05,190.5,,,Middleweight,sherdog,M,United States,BMF Ranch,0,0,sherdog,https://www.sherdog.com/fighter/Gilbert-Urbina-167419
Uros Medic,1993-04-25,185.4,,,Welterweight,ufc-roster,M,United States,Kings MMA,0,0,sherdog,https://www.sherdog.com/fighter/Uros-Medic-272505
Gable Steveson,2000-05-31,185.4,,,Heavyweight,ufc-roster,M,United States,La Bodega Fight Club,0,0,sherdog,https://www.sherdog.com/fighter/Gable-Steveson-483540
Joo Sang Yoo,1994-01-21,175.3,,,Featherweight,sherdog,M,South Korea,Tiger Gym,0,0,sherdog,https://www.sherdog.com/fighter/Joo-Sang-Yoo-387629
Rei Tsuruya,2002-06-22,170.2,,,Bantamweight,sherdog,M,Japan,The Blackbelt Japan,0,0,sherdog,https://www.sherdog.com/fighter/Rei-Tsuruya-380465
Sean Woodson,1992-06-07,188.0,,,Featherweight,ufc-roster,M,United States,Wolves' Den Training Center,0,0,sherdog,https://www.sherdog.com/fighter/Sean-Woodson-235563
Klaudia Sygula,1998-12-30,172.7,,,Bantamweight,sherdog,F,Poland,FitFabric Shark Top Team,0,0,sherdog,https://www.sherdog.com/fighter/Klaudia-Sygula-328753
Denise Gomes,1999-12-30,160.0,,,Strawweight,ufc-roster,F,Brazil,GAEA Project,0,0,sherdog,https://www.sherdog.com/fighter/Denise-Gomes-382138
Sedriques Dumas,1995-08-06,190.5,,,Light Heavyweight,sherdog,M,United States,Team Remedy BJJ & MMA,0,0,sherdog,https://www.sherdog.com/fighter/Sedriques-Dumas-288537
Michael Morales,1999-06-24,182.9,,,Welterweight,ufc-roster,M,Ecuador,Entram Gym,0,0,sherdog,https://www.sherdog.com/fighter/Michael-Morales-268041
Ludovit Klein,1995-02-22,172.7,,,Lightweight,ufc-roster,M,Slovakia,Spartakus Fight Gym,0,0,sherdog,https://www.sherdog.com/fighter/Ludovit-Klein-183159
Natalia Silva,1997-02-03,165.1,,,Flyweight,ufc-roster,F,Brazil,Team Borracha,0,0,sherdog,https://www.sherdog.com/fighter/Natalia-Silva-193033
Jeremiah Wells,1986-10-30,175.3,,,Welterweight,ufc-roster,M,United States,Renzo Gracie Philly,0,0,sherdog,https://www.sherdog.com/fighter/Jeremiah-Wells-80157
Christian Leroy Duncan,1995-07-24,188.0,,,Middleweight,ufc-roster,M,England,Range Martial Arts Academy,0,0,sherdog,https://www.sherdog.com/fighter/Christian-Leroy-Duncan-209939
Leon Edwards,1991-08-25,182.9,,,Welterweight,ufc-roster,M,England,Team Renegade,0,0,sherdog,https://www.sherdog.com/fighter/Leon-Edwards-62665
Kyle Prepolec,1989-08-30,177.8,,,Lightweight,ufc-roster,M,Canada,Maximum Training Centre,0,0,sherdog,https://www.sherdog.com/fighter/Kyle-Prepolec-80613
Khamzat Chimaev,1994-05-01,188.0,,,Middleweight,ufc-roster,M,United Arab Emirates,Allstars Training Center,0,0,sherdog,https://www.sherdog.com/fighter/Khamzat-Chimaev-280021
Bruno Silva,1989-07-13,182.9,,,Flyweight,ufc-roster,M,Brazil,Brazilian TKO,0,0,sherdog,https://www.sherdog.com/fighter/Bruno-Silva-66304
Navajo Stirling,1997-11-07,193.0,,,Light Heavyweight,ufc-roster,M,New Zealand,City Kickboxing,0,0,sherdog,https://www.sherdog.com/fighter/Navajo-Stirling-413272
Daniil Donchenko,2001-08-04,180.3,,,Welterweight,sherdog,M,Ukraine,Tiger Muay Thai,0,0,sherdog,https://www.sherdog.com/fighter/Daniil-Donchenko-357199
Nassourdine Imavov,1995-03-01,190.5,,,Middleweight,ufc-roster,M,France,Venum Training Camp,0,0,sherdog,https://www.sherdog.com/fighter/Nassourdine-Imavov-217405
Lucie Pudilova,1994-06-13,172.7,,,Bantamweight,sherdog,F,Czech Republic,SBG Ireland,0,0,sherdog,https://www.sherdog.com/fighter/Lucie-Pudilova-159569
Alex Pereira,1987-07-07,193.0,,,Heavyweight,ufc-roster,M,Brazil,Teixeira MMA & Fitness,0,0,sherdog,https://www.sherdog.com/fighter/Alex-Pereira-224511
Kyoji Horiguchi,1990-10-12,165.1,,,Flyweight,ufc-roster,M,Japan,American Top Team,0,0,sherdog,https://www.sherdog.com/fighter/Kyoji-Horiguchi-64413
Trevor Peek,1995-01-09,175.3,,,Featherweight,sherdog,M,United States,Agoge Combatives,0,0,sherdog,https://www.sherdog.com/fighter/Trevor-Peek-280187
Heather Clark,1980-09-19,167.6,,,Strawweight,sherdog,F,United States,Syndicate MMA,0,0,sherdog,https://www.sherdog.com/fighter/Heather-Clark-67132
Muhammad Saidov,1996-01-10,188.0,,,Light Heavyweight,sherdog,M,Russia,GOR MMA,0,0,sherdog,https://www.sherdog.com/fighter/Muhammad-Saidov-319053
Reginaldo Vieira,1982-11-26,167.6,,,Bantamweight,sherdog,M,Brazil,Amazon School,0,0,sherdog,https://www.sherdog.com/fighter/Reginaldo-Vieira-52454
Reinier de Ridder,1990-09-07,193.0,,,Light Heavyweight,ufc-roster,M,Netherlands,Combat Brothers,0,0,sherdog,https://www.sherdog.com/fighter/Reinier-de-Ridder-133677
Stephanie Egger,1988-08-12,170.2,,,Bantamweight,sherdog,F,Switzerland,Buddy Gym,0,0,sherdog,https://www.sherdog.com/fighter/Stephanie-Egger-206859
Elise Reed,1992-12-05,160.0,,,Strawweight,ufc-roster,F,United States,Kickside Martial Arts,0,0,sherdog,https://www.sherdog.com/fighter/Elise-Reed-278133
Saygid Izagakhmaev,1994-09-03,182.9,,,Welterweight,sherdog,M,Russia,Abdulmanap Nurmagomedov School,0,0,sherdog,https://www.sherdog.com/fighter/Saygid-Izagakhmaev-127299
Devin Clark,1990-04-12,182.9,,,Heavyweight,sherdog,M,United States,Elevation Fight Team,0,0,sherdog,https://www.sherdog.com/fighter/Devin-Clark-72777
Dustin Jacoby,1988-04-04,193.0,,,Light Heavyweight,ufc-roster,M,United States,Factory X,0,0,sherdog,https://www.sherdog.com/fighter/Dustin-Jacoby-73825
Randa Markos,1985-08-10,165.1,,,Strawweight,sherdog,F,Canada,Michigan Top Team,0,0,sherdog,https://www.sherdog.com/fighter/Randa-Markos-75417
Ji Yeon Kim,1989-10-18,170.2,,,Flyweight,sherdog,F,South Korea,Syndicate MMA,0,0,sherdog,https://www.sherdog.com/fighter/Ji-Yeon-Kim-77250
Ravena Oliveira,1997-02-20,165.1,,,Flyweight,sherdog,F,Brazil,Life MMA,0,0,sherdog,https://www.sherdog.com/fighter/Ravena-Oliveira-258909
Jared Cannonier,1984-03-16,182.9,,,Middleweight,ufc-roster,M,United States,MMA Lab,0,0,sherdog,https://www.sherdog.com/fighter/Jared-Cannonier-78628
Joseph Morales,1994-08-22,167.6,,,Flyweight,ufc-roster,M,United States,Team Alpha Male,0,0,sherdog,https://www.sherdog.com/fighter/Joseph-Morales-123553
Grant Dawson,1994-02-20,177.8,,,Lightweight,ufc-roster,M,United States,American Top Team,0,0,sherdog,https://www.sherdog.com/fighter/Grant-Dawson-103525
Stephanie Luciano,1999-12-16,167.6,,,Strawweight,sherdog,F,Brazil,Gordin Fight Team,0,0,sherdog,https://www.sherdog.com/fighter/Stephanie-Luciano-265743
Farid Basharat,1997-08-02,167.6,,,Bantamweight,ufc-roster,M,England,American Top Team,0,0,sherdog,https://www.sherdog.com/fighter/Farid-Basharat-222641
Max Holloway,1991-12-04,180.3,,,Welterweight,ufc-roster,M,United States,Gracie Technics,0,0,sherdog,https://www.sherdog.com/fighter/Max-Holloway-38671
Tresean Gore,1994-06-21,182.9,,,Middleweight,sherdog,M,United States,MMA Lab,0,0,sherdog,https://www.sherdog.com/fighter/Tresean-Gore-289719
Yaroslav Amosov,1993-09-09,180.3,,,Welterweight,ufc-roster,M,Ukraine,American Top Team,0,0,sherdog,https://www.sherdog.com/fighter/Yaroslav-Amosov-104911
Joshua Van,2001-10-10,165.1,,,Flyweight,ufc-roster,M,Myanmar,4oz. Fight Club,0,0,sherdog,https://www.sherdog.com/fighter/Joshua-Van-365973
Joel Alvarez,1993-03-02,188.0,,,Welterweight,ufc-roster,M,Spain,Bandog Fight Club,0,0,sherdog,https://www.sherdog.com/fighter/Joel-Alvarez-190201
Marcio Barbosa,1998-05-22,167.6,,,Featherweight,sherdog,M,Brazil,RD Champions,0,0,sherdog,https://www.sherdog.com/fighter/Marcio-Barbosa-245029
Gregory Rodrigues,1992-02-17,190.5,,,Middleweight,ufc-roster,M,Brazil,Kill Cliff FC,0,0,sherdog,https://www.sherdog.com/fighter/Gregory-Rodrigues-176275
Muhammad Mokaev,2000-07-30,175.3,,,Bantamweight,sherdog,M,England,KHK MMA,0,0,sherdog,https://www.sherdog.com/fighter/Muhammad-Mokaev-236141
Alexa Grasso,1993-08-09,165.1,,,Flyweight,ufc-roster,F,Mexico,Lobo Gym MMA,0,0,sherdog,https://www.sherdog.com/fighter/Alexa-Grasso-142845
Belal Muhammad,1988-07-09,180.3,,,Welterweight,ufc-roster,M,United States,Valle Flow Striking,0,0,sherdog,https://www.sherdog.com/fighter/Belal-Muhammad-108315
Pedro Munhoz,1986-09-07,167.6,,,Bantamweight,sherdog,M,Brazil,American Top Team,0,0,sherdog,https://www.sherdog.com/fighter/Pedro-Munhoz-52407
Rinya Nakamura,1995-03-23,170.2,,,Bantamweight,ufc-roster,M,Japan,American Top Team,0,0,sherdog,https://www.sherdog.com/fighter/Rinya-Nakamura-386855
Dennis Buzukja,1997-10-01,180.3,,,Featherweight,sherdog,M,United States,Longo-Weidman MMA,0,0,sherdog,https://www.sherdog.com/fighter/Dennis-Buzukja-286225
Montel Jackson,1992-04-24,177.8,,,Bantamweight,ufc-roster,M,United States,Red Schafer MMA,0,0,sherdog,https://www.sherdog.com/fighter/Montel-Jackson-206717
Cameron Nelson,1998-07-28,180.3,,,Welterweight,sherdog,M,Canada,Renzo Gracie PEI,0,0,sherdog,https://www.sherdog.com/fighter/Cameron-Nelson-404085
Tom Aspinall,1993-04-11,195.6,,,Heavyweight,ufc-roster,M,England,Aspinall BJJ,0,0,sherdog,https://www.sherdog.com/fighter/Tom-Aspinall-65231
Yana Santos,1989-11-11,172.7,,,Bantamweight,ufc-roster,F,Russia,American Top Team,0,0,sherdog,https://www.sherdog.com/fighter/Yana-Santos-49412
Bruno Lopes,1993-04-24,188.0,,,Light Heavyweight,sherdog,M,Brazil,China Team,0,0,sherdog,https://www.sherdog.com/fighter/Bruno-Lopes-144007
Mark Vologdin,2000-04-18,165.1,,,Bantamweight,sherdog,M,Russia,Allstars Training Center,0,0,sherdog,https://www.sherdog.com/fighter/Mark-Vologdin-309575
Kaue Fernandes,1995-03-17,182.9,,,Lightweight,sherdog,M,Brazil,Nova Uniao,0,0,sherdog,https://www.sherdog.com/fighter/Kaue-Fernandes-297051
Matheus Nicolau,1993-01-06,167.6,,,Flyweight,sherdog,M,Brazil,Nova Uniao,0,0,sherdog,https://www.sherdog.com/fighter/Matheus-Nicolau-69341
Abubakar Vagaev,1993-04-14,182.9,,,Welterweight,sherdog,M,Russia,Fight Club Akhmat,0,0,sherdog,https://www.sherdog.com/fighter/Abubakar-Vagaev-171149
Tatiana Suarez,1990-12-19,165.1,,,Strawweight,ufc-roster,F,United States,Millennia MMA,0,0,sherdog,https://www.sherdog.com/fighter/Tatiana-Suarez-161107
Islam Makhachev,1991-10-27,177.8,,,Welterweight,ufc-roster,M,Russia,Eagles MMA,0,0,sherdog,https://www.sherdog.com/fighter/Islam-Makhachev-76836
Aljamain Sterling,1989-07-31,170.2,,,Featherweight,ufc-roster,M,United States,Serra-Longo Fight Team,0,0,sherdog,https://www.sherdog.com/fighter/Aljamain-Sterling-66313
J.J. Aldrich,1992-06-11,165.1,,,Flyweight,sherdog,F,United States,Freedom Fighters,0,0,sherdog,https://www.sherdog.com/fighter/JJ-Aldrich-75565
Abus Magomedov,1990-09-02,188.0,,,Middleweight,sherdog,M,Russia,UFD Gym,0,0,sherdog,https://www.sherdog.com/fighter/Abus-Magomedov-60755
Mario Bautista,1993-07-01,175.3,,,Bantamweight,ufc-roster,M,United States,MMA Lab,0,0,sherdog,https://www.sherdog.com/fighter/Mario-Bautista-128107
Mateusz Gamrot,1990-12-11,177.8,,,Lightweight,ufc-roster,M,Poland,American Top Team,0,0,sherdog,https://www.sherdog.com/fighter/Mateusz-Gamrot-90605
Lupita Godinez,1993-09-06,157.5,,,Strawweight,sherdog,F,Mexico,Lobo Gym MMA,0,0,sherdog,https://www.sherdog.com/fighter/Lupita-Godinez-246543
Tommy McMillen,1997-12-15,182.9,,,Featherweight,sherdog,M,United States,Red Hawk Academy,0,0,sherdog,https://www.sherdog.com/fighter/Tommy-McMillen-229309
Ilimbek Akylbek Uulu,2003-09-01,170.2,,,Bantamweight,sherdog,,Kyrgyzstan,Tiger Muay Thai,0,0,sherdog,https://www.sherdog.com/fighter/Ilimbek-Akylbek-Uulu-388255
Kurtis Campbell,2002-07-29,175.3,,,Featherweight,sherdog,M,England,The MMA Academy Liverpool,0,0,sherdog,https://www.sherdog.com/fighter/Kurtis-Campbell-302831
Steven Asplund,1998-07-16,195.6,,,Heavyweight,sherdog,M,United States,McCune's Martial Arts,0,0,sherdog,https://www.sherdog.com/fighter/Steven-Asplund-407940
Joanne Wood,1985-12-23,167.6,,,Flyweight,sherdog,F,Scotland,Syndicate MMA,0,0,sherdog,https://www.sherdog.com/fighter/Joanne-Wood-94103
Sean O'Malley,1994-10-24,180.3,,,Bantamweight,ufc-roster,M,United States,Red Hawk Academy,0,0,sherdog,https://www.sherdog.com/fighter/Sean-OMalley-135099
Carls John de Tomas,1996-08-28,165.1,,,Bantamweight,sherdog,M,Philippines,De Tomas MMA,0,0,sherdog,https://www.sherdog.com/fighter/Carls-John-de-Tomas-198787
Jiri Prochazka,1992-10-14,193.0,,,Light Heavyweight,ufc-roster,M,Czech Republic,Jetsaam Gym Brno,0,0,sherdog,https://www.sherdog.com/fighter/Jiri-Prochazka-97529
Edmen Shahbazyan,1997-11-20,188.0,,,Middleweight,ufc-roster,M,United States,Xtreme Couture,0,0,sherdog,https://www.sherdog.com/fighter/Edmen-Shahbazyan-247691
Khalil Rountree,1990-02-06,185.4,,,Light Heavyweight,ufc-roster,M,United States,Syndicate MMA,0,0,sherdog,https://www.sherdog.com/fighter/Khalil-Rountree-77674
Ian Garry,1997-11-17,190.5,,,Welterweight,ufc-roster,M,Ireland,Chute Boxe Diego Lima,0,0,sherdog,https://www.sherdog.com/fighter/Ian-Garry-268923
Chungreng Koren,1998-02-01,167.6,,,Bantamweight,sherdog,M,India,Warrior's Cove Mixed Martial Arts,0,0,sherdog,https://www.sherdog.com/fighter/Chungreng-Koren-362805
Mario Pinto,1998-03-14,195.6,,,Heavyweight,sherdog,M,Portugal,Urban Warriors,0,0,sherdog,https://www.sherdog.com/fighter/Mario-Pinto-310173
Ailin Perez,1994-10-05,165.1,,,Bantamweight,ufc-roster,F,Argentina,The Goat Shed Academy,0,0,sherdog,https://www.sherdog.com/fighter/Ailin-Perez-297989
Jan Blachowicz,1983-02-24,188.0,,,Light Heavyweight,sherdog,M,Poland,WCA Fight Team,0,0,sherdog,https://www.sherdog.com/fighter/Jan-Blachowicz-25821
Brandon Moreno,1993-12-07,170.2,,,Flyweight,ufc-roster,M,Mexico,Fortis MMA,0,0,sherdog,https://www.sherdog.com/fighter/Brandon-Moreno-80173
Giga Chikadze,1988-08-25,182.9,,,Featherweight,ufc-roster,M,Georgia,Kings MMA,0,0,sherdog,https://www.sherdog.com/fighter/Giga-Chikadze-213745
Oban Elliott,1997-12-19,180.3,,,Welterweight,sherdog,M,Wales,Shore MMA,0,0,sherdog,https://www.sherdog.com/fighter/Oban-Elliott-247601
Ailinuer Ahejiang,1998-09-08,175.3,,,Featherweight,sherdog,M,China,Warriors Fight Club,0,0,sherdog,https://www.sherdog.com/fighter/Ailinuer-Ahejiang-305959
Serghei Spivac,1995-01-24,190.5,,,Heavyweight,ufc-roster,M,Moldova,Polar Bear Team,0,0,sherdog,https://www.sherdog.com/fighter/Serghei-Spivac-179095
Chan Sung Jung,1987-03-17,175.3,,,Featherweight,sherdog,M,South Korea,Fight Ready,0,0,sherdog,https://www.sherdog.com/fighter/Chan-Sung-Jung-36155
Rizvan Kuniev,1992-03-10,193.0,,,Heavyweight,ufc-roster,M,Russia,Gorets Fight Club,0,0,sherdog,https://www.sherdog.com/fighter/Rizvan-Kuniev-86319
Nilson Rojas,1999-04-21,165.1,,,Flyweight,sherdog,,Peru,Pitbull Martial Arts Center,0,0,sherdog,https://www.sherdog.com/fighter/Nilson-Rojas-232247
Daniel Rodriguez,1986-12-31,182.9,,,Welterweight,ufc-roster,M,United States,10th Planet Jiu-Jitsu,0,0,sherdog,https://www.sherdog.com/fighter/Daniel-Rodriguez-145945
Ce Liu,1996-09-04,193.0,,,Light Heavyweight,ufc-roster,M,China,CFP,0,0,sherdog,https://www.sherdog.com/fighter/Ce-Liu-426225
Johnny Walker,1992-03-30,195.6,,,Light Heavyweight,ufc-roster,M,Brazil,Xtreme Couture,0,0,sherdog,https://www.sherdog.com/fighter/Johnny-Walker-170203
Manon Fiorot,1990-02-17,170.2,,,Flyweight,ufc-roster,F,France,Boxing Squad,0,0,sherdog,https://www.sherdog.com/fighter/Manon-Fiorot-228689
Erin Blanchfield,1999-05-04,162.6,,,Flyweight,ufc-roster,F,United States,Renzo Gracie Jiu-Jitsu,0,0,sherdog,https://www.sherdog.com/fighter/Erin-Blanchfield-283251
Eduardo Henrique,1995-11-23,170.2,,,Bantamweight,sherdog,M,Brazil,Maquininha do Futuro,0,0,sherdog,https://www.sherdog.com/fighter/Eduardo-Henrique-199575
Carla Esparza,1987-10-10,154.9,,,Strawweight,sherdog,F,United States,Team Oyama,0,0,sherdog,https://www.sherdog.com/fighter/Carla-Esparza-63410
Asu Almabayev,1994-01-25,162.6,,,Flyweight,ufc-roster,M,Kazakhstan,DAR Pro Team,0,0,sherdog,https://www.sherdog.com/fighter/Asu-Almabayev-219183
Luana Santos,2000-04-16,167.6,,,Bantamweight,ufc-roster,F,Brazil,011 MMA Team,0,0,sherdog,https://www.sherdog.com/fighter/Luana-Santos-327683
Tabatha Ricci,1995-02-21,157.5,,,Strawweight,ufc-roster,F,Brazil,Brazilian Thai,0,0,sherdog,https://www.sherdog.com/fighter/Tabatha-Ricci-152919
Ilia Topuria,1997-01-21,172.7,,,Lightweight,ufc-roster,M,Georgia,Topuria Team,0,0,sherdog,https://www.sherdog.com/fighter/Ilia-Topuria-202445
Angela Hill,1985-01-12,160.0,,,Strawweight,ufc-roster,F,United States,Alliance MMA,0,0,sherdog,https://www.sherdog.com/fighter/Angela-Hill-148517
Miles Johns,1994-03-30,170.2,,,Featherweight,ufc-roster,M,United States,Marathon MMA,0,0,sherdog,https://www.sherdog.com/fighter/Miles-Johns-172691
Ryan Spann,1991-08-24,195.6,,,Heavyweight,ufc-roster,M,United States,Fortis MMA,0,0,sherdog,https://www.sherdog.com/fighter/Ryan-Spann-68057
Nathaniel Wood,1993-08-05,167.6,,,Featherweight,ufc-roster,M,England,Great Britain Top Team,0,0,sherdog,https://www.sherdog.com/fighter/Nathaniel-Wood-82395
Kasib Murdoch,2001-05-15,162.6,,,Bantamweight,sherdog,,New Zealand,Freestyle Fighting Gym,0,0,sherdog,https://www.sherdog.com/fighter/Kasib-Murdoch-396268
Punahele Soriano,1992-11-22,182.9,,,Welterweight,ufc-roster,M,United States,Xtreme Couture,0,0,sherdog,https://www.sherdog.com/fighter/Punahele-Soriano-230239
Felice Herrig,1984-09-18,162.6,,,Strawweight,sherdog,F,United States,Team Curran,0,0,sherdog,https://www.sherdog.com/fighter/Felice-Herrig-42432
Milos Janicic,1997-05-03,180.3,,,Lightweight,ufc-roster,M,Montenegro,UFD Gym,0,0,sherdog,https://www.sherdog.com/fighter/Milos-Janicic-221619
Ante Delija,1990-08-07,195.6,,,Heavyweight,ufc-roster,M,Croatia,Team Kaobon,0,0,sherdog,https://www.sherdog.com/fighter/Ante-Delija-75487
Ciryl Gane,1990-05-06,195.6,,,Heavyweight,ufc-roster,M,France,MMA Factory,0,0,sherdog,https://www.sherdog.com/fighter/Ciryl-Gane-293973
Alexander Volkanovski,1988-09-29,167.6,,,Featherweight,ufc-roster,M,Australia,Freestyle Fighting Gym,0,0,sherdog,https://www.sherdog.com/fighter/Alexander-Volkanovski-101527
Beatriz Mesquita,1991-04-07,157.5,,,Bantamweight,ufc-roster,F,Brazil,American Top Team,0,0,sherdog,https://www.sherdog.com/fighter/Beatriz-Mesquita-451242
Takaya Suzuki,2004-09-08,170.2,,,Flyweight,sherdog,,Japan,Kill Cliff FC,0,0,sherdog,https://www.sherdog.com/fighter/Takaya-Suzuki-392953
Jack Jenkins,1993-03-11,170.2,,,Featherweight,sherdog,M,Australia,Absolute Mixed Martial Arts,0,0,sherdog,https://www.sherdog.com/fighter/Jack-Jenkins-228039
Robert Bryczek,1990-07-04,182.9,,,Middleweight,ufc-roster,M,Poland,Veto Team Bielsko-Biala,0,0,sherdog,https://www.sherdog.com/fighter/Robert-Bryczek-85060
Jose Delgado,1998-04-21,180.3,,,Featherweight,sherdog,M,United States,MMA Lab,0,0,sherdog,https://www.sherdog.com/fighter/Jose-Delgado-307733
Talita Alencar,1990-10-17,152.4,,,Strawweight,ufc-roster,F,Brazil,Temple Martial Arts,0,0,sherdog,https://www.sherdog.com/fighter/Talita-Alencar-386905
Aiemann Zahabi,1987-11-19,172.7,,,Bantamweight,ufc-roster,M,Canada,Tristar Gym,0,0,sherdog,https://www.sherdog.com/fighter/Aiemann-Zahabi-121009
Heili Alateng,1991-12-14,167.6,,,Bantamweight,ufc-roster,M,China,Fight Ready,0,0,sherdog,https://www.sherdog.com/fighter/Heili-Alateng-150691
Lerone Murphy,1991-07-22,177.8,,,Featherweight,ufc-roster,M,England,Manchester Top Team,0,0,sherdog,https://www.sherdog.com/fighter/Lerone-Murphy-209721
Ashlee Evans-Smith,1987-07-09,172.7,,,Bantamweight,sherdog,F,United States,Reign MMA,0,0,sherdog,https://www.sherdog.com/fighter/Ashlee-EvansSmith-75021
Magomed Ankalaev,1992-06-02,190.5,,,Light Heavyweight,ufc-roster,M,Russia,Gorets Fight Club,0,0,sherdog,https://www.sherdog.com/fighter/Magomed-Ankalaev-170785
Sam Patterson,1996-04-30,193.0,,,Welterweight,sherdog,M,England,Team Crossface,0,0,sherdog,https://www.sherdog.com/fighter/Sam-Patterson-141735
Javid Basharat,1995-09-07,170.2,,,Bantamweight,sherdog,M,Afghanistan,American Top Team,0,0,sherdog,https://www.sherdog.com/fighter/Javid-Basharat-222651
Israel Adesanya,1989-07-22,193.0,,,Middleweight,ufc-roster,M,Nigeria,City Kickboxing,0,0,sherdog,https://www.sherdog.com/fighter/Israel-Adesanya-56374
Chad Mendes,1985-05-01,167.6,,,Featherweight,sherdog,M,United States,Team Alpha Male,0,0,sherdog,https://www.sherdog.com/fighter/Chad-Mendes-38393
Maycee Barber,1998-05-18,165.1,,,Flyweight,ufc-roster,F,United States,Team Alpha Male,0,0,sherdog,https://www.sherdog.com/fighter/Maycee-Barber-253613
Melquizael Costa,1996-09-14,177.8,,,Featherweight,ufc-roster,M,Brazil,Chute Boxe Joao Emilio,0,0,sherdog,https://www.sherdog.com/fighter/Melquizael-Costa-168403
Oumar Sy,1995-11-21,193.0,,,Light Heavyweight,sherdog,M,France,Bulgarian Top Team,0,0,sherdog,https://www.sherdog.com/fighter/Oumar-Sy-310239
Steve Garcia,1992-05-22,182.9,,,Featherweight,ufc-roster,M,United States,Jackson-Wink MMA,0,0,sherdog,https://www.sherdog.com/fighter/Steve-Garcia-50916
Mark De La Rosa,1994-08-31,167.6,,,Bantamweight,sherdog,M,United States,Factory X,0,0,sherdog,https://www.sherdog.com/fighter/Mark-De-La-Rosa-151745
Eric Shelton,1991-02-02,167.6,,,Bantamweight,sherdog,M,United States,Take The Fight Academy,0,0,sherdog,https://www.sherdog.com/fighter/Eric-Shelton-86414
Guilherme Pat,1994-04-20,195.6,,,Heavyweight,sherdog,M,Brazil,Lotus Club,0,0,sherdog,https://www.sherdog.com/fighter/Guilherme-Pat-416559
Charles Oliveira,1989-10-17,177.8,,,Lightweight,ufc-roster,M,Brazil,Chute Boxe Diego Lima,0,0,sherdog,https://www.sherdog.com/fighter/Charles-Oliveira-30300
George Mangos,2003-08-19,175.3,,,Featherweight,sherdog,M,Australia,Lion's Den Academy,0,0,sherdog,https://www.sherdog.com/fighter/George-Mangos-301259
Chidi Njokuani,1988-12-31,190.5,,,Welterweight,ufc-roster,M,United States,One Kick's Gym,0,0,sherdog,https://www.sherdog.com/fighter/Chidi-Njokuani-25761
Wesley Schultz,1996-08-09,188.0,,,Middleweight,sherdog,M,United States,Pura Vida BJJ,0,0,sherdog,https://www.sherdog.com/fighter/Wesley-Schultz-338469
Giovanna Canuto,2002-11-16,157.5,,,Strawweight,sherdog,F,Brazil,Cobrinha BJJ,0,0,sherdog,https://www.sherdog.com/fighter/Giovanna-Canuto-380339
Bo Nickal,1996-01-14,185.4,,,Middleweight,ufc-roster,M,United States,American Top Team Happy Valley,0,0,sherdog,https://www.sherdog.com/fighter/Bo-Nickal-392031
Su Mudaerji,1996-01-20,172.7,,,Flyweight,ufc-roster,M,China,Enbo Fight Club,0,0,sherdog,https://www.sherdog.com/fighter/Su-Mudaerji-228263
David Onama,1994-06-07,177.8,,,Featherweight,ufc-roster,M,United States,Factory X,0,0,sherdog,https://www.sherdog.com/fighter/David-Onama-254945
David Martinez,1998-08-03,167.6,,,Bantamweight,ufc-roster,M,Mexico,Bonebreakers MMA,0,0,sherdog,https://www.sherdog.com/fighter/David-Martinez-221351
Mason Jones,1995-04-26,177.8,,,Lightweight,ufc-roster,M,Wales,Pedro Bessa BJJ,0,0,sherdog,https://www.sherdog.com/fighter/Mason-Jones-256311
Tai Tuivasa,1993-03-16,188.0,,,Heavyweight,ufc-roster,M,Australia,Lions High Performance Centre,0,0,sherdog,https://www.sherdog.com/fighter/Tai-Tuivasa-133745
Anthony Hernandez,1993-10-18,182.9,,,Middleweight,ufc-roster,M,United States,MMA Gold Fight Team,0,0,sherdog,https://www.sherdog.com/fighter/Anthony-Hernandez-86783
Brendan Allen,1995-12-28,188.0,,,Middleweight,ufc-roster,M,United States,Kill Cliff FC,0,0,sherdog,https://www.sherdog.com/fighter/Brendan-Allen-201703
Beneil Dariush,1989-05-06,177.8,,,Lightweight,ufc-roster,M,United States,Kings MMA,0,0,sherdog,https://www.sherdog.com/fighter/Beneil-Dariush-56583
Jose Luiz,1996-08-25,193.0,,,Heavyweight,sherdog,M,Brazil,Gile Riberio Team,0,0,sherdog,https://www.sherdog.com/fighter/Jose-Luiz-398299
Brandon Royval,1992-08-16,170.2,,,Flyweight,ufc-roster,M,United States,Factory X,0,0,sherdog,https://www.sherdog.com/fighter/Brandon-Royval-83851
Mackenzie Dern,1993-03-24,162.6,,,Strawweight,ufc-roster,F,United States,RVCA,0,0,sherdog,https://www.sherdog.com/fighter/Mackenzie-Dern-137171
Thomas Petersen,1995-03-30,185.4,,,Heavyweight,sherdog,M,United States,Spartan MMA,0,0,sherdog,https://www.sherdog.com/fighter/Thomas-Petersen-287525
Vince Morales,1990-11-12,170.2,,,Bantamweight,sherdog,M,United States,Syndicate MMA,0,0,sherdog,https://www.sherdog.com/fighter/Vince-Morales-177019
Joseph Larcinese,1998-10-01,162.6,,,Flyweight,sherdog,M,Australia,Igor MMA,0,0,sherdog,https://www.sherdog.com/fighter/Joseph-Larcinese-403110
Elves Brener,1997-09-27,177.8,,,Lightweight,sherdog,M,Brazil,Chute Boxe Diego Lima,0,0,sherdog,https://www.sherdog.com/fighter/Elves-Brener-224229
Quillan Salkilld,1999-12-28,182.9,,,Lightweight,ufc-roster,M,Australia,Luistro Combat Academy,0,0,sherdog,https://www.sherdog.com/fighter/Quillan-Salkilld-300317
Carol Foro,1997-03-21,157.5,,,Strawweight,sherdog,F,Brazil,RPlay Thai,0,0,sherdog,https://www.sherdog.com/fighter/Carol-Foro-432597
Vlastislav Cepo,1995-01-25,185.4,,,Middleweight,sherdog,M,Serbia,American Top Team Zagreb,0,0,sherdog,https://www.sherdog.com/fighter/Vlastislav-Cepo-330615
Marlon Vera,1992-12-02,172.7,,,Bantamweight,ufc-roster,M,Ecuador,Team Oyama,0,0,sherdog,https://www.sherdog.com/fighter/Marlon-Vera-97179
Paulo Costa,1991-04-21,182.9,,,Light Heavyweight,ufc-roster,M,Brazil,Team Borracha,0,0,sherdog,https://www.sherdog.com/fighter/Paulo-Costa-147165
Yousri Belgaroui,1992-06-02,195.6,,,Middleweight,ufc-roster,M,Netherlands,Teixeira MMA & Fitness,0,0,sherdog,https://www.sherdog.com/fighter/Yousri-Belgaroui-380449
Anthony Wint,1995-01-14,180.3,,,Heavyweight,ufc-roster,M,United States,Kill Cliff FC,0,0,sherdog,https://www.sherdog.com/fighter/Anthony-Wint-383061
Roman Dolidze,1988-07-15,190.5,,,Light Heavyweight,ufc-roster,M,Georgia,Xtreme Couture,0,0,sherdog,https://www.sherdog.com/fighter/Roman-Dolidze-240323
Jose Torres,1992-08-02,162.6,,,Bantamweight,sherdog,M,United States,KHK MMA,0,0,sherdog,https://www.sherdog.com/fighter/Jose-Torres-171605
Gianni Vazquez,1994-07-13,170.2,,,Featherweight,sherdog,M,Mexico,Calmecac Team,0,0,sherdog,https://www.sherdog.com/fighter/Gianni-Vazquez-188217
Youssef Zalal,1996-09-04,177.8,,,Featherweight,ufc-roster,M,United States,Factory X,0,0,sherdog,https://www.sherdog.com/fighter/Youssef-Zalal-229985
Axel Sola,1997-09-17,180.3,,,Lightweight,sherdog,M,France,Boxing Squad,0,0,sherdog,https://www.sherdog.com/fighter/Axel-Sola-269167
MarQuel Mederos,1996-11-30,177.8,,,Lightweight,sherdog,M,United States,MMA Lab,0,0,sherdog,https://www.sherdog.com/fighter/MarQuel-Mederos-302655
Dan Hooker,1990-02-13,182.9,,,Lightweight,ufc-roster,M,New Zealand,City Kickboxing,0,0,sherdog,https://www.sherdog.com/fighter/Dan-Hooker-45122
Yadong Song,1997-12-02,172.7,,,Bantamweight,ufc-roster,M,China,Team Alpha Male,0,0,sherdog,https://www.sherdog.com/fighter/Yadong-Song-103807
Kamaru Usman,1987-05-11,182.9,,,Middleweight,ufc-roster,M,Nigeria,Kill Cliff FC,0,0,sherdog,https://www.sherdog.com/fighter/Kamaru-Usman-120691
Muhammadjon Naimov,1994-08-07,175.3,,,Featherweight,sherdog,M,Tajikistan,Elevation Fight Team,0,0,sherdog,https://www.sherdog.com/fighter/Muhammadjon-Naimov-228381
Shamil Gaziev,1990-02-10,190.5,,,Heavyweight,ufc-roster,M,Bahrain,KHK MMA,0,0,sherdog,https://www.sherdog.com/fighter/Shamil-Gaziev-313721
Raquel Pennington,1988-09-05,170.2,,,Bantamweight,ufc-roster,F,United States,Altitude MMA,0,0,sherdog,https://www.sherdog.com/fighter/Raquel-Pennington-75564
Eduarda Moura,1994-02-28,165.1,,,Flyweight,sherdog,F,Brazil,Galpao da Luta,0,0,sherdog,https://www.sherdog.com/fighter/Eduarda-Moura-395040
Nora Cornolle,1989-12-06,170.2,,,Bantamweight,ufc-roster,F,France,Team Cornolle,0,0,sherdog,https://www.sherdog.com/fighter/Nora-Cornolle-367103
Juliana Miller,1996-05-07,170.2,,,Flyweight,sherdog,F,United States,10th Planet San Diego,0,0,sherdog,https://www.sherdog.com/fighter/Juliana-Miller-259759
Vanessa Demopoulos,1988-09-22,157.5,,,Strawweight,ufc-roster,F,United States,Factory X,0,0,sherdog,https://www.sherdog.com/fighter/Vanessa-Demopoulos-118775
Jean Silva,1996-12-13,170.2,,,Featherweight,ufc-roster,M,Brazil,Kingdom Thai,0,0,sherdog,https://www.sherdog.com/fighter/Jean-Silva-239947
Jeisla Chaves,1997-02-02,167.6,,,Flyweight,sherdog,F,Brazil,Gomes Fight Team,0,0,sherdog,https://www.sherdog.com/fighter/Jeisla-Chaves-424297
Jussier Formiga,1985-04-14,165.1,,,Flyweight,sherdog,M,Brazil,American Top Team,0,0,sherdog,https://www.sherdog.com/fighter/Jussier-Formiga-36939
Jack Della Maddalena,1996-09-10,180.3,,,Welterweight,ufc-roster,M,Australia,Scrappy MMA,0,0,sherdog,https://www.sherdog.com/fighter/Jack-Della-Maddalena-208155
Rafael Fiziev,1993-03-05,172.7,,,Lightweight,ufc-roster,M,Kazakhstan,Tiger Muay Thai,0,0,sherdog,https://www.sherdog.com/fighter/Rafael-Fiziev-202657
Damian Rzepecki,2001-11-23,177.8,,,Lightweight,ufc-roster,M,Poland,Top Fit Center Piotrkow Trybunalski,0,0,sherdog,https://www.sherdog.com/fighter/Damian-Rzepecki-343575
Ismael Bonfim,1995-12-28,175.3,,,Lightweight,sherdog,M,Brazil,Bonfim Brothers,0,0,sherdog,https://www.sherdog.com/fighter/Ismael-Bonfim-84528
Alexander Volkov,1988-10-24,200.7,,,Heavyweight,ufc-roster,M,Russia,Strela Team,0,0,sherdog,https://www.sherdog.com/fighter/Alexander-Volkov-40951
Delphine Benouaich,,162.6,,,Strawweight,sherdog,F,France,,0,0,sherdog,https://www.sherdog.com/fighter/Delphine-Benouaich-413666
Alexander Romanov,1990-12-11,188.0,,,Heavyweight,sherdog,M,Moldova,Lion Club,0,0,sherdog,https://www.sherdog.com/fighter/Alexander-Romanov-242931
Brunno Ferreira,1992-11-04,177.8,,,Middleweight,sherdog,M,Brazil,Brazilian TKO,0,0,sherdog,https://www.sherdog.com/fighter/Brunno-Ferreira-322603
Noah Gugnon,2000-10-18,177.8,,,Lightweight,sherdog,M,France,Bulgarian Top Team,0,0,sherdog,https://www.sherdog.com/fighter/Noah-Gugnon-236171
Gabriel Bonfim,1997-08-20,182.9,,,Welterweight,ufc-roster,M,Brazil,Bonfim Brothers,0,0,sherdog,https://www.sherdog.com/fighter/Gabriel-Bonfim-185083
Diyar Nurgozhay,1997-04-22,188.0,,,Light Heavyweight,sherdog,M,Kazakhstan,Tobet Top Team,0,0,sherdog,https://www.sherdog.com/fighter/Diyar-Nurgozhay-274275
John Castaneda,1991-12-18,170.2,,,Bantamweight,ufc-roster,M,United States,The Academy,0,0,sherdog,https://www.sherdog.com/fighter/John-Castaneda-86536
Miesha Tate,1986-08-18,167.6,,,Bantamweight,ufc-roster,F,United States,Xtreme Couture,0,0,sherdog,https://www.sherdog.com/fighter/Miesha-Tate-26252
Jamahal Hill,1991-05-19,193.0,,,Light Heavyweight,ufc-roster,M,United States,Black Lion Jiu-Jitsu,0,0,sherdog,https://www.sherdog.com/fighter/Jamahal-Hill-280417
Cory Sandhagen,1992-04-20,180.3,,,Bantamweight,ufc-roster,M,United States,Elevation Fight Team,0,0,sherdog,https://www.sherdog.com/fighter/Cory-Sandhagen-112869
Donte Johnson,1999-01-25,172.7,,,Middleweight,sherdog,M,United States,Titletown MMA,0,0,sherdog,https://www.sherdog.com/fighter/Donte-Johnson-414279
Shane Young,1993-07-31,172.7,,,Lightweight,sherdog,M,New Zealand,City Kickboxing,0,0,sherdog,https://www.sherdog.com/fighter/Shane-Young-84215
Andre Lima,1999-02-04,170.2,,,Flyweight,ufc-roster,M,Brazil,Team Lucas Mineiro,0,0,sherdog,https://www.sherdog.com/fighter/Andre-Lima-201199
Aleksandar Rakic,1992-02-06,195.6,,,Heavyweight,ufc-roster,M,Austria,Gym 23,0,0,sherdog,https://www.sherdog.com/fighter/Aleksandar-Rakic-86829
Yadier Del Valle,1996-07-29,175.3,,,Featherweight,sherdog,M,Cuba,Gracie Barra Westchase,0,0,sherdog,https://www.sherdog.com/fighter/Yadier-Del-Valle-293141
Marwan Rahiki,2002-05-10,177.8,,,Featherweight,sherdog,M,Morocco,Lions Den Academy,0,0,sherdog,https://www.sherdog.com/fighter/Marwan-Rahiki-430352
Ramiz Brahimaj,1992-11-17,177.8,,,Welterweight,ufc-roster,M,United States,Valle Flow Striking,0,0,sherdog,https://www.sherdog.com/fighter/Ramiz-Brahimaj-178855
Merab Dvalishvili,1991-01-10,167.6,,,Bantamweight,ufc-roster,M,Georgia,Serra-Longo Fight Team,0,0,sherdog,https://www.sherdog.com/fighter/Merab-Dvalishvili-157355
Rose Namajunas,1992-06-29,165.1,,,Flyweight,ufc-roster,F,United States,Genesis Training Academy,0,0,sherdog,https://www.sherdog.com/fighter/Rose-Namajunas-69083
Iwo Baraniewski,1998-11-20,182.9,,,Light Heavyweight,ufc-roster,M,Poland,Aligatores Fight Club,0,0,sherdog,https://www.sherdog.com/fighter/Iwo-Baraniewski-381634
Sofia Montenegro,1999-06-18,165.1,,,Strawweight,sherdog,F,Argentina,Alfa Team,0,0,sherdog,https://www.sherdog.com/fighter/Sofia-Montenegro-392313
Carlos Prates,1993-08-17,185.4,,,Welterweight,ufc-roster,M,Brazil,Vale Top Team,0,0,sherdog,https://www.sherdog.com/fighter/Carlos-Prates-95593
Dricus Du Plessis,1994-01-14,182.9,,,Middleweight,ufc-roster,M,South Africa,Team CIT,0,0,sherdog,https://www.sherdog.com/fighter/Dricus-Du-Plessis-146193
Trey Waters,,,,,,,M,,,0,0,sherdog,https://www.sherdog.com/fighter/Trey-Waters-319103
Yusaku Kinoshita,,,,,,,M,,,0,0,sherdog,https://www.sherdog.com/fighter/Yusaku-Kinoshita-382723
Shimon Smotritsky,,,,,,,M,,,0,0,sherdog,https://www.sherdog.com/fighter/Shimon-Smotritsky-254075
Justin Sumter,,,,,,,M,,,0,0,sherdog,https://www.sherdog.com/fighter/Justin-Sumter-98983
Gary Balletto Jr.,,,,,,,M,,,0,0,sherdog,https://www.sherdog.com/fighter/Gary-Balletto-Jr-203371
Marty Navis,,,,,,,M,,,0,0,sherdog,https://www.sherdog.com/fighter/Marty-Navis-230259
Sean Lally,,,,,,,M,,,0,0,sherdog,https://www.sherdog.com/fighter/Sean-Lally-44100
Robson Gracie Jr.,,,,,,,M,,,0,0,sherdog,https://www.sherdog.com/fighter/Robson-Gracie-Jr-302807
Jonathan Pico,,,,,,,M,,,0,0,sherdog,https://www.sherdog.com/fighter/Jonathan-Pico-136969
Kemran Lachinov,,,,,,,M,,,0,0,sherdog,https://www.sherdog.com/fighter/Kemran-Lachinov-79187
Ryan Hardy Evans,,,,,,,M,,,0,0,sherdog,https://www.sherdog.com/fighter/Ryan-Hardy-Evans-292505
Armus Guyton,,,,,,,M,,,0,0,sherdog,https://www.sherdog.com/fighter/Armus-Guyton-204847
Daniel Santos,,,,,Featherweight,ufc-roster,M,,,0,0,sherdog,https://www.sherdog.com/fighter/Daniel-Santos-144395
Nate Landwehr,,,,,Featherweight,ufc-roster,M,,,0,0,sherdog,https://www.sherdog.com/fighter/Nate-Landwehr-101493
Bill Algeo,,,,,,,M,,,0,0,sherdog,https://www.sherdog.com/fighter/Bill-Algeo-77441
Kyle Nelson,,,,,Lightweight,ufc-roster,M,,,0,0,sherdog,https://www.sherdog.com/fighter/Kyle-Nelson-95383
Jeremy Stephens,,,,,Lightweight,ufc-roster,M,,,0,0,sherdog,https://www.sherdog.com/fighter/Jeremy-Stephens-12179
Cub Swanson,,,,,,,M,,,0,0,sherdog,https://www.sherdog.com/fighter/Cub-Swanson-11002
Thiago Tavares,,,,,,,M,,,0,0,sherdog,https://www.sherdog.com/fighter/Thiago-Tavares-4647
Sam Sicilia,,,,,,,M,,,0,0,sherdog,https://www.sherdog.com/fighter/Sam-Sicilia-53205
Juan Manuel Puig,,,,,,,M,,,0,0,sherdog,https://www.sherdog.com/fighter/Juan-Manuel-Puig-44638
Shoji Maruyama,,,,,,,M,,,0,0,sherdog,https://www.sherdog.com/fighter/Shoji-Maruyama-18886
Tatsunao Nagakura,,,,,,,M,,,0,0,sherdog,https://www.sherdog.com/fighter/Tatsunao-Nagakura-41776
Kosuke Umeda,,,,,,,M,,,0,0,sherdog,https://www.sherdog.com/fighter/Kosuke-Umeda-11390
Mitsuhiro Ishida,,,,,,,M,,,0,0,sherdog,https://www.sherdog.com/fighter/Mitsuhiro-Ishida-2225
Nobuhiro Obiya,,,,,,,M,,,0,0,sherdog,https://www.sherdog.com/fighter/Nobuhiro-Obiya-5793
Hisaki Hiraishi,,,,,,,M,,,0,0,sherdog,https://www.sherdog.com/fighter/Hisaki-Hiraishi-6652
Atsuhiro Tsuboi,,,,,,,M,,,0,0,sherdog,https://www.sherdog.com/fighter/Atsuhiro-Tsuboi-5907
Yuichiro Ono,,,,,,,M,,,0,0,sherdog,https://www.sherdog.com/fighter/Yuichiro-Ono-41579
Ikuo Usuda,,,,,,,M,,,0,0,sherdog,https://www.sherdog.com/fighter/Ikuo-Usuda-35398
Yusuke Kagiyama,,,,,,,M,,,0,0,sherdog,https://www.sherdog.com/fighter/Yusuke-Kagiyama-23637
Jong Hwa Lee,,,,,,,M,,,0,0,sherdog,https://www.sherdog.com/fighter/Jong-Hwa-Lee-67599
Takashi Matsuoka,,,,,,,M,,,0,0,sherdog,https://www.sherdog.com/fighter/Takashi-Matsuoka-50637
Lando Vannata,,,,,,,M,,,0,0,sherdog,https://www.sherdog.com/fighter/Lando-Vannata-82446
Evan Elder,,,,,,,M,,,0,0,sherdog,https://www.sherdog.com/fighter/Evan-Elder-269245
Michael Johnson,,,,,Lightweight,ufc-roster,M,,,0,0,sherdog,https://www.sherdog.com/fighter/Michael-Johnson-68788
Jake Matthews,,,,,Welterweight,ufc-roster,M,,,0,0,sherdog,https://www.sherdog.com/fighter/Jake-Matthews-122139
Amiran Gogoladze,,,,,,,M,,,0,0,sherdog,https://www.sherdog.com/fighter/Amiran-Gogoladze-250897
Tim Hiley,,,,,,,M,,,0,0,sherdog,https://www.sherdog.com/fighter/Tim-Hiley-125179
Daniel Gadley,,,,,,,M,,,0,0,sherdog,https://www.sherdog.com/fighter/Daniel-Gadley-89635
Tim Caron,,,,,,,M,,,0,0,sherdog,https://www.sherdog.com/fighter/Tim-Caron-128669
Ryan Leininger,,,,,,,M,,,0,0,sherdog,https://www.sherdog.com/fighter/Ryan-Leininger-247297
Jon Kennedy,,,,,,,M,,,0,0,sherdog,https://www.sherdog.com/fighter/Jon-Kennedy-57302
Joe Vedepo,,,,,,,M,,,0,0,sherdog,https://www.sherdog.com/fighter/Joe-Vedepo-15833
Jonathon Thomson,,,,,,,M,,,0,0,sherdog,https://www.sherdog.com/fighter/Jonathon-Thomson-109183
Bobby Voelker,,,,,,,M,,,0,0,sherdog,https://www.sherdog.com/fighter/Bobby-Voelker-15156
Josh Weston,,,,,,,M,,,0,0,sherdog,https://www.sherdog.com/fighter/Josh-Weston-120035
Ed Smith,,,,,,,M,,,0,0,sherdog,https://www.sherdog.com/fighter/Ed-Smith-56420
Anthony Rozema,,,,,,,M,,,0,0,sherdog,https://www.sherdog.com/fighter/Anthony-Rozema-109995
Jordon Larson,,,,,,,M,,,0,0,sherdog,https://www.sherdog.com/fighter/Jordon-Larson-48816
Andre Kase,,,,,,,M,,,0,0,sherdog,https://www.sherdog.com/fighter/Andre-Kase-18747
Devin Smyth,,,,,,,M,,,0,0,sherdog,https://www.sherdog.com/fighter/Devin-Smyth-224885
Adam Cella,,,,,,,M,,,0,0,sherdog,https://www.sherdog.com/fighter/Adam-Cella-69956
Michael Robinson Jr.,,,,,,,M,,,0,0,sherdog,https://www.sherdog.com/fighter/Michael-Robinson-Jr-222607
Thomas Powell,,,,,,,M,,,0,0,sherdog,https://www.sherdog.com/fighter/Thomas-Powell-218713
Ketlen Souza,,,,,Strawweight,ufc-roster,F,,,0,0,sherdog,https://www.sherdog.com/fighter/Ketlen-Souza-272209
Sam Hughes,,,,,Strawweight,ufc-roster,F,,,0,0,sherdog,https://www.sherdog.com/fighter/Sam-Hughes-231521
Istela Nunes,,,,,,,F,,,0,0,sherdog,https://www.sherdog.com/fighter/Istela-Nunes-83194
Iasmin Lucindo,,,,,Strawweight,ufc-roster,F,,,0,0,sherdog,https://www.sherdog.com/fighter/Iasmin-Lucindo-264861
Claire Lopez,,,,,,,F,,,0,0,sherdog,https://www.sherdog.com/fighter/Claire-Lopez-269797
Criszaida Adames,,,,,,,F,,,0,0,sherdog,https://www.sherdog.com/fighter/Criszaida-Adames-246563
Stephanie Frausto,,,,,,,F,,,0,0,sherdog,https://www.sherdog.com/fighter/Stephanie-Frausto-61109
Annely Jimenez,,,,,,,F,,,0,0,sherdog,https://www.sherdog.com/fighter/Annely-Jimenez-31898
Yajaira Romo,,,,,,,F,,,0,0,sherdog,https://www.sherdog.com/fighter/Yajaira-Romo-190513
McKenna Mitchell,,,,,,,F,,,0,0,sherdog,https://www.sherdog.com/fighter/McKenna-Mitchell-279819
Daniela Espinosa,,,,,,,F,,,0,0,sherdog,https://www.sherdog.com/fighter/Daniela-Espinosa-322145
Beni Fuentes,,,,,,,F,,,0,0,sherdog,https://www.sherdog.com/fighter/Beni-Fuentes-390107
Daniel Zellhuber,,,,,Lightweight,ufc-roster,M,,,0,0,sherdog,https://www.sherdog.com/fighter/Daniel-Zellhuber-238903
Terrance McKinney,,,,,Lightweight,ufc-roster,M,,,0,0,sherdog,https://www.sherdog.com/fighter/Terrance-McKinney-232591
Kamuela Kirk,,,,,,,M,,,0,0,sherdog,https://www.sherdog.com/fighter/Kamuela-Kirk-162187
Loik Radzhabov,,,,,,,M,,,0,0,sherdog,https://www.sherdog.com/fighter/Loik-Radzhabov-154357
Thomas Paull,,,,,,,M,,,0,0,sherdog,https://www.sherdog.com/fighter/Thomas-Paull-159169
Franco Aranda,,,,,,,M,,,0,0,sherdog,https://www.sherdog.com/fighter/Franco-Aranda-241037
Javier Basurto,,,,,,,M,,,0,0,sherdog,https://www.sherdog.com/fighter/Javier-Basurto-136347
Jose Zarauz,,,,,,,M,,,0,0,sherdog,https://www.sherdog.com/fighter/Jose-Zarauz-105907
Brian Flamengo,,,,,,,M,,,0,0,sherdog,https://www.sherdog.com/fighter/Brian-Flamengo-178535
Lucas Aybar,,,,,,,M,,,0,0,sherdog,https://www.sherdog.com/fighter/Lucas-Aybar-271821
Juan Jose Ibanez,,,,,,,M,,,0,0,sherdog,https://www.sherdog.com/fighter/Juan-Jose-Ibanez-197985
Maximiliano Ortiz,,,,,,,M,,,0,0,sherdog,https://www.sherdog.com/fighter/Maximiliano-Ortiz-175357
Didier Nahuel,,,,,,,M,,,0,0,sherdog,https://www.sherdog.com/fighter/Didier-Nahuel-235425
Fernando Garcia,,,,,,,M,,,0,0,sherdog,https://www.sherdog.com/fighter/Fernando-Garcia-112931
Lautaro Iturbe,,,,,,,M,,,0,0,sherdog,https://www.sherdog.com/fighter/Lautaro-Iturbe-206487
Ateba Abega Gautier,,,,,,,M,,,0,0,sherdog,https://www.sherdog.com/fighter/Ateba-Abega-Gautier-386979
Mingyang Zhang,,,,,Light Heavyweight,ufc-roster,M,,,0,0,sherdog,https://www.sherdog.com/fighter/Mingyang-Zhang-243033
Bevon Lewis,,,,,,,M,,,0,0,sherdog,https://www.sherdog.com/fighter/Bevon-Lewis-211153
Chuck Campbell,,,,,,,M,,,0,0,sherdog,https://www.sherdog.com/fighter/Chuck-Campbell-299875
Bruno Assis,,,,,,,M,,,0,0,sherdog,https://www.sherdog.com/fighter/Bruno-Assis-185297
Moses Murrietta,,,,,,,M,,,0,0,sherdog,https://www.sherdog.com/fighter/Moses-Murrietta-76324
Logan Woods,,,,,,,M,,,0,0,sherdog,https://www.sherdog.com/fighter/Logan-Woods-287677
Andre Walker,,,,,,,M,,,0,0,sherdog,https://www.sherdog.com/fighter/Andre-Walker-146137
Christopher Reyes,,,,,,,M,,,0,0,sherdog,https://www.sherdog.com/fighter/Christopher-Reyes-313753
Santiago Diaz,,,,,,,M,,,0,0,sherdog,https://www.sherdog.com/fighter/Santiago-Diaz-180665
Saad Ul-Hasan,,,,,,,M,,,0,0,sherdog,https://www.sherdog.com/fighter/Saad-UlHasan-137881
Leon Klee,,,,,,,M,,,0,0,sherdog,https://www.sherdog.com/fighter/Leon-Klee-136977
Julian Erosa,,,,,Featherweight,ufc-roster,M,,,0,0,sherdog,https://www.sherdog.com/fighter/Julian-Erosa-71442
Cam Teague,,,,,,,M,,,0,0,sherdog,https://www.sherdog.com/fighter/Cam-Teague-337869
Elijah Johns,,,,,,,M,,,0,0,sherdog,https://www.sherdog.com/fighter/Elijah-Johns-243693
Javier Reyes,,,,,,,M,,,0,0,sherdog,https://www.sherdog.com/fighter/Javier-Reyes-182691
Nathan Ghareeb,,,,,,,M,,,0,0,sherdog,https://www.sherdog.com/fighter/Nathan-Ghareeb-255963
Ivan Tena,,,,,,,M,,,0,0,sherdog,https://www.sherdog.com/fighter/Ivan-Tena-270539
Isaac Thomson,,,,,,,M,,,0,0,sherdog,https://www.sherdog.com/fighter/Isaac-Thomson-286035
Luan Pedroso,,,,,,,M,,,0,0,sherdog,https://www.sherdog.com/fighter/Luan-Pedroso-260865
James Gonzalez,,,,,,,M,,,0,0,sherdog,https://www.sherdog.com/fighter/James-Gonzalez-218955
Emerson Rios,,,,,,,M,,,0,0,sherdog,https://www.sherdog.com/fighter/Emerson-Rios-201219
Dienner dos Reis,,,,,,,M,,,0,0,sherdog,https://www.sherdog.com/fighter/Dienner-dos-Reis-78742
Jose Mariscal,,,,,,,M,,,0,0,sherdog,https://www.sherdog.com/fighter/Jose-Mariscal-171651
Saifullah Dzhabrailov,,,,,,,M,,,0,0,sherdog,https://www.sherdog.com/fighter/Saifullah-Dzhabrailov-199471
Jose Luis Alegre,,,,,,,M,,,0,0,sherdog,https://www.sherdog.com/fighter/Jose-Luis-Alegre-158491
Daniel Virginio,,,,,,,M,,,0,0,sherdog,https://www.sherdog.com/fighter/Daniel-Virginio-146303
Thiago Misael,,,,,,,M,,,0,0,sherdog,https://www.sherdog.com/fighter/Thiago-Misael-65085
Ricardo Sattelmayer,,,,,,,M,,,0,0,sherdog,https://www.sherdog.com/fighter/Ricardo-Sattelmayer-49789
Jardel Evangelista,,,,,,,M,,,0,0,sherdog,https://www.sherdog.com/fighter/Jardel-Evangelista-143803
Leonardo Daldegan,,,,,,,M,,,0,0,sherdog,https://www.sherdog.com/fighter/Leonardo-Daldegan-137567
Urijah Faber,,,,,,,M,,,0,0,sherdog,https://www.sherdog.com/fighter/Urijah-Faber-8847
Jimmie Rivera,,,,,,,M,,,0,0,sherdog,https://www.sherdog.com/fighter/Jimmie-Rivera-40954
John Dodson,,,,,,,M,,,0,0,sherdog,https://www.sherdog.com/fighter/John-Dodson-11660
Douglas Silva de Andrade,,,,,Featherweight,ufc-roster,M,,,0,0,sherdog,https://www.sherdog.com/fighter/Douglas-Silva-de-Andrade-87981
Jin Soo Son,,,,,,,M,,,0,0,sherdog,https://www.sherdog.com/fighter/Jin-Soo-Son-168171
Teruto Ishihara,,,,,,,M,,,0,0,sherdog,https://www.sherdog.com/fighter/Teruto-Ishihara-78898
Matheus Mattos,,,,,,,M,,,0,0,sherdog,https://www.sherdog.com/fighter/Matheus-Mattos-70757
Magomed Magomedov,,,,,,,M,,,0,0,sherdog,https://www.sherdog.com/fighter/Magomed-Magomedov-79175
Ed Arthur,,,,,,,M,,,0,0,sherdog,https://www.sherdog.com/fighter/Ed-Arthur-78413
Murad Kalamov,,,,,,,M,,,0,0,sherdog,https://www.sherdog.com/fighter/Murad-Kalamov-165727
Artur Mirzakhanyan,,,,,,,M,,,0,0,sherdog,https://www.sherdog.com/fighter/Artur-Mirzakhanyan-201803
Haron Orzumiev,,,,,,,M,,,0,0,sherdog,https://www.sherdog.com/fighter/Haron-Orzumiev-191649
Renato Velame,,,,,,,M,,,0,0,sherdog,https://www.sherdog.com/fighter/Renato-Velame-11906
Murad Bakiev,,,,,,,M,,,0,0,sherdog,https://www.sherdog.com/fighter/Murad-Bakiev-186875
Michel Pereira,,,,,,,M,,,0,0,sherdog,https://www.sherdog.com/fighter/Michel-Pereira-135705
Marc-Andre Barriault,,,,,Middleweight,ufc-roster,M,,,0,0,sherdog,https://www.sherdog.com/fighter/MarcAndre-Barriault-170803
Armen Petrosyan,,,,,,,M,,,0,0,sherdog,https://www.sherdog.com/fighter/Armen-Petrosyan-302783
Michal Oleksiejczuk,,,,,,,M,,,0,0,sherdog,https://www.sherdog.com/fighter/Michal-Oleksiejczuk-156397
Antonio Trocoli,,,,,,,M,,,0,0,sherdog,https://www.sherdog.com/fighter/Antonio-Trocoli-123109
Kushal Vyas,,,,,,,M,,,0,0,sherdog,https://www.sherdog.com/fighter/Kushal-Vyas-186131
Mikhail Ragozin,,,,,,,M,,,0,0,sherdog,https://www.sherdog.com/fighter/Mikhail-Ragozin-207301
Sergey Martynov,,,,,,,M,,,0,0,sherdog,https://www.sherdog.com/fighter/Sergey-Martynov-154295
Rodrigo Carlos,,,,,,,M,,,0,0,sherdog,https://www.sherdog.com/fighter/Rodrigo-Carlos-58413
Joel dos Santos,,,,,,,M,,,0,0,sherdog,https://www.sherdog.com/fighter/Joel-dos-Santos-169309
Mikhail Allakhverdian,,,,,,,M,,,0,0,sherdog,https://www.sherdog.com/fighter/Mikhail-Allakhverdian-154603
Yakub Kediev,,,,,,,M,,,0,0,sherdog,https://www.sherdog.com/fighter/Yakub-Kediev-280055
Wulan Muhemaitihali,,,,,,,M,,,0,0,sherdog,https://www.sherdog.com/fighter/Wulan-Muhemaitihali-389245
Yeshan Yersen,,,,,,,M,,,0,0,sherdog,https://www.sherdog.com/fighter/Yeshan-Yersen-284473
Jiayidaer Aili,,,,,,,M,,,0,0,sherdog,https://www.sherdog.com/fighter/Jiayidaer-Aili-406569
Yincang Bao,,,,,,,M,,,0,0,sherdog,https://www.sherdog.com/fighter/Yincang-Bao-203191
Dustin Poirier,,,,,,,M,,,0,0,sherdog,https://www.sherdog.com/fighter/Dustin-Poirier-50529
Michael Chandler,,,,,Lightweight,ufc-roster,M,,,0,0,sherdog,https://www.sherdog.com/fighter/Michael-Chandler-50829
Khabib Nurmagomedov,,,,,,,M,,,0,0,sherdog,https://www.sherdog.com/fighter/Khabib-Nurmagomedov-56035
Tony Ferguson,,,,,,,M,,,0,0,sherdog,https://www.sherdog.com/fighter/Tony-Ferguson-31239
Donald Cerrone,,,,,,,M,,,0,0,sherdog,https://www.sherdog.com/fighter/Donald-Cerrone-15105
James Vick,,,,,,,M,,,0,0,sherdog,https://www.sherdog.com/fighter/James-Vick-81956
Eddie Alvarez,,,,,,,M,,,0,0,sherdog,https://www.sherdog.com/fighter/Eddie-Alvarez-9265
Luiz Firmino,,,,,,,M,,,0,0,sherdog,https://www.sherdog.com/fighter/Luiz-Firmino-1978
Brian Foster,,,,,,,M,,,0,0,sherdog,https://www.sherdog.com/fighter/Brian-Foster-17723
Luis Palomino,,,,,,,M,,,0,0,sherdog,https://www.sherdog.com/fighter/Luis-Palomino-16697
Melvin Guillard,,,,,,,M,,,0,0,sherdog,https://www.sherdog.com/fighter/Melvin-Guillard-7431
Nick Newell,,,,,,,M,,,0,0,sherdog,https://www.sherdog.com/fighter/Nick-Newell-59502
Richard Patishnock,,,,,,,M,,,0,0,sherdog,https://www.sherdog.com/fighter/Richard-Patishnock-76342
Dan Lauzon,,,,,,,M,,,0,0,sherdog,https://www.sherdog.com/fighter/Dan-Lauzon-16556
Brian Cobb,,,,,,,M,,,0,0,sherdog,https://www.sherdog.com/fighter/Brian-Cobb-5739
Gesias Cavalcante,,,,,,,M,,,0,0,sherdog,https://www.sherdog.com/fighter/Gesias-Cavalcante-9771
Adrian Valdez,,,,,,,M,,,0,0,sherdog,https://www.sherdog.com/fighter/Adrian-Valdez-16779
Drew Fickett,,,,,,,M,,,0,0,sherdog,https://www.sherdog.com/fighter/Drew-Fickett-725
Sam Young,,,,,,,M,,,0,0,sherdog,https://www.sherdog.com/fighter/Sam-Young-123429
Marcus Edwards,,,,,,,M,,,0,0,sherdog,https://www.sherdog.com/fighter/Marcus-Edwards-43158
Donnie Bell,,,,,,,M,,,0,0,sherdog,https://www.sherdog.com/fighter/Donnie-Bell-79137
Joe Kelso,,,,,,,M,,,0,0,sherdog,https://www.sherdog.com/fighter/Joe-Kelso-42110
Kevin Croom,,,,,,,M,,,0,0,sherdog,https://www.sherdog.com/fighter/Kevin-Croom-67191
Garrett Armfield,,,,,,,M,,,0,0,sherdog,https://www.sherdog.com/fighter/Garrett-Armfield-254941
Batgerel Danaa,,,,,,,M,,,0,0,sherdog,https://www.sherdog.com/fighter/Batgerel-Danaa-85013
Fernie Garcia,,,,,,,M,,,0,0,sherdog,https://www.sherdog.com/fighter/Fernie-Garcia-112047
Shane Sargent,,,,,,,M,,,0,0,sherdog,https://www.sherdog.com/fighter/Shane-Sargent-59589
Chad Anheliger,,,,,,,M,,,0,0,sherdog,https://www.sherdog.com/fighter/Chad-Anheliger-63370
Jeff Coleman,,,,,,,M,,,0,0,sherdog,https://www.sherdog.com/fighter/Jeff-Coleman-138737
Jesse Jacobsen,,,,,,,M,,,0,0,sherdog,https://www.sherdog.com/fighter/Jesse-Jacobsen-130473
Corey Conway,,,,,,,M,,,0,0,sherdog,https://www.sherdog.com/fighter/Corey-Conway-159711
Phil Shriver,,,,,,,M,,,0,0,sherdog,https://www.sherdog.com/fighter/Phil-Shriver-199713
Melissa Martinez,,,,,,,F,,,0,0,sherdog,https://www.sherdog.com/fighter/Melissa-Martinez-224241
Victoria Dudakova,,,,,,,F,,,0,0,sherdog,https://www.sherdog.com/fighter/Victoria-Dudakova-333829
Andressa Romero,,,,,,,F,,,0,0,sherdog,https://www.sherdog.com/fighter/Andressa-Romero-244623
Sara Cova,,,,,,,F,,,0,0,sherdog,https://www.sherdog.com/fighter/Sara-Cova-249235
Natalia Kuziutina,,,,,,,F,,,0,0,sherdog,https://www.sherdog.com/fighter/Natalia-Kuziutina-419642
Laura Gallardo,,,,,,,F,,,0,0,sherdog,https://www.sherdog.com/fighter/Laura-Gallardo-249687
Sidney Trillo,,,,,,,F,,,0,0,sherdog,https://www.sherdog.com/fighter/Sidney-Trillo-265007
Ariana Melendez,,,,,,,F,,,0,0,sherdog,https://www.sherdog.com/fighter/Ariana-Melendez-302145
Kimbert Alintozon,,,,,,,,,,0,0,sherdog,https://www.sherdog.com/fighter/Kimbert-Alintozon-396395
Eqiyuebu,,,,,,,M,,,0,0,sherdog,https://www.sherdog.com/fighter/Eqiyuebu-424394
Korey Sutcliffe,,,,,,,,,,0,0,sherdog,https://www.sherdog.com/fighter/Korey-Sutcliffe-335705
Ismail Khan,,,,,,,,,,0,0,sherdog,https://www.sherdog.com/fighter/Ismail-Khan-321155
Torepchi Dongak,,,,,,,,,,0,0,sherdog,https://www.sherdog.com/fighter/Torepchi-Dongak-422636
Jason Lyngdoh,,,,,,,,,,0,0,sherdog,https://www.sherdog.com/fighter/Jason-Lyngdoh-439614
Ravi Saw,,,,,,,,,,0,0,sherdog,https://www.sherdog.com/fighter/Ravi-Saw-376005
Krishna Payasi,,,,,,,,,,0,0,sherdog,https://www.sherdog.com/fighter/Krishna-Payasi-425608
Rohit Pundeer,,,,,,,,,,0,0,sherdog,https://www.sherdog.com/fighter/Rohit-Pundeer-145657
Pardeep Singh,,,,,,,,,,0,0,sherdog,https://www.sherdog.com/fighter/Pardeep-Singh-404893
Jonathan Martinez,,,,,Bantamweight,ufc-roster,M,,,0,0,sherdog,https://www.sherdog.com/fighter/Jonathan-Martinez-124959
Rob Font,,,,,Bantamweight,ufc-roster,M,,,0,0,sherdog,https://www.sherdog.com/fighter/Rob-Font-76100
Marlon Moraes,,,,,,,M,,,0,0,sherdog,https://www.sherdog.com/fighter/Marlon-Moraes-30936
Frankie Edgar,,,,,,,M,,,0,0,sherdog,https://www.sherdog.com/fighter/Frankie-Edgar-14204
Conor McGregor,,,,,Welterweight,ufc-roster,M,,,0,0,sherdog,https://www.sherdog.com/fighter/Conor-McGregor-29688
Ricardo Lamas,,,,,,,M,,,0,0,sherdog,https://www.sherdog.com/fighter/Ricardo-Lamas-32051
Kenny Florian,,,,,,,M,,,0,0,sherdog,https://www.sherdog.com/fighter/Kenny-Florian-8021
Mark Hominick,,,,,,,M,,,0,0,sherdog,https://www.sherdog.com/fighter/Mark-Hominick-4728
Manny Gamburyan,,,,,,,M,,,0,0,sherdog,https://www.sherdog.com/fighter/Manny-Gamburyan-5185
Mike Thomas Brown,,,,,,,M,,,0,0,sherdog,https://www.sherdog.com/fighter/Mike-Thomas-Brown-3069
Chris Mickle,,,,,,,M,,,0,0,sherdog,https://www.sherdog.com/fighter/Chris-Mickle-12021
Rolando Perez,,,,,,,M,,,0,0,sherdog,https://www.sherdog.com/fighter/Rolando-Perez-13525
Jonathan Brookins,,,,,,,M,,,0,0,sherdog,https://www.sherdog.com/fighter/Jonathan-Brookins-17316
Alexandre Franca Nogueira,,,,,,,M,,,0,0,sherdog,https://www.sherdog.com/fighter/Alexandre-Franca-Nogueira-431
Fabio Mello,,,,,,,M,,,0,0,sherdog,https://www.sherdog.com/fighter/Fabio-Mello-2195
Thiago Meller,,,,,,,M,,,0,0,sherdog,https://www.sherdog.com/fighter/Thiago-Meller-8186
Luciano Azevedo,,,,,,,M,,,0,0,sherdog,https://www.sherdog.com/fighter/Luciano-Azevedo-7919
Micky Young,,,,,,,M,,,0,0,sherdog,https://www.sherdog.com/fighter/Micky-Young-12546
Phil Harris,,,,,,,M,,,0,0,sherdog,https://www.sherdog.com/fighter/Phil-Harris-8753
Anderson Silverio,,,,,,,M,,,0,0,sherdog,https://www.sherdog.com/fighter/Anderson-Silverio-13383
Aritano Silva Barbosa,,,,,,,M,,,0,0,sherdog,https://www.sherdog.com/fighter/Aritano-Silva-Barbosa-2196
Luiz de Paula,,,,,,,M,,,0,0,sherdog,https://www.sherdog.com/fighter/Luiz-de-Paula-12515
Hudson Rocha,,,,,,,M,,,0,0,sherdog,https://www.sherdog.com/fighter/Hudson-Rocha-3922
Mario Bigola,,,,,,,M,,,0,0,sherdog,https://www.sherdog.com/fighter/Mario-Bigola-58130
Jaqueline Amorim,,,,,,,F,,,0,0,sherdog,https://www.sherdog.com/fighter/Jaqueline-Amorim-375210
Hannah Goldy,,,,,,,F,,,0,0,sherdog,https://www.sherdog.com/fighter/Hannah-Goldy-204879
Yanan Wu,,,,,,,F,,,0,0,sherdog,https://www.sherdog.com/fighter/Yanan-Wu-203195
Viviane Pereira,,,,,,,F,,,0,0,sherdog,https://www.sherdog.com/fighter/Viviane-Pereira-136367
Lynn Alvarez,,,,,,,F,,,0,0,sherdog,https://www.sherdog.com/fighter/Lynn-Alvarez-26581
Rina,,,,,,,F,,,0,0,sherdog,https://www.sherdog.com/fighter/Rina-207259
Lacey Sears,,,,,,,F,,,0,0,sherdog,https://www.sherdog.com/fighter/Lacey-Sears-43350
Emi Fujino,,,,,,,F,,,0,0,sherdog,https://www.sherdog.com/fighter/Emi-Fujino-10006
Emi Tomimatsu,,,,,,,F,,,0,0,sherdog,https://www.sherdog.com/fighter/Emi-Tomimatsu-19272
Bec Rawlings,,,,,,,F,,,0,0,sherdog,https://www.sherdog.com/fighter/Bec-Rawlings-84964
Seo Ye Jung,,,,,,,F,,,0,0,sherdog,https://www.sherdog.com/fighter/Seo-Ye-Jung-129649
Hyo Kyung Song,,,,,,,F,,,0,0,sherdog,https://www.sherdog.com/fighter/Hyo-Kyung-Song-111403
Alex Chambers,,,,,,,F,,,0,0,sherdog,https://www.sherdog.com/fighter/Alex-Chambers-65649
Ayaka Hamasaki,,,,,,,F,,,0,0,sherdog,https://www.sherdog.com/fighter/Ayaka-Hamasaki-45332
Asako Saioka,,,,,,,F,,,0,0,sherdog,https://www.sherdog.com/fighter/Asako-Saioka-6998
Emi Murata,,,,,,,F,,,0,0,sherdog,https://www.sherdog.com/fighter/Emi-Murata-46551
Kaan Ofli,,,,,,,M,,,0,0,sherdog,https://www.sherdog.com/fighter/Kaan-Ofli-189203
Joshua Culibao,,,,,,,M,,,0,0,sherdog,https://www.sherdog.com/fighter/Joshua-Culibao-222801
Danny Chavez,,,,,,,M,,,0,0,sherdog,https://www.sherdog.com/fighter/Danny-Chavez-59478
Zubaira Tukhugov,,,,,,,M,,,0,0,sherdog,https://www.sherdog.com/fighter/Zubaira-Tukhugov-63813
Luiz Eduardo Garagorri,,,,,,,M,,,0,0,sherdog,https://www.sherdog.com/fighter/Luiz-Eduardo-Garagorri-202081
Journey Newson,,,,,,,M,,,0,0,sherdog,https://www.sherdog.com/fighter/Journey-Newson-77464
Said Nurmagomedov,,,,,Bantamweight,ufc-roster,M,,,0,0,sherdog,https://www.sherdog.com/fighter/Said-Nurmagomedov-103961
Kyung Ho Kang,,,,,,,M,,,0,0,sherdog,https://www.sherdog.com/fighter/Kyung-Ho-Kang-24067
Michinori Tanaka,,,,,,,M,,,0,0,sherdog,https://www.sherdog.com/fighter/Michinori-Tanaka-71942
Alfred Khashakyan,,,,,,,M,,,0,0,sherdog,https://www.sherdog.com/fighter/Alfred-Khashakyan-133919
Manny Vazquez,,,,,,,M,,,0,0,sherdog,https://www.sherdog.com/fighter/Manny-Vazquez-160015
Cody Walker,,,,,,,M,,,0,0,sherdog,https://www.sherdog.com/fighter/Cody-Walker-72118
Justin Rader,,,,,,,M,,,0,0,sherdog,https://www.sherdog.com/fighter/Justin-Rader-167521
Fabio Lima,,,,,,,M,,,0,0,sherdog,https://www.sherdog.com/fighter/Fabio-Lima-124719
Rafael Correa,,,,,,,M,,,0,0,sherdog,https://www.sherdog.com/fighter/Rafael-Correa-106181
Lucas Mascena,,,,,,,M,,,0,0,sherdog,https://www.sherdog.com/fighter/Lucas-Mascena-141919
Allan Nascimento,,,,,,,M,,,0,0,sherdog,https://www.sherdog.com/fighter/Allan-Nascimento-87857
William Oliveira,,,,,,,M,,,0,0,sherdog,https://www.sherdog.com/fighter/William-Oliveira-121145
Josivaldo Moreno,,,,,,,M,,,0,0,sherdog,https://www.sherdog.com/fighter/Josivaldo-Moreno-87651
Gilbert Burns,,,,,,,M,,,0,0,sherdog,https://www.sherdog.com/fighter/Gilbert-Burns-91727
Charles Radtke,,,,,,,M,,,0,0,sherdog,https://www.sherdog.com/fighter/Charles-Radtke-175669
Trevin Giles,,,,,,,M,,,0,0,sherdog,https://www.sherdog.com/fighter/Trevin-Giles-111237
Adam Fugitt,,,,,,,M,,,0,0,sherdog,https://www.sherdog.com/fighter/Adam-Fugitt-206917
Yohan Lainesse,,,,,,,M,,,0,0,sherdog,https://www.sherdog.com/fighter/Yohan-Lainesse-295377
Mickey Gall,,,,,Welterweight,ufc-roster,M,,,0,0,sherdog,https://www.sherdog.com/fighter/Mickey-Gall-160145
Solomon Renfro,,,,,,,M,,,0,0,sherdog,https://www.sherdog.com/fighter/Solomon-Renfro-225631
Craig Shintani,,,,,,,M,,,0,0,sherdog,https://www.sherdog.com/fighter/Craig-Shintani-80332
Ousmane Thomas Diagne,,,,,,,M,,,0,0,sherdog,https://www.sherdog.com/fighter/Ousmane-Thomas-Diagne-46543
Hakeem Dawodu,,,,,,,M,,,0,0,sherdog,https://www.sherdog.com/fighter/Hakeem-Dawodu-158725
Allan Wilson,,,,,,,M,,,0,0,sherdog,https://www.sherdog.com/fighter/Allan-Wilson-80784
Jon Williams,,,,,,,M,,,0,0,sherdog,https://www.sherdog.com/fighter/Jon-Williams-45210
Michael Imperato,,,,,,,M,,,0,0,sherdog,https://www.sherdog.com/fighter/Michael-Imperato-72325
James Saunders,,,,,,,M,,,0,0,sherdog,https://www.sherdog.com/fighter/James-Saunders-24129
Andrey Pulyaev,,,,,,,M,,,0,0,sherdog,https://www.sherdog.com/fighter/Andrey-Pulyaev-398399
Paval Masalski,,,,,,,M,,,0,0,sherdog,https://www.sherdog.com/fighter/Paval-Masalski-144057
Luciano Contini,,,,,,,M,,,0,0,sherdog,https://www.sherdog.com/fighter/Luciano-Contini-49928
Eduard Arustamyan,,,,,,,M,,,0,0,sherdog,https://www.sherdog.com/fighter/Eduard-Arustamyan-268257
Alexander Dolotenko,,,,,,,M,,,0,0,sherdog,https://www.sherdog.com/fighter/Alexander-Dolotenko-69105
Alex de Paula,,,,,,,M,,,0,0,sherdog,https://www.sherdog.com/fighter/Alex-de-Paula-203219
Ibrahima Mane,,,,,,,M,,,0,0,sherdog,https://www.sherdog.com/fighter/Ibrahima-Mane-218737
Bogdan Kotlovyanov,,,,,,,M,,,0,0,sherdog,https://www.sherdog.com/fighter/Bogdan-Kotlovyanov-142031
Maksym Soroka,,,,,,,M,,,0,0,sherdog,https://www.sherdog.com/fighter/Maksym-Soroka-142365
Boris Miroshnichenko,,,,,,,M,,,0,0,sherdog,https://www.sherdog.com/fighter/Boris-Miroshnichenko-73041
Artem Shokalo,,,,,,,M,,,0,0,sherdog,https://www.sherdog.com/fighter/Artem-Shokalo-97199
Leonid Antonov,,,,,,,M,,,0,0,sherdog,https://www.sherdog.com/fighter/Leonid-Antonov-354277
Altynbek Arykbaev,,,,,,,M,,,0,0,sherdog,https://www.sherdog.com/fighter/Altynbek-Arykbaev-255687
Murad Ramazanov,,,,,,,M,,,0,0,sherdog,https://www.sherdog.com/fighter/Murad-Ramazanov-236389
Oleg Dadonov,,,,,,,M,,,0,0,sherdog,https://www.sherdog.com/fighter/Oleg-Dadonov-181983
Marcos Yoshio de Souza,,,,,,,M,,,0,0,sherdog,https://www.sherdog.com/fighter/Marcos-Yoshio-de-Souza-122381
Andrey Seledtsov,,,,,,,M,,,0,0,sherdog,https://www.sherdog.com/fighter/Andrey-Seledtsov-92887
Kiamrian Abbasov,,,,,,,M,,,0,0,sherdog,https://www.sherdog.com/fighter/Kiamrian-Abbasov-171491
Sultan Kiyalov,,,,,,,M,,,0,0,sherdog,https://www.sherdog.com/fighter/Sultan-Kiyalov-236685
Erzhan Kenzhegulov,,,,,,,M,,,0,0,sherdog,https://www.sherdog.com/fighter/Erzhan-Kenzhegulov-49802
Igor Bayer,,,,,,,M,,,0,0,sherdog,https://www.sherdog.com/fighter/Igor-Bayer-95885
Erbolot Omurzakov,,,,,,,M,,,0,0,sherdog,https://www.sherdog.com/fighter/Erbolot-Omurzakov-255531
Amhad Dzhanchuraev,,,,,,,M,,,0,0,sherdog,https://www.sherdog.com/fighter/Amhad-Dzhanchuraev-241345
Artem Kazbanov,,,,,,,M,,,0,0,sherdog,https://www.sherdog.com/fighter/Artem-Kazbanov-156901
Almanbet Nuraly,,,,,,,M,,,0,0,sherdog,https://www.sherdog.com/fighter/Almanbet-Nuraly-212851
Magomed Abdulvagabov,,,,,,,M,,,0,0,sherdog,https://www.sherdog.com/fighter/Magomed-Abdulvagabov-218591
Dzhokhar Duraev,,,,,,,M,,,0,0,sherdog,https://www.sherdog.com/fighter/Dzhokhar-Duraev-211235
Eler Narmurzaev,,,,,,,M,,,0,0,sherdog,https://www.sherdog.com/fighter/Eler-Narmurzaev-252523
Aylchi Sultanali,,,,,,,M,,,0,0,sherdog,https://www.sherdog.com/fighter/Aylchi-Sultanali-268251
Ramazan Gimbatov,,,,,,,M,,,0,0,sherdog,https://www.sherdog.com/fighter/Ramazan-Gimbatov-214415
Arman Alimov,,,,,,,M,,,0,0,sherdog,https://www.sherdog.com/fighter/Arman-Alimov-236669
Artem Reznikov,,,,,,,M,,,0,0,sherdog,https://www.sherdog.com/fighter/Artem-Reznikov-141619
Suyarbek Saifov,,,,,,,M,,,0,0,sherdog,https://www.sherdog.com/fighter/Suyarbek-Saifov-214235
Daniyar Abdibaev,,,,,,,M,,,0,0,sherdog,https://www.sherdog.com/fighter/Daniyar-Abdibaev-181985
Vladimir Katykhin,,,,,,,M,,,0,0,sherdog,https://www.sherdog.com/fighter/Vladimir-Katykhin-55326
Orzubek Seytimbetov,,,,,,,M,,,0,0,sherdog,https://www.sherdog.com/fighter/Orzubek-Seytimbetov-267919
Anvar Chergesov,,,,,,,M,,,0,0,sherdog,https://www.sherdog.com/fighter/Anvar-Chergesov-98143
Islam Yashaev,,,,,,,M,,,0,0,sherdog,https://www.sherdog.com/fighter/Islam-Yashaev-161981
Rakhmanberdi Tologon,,,,,,,M,,,0,0,sherdog,https://www.sherdog.com/fighter/Rakhmanberdi-Tologon-82155
Elshon Muhtarov,,,,,,,M,,,0,0,sherdog,https://www.sherdog.com/fighter/Elshon-Muhtarov-186217
Shahvalat Yusubov,,,,,,,M,,,0,0,sherdog,https://www.sherdog.com/fighter/Shahvalat-Yusubov-123849
Aziz Ibragimov,,,,,,,M,,,0,0,sherdog,https://www.sherdog.com/fighter/Aziz-Ibragimov-187907
Daniyar Babakulov,,,,,,,M,,,0,0,sherdog,https://www.sherdog.com/fighter/Daniyar-Babakulov-103997
Shamil Rafikov,,,,,,,M,,,0,0,sherdog,https://www.sherdog.com/fighter/Shamil-Rafikov-160541
Anelya Toktogonova,,,,,,,F,,,0,0,sherdog,https://www.sherdog.com/fighter/Anelya-Toktogonova-419589
Dan Bi Kim,,,,,,,F,,,0,0,sherdog,https://www.sherdog.com/fighter/Dan-Bi-Kim-460831
Si Woo Park,,,,,,,F,,,0,0,sherdog,https://www.sherdog.com/fighter/Si-Woo-Park-262621
Haruka Hasegawa,,,,,,,F,,,0,0,sherdog,https://www.sherdog.com/fighter/Haruka-Hasegawa-398309
Seo Young Park,,,,,,,F,,,0,0,sherdog,https://www.sherdog.com/fighter/Seo-Young-Park-393289
Suwanan Boonsorn,,,,,,,F,,,0,0,sherdog,https://www.sherdog.com/fighter/Suwanan-Boonsorn-175235
Morgane Manfredi,,,,,,,F,,,0,0,sherdog,https://www.sherdog.com/fighter/Morgane-Manfredi-212439
Arisa Matsuda,,,,,,,F,,,0,0,sherdog,https://www.sherdog.com/fighter/Arisa-Matsuda-390313
Ayaka Watanabe,,,,,,,F,,,0,0,sherdog,https://www.sherdog.com/fighter/Ayaka-Watanabe-376966
You Jeong Kim,,,,,,,F,,,0,0,sherdog,https://www.sherdog.com/fighter/You-Jeong-Kim-374620
Namiko Kawabata,,,,,,,F,,,0,0,sherdog,https://www.sherdog.com/fighter/Namiko-Kawabata-357075
Mika Arai,,,,,,,F,,,0,0,sherdog,https://www.sherdog.com/fighter/Mika-Arai-256867
Juan Torres,,,,,,,M,,,0,0,sherdog,https://www.sherdog.com/fighter/Juan-Torres-124969
Myron Dennis,,,,,,,M,,,0,0,sherdog,https://www.sherdog.com/fighter/Myron-Dennis-48240
Omar El-Sahlah,,,,,,,M,,,0,0,sherdog,https://www.sherdog.com/fighter/Omar-ElSahlah-362421
Dwight Maters,,,,,,,M,,,0,0,sherdog,https://www.sherdog.com/fighter/Dwight-Maters-213549
Steven Gurrola,,,,,,,M,,,0,0,sherdog,https://www.sherdog.com/fighter/Steven-Gurrola-444361
Erick Prieto,,,,,,,M,,,0,0,sherdog,https://www.sherdog.com/fighter/Erick-Prieto-150315
Joanna Jedrzejczyk,,,,,,,F,,,0,0,sherdog,https://www.sherdog.com/fighter/Joanna-Jedrzejczyk-101411
Tecia Pennington,,,,,,,F,,,0,0,sherdog,https://www.sherdog.com/fighter/Tecia-Pennington-85096
Jessica Aguilar,,,,,,,F,,,0,0,sherdog,https://www.sherdog.com/fighter/Jessica-Aguilar-15174
Danielle Taylor,,,,,,,F,,,0,0,sherdog,https://www.sherdog.com/fighter/Danielle-Taylor-123439
Bianca Sattelmayer,,,,,,,F,,,0,0,sherdog,https://www.sherdog.com/fighter/Bianca-Sattelmayer-147995
Marilia Santos,,,,,,,F,,,0,0,sherdog,https://www.sherdog.com/fighter/Marilia-Santos-136623
Ye Dam Seo,,,,,,,F,,,0,0,sherdog,https://www.sherdog.com/fighter/Ye-Dam-Seo-241183
Aline Sattelmayer,,,,,,,F,,,0,0,sherdog,https://www.sherdog.com/fighter/Aline-Sattelmayer-115879
Simone da Silva,,,,,,,F,,,0,0,sherdog,https://www.sherdog.com/fighter/Simone-da-Silva-135273
Nayara Hemily,,,,,,,F,,,0,0,sherdog,https://www.sherdog.com/fighter/Nayara-Hemily-164239
Veronica Grenno Maune,,,,,,,F,,,0,0,sherdog,https://www.sherdog.com/fighter/Veronica-Grenno-Maune-137603
Karla Benitez,,,,,,,F,,,0,0,sherdog,https://www.sherdog.com/fighter/Karla-Benitez-45258
Maira Mazar,,,,,,,F,,,0,0,sherdog,https://www.sherdog.com/fighter/Maira-Mazar-172802
Liliya Kazak,,,,,,,F,,,0,0,sherdog,https://www.sherdog.com/fighter/Liliya-Kazak-100799
Alice Ardelean,,,,,,,F,,,0,0,sherdog,https://www.sherdog.com/fighter/Alice-Ardelean-181889
Svetlana Gotsyk,,,,,,,F,,,0,0,sherdog,https://www.sherdog.com/fighter/Svetlana-Gotsyk-182857
Samantha Jean-Francois,,,,,,,F,,,0,0,sherdog,https://www.sherdog.com/fighter/Samantha-JeanFrancois-174275
Feier Huang,,,,,,,F,,,0,0,sherdog,https://www.sherdog.com/fighter/Feier-Huang-165983
Shuxia Wu,,,,,,,F,,,0,0,sherdog,https://www.sherdog.com/fighter/Shuxia-Wu-186665
Jonas Magard,,,,,,,M,,,0,0,sherdog,https://www.sherdog.com/fighter/Jonas-Magard-99955
Evgeniy Odnorog,,,,,,,M,,,0,0,sherdog,https://www.sherdog.com/fighter/Evgeniy-Odnorog-84375
Fernando Flores,,,,,,,M,,,0,0,sherdog,https://www.sherdog.com/fighter/Fernando-Flores-101615
Farbod Iran Nezhad,,,,,,,M,,,0,0,sherdog,https://www.sherdog.com/fighter/Farbod-Iran-Nezhad-104841
Gustavo Oliveira,,,,,,,M,,,0,0,sherdog,https://www.sherdog.com/fighter/Gustavo-Oliveira-231333
Eurides Bandeira,,,,,,,M,,,0,0,sherdog,https://www.sherdog.com/fighter/Eurides-Bandeira-223309
Adalberto Mota da Silva Jr.,,,,,,,M,,,0,0,sherdog,https://www.sherdog.com/fighter/Adalberto-Mota-da-Silva-Jr-166685
Admilson Pimentel,,,,,,,M,,,0,0,sherdog,https://www.sherdog.com/fighter/Admilson-Pimentel-284683
Sebastiao da Silva Calixto,,,,,,,M,,,0,0,sherdog,https://www.sherdog.com/fighter/Sebastiao-da-Silva-Calixto-274567
Isaias Monteiro da Silva,,,,,,,M,,,0,0,sherdog,https://www.sherdog.com/fighter/Isaias-Monteiro-da-Silva-225657
Dionatan Carvalho,,,,,,,M,,,0,0,sherdog,https://www.sherdog.com/fighter/Dionatan-Carvalho-248571
Tiago Santos,,,,,,,M,,,0,0,sherdog,https://www.sherdog.com/fighter/Tiago-Santos-213815
Ivan Luiz,,,,,,,M,,,0,0,sherdog,https://www.sherdog.com/fighter/Ivan-Luiz-198257
Carlston Harris,,,,,,,M,,,0,0,sherdog,https://www.sherdog.com/fighter/Carlston-Harris-85711
Alex Morono,,,,,,,M,,,0,0,sherdog,https://www.sherdog.com/fighter/Alex-Morono-64894
Geoff Neal,,,,,Welterweight,ufc-roster,M,,,0,0,sherdog,https://www.sherdog.com/fighter/Geoff-Neal-72107
Miguel Baeza,,,,,,,M,,,0,0,sherdog,https://www.sherdog.com/fighter/Miguel-Baeza-231403
Jingliang Li,,,,,,,M,,,0,0,sherdog,https://www.sherdog.com/fighter/Jingliang-Li-26381
Mike Perry,,,,,,,M,,,0,0,sherdog,https://www.sherdog.com/fighter/Mike-Perry-176179
Gunnar Nelson,,,,,Welterweight,ufc-roster,M,,,0,0,sherdog,https://www.sherdog.com/fighter/Gunnar-Nelson-25246
Nordine Taleb,,,,,,,M,,,0,0,sherdog,https://www.sherdog.com/fighter/Nordine-Taleb-26261
Zak Cummings,,,,,,,M,,,0,0,sherdog,https://www.sherdog.com/fighter/Zak-Cummings-31808
Court McGee,,,,,Welterweight,ufc-roster,M,,,0,0,sherdog,https://www.sherdog.com/fighter/Court-McGee-34124
Andreas Stahl,,,,,,,M,,,0,0,sherdog,https://www.sherdog.com/fighter/Andreas-Stahl-57322
Lorenz Larkin,,,,,,,M,,,0,0,sherdog,https://www.sherdog.com/fighter/Lorenz-Larkin-51345
Wendell de Oliveira Marques,,,,,,,M,,,0,0,sherdog,https://www.sherdog.com/fighter/Wendell-de-Oliveira-Marques-15393
Ryan LaFlare,,,,,,,M,,,0,0,sherdog,https://www.sherdog.com/fighter/Ryan-LaFlare-34409
Cleiton Duarte,,,,,,,M,,,0,0,sherdog,https://www.sherdog.com/fighter/Cleiton-Duarte-71689
Sebastian de Oliveira Jr.,,,,,,,M,,,0,0,sherdog,https://www.sherdog.com/fighter/Sebastian-de-Oliveira-Jr-17260
Diego Vieira,,,,,,,M,,,0,0,sherdog,https://www.sherdog.com/fighter/Diego-Vieira-95745
William Dias,,,,,,,M,,,0,0,sherdog,https://www.sherdog.com/fighter/William-Dias-55399
Lucas Nascimento,,,,,,,M,,,0,0,sherdog,https://www.sherdog.com/fighter/Lucas-Nascimento-76377
Deivid Daniel dos Santos,,,,,,,M,,,0,0,sherdog,https://www.sherdog.com/fighter/Deivid-Daniel-dos-Santos-48098
Leonardo Mafra Teixeira,,,,,,,M,,,0,0,sherdog,https://www.sherdog.com/fighter/Leonardo-Mafra-Teixeira-76653
Geverson Pereira Bergamo,,,,,,,M,,,0,0,sherdog,https://www.sherdog.com/fighter/Geverson-Pereira-Bergamo-45867
Yuri Fraga,,,,,,,M,,,0,0,sherdog,https://www.sherdog.com/fighter/Yuri-Fraga-21928
Felipe Santos,,,,,,,M,,,0,0,sherdog,https://www.sherdog.com/fighter/Felipe-Santos-66223
Henrique Inseto,,,,,,,M,,,0,0,sherdog,https://www.sherdog.com/fighter/Henrique-Inseto-64594
Ezequiel Ricci,,,,,,,M,,,0,0,sherdog,https://www.sherdog.com/fighter/Ezequiel-Ricci-69523
Andrez Jimenez,,,,,,,M,,,0,0,sherdog,https://www.sherdog.com/fighter/Andrez-Jimenez-82864
Diego Lopez,,,,,,,M,,,0,0,sherdog,https://www.sherdog.com/fighter/Diego-Lopez-41194
Matias Sosa Campi,,,,,,,M,,,0,0,sherdog,https://www.sherdog.com/fighter/Matias-Sosa-Campi-79069
Emiliano Candau,,,,,,,M,,,0,0,sherdog,https://www.sherdog.com/fighter/Emiliano-Candau-95635
Lucas Funes,,,,,,,M,,,0,0,sherdog,https://www.sherdog.com/fighter/Lucas-Funes-95653
Gaston Micucci,,,,,,,M,,,0,0,sherdog,https://www.sherdog.com/fighter/Gaston-Micucci-95633
Paulo Nogueira,,,,,,,M,,,0,0,sherdog,https://www.sherdog.com/fighter/Paulo-Nogueira-415901
Fernando Henrique,,,,,,,M,,,0,0,sherdog,https://www.sherdog.com/fighter/Fernando-Henrique-212869
Maycon Alcino,,,,,,,M,,,0,0,sherdog,https://www.sherdog.com/fighter/Maycon-Alcino-289949
Mateus Sales,,,,,,,M,,,0,0,sherdog,https://www.sherdog.com/fighter/Mateus-Sales-453297
Pedro Sousa,,,,,,,M,,,0,0,sherdog,https://www.sherdog.com/fighter/Pedro-Sousa-447560
Pedro Freitas,,,,,,,M,,,0,0,sherdog,https://www.sherdog.com/fighter/Pedro-Freitas-453619
Calvin Kattar,,,,,Featherweight,ufc-roster,M,,,0,0,sherdog,https://www.sherdog.com/fighter/Calvin-Kattar-23782
Sodiq Yusuff,,,,,Lightweight,ufc-roster,M,,,0,0,sherdog,https://www.sherdog.com/fighter/Sodiq-Yusuff-152359
Nik Lentz,,,,,,,M,,,0,0,sherdog,https://www.sherdog.com/fighter/Nik-Lentz-15058
Gilbert Melendez,,,,,,,M,,,0,0,sherdog,https://www.sherdog.com/fighter/Gilbert-Melendez-5545
Jordan Rinaldi,,,,,,,M,,,0,0,sherdog,https://www.sherdog.com/fighter/Jordan-Rinaldi-53815
Mads Burnell,,,,,,,M,,,0,0,sherdog,https://www.sherdog.com/fighter/Mads-Burnell-84910
Makwan Amirkhani,,,,,,,M,,,0,0,sherdog,https://www.sherdog.com/fighter/Makwan-Amirkhani-69406
Yaotzin Meza,,,,,,,M,,,0,0,sherdog,https://www.sherdog.com/fighter/Yaotzin-Meza-15937
Alan Omer,,,,,,,M,,,0,0,sherdog,https://www.sherdog.com/fighter/Alan-Omer-23437
Paul Cook,,,,,,,M,,,0,0,sherdog,https://www.sherdog.com/fighter/Paul-Cook-44762
Gaetano Pirrello,,,,,,,M,,,0,0,sherdog,https://www.sherdog.com/fighter/Gaetano-Pirrello-54431
Marcin Wrzosek,,,,,,,M,,,0,0,sherdog,https://www.sherdog.com/fighter/Marcin-Wrzosek-85623
Tobias Huber,,,,,,,M,,,0,0,sherdog,https://www.sherdog.com/fighter/Tobias-Huber-93375
Doni Miller,,,,,,,M,,,0,0,sherdog,https://www.sherdog.com/fighter/Doni-Miller-38134
Declan Williams,,,,,,,M,,,0,0,sherdog,https://www.sherdog.com/fighter/Declan-Williams-49704
Andy Green,,,,,,,M,,,0,0,sherdog,https://www.sherdog.com/fighter/Andy-Green-75650
Carl Orriss,,,,,,,M,,,0,0,sherdog,https://www.sherdog.com/fighter/Carl-Orriss-92131
Kim Tinghaugen,,,,,,,M,,,0,0,sherdog,https://www.sherdog.com/fighter/Kim-Tinghaugen-61143
Nathan Greyson,,,,,,,M,,,0,0,sherdog,https://www.sherdog.com/fighter/Nathan-Greyson-87717
Jose Medina,,,,,,,M,,,0,0,sherdog,https://www.sherdog.com/fighter/Jose-Medina-251871
Zachary Reese,,,,,Middleweight,ufc-roster,M,,,0,0,sherdog,https://www.sherdog.com/fighter/Zachary-Reese-100903
Jordan Wright,,,,,,,M,,,0,0,sherdog,https://www.sherdog.com/fighter/Jordan-Wright-79138
Maki Pitolo,,,,,,,M,,,0,0,sherdog,https://www.sherdog.com/fighter/Maki-Pitolo-51049
Dequan Townsend,,,,,,,M,,,0,0,sherdog,https://www.sherdog.com/fighter/Dequan-Townsend-91563
Teddy Ash,,,,,,,M,,,0,0,sherdog,https://www.sherdog.com/fighter/Teddy-Ash-101379
Kazuo Takahashi,,,,,,,M,,,0,0,sherdog,https://www.sherdog.com/fighter/Kazuo-Takahashi-153
Shota Gvasalia,,,,,,,M,,,0,0,sherdog,https://www.sherdog.com/fighter/Shota-Gvasalia-148993
Albert Micura,,,,,,,M,,,0,0,sherdog,https://www.sherdog.com/fighter/Albert-Micura-221617
Toni Markulev,,,,,,,M,,,0,0,sherdog,https://www.sherdog.com/fighter/Toni-Markulev-122299
Frantisek Boban,,,,,,,M,,,0,0,sherdog,https://www.sherdog.com/fighter/Frantisek-Boban-95123
Srdjan Knezevic,,,,,,,M,,,0,0,sherdog,https://www.sherdog.com/fighter/Srdjan-Knezevic-90427
Ilian Bouafia,,,,,,,M,,,0,0,sherdog,https://www.sherdog.com/fighter/Ilian-Bouafia-389398
Moacir Rocha,,,,,,,M,,,0,0,sherdog,https://www.sherdog.com/fighter/Moacir-Rocha-240319
Thiago Hayne,,,,,,,M,,,0,0,sherdog,https://www.sherdog.com/fighter/Thiago-Hayne-199037
Daichi Henry Mikami,,,,,,,M,,,0,0,sherdog,https://www.sherdog.com/fighter/Daichi-Henry-Mikami-392951
Marco Tulio,,,,,,,M,,,0,0,sherdog,https://www.sherdog.com/fighter/Marco-Tulio-263543
Alexis Fontes,,,,,,,M,,,0,0,sherdog,https://www.sherdog.com/fighter/Alexis-Fontes-273195
Geison Santana Moreno,,,,,,,M,,,0,0,sherdog,https://www.sherdog.com/fighter/Geison-Santana-Moreno-373109
Tobiasz Lewandowski,,,,,,,M,,,0,0,sherdog,https://www.sherdog.com/fighter/Tobiasz-Lewandowski-320365
Giorgi Egnatashvili,,,,,,,M,,,0,0,sherdog,https://www.sherdog.com/fighter/Giorgi-Egnatashvili-365283
Youcef Ouabbas,,,,,,,M,,,0,0,sherdog,https://www.sherdog.com/fighter/Youcef-Ouabbas-306711
Mathias Rieucros,,,,,,,M,,,0,0,sherdog,https://www.sherdog.com/fighter/Mathias-Rieucros-333699
Louis Laurent,,,,,,,M,,,0,0,sherdog,https://www.sherdog.com/fighter/Louis-Laurent-291949
Wissame Akhmouch,,,,,,,M,,,0,0,sherdog,https://www.sherdog.com/fighter/Wissame-Akhmouch-268781
Jimmy Drago,,,,,,,M,,,0,0,sherdog,https://www.sherdog.com/fighter/Jimmy-Drago-293809
Arthur de Barros Vieira Rocha,,,,,,,M,,,0,0,sherdog,https://www.sherdog.com/fighter/Arthur-de-Barros-Vieira-Rocha-307751
Ryan Charlebois,,,,,,,M,,,0,0,sherdog,https://www.sherdog.com/fighter/Ryan-Charlebois-321209
Michael Tovar,,,,,,,M,,,0,0,sherdog,https://www.sherdog.com/fighter/Michael-Tovar-258241
Manny Morales,,,,,,,M,,,0,0,sherdog,https://www.sherdog.com/fighter/Manny-Morales-306121
Eric Nolan,,,,,,,M,,,0,0,sherdog,https://www.sherdog.com/fighter/Eric-Nolan-346419
Justin Dorsey,,,,,,,M,,,0,0,sherdog,https://www.sherdog.com/fighter/Justin-Dorsey-352565
Paul Craig,,,,,,,M,,,0,0,sherdog,https://www.sherdog.com/fighter/Paul-Craig-110167
Makhmud Muradov,,,,,,,M,,,0,0,sherdog,https://www.sherdog.com/fighter/Makhmud-Muradov-109565
Gadzhi Omargadzhiev,,,,,,,M,,,0,0,sherdog,https://www.sherdog.com/fighter/Gadzhi-Omargadzhiev-145315
Jesse Murray,,,,,,,M,,,0,0,sherdog,https://www.sherdog.com/fighter/Jesse-Murray-149445
Aaron Jeffery,,,,,,,M,,,0,0,sherdog,https://www.sherdog.com/fighter/Aaron-Jeffery-127631
Wildemar Souza Santos,,,,,,,M,,,0,0,sherdog,https://www.sherdog.com/fighter/Wildemar-Souza-Santos-230155
Ykaro Queiroz,,,,,,,M,,,0,0,sherdog,https://www.sherdog.com/fighter/Ykaro-Queiroz-321621
Otavio Sagas,,,,,,,M,,,0,0,sherdog,https://www.sherdog.com/fighter/Otavio-Sagas-172137
Luiz Carlos Alves,,,,,,,M,,,0,0,sherdog,https://www.sherdog.com/fighter/Luiz-Carlos-Alves-181163
Douglas Nascimento,,,,,,,M,,,0,0,sherdog,https://www.sherdog.com/fighter/Douglas-Nascimento-235343
Raylander Marques,,,,,,,M,,,0,0,sherdog,https://www.sherdog.com/fighter/Raylander-Marques-281031
Edson Junior,,,,,,,M,,,0,0,sherdog,https://www.sherdog.com/fighter/Edson-Junior-176523
Joao Carvalho,,,,,,,M,,,0,0,sherdog,https://www.sherdog.com/fighter/Joao-Carvalho-132759
Cleiton Rafael,,,,,,,M,,,0,0,sherdog,https://www.sherdog.com/fighter/Cleiton-Rafael-188045
Marina Rodriguez,,,,,,,F,,,0,0,sherdog,https://www.sherdog.com/fighter/Marina-Rodriguez-193977
Kanako Murata,,,,,,,F,,,0,0,sherdog,https://www.sherdog.com/fighter/Kanako-Murata-219081
Mallory Martin,,,,,,,F,,,0,0,sherdog,https://www.sherdog.com/fighter/Mallory-Martin-200771
Janaisa Morandin,,,,,,,F,,,0,0,sherdog,https://www.sherdog.com/fighter/Janaisa-Morandin-126635
Amy Montenegro,,,,,,,F,,,0,0,sherdog,https://www.sherdog.com/fighter/Amy-Montenegro-85014
Ericka Almeida,,,,,,,F,,,0,0,sherdog,https://www.sherdog.com/fighter/Ericka-Almeida-98419
Suiane Teixeira dos Santos,,,,,,,F,,,0,0,sherdog,https://www.sherdog.com/fighter/Suiane-Teixeira-dos-Santos-234199
Lisa Ellis,,,,,,,F,,,0,0,sherdog,https://www.sherdog.com/fighter/Lisa-Ellis-10071
Cristiane Lima Silva,,,,,,,F,,,0,0,sherdog,https://www.sherdog.com/fighter/Cristiane-Lima-Silva-204513
Anne Karoline Nascimento,,,,,,,F,,,0,0,sherdog,https://www.sherdog.com/fighter/Anne-Karoline-Nascimento-120409
Carla Ramos,,,,,,,F,,,0,0,sherdog,https://www.sherdog.com/fighter/Carla-Ramos-192831
Camila Lima,,,,,,,F,,,0,0,sherdog,https://www.sherdog.com/fighter/Camila-Lima-81020
Gina Brito Silva Santana,,,,,,,F,,,0,0,sherdog,https://www.sherdog.com/fighter/Gina-Brito-Silva-Santana-89937
Joana Santana,,,,,,,F,,,0,0,sherdog,https://www.sherdog.com/fighter/Joana-Santana-137559
Koji Takeda,,,,,,,M,,,0,0,sherdog,https://www.sherdog.com/fighter/Koji-Takeda-243733
Akira Okada,,,,,,,M,,,0,0,sherdog,https://www.sherdog.com/fighter/Akira-Okada-63782
Alexandr Shabliy,,,,,,,M,,,0,0,sherdog,https://www.sherdog.com/fighter/Alexandr-Shabliy-72353
Sidney Outlaw,,,,,,,M,,,0,0,sherdog,https://www.sherdog.com/fighter/Sidney-Outlaw-64243
Roberto Satoshi de Souza,,,,,,,M,,,0,0,sherdog,https://www.sherdog.com/fighter/Roberto-Satoshi-de-Souza-148081
Patricky Freire,,,,,,,M,,,0,0,sherdog,https://www.sherdog.com/fighter/Patricky-Freire-38544
Johnny Case,,,,,,,M,,,0,0,sherdog,https://www.sherdog.com/fighter/Johnny-Case-28017
Damien Brown,,,,,,,M,,,0,0,sherdog,https://www.sherdog.com/fighter/Damien-Brown-62243
Daron Cruickshank,,,,,,,M,,,0,0,sherdog,https://www.sherdog.com/fighter/Daron-Cruickshank-53717
Nobumitsu Osawa,,,,,,,M,,,0,0,sherdog,https://www.sherdog.com/fighter/Nobumitsu-Osawa-76953
Marif Piraev,,,,,,,M,,,0,0,sherdog,https://www.sherdog.com/fighter/Marif-Piraev-90735
Zurab Betergaraev,,,,,,,M,,,0,0,sherdog,https://www.sherdog.com/fighter/Zurab-Betergaraev-146751
Murat Kocaturk,,,,,,,M,,,0,0,sherdog,https://www.sherdog.com/fighter/Murat-Kocaturk-287633
Murad Shakhbanov,,,,,,,M,,,0,0,sherdog,https://www.sherdog.com/fighter/Murad-Shakhbanov-82830
Ayub Fahimi,,,,,,,M,,,0,0,sherdog,https://www.sherdog.com/fighter/Ayub-Fahimi-182333
Ooi Aik Tong,,,,,,,M,,,0,0,sherdog,https://www.sherdog.com/fighter/Ooi-Aik-Tong-157775
Jiang Tao,,,,,,,M,,,0,0,sherdog,https://www.sherdog.com/fighter/Jiang-Tao-222535
Shamil Magomedzagidov,,,,,,,M,,,0,0,sherdog,https://www.sherdog.com/fighter/Shamil-Magomedzagidov-208595
Magomed Alkuliev,,,,,,,M,,,0,0,sherdog,https://www.sherdog.com/fighter/Magomed-Alkuliev-208651
Aigun Akhmedov,,,,,,,M,,,0,0,sherdog,https://www.sherdog.com/fighter/Aigun-Akhmedov-102505
Said Khalilov,,,,,,,M,,,0,0,sherdog,https://www.sherdog.com/fighter/Said-Khalilov-11791
Evgeny Lakhin,,,,,,,M,,,0,0,sherdog,https://www.sherdog.com/fighter/Evgeny-Lakhin-76657
Musulman Muslimov,,,,,,,M,,,0,0,sherdog,https://www.sherdog.com/fighter/Musulman-Muslimov-161117
Mukhamed Berkhamov,,,,,,,M,,,0,0,sherdog,https://www.sherdog.com/fighter/Mukhamed-Berkhamov-137121
Emilbek Beknazarov,,,,,,,M,,,0,0,sherdog,https://www.sherdog.com/fighter/Emilbek-Beknazarov-145313
Yavuz Selim Kazanci,,,,,,,M,,,0,0,sherdog,https://www.sherdog.com/fighter/Yavuz-Selim-Kazanci-238285
Andre Petroski,,,,,Middleweight,ufc-roster,M,,,0,0,sherdog,https://www.sherdog.com/fighter/Andre-Petroski-215253
Cody Brundage,,,,,Middleweight,ufc-roster,M,,,0,0,sherdog,https://www.sherdog.com/fighter/Cody-Brundage-281913
Chris Curtis,,,,,Welterweight,ufc-roster,M,,,0,0,sherdog,https://www.sherdog.com/fighter/Chris-Curtis-48039
Saparbek Safarov,,,,,,,M,,,0,0,sherdog,https://www.sherdog.com/fighter/Saparbek-Safarov-76834
Oskar Piechota,,,,,,,M,,,0,0,sherdog,https://www.sherdog.com/fighter/Oskar-Piechota-77303
Vitaliy Nemchinov,,,,,,,M,,,0,0,sherdog,https://www.sherdog.com/fighter/Vitaliy-Nemchinov-186929
Jacob Holyman-Tague,,,,,,,M,,,0,0,sherdog,https://www.sherdog.com/fighter/Jacob-HolymanTague-107967
Alexander Neufang,,,,,,,M,,,0,0,sherdog,https://www.sherdog.com/fighter/Alexander-Neufang-93273
Fagner Rakchal,,,,,,,M,,,0,0,sherdog,https://www.sherdog.com/fighter/Fagner-Rakchal-136941
Zarylbek Daniyar,,,,,,,M,,,0,0,sherdog,https://www.sherdog.com/fighter/Zarylbek-Daniyar-217379
Kelvin Gastelum,,,,,Middleweight,ufc-roster,M,,,0,0,sherdog,https://www.sherdog.com/fighter/Kelvin-Gastelum-74700
Dwight Grant,,,,,,,M,,,0,0,sherdog,https://www.sherdog.com/fighter/Dwight-Grant-68983
Gerald Meerschaert,,,,,Middleweight,ufc-roster,M,,,0,0,sherdog,https://www.sherdog.com/fighter/Gerald-Meerschaert-21501
Kyle Daukaus,,,,,Middleweight,ufc-roster,M,,,0,0,sherdog,https://www.sherdog.com/fighter/Kyle-Daukaus-83350
Nihad Nasufovic,,,,,,,M,,,0,0,sherdog,https://www.sherdog.com/fighter/Nihad-Nasufovic-107193
Jonas Billstein,,,,,,,M,,,0,0,sherdog,https://www.sherdog.com/fighter/Jonas-Billstein-55146
Filip Zadruzynski,,,,,,,M,,,0,0,sherdog,https://www.sherdog.com/fighter/Filip-Zadruzynski-120891
Roman Kapranov,,,,,,,M,,,0,0,sherdog,https://www.sherdog.com/fighter/Roman-Kapranov-93271
Selim Agaev,,,,,,,M,,,0,0,sherdog,https://www.sherdog.com/fighter/Selim-Agaev-174351
Mario Wittmann,,,,,,,M,,,0,0,sherdog,https://www.sherdog.com/fighter/Mario-Wittmann-79135
David Moscatelli,,,,,,,M,,,0,0,sherdog,https://www.sherdog.com/fighter/David-Moscatelli-153693
Eugen Weber,,,,,,,M,,,0,0,sherdog,https://www.sherdog.com/fighter/Eugen-Weber-90449
Arda Adas,,,,,,,M,,,0,0,sherdog,https://www.sherdog.com/fighter/Arda-Adas-71158
Christian Skorzik,,,,,,,M,,,0,0,sherdog,https://www.sherdog.com/fighter/Christian-Skorzik-106621
Abu Dzamaldaev,,,,,,,M,,,0,0,sherdog,https://www.sherdog.com/fighter/Abu-Dzamaldaev-120213
Rasul Alautdinov,,,,,,,M,,,0,0,sherdog,https://www.sherdog.com/fighter/Rasul-Alautdinov-186549
Kyril Kolomcec,,,,,,,M,,,0,0,sherdog,https://www.sherdog.com/fighter/Kyril-Kolomcec-182149
Diana Belbita,,,,,,,F,,,0,0,sherdog,https://www.sherdog.com/fighter/Diana-Belbita-174381
Silvana Gomez Juarez,,,,,,,F,,,0,0,sherdog,https://www.sherdog.com/fighter/Silvana-Gomez-Juarez-69518
Jessica Penne,,,,,,,F,,,0,0,sherdog,https://www.sherdog.com/fighter/Jessica-Penne-21247
Michelle Waterson-Gomez,,,,,,,F,,,0,0,sherdog,https://www.sherdog.com/fighter/Michelle-WatersonGomez-23091
Jodie Esquibel,,,,,,,F,,,0,0,sherdog,https://www.sherdog.com/fighter/Jodie-Esquibel-66876
Claudia Gadelha,,,,,,,F,,,0,0,sherdog,https://www.sherdog.com/fighter/Claudia-Gadelha-48404
Kalindra Faria,,,,,,,F,,,0,0,sherdog,https://www.sherdog.com/fighter/Kalindra-Faria-48080
Jasminka Cive,,,,,,,F,,,0,0,sherdog,https://www.sherdog.com/fighter/Jasminka-Cive-73771
Simona Soukupova,,,,,,,F,,,0,0,sherdog,https://www.sherdog.com/fighter/Simona-Soukupova-61609
Marta Chojnoska,,,,,,,F,,,0,0,sherdog,https://www.sherdog.com/fighter/Marta-Chojnoska-98153
Paulina Bonkowska,,,,,,,F,,,0,0,sherdog,https://www.sherdog.com/fighter/Paulina-Bonkowska-86479
Marzena Wojas,,,,,,,F,,,0,0,sherdog,https://www.sherdog.com/fighter/Marzena-Wojas-101403
Jin Aoi,,,,,,,M,,,0,0,sherdog,https://www.sherdog.com/fighter/Jin-Aoi-167105
Takumi Suzuki,,,,,,,M,,,0,0,sherdog,https://www.sherdog.com/fighter/Takumi-Suzuki-147407
Yoshiki Nakahara,,,,,,,M,,,0,0,sherdog,https://www.sherdog.com/fighter/Yoshiki-Nakahara-120707
Ryo Takagi,,,,,,,M,,,0,0,sherdog,https://www.sherdog.com/fighter/Ryo-Takagi-58002
Masuto Kawana,,,,,,,M,,,0,0,sherdog,https://www.sherdog.com/fighter/Masuto-Kawana-387670
Shunichi Shimizu,,,,,,,M,,,0,0,sherdog,https://www.sherdog.com/fighter/Shunichi-Shimizu-22677
Hoang Minh Dang,,,,,,,M,,,0,0,sherdog,https://www.sherdog.com/fighter/Hoang-Minh-Dang-433591
Jin Soo Seo,,,,,,,M,,,0,0,sherdog,https://www.sherdog.com/fighter/Jin-Soo-Seo-174929
Victor Georgsen,,,,,,,M,,,0,0,sherdog,https://www.sherdog.com/fighter/Victor-Georgsen-310665
Dae Myung Kim,,,,,,,M,,,0,0,sherdog,https://www.sherdog.com/fighter/Dae-Myung-Kim-28971
Yong Ho Kim,,,,,,,M,,,0,0,sherdog,https://www.sherdog.com/fighter/Yong-Ho-Kim-127983
Megumi Sugimoto,,,,,,,F,,,0,0,sherdog,https://www.sherdog.com/fighter/Megumi-Sugimoto-139899
Gillian Noll,,,,,,,F,,,0,0,sherdog,https://www.sherdog.com/fighter/Gillian-Noll-196457
Alitzel Mariscal,,,,,,,F,,,0,0,sherdog,https://www.sherdog.com/fighter/Alitzel-Mariscal-302519
Naomi Tataroglu,,,,,,,F,,,0,0,sherdog,https://www.sherdog.com/fighter/Naomi-Tataroglu-364699
Yessica Ortega,,,,,,,F,,,0,0,sherdog,https://www.sherdog.com/fighter/Yessica-Ortega-334927
Andrea Amaro,,,,,,,F,,,0,0,sherdog,https://www.sherdog.com/fighter/Andrea-Amaro-221243
Gisselle Garcia Villanueva,,,,,,,F,,,0,0,sherdog,https://www.sherdog.com/fighter/Gisselle-Garcia-Villanueva-393893
Samara Santos,,,,,,,F,,,0,0,sherdog,https://www.sherdog.com/fighter/Samara-Santos-203759
Marina Merchuk,,,,,,,F,,,0,0,sherdog,https://www.sherdog.com/fighter/Marina-Merchuk-415176
Maristela Alves do Nascimento,,,,,,,F,,,0,0,sherdog,https://www.sherdog.com/fighter/Maristela-Alves-do-Nascimento-304413
Marina Nica,,,,,,,F,,,0,0,sherdog,https://www.sherdog.com/fighter/Marina-Nica-393362
Samin Kamal Beik,,,,,,,F,,,0,0,sherdog,https://www.sherdog.com/fighter/Samin-Kamal-Beik-212769
Indy Briar,,,,,,,F,,,0,0,sherdog,https://www.sherdog.com/fighter/Indy-Briar-199339
Elina Tauber,,,,,,,F,,,0,0,sherdog,https://www.sherdog.com/fighter/Elina-Tauber-385636
Jovana Dukic,,,,,,,F,,,0,0,sherdog,https://www.sherdog.com/fighter/Jovana-Dukic-398529
Alexander Hernandez,,,,,Lightweight,ufc-roster,M,,,0,0,sherdog,https://www.sherdog.com/fighter/Alexander-Hernandez-97669
Gregor Gillespie,,,,,,,M,,,0,0,sherdog,https://www.sherdog.com/fighter/Gregor-Gillespie-111701
Anthony Pettis,,,,,,,M,,,0,0,sherdog,https://www.sherdog.com/fighter/Anthony-Pettis-26627
Mairbek Taisumov,,,,,,,M,,,0,0,sherdog,https://www.sherdog.com/fighter/Mairbek-Taisumov-33161
Rustam Khabilov,,,,,,,M,,,0,0,sherdog,https://www.sherdog.com/fighter/Rustam-Khabilov-45417
Jared Gordon,,,,,Lightweight,ufc-roster,M,,,0,0,sherdog,https://www.sherdog.com/fighter/Jared-Gordon-74057
Olivier Aubin-Mercier,,,,,,,M,,,0,0,sherdog,https://www.sherdog.com/fighter/Olivier-AubinMercier-86241
Ramsey Nijem,,,,,,,M,,,0,0,sherdog,https://www.sherdog.com/fighter/Ramsey-Nijem-36963
Colton Smith,,,,,,,M,,,0,0,sherdog,https://www.sherdog.com/fighter/Colton-Smith-63163
Jorge Patino,,,,,,,M,,,0,0,sherdog,https://www.sherdog.com/fighter/Jorge-Patino-1015
Chris Feist,,,,,,,M,,,0,0,sherdog,https://www.sherdog.com/fighter/Chris-Feist-71789
Carlo Prater,,,,,,,M,,,0,0,sherdog,https://www.sherdog.com/fighter/Carlo-Prater-6767
Danny Salinas,,,,,,,M,,,0,0,sherdog,https://www.sherdog.com/fighter/Danny-Salinas-38025
Jorge Cortez,,,,,,,M,,,0,0,sherdog,https://www.sherdog.com/fighter/Jorge-Cortez-45269
Travonne Hobbs,,,,,,,M,,,0,0,sherdog,https://www.sherdog.com/fighter/Travonne-Hobbs-105411
Hector Munoz,,,,,,,M,,,0,0,sherdog,https://www.sherdog.com/fighter/Hector-Munoz-5144
Clint Roberts,,,,,,,M,,,0,0,sherdog,https://www.sherdog.com/fighter/Clint-Roberts-74600
Joseph Daily,,,,,,,M,,,0,0,sherdog,https://www.sherdog.com/fighter/Joseph-Daily-45268
Ilir Latifi,,,,,,,M,,,0,0,sherdog,https://www.sherdog.com/fighter/Ilir-Latifi-40207
Daniel Cormier,,,,,,,M,,,0,0,sherdog,https://www.sherdog.com/fighter/Daniel-Cormier-52311
Misha Cirkunov,,,,,,,M,,,0,0,sherdog,https://www.sherdog.com/fighter/Misha-Cirkunov-59197
Ovince St. Preux,,,,,,,M,,,0,0,sherdog,https://www.sherdog.com/fighter/Ovince-St-Preux-38842
Alikhan Vakhaev,,,,,,,M,,,0,0,sherdog,https://www.sherdog.com/fighter/Alikhan-Vakhaev-162651
Paco Estevez,,,,,,,M,,,0,0,sherdog,https://www.sherdog.com/fighter/Paco-Estevez-50848
Kelly Anundson,,,,,,,M,,,0,0,sherdog,https://www.sherdog.com/fighter/Kelly-Anundson-70064
Josh Lanier,,,,,,,M,,,0,0,sherdog,https://www.sherdog.com/fighter/Josh-Lanier-21954
David Round,,,,,,,M,,,0,0,sherdog,https://www.sherdog.com/fighter/David-Round-47941
Angelier Benjamin,,,,,,,M,,,0,0,sherdog,https://www.sherdog.com/fighter/Angelier-Benjamin-78997
Benyaich Mohamed,,,,,,,M,,,0,0,sherdog,https://www.sherdog.com/fighter/Benyaich-Mohamed-128733
Mohamed Amidi,,,,,,,M,,,0,0,sherdog,https://www.sherdog.com/fighter/Mohamed-Amidi-111697
Bruno Farias Grancheux,,,,,,,M,,,0,0,sherdog,https://www.sherdog.com/fighter/Bruno-Farias-Grancheux-50931
Ronilson Santos,,,,,,,M,,,0,0,sherdog,https://www.sherdog.com/fighter/Ronilson-Santos-101293
Mamadou Cisse,,,,,,,M,,,0,0,sherdog,https://www.sherdog.com/fighter/Mamadou-Cisse-57604
Boubacar Balde,,,,,,,M,,,0,0,sherdog,https://www.sherdog.com/fighter/Boubacar-Balde-76802
Martin Vath,,,,,,,M,,,0,0,sherdog,https://www.sherdog.com/fighter/Martin-Vath-41162
Thiago Moises,,,,,,,M,,,0,0,sherdog,https://www.sherdog.com/fighter/Thiago-Moises-130351
Eric Grant,,,,,,,M,,,0,0,sherdog,https://www.sherdog.com/fighter/Eric-Grant-159799
Josh Tulley,,,,,,,M,,,0,0,sherdog,https://www.sherdog.com/fighter/Josh-Tulley-33247
Brexton Everett,,,,,,,M,,,0,0,sherdog,https://www.sherdog.com/fighter/Brexton-Everett-210159
Luis Muro,,,,,,,M,,,0,0,sherdog,https://www.sherdog.com/fighter/Luis-Muro-81965
Bobby Lee,,,,,,,M,,,0,0,sherdog,https://www.sherdog.com/fighter/Bobby-Lee-229583
Demagio Smith,,,,,,,M,,,0,0,sherdog,https://www.sherdog.com/fighter/Demagio-Smith-183981
David Evans,,,,,,,M,,,0,0,sherdog,https://www.sherdog.com/fighter/David-Evans-201707
Cliff Wright,,,,,,,M,,,0,0,sherdog,https://www.sherdog.com/fighter/Cliff-Wright-40852
Chase Kuebler,,,,,,,M,,,0,0,sherdog,https://www.sherdog.com/fighter/Chase-Kuebler-326433
Shea Conley,,,,,,,M,,,0,0,sherdog,https://www.sherdog.com/fighter/Shea-Conley-312113
Guram Kutateladze,,,,,,,M,,,0,0,sherdog,https://www.sherdog.com/fighter/Guram-Kutateladze-127817
Nic Ouellet,,,,,,,M,,,0,0,sherdog,https://www.sherdog.com/fighter/Nic-Ouellet-309455
Jeremy Henry,,,,,,,M,,,0,0,sherdog,https://www.sherdog.com/fighter/Jeremy-Henry-326437
Adam Borics,,,,,,,M,,,0,0,sherdog,https://www.sherdog.com/fighter/Adam-Borics-198059
Movlid Khaybulaev,,,,,,,M,,,0,0,sherdog,https://www.sherdog.com/fighter/Movlid-Khaybulaev-109571
Gabriel Braga,,,,,,,M,,,0,0,sherdog,https://www.sherdog.com/fighter/Gabriel-Braga-291537
Pedro Carvalho,,,,,,,M,,,0,0,sherdog,https://www.sherdog.com/fighter/Pedro-Carvalho-119051
Emmanuel Sanchez,,,,,,,M,,,0,0,sherdog,https://www.sherdog.com/fighter/Emmanuel-Sanchez-29839
Matt Bessette,,,,,,,M,,,0,0,sherdog,https://www.sherdog.com/fighter/Matt-Bessette-34374
Daniel Pineda,,,,,,,M,,,0,0,sherdog,https://www.sherdog.com/fighter/Daniel-Pineda-21564
Luis Rafael Laurentino,,,,,,,M,,,0,0,sherdog,https://www.sherdog.com/fighter/Luis-Rafael-Laurentino-101905
Steven Siler,,,,,,,M,,,0,0,sherdog,https://www.sherdog.com/fighter/Steven-Siler-22537
Marat Magomedov,,,,,,,M,,,0,0,sherdog,https://www.sherdog.com/fighter/Marat-Magomedov-83455
Danyel Pilo,,,,,,,M,,,0,0,sherdog,https://www.sherdog.com/fighter/Danyel-Pilo-53971
Kyle Bochniak,,,,,,,M,,,0,0,sherdog,https://www.sherdog.com/fighter/Kyle-Bochniak-86246
Rony Mariano Bezerra,,,,,,,M,,,0,0,sherdog,https://www.sherdog.com/fighter/Rony-Mariano-Bezerra-38190
Alessandro Ricci,,,,,,,M,,,0,0,sherdog,https://www.sherdog.com/fighter/Alessandro-Ricci-74266
Drew Brokenshire,,,,,,,M,,,0,0,sherdog,https://www.sherdog.com/fighter/Drew-Brokenshire-45427
Mario Pereira,,,,,,,M,,,0,0,sherdog,https://www.sherdog.com/fighter/Mario-Pereira-121015
Andre Da Silva,,,,,,,M,,,0,0,sherdog,https://www.sherdog.com/fighter/Andre-Da-Silva-111363
Matthew Middleton,,,,,,,M,,,0,0,sherdog,https://www.sherdog.com/fighter/Matthew-Middleton-173927
Viktor Larsson,,,,,,,M,,,0,0,sherdog,https://www.sherdog.com/fighter/Viktor-Larsson-157437
Natthapol Thanaruethai,,,,,,,M,,,0,0,sherdog,https://www.sherdog.com/fighter/Natthapol-Thanaruethai-148581
Blake Shearing,,,,,,,M,,,0,0,sherdog,https://www.sherdog.com/fighter/Blake-Shearing-142475
Dan Lin,,,,,,,M,,,0,0,sherdog,https://www.sherdog.com/fighter/Dan-Lin-54111
Liz Carmouche,,,,,,,F,,,0,0,sherdog,https://www.sherdog.com/fighter/Liz-Carmouche-67007
Shanna Young,,,,,,,F,,,0,0,sherdog,https://www.sherdog.com/fighter/Shanna-Young-126277
Jennifer Maia,,,,,,,F,,,0,0,sherdog,https://www.sherdog.com/fighter/Jennifer-Maia-57135
Andrea Lee,,,,,,,F,,,0,0,sherdog,https://www.sherdog.com/fighter/Andrea-Lee-149037
Katlyn Cerminara,,,,,,,F,,,0,0,sherdog,https://www.sherdog.com/fighter/Katlyn-Cerminara-119071
Roxanne Modafferi,,,,,,,F,,,0,0,sherdog,https://www.sherdog.com/fighter/Roxanne-Modafferi-8785
Montana De La Rosa,,,,,,,F,,,0,0,sherdog,https://www.sherdog.com/fighter/Montana-De-La-Rosa-175479
Jessica Eye,,,,,,,F,,,0,0,sherdog,https://www.sherdog.com/fighter/Jessica-Eye-39575
Alexis Davis,,,,,,,F,,,0,0,sherdog,https://www.sherdog.com/fighter/Alexis-Davis-22071
Talita Bernardo,,,,,,,F,,,0,0,sherdog,https://www.sherdog.com/fighter/Talita-Bernardo-186831
Ayaka Miura,,,,,,,F,,,0,0,sherdog,https://www.sherdog.com/fighter/Ayaka-Miura-164697
Deize Mayelem de Lima Araujo,,,,,,,F,,,0,0,sherdog,https://www.sherdog.com/fighter/Deize-Mayelem-de-Lima-Araujo-81137
Sarah Frota,,,,,,,F,,,0,0,sherdog,https://www.sherdog.com/fighter/Sarah-Frota-222541
Elaine Leal,,,,,,,F,,,0,0,sherdog,https://www.sherdog.com/fighter/Elaine-Leal-199039
Bianca de Araujo Carvalho,,,,,,,F,,,0,0,sherdog,https://www.sherdog.com/fighter/Bianca-de-Araujo-Carvalho-167931
Ana Karla Morais,,,,,,,F,,,0,0,sherdog,https://www.sherdog.com/fighter/Ana-Karla-Morais-146585
Melissa Croden,,,,,,,F,,,0,0,sherdog,https://www.sherdog.com/fighter/Melissa-Croden-234687
Melissa Mullins,,,,,,,F,,,0,0,sherdog,https://www.sherdog.com/fighter/Melissa-Mullins-287951
Montserrat Rendon,,,,,,,F,,,0,0,sherdog,https://www.sherdog.com/fighter/Montserrat-Rendon-392870
Marie Loiseau,,,,,,,F,,,0,0,sherdog,https://www.sherdog.com/fighter/Marie-Loiseau-293361
Liana Jojua,,,,,,,F,,,0,0,sherdog,https://www.sherdog.com/fighter/Liana-Jojua-208997
Meruert Ibraeva,,,,,,,F,,,0,0,sherdog,https://www.sherdog.com/fighter/Meruert-Ibraeva-380841
Andreina Reis Repolho,,,,,,,F,,,0,0,sherdog,https://www.sherdog.com/fighter/Andreina-Reis-Repolho-220459
Gozel Zutova,,,,,,,F,,,0,0,sherdog,https://www.sherdog.com/fighter/Gozel-Zutova-333387
Iryna Kyselova,,,,,,,F,,,0,0,sherdog,https://www.sherdog.com/fighter/Iryna-Kyselova-145077
Darina Mazdyuk,,,,,,,F,,,0,0,sherdog,https://www.sherdog.com/fighter/Darina-Mazdyuk-354401
Oksana Pavlovskaya,,,,,,,F,,,0,0,sherdog,https://www.sherdog.com/fighter/Oksana-Pavlovskaya-321443
Jaylon Bates,,,,,,,M,,,0,0,sherdog,https://www.sherdog.com/fighter/Jaylon-Bates-253957
Cris Lencioni,,,,,,,M,,,0,0,sherdog,https://www.sherdog.com/fighter/Cris-Lencioni-213799
Leomana Martinez,,,,,,,M,,,0,0,sherdog,https://www.sherdog.com/fighter/Leomana-Martinez-130553
Fard Muhammad,,,,,,,M,,,0,0,sherdog,https://www.sherdog.com/fighter/Fard-Muhammad-81104
Shaine Moffitt,,,,,,,M,,,0,0,sherdog,https://www.sherdog.com/fighter/Shaine-Moffitt-57176
Tony Gravely,,,,,,,M,,,0,0,sherdog,https://www.sherdog.com/fighter/Tony-Gravely-210575
Emeka Ifekandu,,,,,,,M,,,0,0,sherdog,https://www.sherdog.com/fighter/Emeka-Ifekandu-139393
Elliott Conn,,,,,,,M,,,0,0,sherdog,https://www.sherdog.com/fighter/Elliott-Conn-104985
Nathan Trepagnier,,,,,,,M,,,0,0,sherdog,https://www.sherdog.com/fighter/Nathan-Trepagnier-165275
Derek Perez,,,,,,,M,,,0,0,sherdog,https://www.sherdog.com/fighter/Derek-Perez-81098
Denis Chernikov,,,,,,,M,,,0,0,sherdog,https://www.sherdog.com/fighter/Denis-Chernikov-204101
Maksim Lylov,,,,,,,M,,,0,0,sherdog,https://www.sherdog.com/fighter/Maksim-Lylov-403150
Woo Ram Shim,,,,,,,M,,,0,0,sherdog,https://www.sherdog.com/fighter/Woo-Ram-Shim-416818
Vasily Melnikov,,,,,,,M,,,0,0,sherdog,https://www.sherdog.com/fighter/Vasily-Melnikov-442863
Korogly Kemilev,,,,,,,M,,,0,0,sherdog,https://www.sherdog.com/fighter/Korogly-Kemilev-450497
Biekedawulieti Biekedawulieti,,,,,,,M,,,0,0,sherdog,https://www.sherdog.com/fighter/Biekedawulieti-Biekedawulieti-440774
Unknown Fighter,,,,,,,,,,0,0,sherdog,javascript:void();
Changsheng Huo,,,,,,,M,,,0,0,sherdog,https://www.sherdog.com/fighter/Changsheng-Huo-382509
Themba Gorimbo,,,,,,,M,,,0,0,sherdog,https://www.sherdog.com/fighter/Themba-Gorimbo-117729
Rafael dos Anjos,,,,,Welterweight,ufc-roster,M,,,0,0,sherdog,https://www.sherdog.com/fighter/Rafael-dos-Anjos-11675
Michael Chiesa,,,,,,,M,,,0,0,sherdog,https://www.sherdog.com/fighter/Michael-Chiesa-46224
Tyron Woodley,,,,,,,M,,,0,0,sherdog,https://www.sherdog.com/fighter/Tyron-Woodley-42605
Randy Brown,,,,,Welterweight,ufc-roster,M,,,0,0,sherdog,https://www.sherdog.com/fighter/Randy-Brown-115641
Niko Price,,,,,,,M,,,0,0,sherdog,https://www.sherdog.com/fighter/Niko-Price-96921
Stephen Thompson,,,,,Welterweight,ufc-roster,M,,,0,0,sherdog,https://www.sherdog.com/fighter/Stephen-Thompson-59608
Derrick Krantz,,,,,,,M,,,0,0,sherdog,https://www.sherdog.com/fighter/Derrick-Krantz-35518
Bryan Barberena,,,,,,,M,,,0,0,sherdog,https://www.sherdog.com/fighter/Bryan-Barberena-51471
Chad Laprise,,,,,,,M,,,0,0,sherdog,https://www.sherdog.com/fighter/Chad-Laprise-69681
Hector Urbina,,,,,,,M,,,0,0,sherdog,https://www.sherdog.com/fighter/Hector-Urbina-18168
Alvaro Herrera,,,,,,,M,,,0,0,sherdog,https://www.sherdog.com/fighter/Alvaro-Herrera-44627
Hayder Hassan,,,,,,,M,,,0,0,sherdog,https://www.sherdog.com/fighter/Hayder-Hassan-46033
Michael Graves,,,,,,,M,,,0,0,sherdog,https://www.sherdog.com/fighter/Michael-Graves-64989
Paulistenio Rocha,,,,,,,M,,,0,0,sherdog,https://www.sherdog.com/fighter/Paulistenio-Rocha-102397
Carlos Alexandre Pereira,,,,,,,M,,,0,0,sherdog,https://www.sherdog.com/fighter/Carlos-Alexandre-Pereira-5990
Marcelo Lisboa,,,,,,,M,,,0,0,sherdog,https://www.sherdog.com/fighter/Marcelo-Lisboa-72621
Yuri Moura,,,,,,,M,,,0,0,sherdog,https://www.sherdog.com/fighter/Yuri-Moura-73628
Alfredo Souza,,,,,,,M,,,0,0,sherdog,https://www.sherdog.com/fighter/Alfredo-Souza-33232
Darlan Almeida,,,,,,,M,,,0,0,sherdog,https://www.sherdog.com/fighter/Darlan-Almeida-13355
Marcos Antonio Santana,,,,,,,M,,,0,0,sherdog,https://www.sherdog.com/fighter/Marcos-Antonio-Santana-11368
Rodrigo Medeiros,,,,,,,M,,,0,0,sherdog,https://www.sherdog.com/fighter/Rodrigo-Medeiros-27181
Felipe Portela,,,,,,,M,,,0,0,sherdog,https://www.sherdog.com/fighter/Felipe-Portela-38013
Pedro Borges dos Santos,,,,,,,M,,,0,0,sherdog,https://www.sherdog.com/fighter/Pedro-Borges-dos-Santos-101347
Andre Playboy,,,,,,,M,,,0,0,sherdog,https://www.sherdog.com/fighter/Andre-Playboy-101349
Ketlen Vieira,,,,,,,F,,,0,0,sherdog,https://www.sherdog.com/fighter/Ketlen-Vieira-178961
Irene Aldana,,,,,,,F,,,0,0,sherdog,https://www.sherdog.com/fighter/Irene-Aldana-148377
Germaine de Randamie,,,,,,,F,,,0,0,sherdog,https://www.sherdog.com/fighter/Germaine-de-Randamie-41745
Chelsea Chandler,,,,,Bantamweight,ufc-roster,F,,,0,0,sherdog,https://www.sherdog.com/fighter/Chelsea-Chandler-273105
Danyelle Wolf,,,,,,,F,,,0,0,sherdog,https://www.sherdog.com/fighter/Danyelle-Wolf-297121
Aspen Ladd,,,,,,,F,,,0,0,sherdog,https://www.sherdog.com/fighter/Aspen-Ladd-141393
Felicia Spencer,,,,,,,F,,,0,0,sherdog,https://www.sherdog.com/fighter/Felicia-Spencer-203909
Megan Anderson,,,,,,,F,,,0,0,sherdog,https://www.sherdog.com/fighter/Megan-Anderson-149769
Mariana Morais,,,,,,,F,,,0,0,sherdog,https://www.sherdog.com/fighter/Mariana-Morais-141747
Erica Leidianny Ribeiro,,,,,,,F,,,0,0,sherdog,https://www.sherdog.com/fighter/Erica-Leidianny-Ribeiro-156131
Patricia Borges Fernandes,,,,,,,F,,,0,0,sherdog,https://www.sherdog.com/fighter/Patricia-Borges-Fernandes-226461
Tainara Lisboa,,,,,,,F,,,0,0,sherdog,https://www.sherdog.com/fighter/Tainara-Lisboa-233589
Christos Giagos,,,,,,,M,,,0,0,sherdog,https://www.sherdog.com/fighter/Christos-Giagos-68130
Ross Pearson,,,,,,,M,,,0,0,sherdog,https://www.sherdog.com/fighter/Ross-Pearson-11884
Cole Miller,,,,,,,M,,,0,0,sherdog,https://www.sherdog.com/fighter/Cole-Miller-13133
Kyu Hwa Kim,,,,,,,M,,,0,0,sherdog,https://www.sherdog.com/fighter/Kyu-Hwa-Kim-111301
Masakazu Imanari,,,,,,,M,,,0,0,sherdog,https://www.sherdog.com/fighter/Masakazu-Imanari-4862
Daisuke Nakamura,,,,,,,M,,,0,0,sherdog,https://www.sherdog.com/fighter/Daisuke-Nakamura-4910
Rodrigo Damm,,,,,,,M,,,0,0,sherdog,https://www.sherdog.com/fighter/Rodrigo-Damm-11507
Rani Yahya,,,,,,,M,,,0,0,sherdog,https://www.sherdog.com/fighter/Rani-Yahya-10425
Pat Healy,,,,,,,M,,,0,0,sherdog,https://www.sherdog.com/fighter/Pat-Healy-6246
Seichi Ikemoto,,,,,,,M,,,0,0,sherdog,https://www.sherdog.com/fighter/Seichi-Ikemoto-1315
Katsunori Kikuno,,,,,,,M,,,0,0,sherdog,https://www.sherdog.com/fighter/Katsunori-Kikuno-16806
Shinya Aoki,,,,,,,M,,,0,0,sherdog,https://www.sherdog.com/fighter/Shinya-Aoki-10774
Satoru Kitaoka,,,,,,,M,,,0,0,sherdog,https://www.sherdog.com/fighter/Satoru-Kitaoka-1756
Katsuya Inoue,,,,,,,M,,,0,0,sherdog,https://www.sherdog.com/fighter/Katsuya-Inoue-6940
Kazunori Yokota,,,,,,,M,,,0,0,sherdog,https://www.sherdog.com/fighter/Kazunori-Yokota-11335
Ryan Schultz,,,,,,,M,,,0,0,sherdog,https://www.sherdog.com/fighter/Ryan-Schultz-7343
Tomonari Kanomata,,,,,,,M,,,0,0,sherdog,https://www.sherdog.com/fighter/Tomonari-Kanomata-5792
Johnny Frachey,,,,,,,M,,,0,0,sherdog,https://www.sherdog.com/fighter/Johnny-Frachey-8444
Do Gi Sin,,,,,,,M,,,0,0,sherdog,https://www.sherdog.com/fighter/Do-Gi-Sin-26519
Ganjo Tentsuku,,,,,,,M,,,0,0,sherdog,https://www.sherdog.com/fighter/Ganjo-Tentsuku-7717
Takashi Nakakura,,,,,,,M,,,0,0,sherdog,https://www.sherdog.com/fighter/Takashi-Nakakura-5369
Jin Kazeta,,,,,,,M,,,0,0,sherdog,https://www.sherdog.com/fighter/Jin-Kazeta-3485
Danilo Cherman,,,,,,,M,,,0,0,sherdog,https://www.sherdog.com/fighter/Danilo-Cherman-8922
Kabuto Kokage,,,,,,,M,,,0,0,sherdog,https://www.sherdog.com/fighter/Kabuto-Kokage-10739
Yoshihiro Koyama,,,,,,,M,,,0,0,sherdog,https://www.sherdog.com/fighter/Yoshihiro-Koyama-13391
Hiroaki Okada,,,,,,,M,,,0,0,sherdog,https://www.sherdog.com/fighter/Hiroaki-Okada-5168
Masaaki Yamamori,,,,,,,M,,,0,0,sherdog,https://www.sherdog.com/fighter/Masaaki-Yamamori-10109
Dimitry Andryushko,,,,,,,M,,,0,0,sherdog,https://www.sherdog.com/fighter/Dimitry-Andryushko-294159
Sergey Sengeim,,,,,,,M,,,0,0,sherdog,https://www.sherdog.com/fighter/Sergey-Sengeim-237925
Dmitry Vezhenko,,,,,,,M,,,0,0,sherdog,https://www.sherdog.com/fighter/Dmitry-Vezhenko-321013
Alex Nicholson,,,,,,,M,,,0,0,sherdog,https://www.sherdog.com/fighter/Alex-Nicholson-121077
Ben Edwards,,,,,,,M,,,0,0,sherdog,https://www.sherdog.com/fighter/Ben-Edwards-133805
Mikhail Mokhnatkin,,,,,,,M,,,0,0,sherdog,https://www.sherdog.com/fighter/Mikhail-Mokhnatkin-74843
Josh Copeland,,,,,,,M,,,0,0,sherdog,https://www.sherdog.com/fighter/Josh-Copeland-75537
Jack May,,,,,,,M,,,0,0,sherdog,https://www.sherdog.com/fighter/Jack-May-83949
Daniel Gallemore,,,,,,,M,,,0,0,sherdog,https://www.sherdog.com/fighter/Daniel-Gallemore-83132
Gian Villante,,,,,,,M,,,0,0,sherdog,https://www.sherdog.com/fighter/Gian-Villante-42802
Darren Stewart,,,,,,,M,,,0,0,sherdog,https://www.sherdog.com/fighter/Darren-Stewart-128141
Elvis Mutapcic,,,,,,,M,,,0,0,sherdog,https://www.sherdog.com/fighter/Elvis-Mutapcic-28038
Ryan Jimmo,,,,,,,M,,,0,0,sherdog,https://www.sherdog.com/fighter/Ryan-Jimmo-21044
Hans Stringer,,,,,,,M,,,0,0,sherdog,https://www.sherdog.com/fighter/Hans-Stringer-14825
Ednaldo Oliveira,,,,,,,M,,,0,0,sherdog,https://www.sherdog.com/fighter/Ednaldo-Oliveira-14972
Simao Melo da Silva,,,,,,,M,,,0,0,sherdog,https://www.sherdog.com/fighter/Simao-Melo-da-Silva-30957
Cristiano Souza,,,,,,,M,,,0,0,sherdog,https://www.sherdog.com/fighter/Cristiano-Souza-69482
Falco Neto Lopes,,,,,,,M,,,0,0,sherdog,https://www.sherdog.com/fighter/Falco-Neto-Lopes-42302
Magomedbag Agaev,,,,,,,M,,,0,0,sherdog,https://www.sherdog.com/fighter/Magomedbag-Agaev-11793
Abhijeet Petkar,,,,,,,M,,,0,0,sherdog,https://www.sherdog.com/fighter/Abhijeet-Petkar-64722
Kleber Silva,,,,,,,M,,,0,0,sherdog,https://www.sherdog.com/fighter/Kleber-Silva-33225
Jacob Quintana,,,,,,,M,,,0,0,sherdog,https://www.sherdog.com/fighter/Jacob-Quintana-52553
Alessandro Stefano,,,,,,,M,,,0,0,sherdog,https://www.sherdog.com/fighter/Alessandro-Stefano-11638
Paulo Henrique Garcia Rodrigues,,,,,,,M,,,0,0,sherdog,https://www.sherdog.com/fighter/Paulo-Henrique-Garcia-Rodrigues-32821
Levi da Costa,,,,,,,M,,,0,0,sherdog,https://www.sherdog.com/fighter/Levi-da-Costa-26297
Roque Oliver,,,,,,,M,,,0,0,sherdog,https://www.sherdog.com/fighter/Roque-Oliver-15392
Joao Paulo de Souza,,,,,,,M,,,0,0,sherdog,https://www.sherdog.com/fighter/Joao-Paulo-de-Souza-10257
Adriano Balby,,,,,,,M,,,0,0,sherdog,https://www.sherdog.com/fighter/Adriano-Balby-12815
Geronimo dos Santos,,,,,,,M,,,0,0,sherdog,https://www.sherdog.com/fighter/Geronimo-dos-Santos-15664
Sandro Pitbull,,,,,,,M,,,0,0,sherdog,https://www.sherdog.com/fighter/Sandro-Pitbull-25019
Josue Makowiecky da Silva,,,,,,,M,,,0,0,sherdog,https://www.sherdog.com/fighter/Josue-Makowiecky-da-Silva-17106
Rogerio Farias,,,,,,,M,,,0,0,sherdog,https://www.sherdog.com/fighter/Rogerio-Farias-12839
Junior Tigre,,,,,,,M,,,0,0,sherdog,https://www.sherdog.com/fighter/Junior-Tigre-51298
Joaquim Silva,,,,,Lightweight,ufc-roster,M,,,0,0,sherdog,https://www.sherdog.com/fighter/Joaquim-Silva-146291
Joe Solecki,,,,,,,M,,,0,0,sherdog,https://www.sherdog.com/fighter/Joe-Solecki-227993
Brandon Jenkins,,,,,,,M,,,0,0,sherdog,https://www.sherdog.com/fighter/Brandon-Jenkins-177205
King Green,,,,,Lightweight,ufc-roster,M,,,0,0,sherdog,https://www.sherdog.com/fighter/King-Green-27953
David Teymur,,,,,,,M,,,0,0,sherdog,https://www.sherdog.com/fighter/David-Teymur-163937
Marc Diakiese,,,,,,,M,,,0,0,sherdog,https://www.sherdog.com/fighter/Marc-Diakiese-111545
Devin Powell,,,,,,,M,,,0,0,sherdog,https://www.sherdog.com/fighter/Devin-Powell-64166
Hugh Pulley,,,,,,,M,,,0,0,sherdog,https://www.sherdog.com/fighter/Hugh-Pulley-130833
Joshua Aveles,,,,,,,M,,,0,0,sherdog,https://www.sherdog.com/fighter/Joshua-Aveles-31362
Alejandro Garcia,,,,,,,M,,,0,0,sherdog,https://www.sherdog.com/fighter/Alejandro-Garcia-8416
Gabe Rodriguez,,,,,,,M,,,0,0,sherdog,https://www.sherdog.com/fighter/Gabe-Rodriguez-150161
Preston Harris,,,,,,,M,,,0,0,sherdog,https://www.sherdog.com/fighter/Preston-Harris-82103
Jeff Fletcher,,,,,,,M,,,0,0,sherdog,https://www.sherdog.com/fighter/Jeff-Fletcher-35469
Nolan McLaughlin,,,,,,,M,,,0,0,sherdog,https://www.sherdog.com/fighter/Nolan-McLaughlin-75131
Hugo Guillon,,,,,,,M,,,0,0,sherdog,https://www.sherdog.com/fighter/Hugo-Guillon-376012
Paulo Machado,,,,,,,M,,,0,0,sherdog,https://www.sherdog.com/fighter/Paulo-Machado-145163
Miles Hunsinger,,,,,,,M,,,0,0,sherdog,https://www.sherdog.com/fighter/Miles-Hunsinger-142257
Joaquin Campos,,,,,,,M,,,0,0,sherdog,https://www.sherdog.com/fighter/Joaquin-Campos-422591
Nick Lancaster,,,,,,,M,,,0,0,sherdog,https://www.sherdog.com/fighter/Nick-Lancaster-144975
Brian Topp,,,,,,,M,,,0,0,sherdog,https://www.sherdog.com/fighter/Brian-Topp-384601
Nolan Legg,,,,,,,M,,,0,0,sherdog,https://www.sherdog.com/fighter/Nolan-Legg-294751
Christopher Lavant,,,,,,,M,,,0,0,sherdog,https://www.sherdog.com/fighter/Christopher-Lavant-226535
Kyler Phillips,,,,,Bantamweight,ufc-roster,M,,,0,0,sherdog,https://www.sherdog.com/fighter/Kyler-Phillips-190919
Davey Grant,,,,,Bantamweight,ufc-roster,M,,,0,0,sherdog,https://www.sherdog.com/fighter/Davey-Grant-30564
Victor Henry,,,,,Bantamweight,ufc-roster,M,,,0,0,sherdog,https://www.sherdog.com/fighter/Victor-Henry-52195
Kron Gracie,,,,,,,M,,,0,0,sherdog,https://www.sherdog.com/fighter/Kron-Gracie-116971
Shane Burgos,,,,,,,M,,,0,0,sherdog,https://www.sherdog.com/fighter/Shane-Burgos-76052
Andre Ewell,,,,,,,M,,,0,0,sherdog,https://www.sherdog.com/fighter/Andre-Ewell-204397
Marcelo Rojo,,,,,,,M,,,0,0,sherdog,https://www.sherdog.com/fighter/Marcelo-Rojo-92673
Andre Fili,,,,,Featherweight,ufc-roster,M,,,0,0,sherdog,https://www.sherdog.com/fighter/Andre-Fili-58385
Desmond Green,,,,,,,M,,,0,0,sherdog,https://www.sherdog.com/fighter/Desmond-Green-89993
Damien Lapilus,,,,,,,M,,,0,0,sherdog,https://www.sherdog.com/fighter/Damien-Lapilus-87477
Alex Morgan,,,,,,,M,,,0,0,sherdog,https://www.sherdog.com/fighter/Alex-Morgan-134879
Kevin Genereux,,,,,,,M,,,0,0,sherdog,https://www.sherdog.com/fighter/Kevin-Genereux-190755
Matar Lo,,,,,,,M,,,0,0,sherdog,https://www.sherdog.com/fighter/Matar-Lo-176277
T.J. Laramie,,,,,,,M,,,0,0,sherdog,https://www.sherdog.com/fighter/TJ-Laramie-188479
Will Romero,,,,,,,M,,,0,0,sherdog,https://www.sherdog.com/fighter/Will-Romero-34624
Mathieu Morciano,,,,,,,M,,,0,0,sherdog,https://www.sherdog.com/fighter/Mathieu-Morciano-184711
Michael Cyr,,,,,,,M,,,0,0,sherdog,https://www.sherdog.com/fighter/Michael-Cyr-175965
Marc-Antoine Lidji,,,,,,,M,,,0,0,sherdog,https://www.sherdog.com/fighter/MarcAntoine-Lidji-237873
Thomas Sumantri,,,,,,,M,,,0,0,sherdog,https://www.sherdog.com/fighter/Thomas-Sumantri-161421
Billy Elekana,,,,,Light Heavyweight,ufc-roster,M,,,0,0,sherdog,https://www.sherdog.com/fighter/Billy-Elekana-250351
Zac Pauga,,,,,,,M,,,0,0,sherdog,https://www.sherdog.com/fighter/Zac-Pauga-343389
Carlos Eduardo,,,,,,,M,,,0,0,sherdog,https://www.sherdog.com/fighter/Carlos-Eduardo-11926
Alireza Vafaei,,,,,,,M,,,0,0,sherdog,https://www.sherdog.com/fighter/Alireza-Vafaei-304115
Abdul Elwahab Saeed,,,,,,,M,,,0,0,sherdog,https://www.sherdog.com/fighter/Abdul-Elwahab-Saeed-240609
Vadim Litvin,,,,,,,M,,,0,0,sherdog,https://www.sherdog.com/fighter/Vadim-Litvin-309361
Vyacheslav Vasilevsky,,,,,,,M,,,0,0,sherdog,https://www.sherdog.com/fighter/Vyacheslav-Vasilevsky-33172
Nurlan Toktobakiev,,,,,,,M,,,0,0,sherdog,https://www.sherdog.com/fighter/Nurlan-Toktobakiev-212833
Sergey Kalinin,,,,,,,M,,,0,0,sherdog,https://www.sherdog.com/fighter/Sergey-Kalinin-183945
Konstantin Andreitsev,,,,,,,M,,,0,0,sherdog,https://www.sherdog.com/fighter/Konstantin-Andreitsev-240313
Alikhan Magomedov,,,,,,,M,,,0,0,sherdog,https://www.sherdog.com/fighter/Alikhan-Magomedov-47682
Taro Blaglo,,,,,,,M,,,0,0,sherdog,https://www.sherdog.com/fighter/Taro-Blaglo-312733
Ilya Gunenko,,,,,,,M,,,0,0,sherdog,https://www.sherdog.com/fighter/Ilya-Gunenko-137749
Ivan Lunechka,,,,,,,M,,,0,0,sherdog,https://www.sherdog.com/fighter/Ivan-Lunechka-263989
Dmitry Soloviev,,,,,,,M,,,0,0,sherdog,https://www.sherdog.com/fighter/Dmitry-Soloviev-242255
Arkadiy Lisin,,,,,,,M,,,0,0,sherdog,https://www.sherdog.com/fighter/Arkadiy-Lisin-229251
Abdulkhalik Magomedov,,,,,,,M,,,0,0,sherdog,https://www.sherdog.com/fighter/Abdulkhalik-Magomedov-41528
Biksultan Sabyrzhanov,,,,,,,M,,,0,0,sherdog,https://www.sherdog.com/fighter/Biksultan-Sabyrzhanov-259019
Jose Henrique Souza,,,,,,,M,,,0,0,sherdog,https://www.sherdog.com/fighter/Jose-Henrique-Souza-362437
Mirali Huseynov,,,,,,,M,,,0,0,sherdog,https://www.sherdog.com/fighter/Mirali-Huseynov-272901
Rami Hamed,,,,,,,M,,,0,0,sherdog,https://www.sherdog.com/fighter/Rami-Hamed-187079
Tuluosibake Kuerbanjiang,,,,,,,M,,,0,0,sherdog,https://www.sherdog.com/fighter/Tuluosibake-Kuerbanjiang-184347
Qi Wang,,,,,,,M,,,0,0,sherdog,https://www.sherdog.com/fighter/Qi-Wang-106391
Damu Wu,,,,,,,M,,,0,0,sherdog,https://www.sherdog.com/fighter/Damu-Wu-335643
Sejilahu,,,,,,,M,,,0,0,sherdog,https://www.sherdog.com/fighter/Sejilahu-265981
Aorigele Aorigele,,,,,,,M,,,0,0,sherdog,https://www.sherdog.com/fighter/Aorigele-Aorigele-388561
Nueraji Taiyilake,,,,,,,M,,,0,0,sherdog,https://www.sherdog.com/fighter/Nueraji-Taiyilake-380968
Gongyi Zou,,,,,,,M,,,0,0,sherdog,https://www.sherdog.com/fighter/Gongyi-Zou-388578
Kewei Xu,,,,,,,M,,,0,0,sherdog,https://www.sherdog.com/fighter/Kewei-Xu-232997
Xiangxu Qi,,,,,,,M,,,0,0,sherdog,https://www.sherdog.com/fighter/Xiangxu-Qi-291019
Yuhe Zhang,,,,,,,M,,,0,0,sherdog,https://www.sherdog.com/fighter/Yuhe-Zhang-381067
Zeyihang Zhou,,,,,,,M,,,0,0,sherdog,https://www.sherdog.com/fighter/Zeyihang-Zhou-381079
Apaer Aerdake,,,,,,,M,,,0,0,sherdog,https://www.sherdog.com/fighter/Apaer-Aerdake-382177
Zheng Lu,,,,,,,M,,,0,0,sherdog,https://www.sherdog.com/fighter/Zheng-Lu-320003
Alisson Barbosa,,,,,,,M,,,0,0,sherdog,https://www.sherdog.com/fighter/Alisson-Barbosa-104437
Ahelibieke Yeerasili,,,,,,,M,,,0,0,sherdog,https://www.sherdog.com/fighter/Ahelibieke-Yeerasili-365825
Jiaqiang Han,,,,,,,M,,,0,0,sherdog,https://www.sherdog.com/fighter/Jiaqiang-Han-212463
Shuwei Sun,,,,,,,M,,,0,0,sherdog,https://www.sherdog.com/fighter/Shuwei-Sun-250371
Sagyndyk Mukhanov,,,,,,,M,,,0,0,sherdog,https://www.sherdog.com/fighter/Sagyndyk-Mukhanov-264169
Nuerdebieke Bahetihan,,,,,,,M,,,0,0,sherdog,https://www.sherdog.com/fighter/Nuerdebieke-Bahetihan-239101
Qihao Wei,,,,,,,M,,,0,0,sherdog,https://www.sherdog.com/fighter/Qihao-Wei-304069
Pascal Brice,,,,,,,M,,,0,0,sherdog,https://www.sherdog.com/fighter/Pascal-Brice-270205
Viktor Kokhno,,,,,,,M,,,0,0,sherdog,https://www.sherdog.com/fighter/Viktor-Kokhno-252827
Rogelio Andres Gonzalez Rojas,,,,,,,M,,,0,0,sherdog,https://www.sherdog.com/fighter/Rogelio-Andres-Gonzalez-Rojas-189093
Brokken Howell,,,,,,,M,,,0,0,sherdog,https://www.sherdog.com/fighter/Brokken-Howell-255797
Artur Temishev,,,,,,,M,,,0,0,sherdog,https://www.sherdog.com/fighter/Artur-Temishev-256517
Farzad Ghaderi,,,,,,,M,,,0,0,sherdog,https://www.sherdog.com/fighter/Farzad-Ghaderi-201301
Byeong Ha Lim,,,,,,,M,,,0,0,sherdog,https://www.sherdog.com/fighter/Byeong-Ha-Lim-111307
Batyrmurat Hojamuradov,,,,,,,M,,,0,0,sherdog,https://www.sherdog.com/fighter/Batyrmurat-Hojamuradov-255799
Sung Won Son,,,,,,,M,,,0,0,sherdog,https://www.sherdog.com/fighter/Sung-Won-Son-32161
Rae Yoon Ok,,,,,,,M,,,0,0,sherdog,https://www.sherdog.com/fighter/Rae-Yoon-Ok-135881
Sergey Lesnikov,,,,,,,M,,,0,0,sherdog,https://www.sherdog.com/fighter/Sergey-Lesnikov-251197
Peng Yang,,,,,,,M,,,0,0,sherdog,https://www.sherdog.com/fighter/Peng-Yang-241441
Wenquan Qiao,,,,,,,M,,,0,0,sherdog,https://www.sherdog.com/fighter/Wenquan-Qiao-405595
Yusheng Wang,,,,,,,M,,,0,0,sherdog,https://www.sherdog.com/fighter/Yusheng-Wang-227967
Shining Sun,,,,,,,M,,,0,0,sherdog,https://www.sherdog.com/fighter/Shining-Sun-256811
Lukasz Brzeski,,,,,,,M,,,0,0,sherdog,https://www.sherdog.com/fighter/Lukasz-Brzeski-132249
Mohammed Usman,,,,,,,M,,,0,0,sherdog,https://www.sherdog.com/fighter/Mohammed-Usman-253535
Caio Machado,,,,,,,M,,,0,0,sherdog,https://www.sherdog.com/fighter/Caio-Machado-247161
Jamal Pogues,,,,,,,M,,,0,0,sherdog,https://www.sherdog.com/fighter/Jamal-Pogues-152993
Eduardo Neves,,,,,,,M,,,0,0,sherdog,https://www.sherdog.com/fighter/Eduardo-Neves-363709
Fatih Aktas,,,,,,,M,,,0,0,sherdog,https://www.sherdog.com/fighter/Fatih-Aktas-125553
Ashley Pollard,,,,,,,M,,,0,0,sherdog,https://www.sherdog.com/fighter/Ashley-Pollard-37764
Szymon Szynkiewicz,,,,,,,M,,,0,0,sherdog,https://www.sherdog.com/fighter/Szymon-Szynkiewicz-61149
Jan Lysak,,,,,,,M,,,0,0,sherdog,https://www.sherdog.com/fighter/Jan-Lysak-194207
Tomas Vaicickas,,,,,,,M,,,0,0,sherdog,https://www.sherdog.com/fighter/Tomas-Vaicickas-54480
Bakhtovar Yunusov,,,,,,,,,,0,0,sherdog,https://www.sherdog.com/fighter/Bakhtovar-Yunusov-378649
Ali Yousefi,,,,,,,,,,0,0,sherdog,https://www.sherdog.com/fighter/Ali-Yousefi-238251
Faeez Jacobs,,,,,,,,,,0,0,sherdog,https://www.sherdog.com/fighter/Faeez-Jacobs-249809
Shamil Boraev,,,,,,,,,,0,0,sherdog,https://www.sherdog.com/fighter/Shamil-Boraev-430087
Omar Ashour,,,,,,,,,,0,0,sherdog,https://www.sherdog.com/fighter/Omar-Ashour-377528
Amir Hossein Habibi,,,,,,,,,,0,0,sherdog,https://www.sherdog.com/fighter/Amir-Hossein-Habibi-356041
Talha Derdiyok,,,,,,,,,,0,0,sherdog,https://www.sherdog.com/fighter/Talha-Derdiyok-348977
Elkhan Hasanov,,,,,,,,,,0,0,sherdog,https://www.sherdog.com/fighter/Elkhan-Hasanov-312139
Cebrail Demir,,,,,,,,,,0,0,sherdog,https://www.sherdog.com/fighter/Cebrail-Demir-405764
Feyruz Haydari,,,,,,,,,,0,0,sherdog,https://www.sherdog.com/fighter/Feyruz-Haydari-415161
Elnar Makhmudov,,,,,,,,,,0,0,sherdog,https://www.sherdog.com/fighter/Elnar-Makhmudov-390630
Islam Betirsultanov,,,,,,,,,,0,0,sherdog,https://www.sherdog.com/fighter/Islam-Betirsultanov-481068
Vinc Pichel,,,,,,,M,,,0,0,sherdog,https://www.sherdog.com/fighter/Vinc-Pichel-57848
Clay Guida,,,,,,,M,,,0,0,sherdog,https://www.sherdog.com/fighter/Clay-Guida-8184
Jesse Ronson,,,,,,,M,,,0,0,sherdog,https://www.sherdog.com/fighter/Jesse-Ronson-56579
Natan Levy,,,,,,,M,,,0,0,sherdog,https://www.sherdog.com/fighter/Natan-Levy-227411
Chris Gruetzemacher,,,,,,,M,,,0,0,sherdog,https://www.sherdog.com/fighter/Chris-Gruetzemacher-36924
Humberto Bandenay,,,,,,,M,,,0,0,sherdog,https://www.sherdog.com/fighter/Humberto-Bandenay-110397
Erick Gonzalez,,,,,,,M,,,0,0,sherdog,https://www.sherdog.com/fighter/Erick-Gonzalez-158233
Estevan Payan,,,,,,,M,,,0,0,sherdog,https://www.sherdog.com/fighter/Estevan-Payan-24952
Edgar Escarrega,,,,,,,M,,,0,0,sherdog,https://www.sherdog.com/fighter/Edgar-Escarrega-129323
LaRue Burley,,,,,,,M,,,0,0,sherdog,https://www.sherdog.com/fighter/LaRue-Burley-90879
Chase Gibson,,,,,,,M,,,0,0,sherdog,https://www.sherdog.com/fighter/Chase-Gibson-180669
Marcos Bonilla,,,,,,,M,,,0,0,sherdog,https://www.sherdog.com/fighter/Marcos-Bonilla-130765
Raul Najera Ocampo,,,,,,,M,,,0,0,sherdog,https://www.sherdog.com/fighter/Raul-Najera-Ocampo-203631
Jovany Amador,,,,,,,M,,,0,0,sherdog,https://www.sherdog.com/fighter/Jovany-Amador-129331
Mike Sandoval,,,,,,,M,,,0,0,sherdog,https://www.sherdog.com/fighter/Mike-Sandoval-28110
Dante Ramos,,,,,,,M,,,0,0,sherdog,https://www.sherdog.com/fighter/Dante-Ramos-186051
Felipe Franco,,,,,,,M,,,0,0,sherdog,https://www.sherdog.com/fighter/Felipe-Franco-415770
Freddy Vidal,,,,,,,M,,,0,0,sherdog,https://www.sherdog.com/fighter/Freddy-Vidal-401852
Alan Ribeiro,,,,,,,M,,,0,0,sherdog,https://www.sherdog.com/fighter/Alan-Ribeiro-272411
Jhonny Pereira,,,,,,,M,,,0,0,sherdog,https://www.sherdog.com/fighter/Jhonny-Pereira-194529
Jose Carlos Lima,,,,,,,M,,,0,0,sherdog,https://www.sherdog.com/fighter/Jose-Carlos-Lima-360027
Leonardo Genuino,,,,,,,M,,,0,0,sherdog,https://www.sherdog.com/fighter/Leonardo-Genuino-234475
Cristiano Vicente,,,,,,,M,,,0,0,sherdog,https://www.sherdog.com/fighter/Cristiano-Vicente-409212
Pannie Kianzad,,,,,,,F,,,0,0,sherdog,https://www.sherdog.com/fighter/Pannie-Kianzad-99523
Lina Lansberg,,,,,,,F,,,0,0,sherdog,https://www.sherdog.com/fighter/Lina-Lansberg-122387
Sara McMann,,,,,,,F,,,0,0,sherdog,https://www.sherdog.com/fighter/Sara-McMann-67094
Bethe Correia,,,,,,,F,,,0,0,sherdog,https://www.sherdog.com/fighter/Bethe-Correia-103069
Vanessa Melo,,,,,,,F,,,0,0,sherdog,https://www.sherdog.com/fighter/Vanessa-Melo-120777
Lara Fritzen,,,,,,,F,,,0,0,sherdog,https://www.sherdog.com/fighter/Lara-Fritzen-164341
Gisele Moreira,,,,,,,F,,,0,0,sherdog,https://www.sherdog.com/fighter/Gisele-Moreira-146455
Tamires Vidal,,,,,,,F,,,0,0,sherdog,https://www.sherdog.com/fighter/Tamires-Vidal-293451
Melissa Gatto,,,,,Flyweight,ufc-roster,F,,,0,0,sherdog,https://www.sherdog.com/fighter/Melissa-Gatto-193547
Tamara Leorde,,,,,,,F,,,0,0,sherdog,https://www.sherdog.com/fighter/Tamara-Leorde-237331
Larissa Pacheco,,,,,,,F,,,0,0,sherdog,https://www.sherdog.com/fighter/Larissa-Pacheco-144115
Nayara Rodrigues,,,,,,,F,,,0,0,sherdog,https://www.sherdog.com/fighter/Nayara-Rodrigues-130807
Diana Moraes,,,,,,,F,,,0,0,sherdog,https://www.sherdog.com/fighter/Diana-Moraes-256351
Sidy Rocha,,,,,,,F,,,0,0,sherdog,https://www.sherdog.com/fighter/Sidy-Rocha-222115
Jessica Medeiros de Andrade,,,,,,,F,,,0,0,sherdog,https://www.sherdog.com/fighter/Jessica-Medeiros-de-Andrade-140513
Mylena Duarte,,,,,,,F,,,0,0,sherdog,https://www.sherdog.com/fighter/Mylena-Duarte-144287
Tatiane Aguiar,,,,,,,F,,,0,0,sherdog,https://www.sherdog.com/fighter/Tatiane-Aguiar-91569
Thiara Borgth,,,,,,,F,,,0,0,sherdog,https://www.sherdog.com/fighter/Thiara-Borgth-111661
Mayra Bueno Silva,,,,,,,F,,,0,0,sherdog,https://www.sherdog.com/fighter/Mayra-Bueno-Silva-223917
Ariane Lipski da Silva,,,,,,,F,,,0,0,sherdog,https://www.sherdog.com/fighter/Ariane-Lipski-da-Silva-147487
Priscila Cachoeira,,,,,Bantamweight,ufc-roster,F,,,0,0,sherdog,https://www.sherdog.com/fighter/Priscila-Cachoeira-227399
Gabriella Fernandes,,,,,,,F,,,0,0,sherdog,https://www.sherdog.com/fighter/Gabriella-Fernandes-232327
Kay Hansen,,,,,,,F,,,0,0,sherdog,https://www.sherdog.com/fighter/Kay-Hansen-270021
Ashley Deen,,,,,,,F,,,0,0,sherdog,https://www.sherdog.com/fighter/Ashley-Deen-92487
Gabriella Gulfin,,,,,,,F,,,0,0,sherdog,https://www.sherdog.com/fighter/Gabriella-Gulfin-300267
Christina Ricker,,,,,,,F,,,0,0,sherdog,https://www.sherdog.com/fighter/Christina-Ricker-271497
Kylie O'Hearn,,,,,,,F,,,0,0,sherdog,https://www.sherdog.com/fighter/Kylie-OHearn-230193
Brigid Chase II,,,,,,,F,,,0,0,sherdog,https://www.sherdog.com/fighter/Brigid-Chase-II-269857
Jack Hermansson,,,,,Welterweight,ufc-roster,M,,,0,0,sherdog,https://www.sherdog.com/fighter/Jack-Hermansson-61146
Abdul Razak Alhassan,,,,,,,M,,,0,0,sherdog,https://www.sherdog.com/fighter/Abdul-Razak-Alhassan-151701
Alen Amedovski,,,,,,,M,,,0,0,sherdog,https://www.sherdog.com/fighter/Alen-Amedovski-134209
Austin Trotman,,,,,,,M,,,0,0,sherdog,https://www.sherdog.com/fighter/Austin-Trotman-375276
Chase Gamble,,,,,,,M,,,0,0,sherdog,https://www.sherdog.com/fighter/Chase-Gamble-108873
Jhonoven Pati,,,,,,,M,,,0,0,sherdog,https://www.sherdog.com/fighter/Jhonoven-Pati-124585
Matt Foster,,,,,,,M,,,0,0,sherdog,https://www.sherdog.com/fighter/Matt-Foster-46056
Elijah Gbollie,,,,,,,M,,,0,0,sherdog,https://www.sherdog.com/fighter/Elijah-Gbollie-126603
Eric Roncoroni,,,,,,,M,,,0,0,sherdog,https://www.sherdog.com/fighter/Eric-Roncoroni-113363
Lorenzo Hunt,,,,,,,M,,,0,0,sherdog,https://www.sherdog.com/fighter/Lorenzo-Hunt-140041
Derek Wilson,,,,,,,M,,,0,0,sherdog,https://www.sherdog.com/fighter/Derek-Wilson-253699
Steven Covington,,,,,,,M,,,0,0,sherdog,https://www.sherdog.com/fighter/Steven-Covington-220737
Justine Kish,,,,,,,F,,,0,0,sherdog,https://www.sherdog.com/fighter/Justine-Kish-67098
Mariya Agapova,,,,,,,F,,,0,0,sherdog,https://www.sherdog.com/fighter/Mariya-Agapova-206861
Karen Cedillo,,,,,,,F,,,0,0,sherdog,https://www.sherdog.com/fighter/Karen-Cedillo-299061
Monica Medina,,,,,,,F,,,0,0,sherdog,https://www.sherdog.com/fighter/Monica-Medina-218451
Kaytlin Neil,,,,,,,F,,,0,0,sherdog,https://www.sherdog.com/fighter/Kaytlin-Neil-145873
Roxanne Ceasear,,,,,,,F,,,0,0,sherdog,https://www.sherdog.com/fighter/Roxanne-Ceasear-88995
Cheri Muraski,,,,,,,F,,,0,0,sherdog,https://www.sherdog.com/fighter/Cheri-Muraski-154229
Felipe dos Santos,,,,,,,M,,,0,0,sherdog,https://www.sherdog.com/fighter/Felipe-dos-Santos-324589
Jose Ochoa,,,,,,,M,,,0,0,sherdog,https://www.sherdog.com/fighter/Jose-Ochoa-302523
An Tuan Ho,,,,,,,M,,,0,0,sherdog,https://www.sherdog.com/fighter/An-Tuan-Ho-307731
Shawn Marcos da Silva,,,,,,,M,,,0,0,sherdog,https://www.sherdog.com/fighter/Shawn-Marcos-da-Silva-269441
Davide Scarano,,,,,,,M,,,0,0,sherdog,https://www.sherdog.com/fighter/Davide-Scarano-388615
Ander Sanchez,,,,,,,M,,,0,0,sherdog,https://www.sherdog.com/fighter/Ander-Sanchez-309057
Ryan Morgan,,,,,,,M,,,0,0,sherdog,https://www.sherdog.com/fighter/Ryan-Morgan-128715
Danny Missin,,,,,,,M,,,0,0,sherdog,https://www.sherdog.com/fighter/Danny-Missin-54231
Glody Matusiwa,,,,,,,M,,,0,0,sherdog,https://www.sherdog.com/fighter/Glody-Matusiwa-379013
Brendson Ribeiro,,,,,,,M,,,0,0,sherdog,https://www.sherdog.com/fighter/Brendson-Ribeiro-210539
Tafon Nchukwi,,,,,,,M,,,0,0,sherdog,https://www.sherdog.com/fighter/Tafon-Nchukwi-282049
Matheus Scheffel,,,,,,,M,,,0,0,sherdog,https://www.sherdog.com/fighter/Matheus-Scheffel-108913
Mohammad Fakhreddine,,,,,,,M,,,0,0,sherdog,https://www.sherdog.com/fighter/Mohammad-Fakhreddine-121381
Guto Inocente,,,,,,,M,,,0,0,sherdog,https://www.sherdog.com/fighter/Guto-Inocente-17786
Georgy Sakaev,,,,,,,M,,,0,0,sherdog,https://www.sherdog.com/fighter/Georgy-Sakaev-231537
Andre Muniz,,,,,,,M,,,0,0,sherdog,https://www.sherdog.com/fighter/Andre-Muniz-81800
Bogdan Bulakh,,,,,,,M,,,0,0,sherdog,https://www.sherdog.com/fighter/Bogdan-Bulakh-144677
Eric Ellerbee,,,,,,,M,,,0,0,sherdog,https://www.sherdog.com/fighter/Eric-Ellerbee-223927
Alexey Sidorenko,,,,,,,M,,,0,0,sherdog,https://www.sherdog.com/fighter/Alexey-Sidorenko-209997
Alec Hooben,,,,,,,M,,,0,0,sherdog,https://www.sherdog.com/fighter/Alec-Hooben-115633
Anzor Hakimov,,,,,,,M,,,0,0,sherdog,https://www.sherdog.com/fighter/Anzor-Hakimov-60204
Denzel Freeman,,,,,,,M,,,0,0,sherdog,https://www.sherdog.com/fighter/Denzel-Freeman-270825
Max Gimenis,,,,,,,M,,,0,0,sherdog,https://www.sherdog.com/fighter/Max-Gimenis-403252
Guilherme Uriel,,,,,,,M,,,0,0,sherdog,https://www.sherdog.com/fighter/Guilherme-Uriel-402490
Eric Lunsford,,,,,,,M,,,0,0,sherdog,https://www.sherdog.com/fighter/Eric-Lunsford-34748
Ezekiel Latu,,,,,,,M,,,0,0,sherdog,https://www.sherdog.com/fighter/Ezekiel-Latu-179599
John Lopez,,,,,,,M,,,0,0,sherdog,https://www.sherdog.com/fighter/John-Lopez-384004
Sean Rose,,,,,,,M,,,0,0,sherdog,https://www.sherdog.com/fighter/Sean-Rose-390394
Spencer Smith,,,,,,,M,,,0,0,sherdog,https://www.sherdog.com/fighter/Spencer-Smith-308833
Glendal Whitney,,,,,,,M,,,0,0,sherdog,https://www.sherdog.com/fighter/Glendal-Whitney-364101
Luke Fernandez,,,,,,,M,,,0,0,sherdog,https://www.sherdog.com/fighter/Luke-Fernandez-376548
Jake Collier,,,,,,,M,,,0,0,sherdog,https://www.sherdog.com/fighter/Jake-Collier-83599
Jarome Hatch,,,,,,,M,,,0,0,sherdog,https://www.sherdog.com/fighter/Jarome-Hatch-36805
Rakim Cleveland,,,,,,,M,,,0,0,sherdog,https://www.sherdog.com/fighter/Rakim-Cleveland-68068
Grant Neal,,,,,,,M,,,0,0,sherdog,https://www.sherdog.com/fighter/Grant-Neal-250539
Ben Parrish,,,,,,,M,,,0,0,sherdog,https://www.sherdog.com/fighter/Ben-Parrish-146621
Simon Biyong,,,,,,,M,,,0,0,sherdog,https://www.sherdog.com/fighter/Simon-Biyong-252287
Hamza Salim,,,,,,,M,,,0,0,sherdog,https://www.sherdog.com/fighter/Hamza-Salim-58713
DiMarcco Hutchison,,,,,,,M,,,0,0,sherdog,https://www.sherdog.com/fighter/DiMarcco-Hutchison-221647
Cesar Bennett,,,,,,,M,,,0,0,sherdog,https://www.sherdog.com/fighter/Cesar-Bennett-350879
Justin Vargas,,,,,,,M,,,0,0,sherdog,https://www.sherdog.com/fighter/Justin-Vargas-161671
Tim Means,,,,,Welterweight,ufc-roster,M,,,0,0,sherdog,https://www.sherdog.com/fighter/Tim-Means-11281
Alex Oliveira,,,,,,,M,,,0,0,sherdog,https://www.sherdog.com/fighter/Alex-Oliveira-110143
Marvin Vettori,,,,,Middleweight,ufc-roster,M,,,0,0,sherdog,https://www.sherdog.com/fighter/Marvin-Vettori-80421
Derek Brunson,,,,,,,M,,,0,0,sherdog,https://www.sherdog.com/fighter/Derek-Brunson-68494
Ronaldo Souza,,,,,,,M,,,0,0,sherdog,https://www.sherdog.com/fighter/Ronaldo-Souza-8394
Charlie Ontiveros,,,,,,,M,,,0,0,sherdog,https://www.sherdog.com/fighter/Charlie-Ontiveros-83277
Alessio Di Chirico,,,,,,,M,,,0,0,sherdog,https://www.sherdog.com/fighter/Alessio-Di-Chirico-89875
John Phillips,,,,,,,M,,,0,0,sherdog,https://www.sherdog.com/fighter/John-Phillips-13470
Will Santiago Jr.,,,,,,,M,,,0,0,sherdog,https://www.sherdog.com/fighter/Will-Santiago-Jr-65536
Teagan Dooley,,,,,,,M,,,0,0,sherdog,https://www.sherdog.com/fighter/Teagan-Dooley-211675
Hayward Charles,,,,,,,M,,,0,0,sherdog,https://www.sherdog.com/fighter/Hayward-Charles-79260
Grady Hurley,,,,,,,M,,,0,0,sherdog,https://www.sherdog.com/fighter/Grady-Hurley-4033
Curtis Millender,,,,,,,M,,,0,0,sherdog,https://www.sherdog.com/fighter/Curtis-Millender-127439
David Gomez,,,,,,,M,,,0,0,sherdog,https://www.sherdog.com/fighter/David-Gomez-34185
Jose Alfredo Leija,,,,,,,M,,,0,0,sherdog,https://www.sherdog.com/fighter/Jose-Alfredo-Leija-83749
Sam Liera,,,,,,,M,,,0,0,sherdog,https://www.sherdog.com/fighter/Sam-Liera-16022
Rafael Lovato Jr.,,,,,,,M,,,0,0,sherdog,https://www.sherdog.com/fighter/Rafael-Lovato-Jr-116967
Ramil Mustapaev,,,,,,,M,,,0,0,sherdog,https://www.sherdog.com/fighter/Ramil-Mustapaev-148721
Victor Reyna,,,,,,,M,,,0,0,sherdog,https://www.sherdog.com/fighter/Victor-Reyna-72745
Aaron Reves,,,,,,,M,,,0,0,sherdog,https://www.sherdog.com/fighter/Aaron-Reves-199263
Jason Perrotta,,,,,,,M,,,0,0,sherdog,https://www.sherdog.com/fighter/Jason-Perrotta-105049
Marcos Ayub,,,,,,,M,,,0,0,sherdog,https://www.sherdog.com/fighter/Marcos-Ayub-156933
Manuel Torres,,,,,Lightweight,ufc-roster,M,,,0,0,sherdog,https://www.sherdog.com/fighter/Manuel-Torres-297203
Trey Ogden,,,,,,,M,,,0,0,sherdog,https://www.sherdog.com/fighter/Trey-Ogden-187343
Roosevelt Roberts,,,,,,,M,,,0,0,sherdog,https://www.sherdog.com/fighter/Roosevelt-Roberts-191653
John Makdessi,,,,,,,M,,,0,0,sherdog,https://www.sherdog.com/fighter/John-Makdessi-37402
Edson Gomez,,,,,,,M,,,0,0,sherdog,https://www.sherdog.com/fighter/Edson-Gomez-158229
Chris Brown,,,,,,,M,,,0,0,sherdog,https://www.sherdog.com/fighter/Chris-Brown-135775
Salvador Becerra,,,,,,,M,,,0,0,sherdog,https://www.sherdog.com/fighter/Salvador-Becerra-148809
Hugo Flores,,,,,,,M,,,0,0,sherdog,https://www.sherdog.com/fighter/Hugo-Flores-215083
Javier Omar Reyes,,,,,,,M,,,0,0,sherdog,https://www.sherdog.com/fighter/Javier-Omar-Reyes-175801
Gerardo Chaparro,,,,,,,M,,,0,0,sherdog,https://www.sherdog.com/fighter/Gerardo-Chaparro-134521
Oziel Rodriguez,,,,,,,M,,,0,0,sherdog,https://www.sherdog.com/fighter/Oziel-Rodriguez-264259
Francisco Javier Etchart Diaz,,,,,,,M,,,0,0,sherdog,https://www.sherdog.com/fighter/Francisco-Javier-Etchart-Diaz-210043
Matt McKeon,,,,,,,M,,,0,0,sherdog,https://www.sherdog.com/fighter/Matt-McKeon-79622
Rafael Carolino,,,,,,,M,,,0,0,sherdog,https://www.sherdog.com/fighter/Rafael-Carolino-210995
Dion Rizzuto,,,,,,,M,,,0,0,sherdog,https://www.sherdog.com/fighter/Dion-Rizzuto-176981
Preston Parsons,,,,,,,M,,,0,0,sherdog,https://www.sherdog.com/fighter/Preston-Parsons-173219
Rodrigo Tavares,,,,,,,M,,,0,0,sherdog,https://www.sherdog.com/fighter/Rodrigo-Tavares-221419
Craig McAlpine,,,,,,,M,,,0,0,sherdog,https://www.sherdog.com/fighter/Craig-McAlpine-84118
David Dvorak,,,,,,,M,,,0,0,sherdog,https://www.sherdog.com/fighter/David-Dvorak-67185
Matt Schnell,,,,,,,M,,,0,0,sherdog,https://www.sherdog.com/fighter/Matt-Schnell-47006
Riley Dutro,,,,,,,M,,,0,0,sherdog,https://www.sherdog.com/fighter/Riley-Dutro-42022
C.J. Hamilton,,,,,,,M,,,0,0,sherdog,https://www.sherdog.com/fighter/CJ-Hamilton-71119
Nick Urso,,,,,,,M,,,0,0,sherdog,https://www.sherdog.com/fighter/Nick-Urso-52504
Bobby Escalante,,,,,,,M,,,0,0,sherdog,https://www.sherdog.com/fighter/Bobby-Escalante-52318
Dinis Paiva,,,,,,,M,,,0,0,sherdog,https://www.sherdog.com/fighter/Dinis-Paiva-69442
Brett Roller,,,,,,,M,,,0,0,sherdog,https://www.sherdog.com/fighter/Brett-Roller-30660
John Dirham,,,,,,,M,,,0,0,sherdog,https://www.sherdog.com/fighter/John-Dirham-148881
Jordan Morales,,,,,,,M,,,0,0,sherdog,https://www.sherdog.com/fighter/Jordan-Morales-76942
Rafael de Freitas,,,,,,,M,,,0,0,sherdog,https://www.sherdog.com/fighter/Rafael-de-Freitas-25607
Jeremy Pender,,,,,,,M,,,0,0,sherdog,https://www.sherdog.com/fighter/Jeremy-Pender-43043
Chris Dunn,,,,,,,M,,,0,0,sherdog,https://www.sherdog.com/fighter/Chris-Dunn-65375
Robert Browning,,,,,,,M,,,0,0,sherdog,https://www.sherdog.com/fighter/Robert-Browning-38777
Rico DiSciullo,,,,,,,M,,,0,0,sherdog,https://www.sherdog.com/fighter/Rico-DiSciullo-72881
Dominic Mazzotta,,,,,,,M,,,0,0,sherdog,https://www.sherdog.com/fighter/Dominic-Mazzotta-95933
Tim Sosa,,,,,,,M,,,0,0,sherdog,https://www.sherdog.com/fighter/Tim-Sosa-46252
Andrew Cseh,,,,,,,M,,,0,0,sherdog,https://www.sherdog.com/fighter/Andrew-Cseh-77425
David Vigil,,,,,,,M,,,0,0,sherdog,https://www.sherdog.com/fighter/David-Vigil-76891
Joshua Killion,,,,,,,M,,,0,0,sherdog,https://www.sherdog.com/fighter/Joshua-Killion-86102
Santiago Luna,,,,,Bantamweight,ufc-roster,M,,,0,0,sherdog,https://www.sherdog.com/fighter/Santiago-Luna-411838
Josh Emmett,,,,,Featherweight,ufc-roster,M,,,0,0,sherdog,https://www.sherdog.com/fighter/Josh-Emmett-85885
Charles Rosa,,,,,,,M,,,0,0,sherdog,https://www.sherdog.com/fighter/Charles-Rosa-71116
Matt Sayles,,,,,,,M,,,0,0,sherdog,https://www.sherdog.com/fighter/Matt-Sayles-93675
Bobby Moffett,,,,,,,M,,,0,0,sherdog,https://www.sherdog.com/fighter/Bobby-Moffett-159019
Tyler Diamond,,,,,,,M,,,0,0,sherdog,https://www.sherdog.com/fighter/Tyler-Diamond-143121
Issac Ware,,,,,,,M,,,0,0,sherdog,https://www.sherdog.com/fighter/Issac-Ware-54192
Brandon Phillips,,,,,,,M,,,0,0,sherdog,https://www.sherdog.com/fighter/Brandon-Phillips-94003
Bobby Taylor,,,,,,,M,,,0,0,sherdog,https://www.sherdog.com/fighter/Bobby-Taylor-52293
Jorge Medina,,,,,,,M,,,0,0,sherdog,https://www.sherdog.com/fighter/Jorge-Medina-121593
Chris Culley,,,,,,,M,,,0,0,sherdog,https://www.sherdog.com/fighter/Chris-Culley-22803
Tony Williams,,,,,,,M,,,0,0,sherdog,https://www.sherdog.com/fighter/Tony-Williams-174703
Jesse Sanderson,,,,,,,M,,,0,0,sherdog,https://www.sherdog.com/fighter/Jesse-Sanderson-146631
Sheldon Smith,,,,,,,M,,,0,0,sherdog,https://www.sherdog.com/fighter/Sheldon-Smith-147811
Cody Garbrandt,,,,,Bantamweight,ufc-roster,M,,,0,0,sherdog,https://www.sherdog.com/fighter/Cody-Garbrandt-50381
Cristian Quinonez,,,,,Bantamweight,ufc-roster,M,,,0,0,sherdog,https://www.sherdog.com/fighter/Cristian-Quinonez-164995
Trevin Jones,,,,,,,M,,,0,0,sherdog,https://www.sherdog.com/fighter/Trevin-Jones-73904
Timur Valiev,,,,,,,M,,,0,0,sherdog,https://www.sherdog.com/fighter/Timur-Valiev-70605
Khalid Taha,,,,,,,M,,,0,0,sherdog,https://www.sherdog.com/fighter/Khalid-Taha-117849
Carlos Huachin,,,,,,,M,,,0,0,sherdog,https://www.sherdog.com/fighter/Carlos-Huachin-177353
Chris Gutierrez,,,,,Bantamweight,ufc-roster,M,,,0,0,sherdog,https://www.sherdog.com/fighter/Chris-Gutierrez-59736
Kurt Holobaugh,,,,,,,M,,,0,0,sherdog,https://www.sherdog.com/fighter/Kurt-Holobaugh-68751
Dan Moret,,,,,,,M,,,0,0,sherdog,https://www.sherdog.com/fighter/Dan-Moret-52514
Ricky Musgrave,,,,,,,M,,,0,0,sherdog,https://www.sherdog.com/fighter/Ricky-Musgrave-61673
Jamal Parks,,,,,,,M,,,0,0,sherdog,https://www.sherdog.com/fighter/Jamal-Parks-134229
Mark Dickman,,,,,,,M,,,0,0,sherdog,https://www.sherdog.com/fighter/Mark-Dickman-71074
Tyler Toner,,,,,,,M,,,0,0,sherdog,https://www.sherdog.com/fighter/Tyler-Toner-13539
Erinaldo dos Santos Rodrigues,,,,,,,M,,,0,0,sherdog,https://www.sherdog.com/fighter/Erinaldo-dos-Santos-Rodrigues-11222
Joao Herdy Jr.,,,,,,,M,,,0,0,sherdog,https://www.sherdog.com/fighter/Joao-Herdy-Jr-11318
Jorge Rodrigues Silva,,,,,,,M,,,0,0,sherdog,https://www.sherdog.com/fighter/Jorge-Rodrigues-Silva-9959
Fabricio Batista,,,,,,,M,,,0,0,sherdog,https://www.sherdog.com/fighter/Fabricio-Batista-7304
Gilmar Silva Milhorance,,,,,,,M,,,0,0,sherdog,https://www.sherdog.com/fighter/Gilmar-Silva-Milhorance-81357
Vitor Riso,,,,,,,M,,,0,0,sherdog,https://www.sherdog.com/fighter/Vitor-Riso-48930
Askar Askarov,,,,,,,M,,,0,0,sherdog,https://www.sherdog.com/fighter/Askar-Askarov-149255
Dustin Ortiz,,,,,,,M,,,0,0,sherdog,https://www.sherdog.com/fighter/Dustin-Ortiz-58097
Sergio Pettis,,,,,,,M,,,0,0,sherdog,https://www.sherdog.com/fighter/Sergio-Pettis-50987
Henry Cejudo,,,,,,,M,,,0,0,sherdog,https://www.sherdog.com/fighter/Henry-Cejudo-125297
Zach Makovsky,,,,,,,M,,,0,0,sherdog,https://www.sherdog.com/fighter/Zach-Makovsky-20522
Ali Bagautinov,,,,,,,M,,,0,0,sherdog,https://www.sherdog.com/fighter/Ali-Bagautinov-81198
John Moraga,,,,,,,M,,,0,0,sherdog,https://www.sherdog.com/fighter/John-Moraga-55159
Demetrious Johnson,,,,,,,M,,,0,0,sherdog,https://www.sherdog.com/fighter/Demetrious-Johnson-45452
Darren Uyenoyama,,,,,,,M,,,0,0,sherdog,https://www.sherdog.com/fighter/Darren-Uyenoyama-4679
Ian McCall,,,,,,,M,,,0,0,sherdog,https://www.sherdog.com/fighter/Ian-McCall-5001
Yasuhiro Urushitani,,,,,,,M,,,0,0,sherdog,https://www.sherdog.com/fighter/Yasuhiro-Urushitani-1349
Eddie Wineland,,,,,,,M,,,0,0,sherdog,https://www.sherdog.com/fighter/Eddie-Wineland-4173
Ian Loveland,,,,,,,M,,,0,0,sherdog,https://www.sherdog.com/fighter/Ian-Loveland-13793
Wagnney Fabiano,,,,,,,M,,,0,0,sherdog,https://www.sherdog.com/fighter/Wagnney-Fabiano-905
Dominick Cruz,,,,,,,M,,,0,0,sherdog,https://www.sherdog.com/fighter/Dominick-Cruz-12107
Miguel Torres,,,,,,,M,,,0,0,sherdog,https://www.sherdog.com/fighter/Miguel-Torres-3006
Jeff Curran,,,,,,,M,,,0,0,sherdog,https://www.sherdog.com/fighter/Jeff-Curran-770
Danny Martinez,,,,,,,M,,,0,0,sherdog,https://www.sherdog.com/fighter/Danny-Martinez-16777
Junya Kodo,,,,,,,M,,,0,0,sherdog,https://www.sherdog.com/fighter/Junya-Kodo-19376
Maurice Eazel,,,,,,,M,,,0,0,sherdog,https://www.sherdog.com/fighter/Maurice-Eazel-15952
Jason Georgianna,,,,,,,M,,,0,0,sherdog,https://www.sherdog.com/fighter/Jason-Georgianna-17683
Rocky Del Monte,,,,,,,M,,,0,0,sherdog,https://www.sherdog.com/fighter/Rocky-Del-Monte-22041
Carlos Lovio,,,,,,,M,,,0,0,sherdog,https://www.sherdog.com/fighter/Carlos-Lovio-19973
Justin Smitley,,,,,,,M,,,0,0,sherdog,https://www.sherdog.com/fighter/Justin-Smitley-16995
Ramon Rodriguez,,,,,,,M,,,0,0,sherdog,https://www.sherdog.com/fighter/Ramon-Rodriguez-20901
Brandon Shelton,,,,,,,M,,,0,0,sherdog,https://www.sherdog.com/fighter/Brandon-Shelton-15406
Mike Grundy,,,,,,,M,,,0,0,sherdog,https://www.sherdog.com/fighter/Mike-Grundy-84263
Enrique Barzola,,,,,,,M,,,0,0,sherdog,https://www.sherdog.com/fighter/Enrique-Barzola-129351
Seung Woo Choi,,,,,,,M,,,0,0,sherdog,https://www.sherdog.com/fighter/Seung-Woo-Choi-205299
Rafael Dias,,,,,,,M,,,0,0,sherdog,https://www.sherdog.com/fighter/Rafael-Dias-120487
Sergey Morozov,,,,,,,M,,,0,0,sherdog,https://www.sherdog.com/fighter/Sergey-Morozov-89693
Pavel Vitruk,,,,,,,M,,,0,0,sherdog,https://www.sherdog.com/fighter/Pavel-Vitruk-83382
Alexey Nevzorov,,,,,,,M,,,0,0,sherdog,https://www.sherdog.com/fighter/Alexey-Nevzorov-72641
Lee Morrison,,,,,,,M,,,0,0,sherdog,https://www.sherdog.com/fighter/Lee-Morrison-46218
Aleksander Krupenkin,,,,,,,M,,,0,0,sherdog,https://www.sherdog.com/fighter/Aleksander-Krupenkin-184331
Djulustan Akimov,,,,,,,M,,,0,0,sherdog,https://www.sherdog.com/fighter/Djulustan-Akimov-233619
Andrey Syrovatkin,,,,,,,M,,,0,0,sherdog,https://www.sherdog.com/fighter/Andrey-Syrovatkin-199759
Zhenhong Lu,,,,,,,M,,,0,0,sherdog,https://www.sherdog.com/fighter/Zhenhong-Lu-109059
Jianwei He,,,,,,,M,,,0,0,sherdog,https://www.sherdog.com/fighter/Jianwei-He-166861
Lauren Murphy,,,,,,,F,,,0,0,sherdog,https://www.sherdog.com/fighter/Lauren-Murphy-66725
Cynthia Calvillo,,,,,,,F,,,0,0,sherdog,https://www.sherdog.com/fighter/Cynthia-Calvillo-93095
Sarah Moras,,,,,,,F,,,0,0,sherdog,https://www.sherdog.com/fighter/Sarah-Moras-61600
Marion Reneau,,,,,,,F,,,0,0,sherdog,https://www.sherdog.com/fighter/Marion-Reneau-61266
Rosi Sexton,,,,,,,F,,,0,0,sherdog,https://www.sherdog.com/fighter/Rosi-Sexton-5358
Milana Dudieva,,,,,,,F,,,0,0,sherdog,https://www.sherdog.com/fighter/Milana-Dudieva-43885
Luciana dos Passos Pereira,,,,,,,F,,,0,0,sherdog,https://www.sherdog.com/fighter/Luciana-dos-Passos-Pereira-69619
Vanessa Silva,,,,,,,F,,,0,0,sherdog,https://www.sherdog.com/fighter/Vanessa-Silva-131087
Alessandra Silva,,,,,,,F,,,0,0,sherdog,https://www.sherdog.com/fighter/Alessandra-Silva-61435
Duda Yankovich,,,,,,,F,,,0,0,sherdog,https://www.sherdog.com/fighter/Duda-Yankovich-110821
Juliana Silva,,,,,,,F,,,0,0,sherdog,https://www.sherdog.com/fighter/Juliana-Silva-111537
Lilian Correia,,,,,,,F,,,0,0,sherdog,https://www.sherdog.com/fighter/Lilian-Correia-114623
Kinberly Tanaka Novaes,,,,,,,F,,,0,0,sherdog,https://www.sherdog.com/fighter/Kinberly-Tanaka-Novaes-84557
Bruna Fernandes,,,,,,,F,,,0,0,sherdog,https://www.sherdog.com/fighter/Bruna-Fernandes-131627
Weidy Borges,,,,,,,F,,,0,0,sherdog,https://www.sherdog.com/fighter/Weidy-Borges-110543
Julien Leblanc,,,,,,,M,,,0,0,sherdog,https://www.sherdog.com/fighter/Julien-Leblanc-161413
Torrez Finney,,,,,,,M,,,0,0,sherdog,https://www.sherdog.com/fighter/Torrez-Finney-379262
Ryan Loder,,,,,,,M,,,0,0,sherdog,https://www.sherdog.com/fighter/Ryan-Loder-385318
Zoran Dod,,,,,,,M,,,0,0,sherdog,https://www.sherdog.com/fighter/Zoran-Dod-101859
Samuil Shelest,,,,,,,M,,,0,0,sherdog,https://www.sherdog.com/fighter/Samuil-Shelest-230765
Pietro Penini,,,,,,,M,,,0,0,sherdog,https://www.sherdog.com/fighter/Pietro-Penini-177121
Remco van den Brink,,,,,,,M,,,0,0,sherdog,https://www.sherdog.com/fighter/Remco-van-den-Brink-271235
Akhmed Salamov,,,,,,,M,,,0,0,sherdog,https://www.sherdog.com/fighter/Akhmed-Salamov-314339
Djordie Rajic,,,,,,,M,,,0,0,sherdog,https://www.sherdog.com/fighter/Djordie-Rajic-395163
Joey Michael Berkenbosch,,,,,,,M,,,0,0,sherdog,https://www.sherdog.com/fighter/Joey-Michael-Berkenbosch-231599
Djati Melan,,,,,,,M,,,0,0,sherdog,https://www.sherdog.com/fighter/Djati-Melan-172489
Ibo Aslan,,,,,Light Heavyweight,ufc-roster,M,,,0,0,sherdog,https://www.sherdog.com/fighter/Ibo-Aslan-247071
Alic Mensur,,,,,,,M,,,0,0,sherdog,https://www.sherdog.com/fighter/Alic-Mensur-160987
Mario Dengg,,,,,,,M,,,0,0,sherdog,https://www.sherdog.com/fighter/Mario-Dengg-184433
Jeroen Mullers,,,,,,,M,,,0,0,sherdog,https://www.sherdog.com/fighter/Jeroen-Mullers-105825
Paul Batomene,,,,,,,M,,,0,0,sherdog,https://www.sherdog.com/fighter/Paul-Batomene-133447
Dina Osman,,,,,,,F,,,0,0,sherdog,https://www.sherdog.com/fighter/Dina-Osman-323747
Desi Rahayu,,,,,,,F,,,0,0,sherdog,https://www.sherdog.com/fighter/Desi-Rahayu-168469
Sandra Succar,,,,,,,F,,,0,0,sherdog,https://www.sherdog.com/fighter/Sandra-Succar-390467
Nadine Mandiau,,,,,,,F,,,0,0,sherdog,https://www.sherdog.com/fighter/Nadine-Mandiau-284937
Maricel Dela Torre,,,,,,,F,,,0,0,sherdog,https://www.sherdog.com/fighter/Maricel-Dela-Torre-475880
Gina Gee,,,,,,,F,,,0,0,sherdog,https://www.sherdog.com/fighter/Gina-Gee-413880
Anastasiya Koroleva,,,,,,,F,,,0,0,sherdog,https://www.sherdog.com/fighter/Anastasiya-Koroleva-449221
Tehanahana Bernardino,,,,,,,F,,,0,0,sherdog,https://www.sherdog.com/fighter/Tehanahana-Bernardino-358089
Cecilie Maria Bolander,,,,,,,F,,,0,0,sherdog,https://www.sherdog.com/fighter/Cecilie-Maria-Bolander-392148
Jamey-Lyn Horth,,,,,,,F,,,0,0,sherdog,https://www.sherdog.com/fighter/JameyLyn-Horth-246541
Dione Barbosa,,,,,,,F,,,0,0,sherdog,https://www.sherdog.com/fighter/Dione-Barbosa-266915
Sabina Mazo,,,,,,,F,,,0,0,sherdog,https://www.sherdog.com/fighter/Sabina-Mazo-190501
Pearl Gonzalez,,,,,,,F,,,0,0,sherdog,https://www.sherdog.com/fighter/Pearl-Gonzalez-90485
DeAnna Bennett,,,,,,,F,,,0,0,sherdog,https://www.sherdog.com/fighter/DeAnna-Bennett-75456
Heather Walker-Leahy,,,,,,,F,,,0,0,sherdog,https://www.sherdog.com/fighter/Heather-WalkerLeahy-290187
Victoria Leonardo,,,,,,,F,,,0,0,sherdog,https://www.sherdog.com/fighter/Victoria-Leonardo-212725
Brogan Walker,,,,,,,F,,,0,0,sherdog,https://www.sherdog.com/fighter/Brogan-Walker-176193
Gabby Romero,,,,,,,F,,,0,0,sherdog,https://www.sherdog.com/fighter/Gabby-Romero-179935
Kalyn Schwartz,,,,,,,F,,,0,0,sherdog,https://www.sherdog.com/fighter/Kalyn-Schwartz-183611
Samantha Diaz,,,,,,,F,,,0,0,sherdog,https://www.sherdog.com/fighter/Samantha-Diaz-196393
Rangbo Sulang,,,,,,,M,,,0,0,sherdog,https://www.sherdog.com/fighter/Rangbo-Sulang-387333
Van Y Nghiem,,,,,,,M,,,0,0,sherdog,https://www.sherdog.com/fighter/Van-Y-Nghiem-438266
Qinghe Zhang,,,,,,,M,,,0,0,sherdog,https://www.sherdog.com/fighter/Qinghe-Zhang-382525
Daniel Mitchell,,,,,,,M,,,0,0,sherdog,https://www.sherdog.com/fighter/Daniel-Mitchell-324551
Toby Meech,,,,,,,M,,,0,0,sherdog,https://www.sherdog.com/fighter/Toby-Meech-96473
Anthony Drilich,,,,,,,M,,,0,0,sherdog,https://www.sherdog.com/fighter/Anthony-Drilich-140305
Logan Price,,,,,,,M,,,0,0,sherdog,https://www.sherdog.com/fighter/Logan-Price-60978
Caleb Lally,,,,,,,M,,,0,0,sherdog,https://www.sherdog.com/fighter/Caleb-Lally-83767
Nick Thornton,,,,,,,M,,,0,0,sherdog,https://www.sherdog.com/fighter/Nick-Thornton-308795
James Llontop,,,,,,,M,,,0,0,sherdog,https://www.sherdog.com/fighter/James-Llontop-191443
Jamie Mullarkey,,,,,,,M,,,0,0,sherdog,https://www.sherdog.com/fighter/Jamie-Mullarkey-68104
Raimond Magomedaliev,,,,,,,M,,,0,0,sherdog,https://www.sherdog.com/fighter/Raimond-Magomedaliev-191869
Ronys Torres,,,,,,,M,,,0,0,sherdog,https://www.sherdog.com/fighter/Ronys-Torres-20447
Corneliu Lascar Rotaru,,,,,,,M,,,0,0,sherdog,https://www.sherdog.com/fighter/Corneliu-Lascar-Rotaru-207353
Brenno Luiz Goncalves Silva,,,,,,,M,,,0,0,sherdog,https://www.sherdog.com/fighter/Brenno-Luiz-Goncalves-Silva-406737
Derlan Marinho,,,,,,,M,,,0,0,sherdog,https://www.sherdog.com/fighter/Derlan-Marinho-173471
Rafael Silva,,,,,,,M,,,0,0,sherdog,https://www.sherdog.com/fighter/Rafael-Silva-209837
Lucas Costa Jesus,,,,,,,M,,,0,0,sherdog,https://www.sherdog.com/fighter/Lucas-Costa-Jesus-205341
Wendson Santos,,,,,,,M,,,0,0,sherdog,https://www.sherdog.com/fighter/Wendson-Santos-160725
Marlon Paula de Souza,,,,,,,M,,,0,0,sherdog,https://www.sherdog.com/fighter/Marlon-Paula-de-Souza-172837
Tomasz Narkun,,,,,,,M,,,0,0,sherdog,https://www.sherdog.com/fighter/Tomasz-Narkun-55544
Jesus Samuel Chavarria,,,,,,,M,,,0,0,sherdog,https://www.sherdog.com/fighter/Jesus-Samuel-Chavarria-349943
David Hosek,,,,,,,M,,,0,0,sherdog,https://www.sherdog.com/fighter/David-Hosek-282605
Pavol Langer,,,,,,,M,,,0,0,sherdog,https://www.sherdog.com/fighter/Pavol-Langer-125457
Mateusz Strzelczyk,,,,,,,M,,,0,0,sherdog,https://www.sherdog.com/fighter/Mateusz-Strzelczyk-71964
Jeremy Kimball,,,,,,,M,,,0,0,sherdog,https://www.sherdog.com/fighter/Jeremy-Kimball-59375
Martin Zawada,,,,,,,M,,,0,0,sherdog,https://www.sherdog.com/fighter/Martin-Zawada-8810
Nermin Hajdarpasic,,,,,,,M,,,0,0,sherdog,https://www.sherdog.com/fighter/Nermin-Hajdarpasic-384068
Koray Cengiz,,,,,,,M,,,0,0,sherdog,https://www.sherdog.com/fighter/Koray-Cengiz-263859
Kornel Zapadka,,,,,,,M,,,0,0,sherdog,https://www.sherdog.com/fighter/Kornel-Zapadka-47186
Taylor Johnson,,,,,,,M,,,0,0,sherdog,https://www.sherdog.com/fighter/Taylor-Johnson-232443
Felix Polianidis,,,,,,,M,,,0,0,sherdog,https://www.sherdog.com/fighter/Felix-Polianidis-83954
Csaba Hocz,,,,,,,M,,,0,0,sherdog,https://www.sherdog.com/fighter/Csaba-Hocz-187545
Francisco de Souza,,,,,,,M,,,0,0,sherdog,https://www.sherdog.com/fighter/Francisco-de-Souza-207281
Nills van Noord,,,,,,,M,,,0,0,sherdog,https://www.sherdog.com/fighter/Nills-van-Noord-22259
Fitim Ukelli,,,,,,,M,,,0,0,sherdog,https://www.sherdog.com/fighter/Fitim-Ukelli-108423
Rob Wilkinson,,,,,,,M,,,0,0,sherdog,https://www.sherdog.com/fighter/Rob-Wilkinson-86279
Alexander Takacs,,,,,,,M,,,0,0,sherdog,https://www.sherdog.com/fighter/Alexander-Takacs-190857
Vincent Heloise,,,,,,,M,,,0,0,sherdog,https://www.sherdog.com/fighter/Vincent-Heloise-227259
Csaba Horvath,,,,,,,M,,,0,0,sherdog,https://www.sherdog.com/fighter/Csaba-Horvath-199457
Sami Heyoun,,,,,,,M,,,0,0,sherdog,https://www.sherdog.com/fighter/Sami-Heyoun-165437
Johannes Baier,,,,,,,M,,,0,0,sherdog,https://www.sherdog.com/fighter/Johannes-Baier-124257
Per Ahrens,,,,,,,M,,,0,0,sherdog,https://www.sherdog.com/fighter/Per-Ahrens-178551
Andreas Muehlbayer,,,,,,,M,,,0,0,sherdog,https://www.sherdog.com/fighter/Andreas-Muehlbayer-119119
Glaucio Eliziario,,,,,,,M,,,0,0,sherdog,https://www.sherdog.com/fighter/Glaucio-Eliziario-147177
Jalin Fuller,,,,,,,M,,,0,0,sherdog,https://www.sherdog.com/fighter/Jalin-Fuller-237877
Adis Taalaybek,,,,,,,M,,,0,0,sherdog,https://www.sherdog.com/fighter/Adis-Taalaybek-311191
Mashrabzhon Sobirov,,,,,,,M,,,0,0,sherdog,https://www.sherdog.com/fighter/Mashrabzhon-Sobirov-423139
Peyman Haciev,,,,,,,M,,,0,0,sherdog,https://www.sherdog.com/fighter/Peyman-Haciev-315801
Khalid Satuev,,,,,,,M,,,0,0,sherdog,https://www.sherdog.com/fighter/Khalid-Satuev-272657
Shamil Mutalimov,,,,,,,M,,,0,0,sherdog,https://www.sherdog.com/fighter/Shamil-Mutalimov-272181
Faruh Kadirov,,,,,,,M,,,0,0,sherdog,https://www.sherdog.com/fighter/Faruh-Kadirov-330077
Fakhreddin Myrzadavlatov,,,,,,,M,,,0,0,sherdog,https://www.sherdog.com/fighter/Fakhreddin-Myrzadavlatov-405513
Saidal Khazmuradov,,,,,,,M,,,0,0,sherdog,https://www.sherdog.com/fighter/Saidal-Khazmuradov-369247
Shakhzod Kholmatov,,,,,,,M,,,0,0,sherdog,https://www.sherdog.com/fighter/Shakhzod-Kholmatov-361777
Eldiyar Toobaev,,,,,,,M,,,0,0,sherdog,https://www.sherdog.com/fighter/Eldiyar-Toobaev-316761
Chris Daukaus,,,,,,,M,,,0,0,sherdog,https://www.sherdog.com/fighter/Chris-Daukaus-103685
Jairzinho Rozenstruik,,,,,,,M,,,0,0,sherdog,https://www.sherdog.com/fighter/Jairzinho-Rozenstruik-102803
Junior dos Santos,,,,,,,M,,,0,0,sherdog,https://www.sherdog.com/fighter/Junior-dos-Santos-17272
Shamil Abdurakhimov,,,,,,,M,,,0,0,sherdog,https://www.sherdog.com/fighter/Shamil-Abdurakhimov-26808
Justin Willis,,,,,,,M,,,0,0,sherdog,https://www.sherdog.com/fighter/Justin-Willis-63873
Francis Ngannou,,,,,,,M,,,0,0,sherdog,https://www.sherdog.com/fighter/Francis-Ngannou-152341
Alistair Overeem,,,,,,,M,,,0,0,sherdog,https://www.sherdog.com/fighter/Alistair-Overeem-461
Mark Hunt,,,,,,,M,,,0,0,sherdog,https://www.sherdog.com/fighter/Mark-Hunt-10668
Alexey Oleynik,,,,,,,M,,,0,0,sherdog,https://www.sherdog.com/fighter/Alexey-Oleynik-2027
Daniel Omielanczuk,,,,,,,M,,,0,0,sherdog,https://www.sherdog.com/fighter/Daniel-Omielanczuk-54303
Adam Milstead,,,,,,,M,,,0,0,sherdog,https://www.sherdog.com/fighter/Adam-Milstead-60258
Cody East,,,,,,,M,,,0,0,sherdog,https://www.sherdog.com/fighter/Cody-East-33359
Luis Cortez,,,,,,,M,,,0,0,sherdog,https://www.sherdog.com/fighter/Luis-Cortez-162391
Allen Crowder,,,,,,,M,,,0,0,sherdog,https://www.sherdog.com/fighter/Allen-Crowder-157353
Brad Faylor,,,,,,,M,,,0,0,sherdog,https://www.sherdog.com/fighter/Brad-Faylor-152297
William Baptiste,,,,,,,M,,,0,0,sherdog,https://www.sherdog.com/fighter/William-Baptiste-96775
Lorenzo Hood,,,,,,,M,,,0,0,sherdog,https://www.sherdog.com/fighter/Lorenzo-Hood-51117
Chris Duncan,,,,,Lightweight,ufc-roster,M,,,0,0,sherdog,https://www.sherdog.com/fighter/Chris-Duncan-74346
Drew Dober,,,,,Lightweight,ufc-roster,M,,,0,0,sherdog,https://www.sherdog.com/fighter/Drew-Dober-23982
Brad Riddell,,,,,,,M,,,0,0,sherdog,https://www.sherdog.com/fighter/Brad-Riddell-252693
Jai Herbert,,,,,Lightweight,ufc-roster,M,,,0,0,sherdog,https://www.sherdog.com/fighter/Jai-Herbert-168551
Damir Hadzovic,,,,,Lightweight,ufc-roster,M,,,0,0,sherdog,https://www.sherdog.com/fighter/Damir-Hadzovic-56139
Tom Niinimaki,,,,,,,M,,,0,0,sherdog,https://www.sherdog.com/fighter/Tom-Niinimaki-5639
Nilson Pereira,,,,,,,M,,,0,0,sherdog,https://www.sherdog.com/fighter/Nilson-Pereira-17110
Mauro Chaulet,,,,,,,M,,,0,0,sherdog,https://www.sherdog.com/fighter/Mauro-Chaulet-51804
Felipe Froes,,,,,,,M,,,0,0,sherdog,https://www.sherdog.com/fighter/Felipe-Froes-70829
Iliarde Santos,,,,,,,M,,,0,0,sherdog,https://www.sherdog.com/fighter/Iliarde-Santos-39391
Joao Luiz Nogueira,,,,,,,M,,,0,0,sherdog,https://www.sherdog.com/fighter/Joao-Luiz-Nogueira-38148
Eduardo Felipe,,,,,,,M,,,0,0,sherdog,https://www.sherdog.com/fighter/Eduardo-Felipe-3212
Joao Paulo Rodrigues de Souza,,,,,,,M,,,0,0,sherdog,https://www.sherdog.com/fighter/Joao-Paulo-Rodrigues-de-Souza-51948
Alexandre Almeida,,,,,,,M,,,0,0,sherdog,https://www.sherdog.com/fighter/Alexandre-Almeida-25099
Bruna Brasil,,,,,,,F,,,0,0,sherdog,https://www.sherdog.com/fighter/Bruna-Brasil-182855
Konklak Suphisara,,,,,,,F,,,0,0,sherdog,https://www.sherdog.com/fighter/Konklak-Suphisara-270881
Molly McCann,,,,,,,F,,,0,0,sherdog,https://www.sherdog.com/fighter/Molly-McCann-150485
Rose Conceicao,,,,,,,F,,,0,0,sherdog,https://www.sherdog.com/fighter/Rose-Conceicao-211299
Thaiane Souza,,,,,,,F,,,0,0,sherdog,https://www.sherdog.com/fighter/Thaiane-Souza-126637
Sabrina Oliveira,,,,,,,F,,,0,0,sherdog,https://www.sherdog.com/fighter/Sabrina-Oliveira-368343
Thainara Almeida,,,,,,,F,,,0,0,sherdog,https://www.sherdog.com/fighter/Thainara-Almeida-404003
Jeanne Ruas,,,,,,,F,,,0,0,sherdog,https://www.sherdog.com/fighter/Jeanne-Ruas-198069
Gracie Kelly Campos,,,,,,,F,,,0,0,sherdog,https://www.sherdog.com/fighter/Gracie-Kelly-Campos-324741
Giovanna Melo,,,,,,,F,,,0,0,sherdog,https://www.sherdog.com/fighter/Giovanna-Melo-388182
Rayanne dos Santos,,,,,Strawweight,ufc-roster,F,,,0,0,sherdog,https://www.sherdog.com/fighter/Rayanne-dos-Santos-230789
Karina Ribeiro,,,,,,,F,,,0,0,sherdog,https://www.sherdog.com/fighter/Karina-Ribeiro-324563
Jenefer Rodriguez,,,,,,,F,,,0,0,sherdog,https://www.sherdog.com/fighter/Jenefer-Rodriguez-275057
Beatriz Ferreira,,,,,,,F,,,0,0,sherdog,https://www.sherdog.com/fighter/Beatriz-Ferreira-288029
Damon Jackson,,,,,,,M,,,0,0,sherdog,https://www.sherdog.com/fighter/Damon-Jackson-113767
Gavin Tucker,,,,,,,M,,,0,0,sherdog,https://www.sherdog.com/fighter/Gavin-Tucker-78469
Mirsad Bektic,,,,,,,M,,,0,0,sherdog,https://www.sherdog.com/fighter/Mirsad-Bektic-59766
Kevin Aguilar,,,,,,,M,,,0,0,sherdog,https://www.sherdog.com/fighter/Kevin-Aguilar-57838
Danny Henry,,,,,,,M,,,0,0,sherdog,https://www.sherdog.com/fighter/Danny-Henry-59830
Jordan Griffin,,,,,,,M,,,0,0,sherdog,https://www.sherdog.com/fighter/Jordan-Griffin-56524
Mike Santiago,,,,,,,M,,,0,0,sherdog,https://www.sherdog.com/fighter/Mike-Santiago-66110
Julio Arce,,,,,,,M,,,0,0,sherdog,https://www.sherdog.com/fighter/Julio-Arce-71299
Luis Gomez,,,,,,,M,,,0,0,sherdog,https://www.sherdog.com/fighter/Luis-Gomez-207041
Ronildo Augusto Braga,,,,,,,M,,,0,0,sherdog,https://www.sherdog.com/fighter/Ronildo-Augusto-Braga-42339
Fernando Padilla,,,,,Featherweight,ufc-roster,M,,,0,0,sherdog,https://www.sherdog.com/fighter/Fernando-Padilla-228071
Diego Pichilingue,,,,,,,M,,,0,0,sherdog,https://www.sherdog.com/fighter/Diego-Pichilingue-148243
Craig Campbell,,,,,,,M,,,0,0,sherdog,https://www.sherdog.com/fighter/Craig-Campbell-129695
James Jones,,,,,,,M,,,0,0,sherdog,https://www.sherdog.com/fighter/James-Jones-14353
Taichi Nakajima,,,,,,,M,,,0,0,sherdog,https://www.sherdog.com/fighter/Taichi-Nakajima-84217
Ian Millan,,,,,,,M,,,0,0,sherdog,https://www.sherdog.com/fighter/Ian-Millan-145361
Spencer Higa,,,,,,,M,,,0,0,sherdog,https://www.sherdog.com/fighter/Spencer-Higa-40393
Jake Hadley,,,,,,,M,,,0,0,sherdog,https://www.sherdog.com/fighter/Jake-Hadley-200597
Azat Maksum,,,,,,,M,,,0,0,sherdog,https://www.sherdog.com/fighter/Azat-Maksum-257699
Rafael Estevam,,,,,,,M,,,0,0,sherdog,https://www.sherdog.com/fighter/Rafael-Estevam-200851
Cody Durden,,,,,Flyweight,ufc-roster,M,,,0,0,sherdog,https://www.sherdog.com/fighter/Cody-Durden-222325
Ode Osbourne,,,,,Flyweight,ufc-roster,M,,,0,0,sherdog,https://www.sherdog.com/fighter/Ode-Osbourne-137969
Jimmy Flick,,,,,,,M,,,0,0,sherdog,https://www.sherdog.com/fighter/Jimmy-Flick-60460
Zhalgas Zhumagulov,,,,,,,M,,,0,0,sherdog,https://www.sherdog.com/fighter/Zhalgas-Zhumagulov-176945
Carlos Mota,,,,,,,M,,,0,0,sherdog,https://www.sherdog.com/fighter/Carlos-Mota-182629
Joao Camilo,,,,,,,M,,,0,0,sherdog,https://www.sherdog.com/fighter/Joao-Camilo-230159
Yuma Horiuchi,,,,,,,M,,,0,0,sherdog,https://www.sherdog.com/fighter/Yuma-Horiuchi-136859
Karlee Pangilinan,,,,,,,M,,,0,0,sherdog,https://www.sherdog.com/fighter/Karlee-Pangilinan-202733
Andrew Kimzey,,,,,,,M,,,0,0,sherdog,https://www.sherdog.com/fighter/Andrew-Kimzey-208899
Sean Santella,,,,,,,M,,,0,0,sherdog,https://www.sherdog.com/fighter/Sean-Santella-40958
Marc Tong Van,,,,,,,M,,,0,0,sherdog,https://www.sherdog.com/fighter/Marc-Tong-Van-106955
Jeremiah Cullum,,,,,,,M,,,0,0,sherdog,https://www.sherdog.com/fighter/Jeremiah-Cullum-61209
Ray Allard,,,,,,,M,,,0,0,sherdog,https://www.sherdog.com/fighter/Ray-Allard-254713
Alex Stephens,,,,,,,M,,,0,0,sherdog,https://www.sherdog.com/fighter/Alex-Stephens-86340
Austin Reed,,,,,,,M,,,0,0,sherdog,https://www.sherdog.com/fighter/Austin-Reed-249459
Baisangur Susurkaev,,,,,,,M,,,0,0,sherdog,https://www.sherdog.com/fighter/Baisangur-Susurkaev-380001
Danny Barlow,,,,,,,M,,,0,0,sherdog,https://www.sherdog.com/fighter/Danny-Barlow-336147
Will Currie,,,,,,,M,,,0,0,sherdog,https://www.sherdog.com/fighter/Will-Currie-249519
Filipe Moitinho,,,,,,,M,,,0,0,sherdog,https://www.sherdog.com/fighter/Filipe-Moitinho-323455
Miguel Firmino,,,,,,,M,,,0,0,sherdog,https://www.sherdog.com/fighter/Miguel-Firmino-177405
Daniel Chicao,,,,,,,M,,,0,0,sherdog,https://www.sherdog.com/fighter/Daniel-Chicao-110147
Rodolfo Andrade de Oliveira,,,,,,,M,,,0,0,sherdog,https://www.sherdog.com/fighter/Rodolfo-Andrade-de-Oliveira-293115
Cristian Torres,,,,,,,M,,,0,0,sherdog,https://www.sherdog.com/fighter/Cristian-Torres-111169
Khristhian da Silva Oliveira,,,,,,,M,,,0,0,sherdog,https://www.sherdog.com/fighter/Khristhian-da-Silva-Oliveira-146573
Jeronimo Ribeiro de Oliveira,,,,,,,M,,,0,0,sherdog,https://www.sherdog.com/fighter/Jeronimo-Ribeiro-de-Oliveira-121399
Cristiano Bonis,,,,,,,M,,,0,0,sherdog,https://www.sherdog.com/fighter/Cristiano-Bonis-204611
Eduardo Silva,,,,,,,M,,,0,0,sherdog,https://www.sherdog.com/fighter/Eduardo-Silva-154125
Bruno Fernandes,,,,,,,M,,,0,0,sherdog,https://www.sherdog.com/fighter/Bruno-Fernandes-196023
Leon Soares,,,,,,,M,,,0,0,sherdog,https://www.sherdog.com/fighter/Leon-Soares-306901
Phillip Latu,,,,,,,M,,,0,0,sherdog,https://www.sherdog.com/fighter/Phillip-Latu-392424
Pedro Oliveira,,,,,,,M,,,0,0,sherdog,https://www.sherdog.com/fighter/Pedro-Oliveira-378164
Joao Paulo Silva Santos,,,,,,,M,,,0,0,sherdog,https://www.sherdog.com/fighter/Joao-Paulo-Silva-Santos-398940
Azamat Bekoev,,,,,Middleweight,ufc-roster,M,,,0,0,sherdog,https://www.sherdog.com/fighter/Azamat-Bekoev-231875
Cesar Almeida,,,,,Middleweight,ufc-roster,M,,,0,0,sherdog,https://www.sherdog.com/fighter/Cesar-Almeida-217983
Jansey Silva,,,,,,,M,,,0,0,sherdog,https://www.sherdog.com/fighter/Jansey-Silva-145207
Fabio Aguiar,,,,,,,M,,,0,0,sherdog,https://www.sherdog.com/fighter/Fabio-Aguiar-132429
Rodrigo Lima Novais,,,,,,,M,,,0,0,sherdog,https://www.sherdog.com/fighter/Rodrigo-Lima-Novais-148265
Joao Dantas,,,,,,,M,,,0,0,sherdog,https://www.sherdog.com/fighter/Joao-Dantas-198829
Diego Dias,,,,,,,M,,,0,0,sherdog,https://www.sherdog.com/fighter/Diego-Dias-145419
Wallace Lopes,,,,,,,M,,,0,0,sherdog,https://www.sherdog.com/fighter/Wallace-Lopes-93937
Rafael Silva de Souza,,,,,,,M,,,0,0,sherdog,https://www.sherdog.com/fighter/Rafael-Silva-de-Souza-204607
Paulo Henrique Laia,,,,,,,M,,,0,0,sherdog,https://www.sherdog.com/fighter/Paulo-Henrique-Laia-275067
Dailon Farias,,,,,,,M,,,0,0,sherdog,https://www.sherdog.com/fighter/Dailon-Farias-218917
Mateus Silva,,,,,,,M,,,0,0,sherdog,https://www.sherdog.com/fighter/Mateus-Silva-132953
Jordan Leavitt,,,,,Featherweight,ufc-roster,M,,,0,0,sherdog,https://www.sherdog.com/fighter/Jordan-Leavitt-259871
Rodrigo Vargas,,,,,,,M,,,0,0,sherdog,https://www.sherdog.com/fighter/Rodrigo-Vargas-71577
Luigi Vendramini,,,,,,,M,,,0,0,sherdog,https://www.sherdog.com/fighter/Luigi-Vendramini-225223
Davide Martinez,,,,,,,M,,,0,0,sherdog,https://www.sherdog.com/fighter/Davide-Martinez-156221
Decky Dalton,,,,,,,M,,,0,0,sherdog,https://www.sherdog.com/fighter/Decky-Dalton-56595
Soren Bak,,,,,,,M,,,0,0,sherdog,https://www.sherdog.com/fighter/Soren-Bak-87144
Alexis Savvidis,,,,,,,M,,,0,0,sherdog,https://www.sherdog.com/fighter/Alexis-Savvidis-126561
Nad Narimani,,,,,,,M,,,0,0,sherdog,https://www.sherdog.com/fighter/Nad-Narimani-67643
Teddy Violet,,,,,,,M,,,0,0,sherdog,https://www.sherdog.com/fighter/Teddy-Violet-107327
Ashleigh Grimshaw,,,,,,,M,,,0,0,sherdog,https://www.sherdog.com/fighter/Ashleigh-Grimshaw-7862
Miguel Haro,,,,,,,M,,,0,0,sherdog,https://www.sherdog.com/fighter/Miguel-Haro-80691
Kevin Petshi,,,,,,,M,,,0,0,sherdog,https://www.sherdog.com/fighter/Kevin-Petshi-123191
Stephen Martin,,,,,,,M,,,0,0,sherdog,https://www.sherdog.com/fighter/Stephen-Martin-141419
Conrad Hayes,,,,,,,M,,,0,0,sherdog,https://www.sherdog.com/fighter/Conrad-Hayes-78454
Martin Sheridan,,,,,,,M,,,0,0,sherdog,https://www.sherdog.com/fighter/Martin-Sheridan-67550
Cameron Else,,,,,,,M,,,0,0,sherdog,https://www.sherdog.com/fighter/Cameron-Else-66351
Florian Calin,,,,,,,M,,,0,0,sherdog,https://www.sherdog.com/fighter/Florian-Calin-84993
Jack Drabble,,,,,,,M,,,0,0,sherdog,https://www.sherdog.com/fighter/Jack-Drabble-137619
Dougie Scott,,,,,,,M,,,0,0,sherdog,https://www.sherdog.com/fighter/Dougie-Scott-59836
Nathan Thompson,,,,,,,M,,,0,0,sherdog,https://www.sherdog.com/fighter/Nathan-Thompson-49754
Gabriel Miranda,,,,,,,M,,,0,0,sherdog,https://www.sherdog.com/fighter/Gabriel-Miranda-108691
Manolo Zecchini,,,,,,,M,,,0,0,sherdog,https://www.sherdog.com/fighter/Manolo-Zecchini-168091
Diego Silva,,,,,,,M,,,0,0,sherdog,https://www.sherdog.com/fighter/Diego-Silva-165561
Pedro Souza,,,,,,,M,,,0,0,sherdog,https://www.sherdog.com/fighter/Pedro-Souza-99605
Daniel Bazant,,,,,,,M,,,0,0,sherdog,https://www.sherdog.com/fighter/Daniel-Bazant-267891
Paul Hughes,,,,,,,M,,,0,0,sherdog,https://www.sherdog.com/fighter/Paul-Hughes-155105
Jordan Vucenic,,,,,,,M,,,0,0,sherdog,https://www.sherdog.com/fighter/Jordan-Vucenic-236825
Perry Goodwin,,,,,,,M,,,0,0,sherdog,https://www.sherdog.com/fighter/Perry-Goodwin-69735
Dean Trueman,,,,,,,M,,,0,0,sherdog,https://www.sherdog.com/fighter/Dean-Trueman-61583
Lewis Monarch,,,,,,,M,,,0,0,sherdog,https://www.sherdog.com/fighter/Lewis-Monarch-77137
Marko Kovacevic,,,,,,,M,,,0,0,sherdog,https://www.sherdog.com/fighter/Marko-Kovacevic-97205
Julien Gracco,,,,,,,M,,,0,0,sherdog,https://www.sherdog.com/fighter/Julien-Gracco-172465
Ruslan Khazhmurzaev,,,,,,,M,,,0,0,sherdog,https://www.sherdog.com/fighter/Ruslan-Khazhmurzaev-250415
Oleksii Oliinyk,,,,,,,M,,,0,0,sherdog,https://www.sherdog.com/fighter/Oleksii-Oliinyk-79733
Geisym Derouiche,,,,,,,M,,,0,0,sherdog,https://www.sherdog.com/fighter/Geisym-Derouiche-192101
Ciro Ruotolo,,,,,,,M,,,0,0,sherdog,https://www.sherdog.com/fighter/Ciro-Ruotolo-26108
William Gomis,,,,,,,M,,,0,0,sherdog,https://www.sherdog.com/fighter/William-Gomis-217407
Alex Kherfallah,,,,,,,M,,,0,0,sherdog,https://www.sherdog.com/fighter/Alex-Kherfallah-201281
Pierre Sauvage,,,,,,,M,,,0,0,sherdog,https://www.sherdog.com/fighter/Pierre-Sauvage-80075
Ivan Dutchak,,,,,,,M,,,0,0,sherdog,https://www.sherdog.com/fighter/Ivan-Dutchak-262971
Banjougou Sidibe,,,,,,,M,,,0,0,sherdog,https://www.sherdog.com/fighter/Banjougou-Sidibe-190905
Jonathan Hilderald,,,,,,,M,,,0,0,sherdog,https://www.sherdog.com/fighter/Jonathan-Hilderald-194353
Dryce Bouremel,,,,,,,M,,,0,0,sherdog,https://www.sherdog.com/fighter/Dryce-Bouremel-171445
Christian Nkongo,,,,,,,M,,,0,0,sherdog,https://www.sherdog.com/fighter/Christian-Nkongo-195553
Jean Loua,,,,,,,M,,,0,0,sherdog,https://www.sherdog.com/fighter/Jean-Loua-149525
Majdeddine Ayadi,,,,,,,M,,,0,0,sherdog,https://www.sherdog.com/fighter/Majdeddine-Ayadi-138965
Herve Rosa,,,,,,,M,,,0,0,sherdog,https://www.sherdog.com/fighter/Herve-Rosa-119421
Karim Kondua,,,,,,,M,,,0,0,sherdog,https://www.sherdog.com/fighter/Karim-Kondua-49369
Tallison Teixeira,,,,,Heavyweight,ufc-roster,M,,,0,0,sherdog,https://www.sherdog.com/fighter/Tallison-Teixeira-394342
Maurice Greene,,,,,,,M,,,0,0,sherdog,https://www.sherdog.com/fighter/Maurice-Greene-85198
Marcelo Golm,,,,,,,M,,,0,0,sherdog,https://www.sherdog.com/fighter/Marcelo-Golm-190735
Kirill Sidelnikov,,,,,,,M,,,0,0,sherdog,https://www.sherdog.com/fighter/Kirill-Sidelnikov-20856
Alexei Kudin,,,,,,,M,,,0,0,sherdog,https://www.sherdog.com/fighter/Alexei-Kudin-8065
Akhmedshaikh Gelegaev,,,,,,,M,,,0,0,sherdog,https://www.sherdog.com/fighter/Akhmedshaikh-Gelegaev-66900
Chaban Ka,,,,,,,M,,,0,0,sherdog,https://www.sherdog.com/fighter/Chaban-Ka-58182
Ruben Wolf,,,,,,,M,,,0,0,sherdog,https://www.sherdog.com/fighter/Ruben-Wolf-73772
Sultan Murtazaliev,,,,,,,M,,,0,0,sherdog,https://www.sherdog.com/fighter/Sultan-Murtazaliev-151909
Vladimir Daineko,,,,,,,M,,,0,0,sherdog,https://www.sherdog.com/fighter/Vladimir-Daineko-186933
Ilja Skondric,,,,,,,M,,,0,0,sherdog,https://www.sherdog.com/fighter/Ilja-Skondric-13550
Sergey Buinachev,,,,,,,M,,,0,0,sherdog,https://www.sherdog.com/fighter/Sergey-Buinachev-177833
Alexander Derevyanko,,,,,,,M,,,0,0,sherdog,https://www.sherdog.com/fighter/Alexander-Derevyanko-168249
Jun Yong Park,,,,,Middleweight,ufc-roster,M,,,0,0,sherdog,https://www.sherdog.com/fighter/Jun-Yong-Park-159071
Warlley Alves,,,,,,,M,,,0,0,sherdog,https://www.sherdog.com/fighter/Warlley-Alves-70750
Phil Hawes,,,,,,,M,,,0,0,sherdog,https://www.sherdog.com/fighter/Phil-Hawes-130935
Mario Sousa,,,,,,,M,,,0,0,sherdog,https://www.sherdog.com/fighter/Mario-Sousa-213265
Nah-Shon Burrell,,,,,,,M,,,0,0,sherdog,https://www.sherdog.com/fighter/NahShon-Burrell-53596
Miro Jurkovic,,,,,,,M,,,0,0,sherdog,https://www.sherdog.com/fighter/Miro-Jurkovic-129057
Denis Tiuliulin,,,,,,,M,,,0,0,sherdog,https://www.sherdog.com/fighter/Denis-Tiuliulin-230989
Diego Gonzalez,,,,,,,M,,,0,0,sherdog,https://www.sherdog.com/fighter/Diego-Gonzalez-6001
Geraldo Coelho de Lima Neto,,,,,,,M,,,0,0,sherdog,https://www.sherdog.com/fighter/Geraldo-Coelho-de-Lima-Neto-143835
Chad Hanekom,,,,,,,M,,,0,0,sherdog,https://www.sherdog.com/fighter/Chad-Hanekom-215519
Jeremy Smith,,,,,,,M,,,0,0,sherdog,https://www.sherdog.com/fighter/Jeremy-Smith-62610
Rufat Asadov,,,,,,,M,,,0,0,sherdog,https://www.sherdog.com/fighter/Rufat-Asadov-208637
Dmitry Aryshev,,,,,,,M,,,0,0,sherdog,https://www.sherdog.com/fighter/Dmitry-Aryshev-207645
Vladimir Stukalov,,,,,,,M,,,0,0,sherdog,https://www.sherdog.com/fighter/Vladimir-Stukalov-98217
Alimjon Shadmanov,,,,,,,M,,,0,0,sherdog,https://www.sherdog.com/fighter/Alimjon-Shadmanov-81707
Don'Tale Mayes,,,,,,,M,,,0,0,sherdog,https://www.sherdog.com/fighter/DonTale-Mayes-237177
Junior Tafa,,,,,,,M,,,0,0,sherdog,https://www.sherdog.com/fighter/Junior-Tafa-408471
Cassio Oliveira,,,,,,,M,,,0,0,sherdog,https://www.sherdog.com/fighter/Cassio-Oliveira-51390
Ramdan Mohamed,,,,,,,M,,,0,0,sherdog,https://www.sherdog.com/fighter/Ramdan-Mohamed-127027
Bunyod Akulov,,,,,,,M,,,0,0,sherdog,https://www.sherdog.com/fighter/Bunyod-Akulov-414076
Ruslan Medzhidov,,,,,,,M,,,0,0,sherdog,https://www.sherdog.com/fighter/Ruslan-Medzhidov-264661
Andrey Zhukovsky,,,,,,,M,,,0,0,sherdog,https://www.sherdog.com/fighter/Andrey-Zhukovsky-248071
Wagner Maia,,,,,,,M,,,0,0,sherdog,https://www.sherdog.com/fighter/Wagner-Maia-142087
Aybek Kobenov,,,,,,,M,,,0,0,sherdog,https://www.sherdog.com/fighter/Aybek-Kobenov-398114
Denis Kazakov,,,,,,,M,,,0,0,sherdog,https://www.sherdog.com/fighter/Denis-Kazakov-398530
Kertis Sakha Toyem,,,,,,,M,,,0,0,sherdog,https://www.sherdog.com/fighter/Kertis-Sakha-Toyem-379789
Dmitriy Plyukhov,,,,,,,M,,,0,0,sherdog,https://www.sherdog.com/fighter/Dmitriy-Plyukhov-376024
Cameron Smotherman,,,,,,,M,,,0,0,sherdog,https://www.sherdog.com/fighter/Cameron-Smotherman-339497
Juan Archuleta,,,,,,,M,,,0,0,sherdog,https://www.sherdog.com/fighter/Juan-Archuleta-142485
Yuki Motoya,,,,,,,M,,,0,0,sherdog,https://www.sherdog.com/fighter/Yuki-Motoya-66241
Hiromasa Ougikubo,,,,,,,M,,,0,0,sherdog,https://www.sherdog.com/fighter/Hiromasa-Ougikubo-18883
Kenta Takizawa,,,,,,,M,,,0,0,sherdog,https://www.sherdog.com/fighter/Kenta-Takizawa-131311
Alan Yamaniha,,,,,,,M,,,0,0,sherdog,https://www.sherdog.com/fighter/Alan-Yamaniha-64179
Shuto Watanabe,,,,,,,M,,,0,0,sherdog,https://www.sherdog.com/fighter/Shuto-Watanabe-95987
Yuta Sasaki,,,,,,,M,,,0,0,sherdog,https://www.sherdog.com/fighter/Yuta-Sasaki-63070
Jae Hoon Moon,,,,,,,M,,,0,0,sherdog,https://www.sherdog.com/fighter/Jae-Hoon-Moon-49627
Thanongsaklek Chuwattana,,,,,,,M,,,0,0,sherdog,https://www.sherdog.com/fighter/Thanongsaklek-Chuwattana-219625
Kizaemon Saiga,,,,,,,M,,,0,0,sherdog,https://www.sherdog.com/fighter/Kizaemon-Saiga-175639
Youichi Ooi,,,,,,,M,,,0,0,sherdog,https://www.sherdog.com/fighter/Youichi-Ooi-340123
Xiaoyang Liu,,,,,,,M,,,0,0,sherdog,https://www.sherdog.com/fighter/Xiaoyang-Liu-144365
Jong Hyun Kwak,,,,,,,M,,,0,0,sherdog,https://www.sherdog.com/fighter/Jong-Hyun-Kwak-144825
Jung Bin Choi,,,,,,,M,,,0,0,sherdog,https://www.sherdog.com/fighter/Jung-Bin-Choi-242137
Keigo Takayama,,,,,,,M,,,0,0,sherdog,https://www.sherdog.com/fighter/Keigo-Takayama-158153
Satoru Date,,,,,,,M,,,0,0,sherdog,https://www.sherdog.com/fighter/Satoru-Date-128933
Tomoya Suzuki,,,,,,,M,,,0,0,sherdog,https://www.sherdog.com/fighter/Tomoya-Suzuki-113203
Jon Jones,,,,,,,M,,,0,0,sherdog,https://www.sherdog.com/fighter/Jon-Jones-27944
Chris Weidman,,,,,,,M,,,0,0,sherdog,https://www.sherdog.com/fighter/Chris-Weidman-42804
Joachim Christensen,,,,,,,M,,,0,0,sherdog,https://www.sherdog.com/fighter/Joachim-Christensen-31777
Jordan Powell,,,,,,,M,,,0,0,sherdog,https://www.sherdog.com/fighter/Jordan-Powell-138065
Marcus Govan,,,,,,,M,,,0,0,sherdog,https://www.sherdog.com/fighter/Marcus-Govan-198137
Tyler Smith,,,,,,,M,,,0,0,sherdog,https://www.sherdog.com/fighter/Tyler-Smith-142259
Kelly Gray,,,,,,,M,,,0,0,sherdog,https://www.sherdog.com/fighter/Kelly-Gray-23141
Jessie Glass,,,,,,,M,,,0,0,sherdog,https://www.sherdog.com/fighter/Jessie-Glass-173531
Jose Rivas Jr.,,,,,,,M,,,0,0,sherdog,https://www.sherdog.com/fighter/Jose-Rivas-Jr-144355
Cory McKenna,,,,,,,F,,,0,0,sherdog,https://www.sherdog.com/fighter/Cory-McKenna-178347
Josefine Lindgren Knutsson,,,,,,,F,,,0,0,sherdog,https://www.sherdog.com/fighter/Josefine-Lindgren-Knutsson-378677
Patricia Alujas,,,,,,,F,,,0,0,sherdog,https://www.sherdog.com/fighter/Patricia-Alujas-218163
Brenda Gottig,,,,,,,F,,,0,0,sherdog,https://www.sherdog.com/fighter/Brenda-Gottig-293925
Jessica Cunha,,,,,,,F,,,0,0,sherdog,https://www.sherdog.com/fighter/Jessica-Cunha-230791
Jessica Delboni,,,,,,,F,,,0,0,sherdog,https://www.sherdog.com/fighter/Jessica-Delboni-133129
Geisa Veloso,,,,,,,F,,,0,0,sherdog,https://www.sherdog.com/fighter/Geisa-Veloso-217805
Daniela Maria da Silva,,,,,,,F,,,0,0,sherdog,https://www.sherdog.com/fighter/Daniela-Maria-da-Silva-103071
Marcela Giantomassi Aguiar,,,,,,,F,,,0,0,sherdog,https://www.sherdog.com/fighter/Marcela-Giantomassi-Aguiar-230149
Vanessa Santos,,,,,,,F,,,0,0,sherdog,https://www.sherdog.com/fighter/Vanessa-Santos-275063
Nathielly Santos Campahy,,,,,,,F,,,0,0,sherdog,https://www.sherdog.com/fighter/Nathielly-Santos-Campahy-256345
Monique Adriane,,,,,,,F,,,0,0,sherdog,https://www.sherdog.com/fighter/Monique-Adriane-234277
Kai Kara-France,,,,,Flyweight,ufc-roster,M,,,0,0,sherdog,https://www.sherdog.com/fighter/Kai-KaraFrance-73692
Alessandro Costa,,,,,,,M,,,0,0,sherdog,https://www.sherdog.com/fighter/Alessandro-Costa-214613
Soichiro Hirai,,,,,,,M,,,0,0,sherdog,https://www.sherdog.com/fighter/Soichiro-Hirai-394718
Paul Loga,,,,,,,M,,,0,0,sherdog,https://www.sherdog.com/fighter/Paul-Loga-188161
Cody Haddon,,,,,,,M,,,0,0,sherdog,https://www.sherdog.com/fighter/Cody-Haddon-286511
Shannon Ross,,,,,,,M,,,0,0,sherdog,https://www.sherdog.com/fighter/Shannon-Ross-65792
Tim Moore,,,,,,,M,,,0,0,sherdog,https://www.sherdog.com/fighter/Tim-Moore-79122
Mark Familiari,,,,,,,M,,,0,0,sherdog,https://www.sherdog.com/fighter/Mark-Familiari-202983
Seung Guk Choi,,,,,,,M,,,0,0,sherdog,https://www.sherdog.com/fighter/Seung-Guk-Choi-286125
Sean Gauci,,,,,,,M,,,0,0,sherdog,https://www.sherdog.com/fighter/Sean-Gauci-164123
Ryan Robertson,,,,,,,M,,,0,0,sherdog,https://www.sherdog.com/fighter/Ryan-Robertson-140303
Danilo Suzart,,,,,,,M,,,0,0,sherdog,https://www.sherdog.com/fighter/Danilo-Suzart-264117
Charlie Milner,,,,,,,M,,,0,0,sherdog,https://www.sherdog.com/fighter/Charlie-Milner-342777
Azamat Nuftillaev,,,,,,,M,,,0,0,sherdog,https://www.sherdog.com/fighter/Azamat-Nuftillaev-284275
Genadi Jorjoliani,,,,,,,M,,,0,0,sherdog,https://www.sherdog.com/fighter/Genadi-Jorjoliani-322813
Tiago Afonso,,,,,,,M,,,0,0,sherdog,https://www.sherdog.com/fighter/Tiago-Afonso-165333
Dirlei Broenstrup,,,,,,,M,,,0,0,sherdog,https://www.sherdog.com/fighter/Dirlei-Broenstrup-45500
Anton Vinnikov,,,,,,,M,,,0,0,sherdog,https://www.sherdog.com/fighter/Anton-Vinnikov-192817
Amiran Severnii,,,,,,,M,,,0,0,sherdog,https://www.sherdog.com/fighter/Amiran-Severnii-283675
Vlado Neferanovic,,,,,,,M,,,0,0,sherdog,https://www.sherdog.com/fighter/Vlado-Neferanovic-101835
Ion Grigore,,,,,,,M,,,0,0,sherdog,https://www.sherdog.com/fighter/Ion-Grigore-222887
Stefan Panaitescu,,,,,,,M,,,0,0,sherdog,https://www.sherdog.com/fighter/Stefan-Panaitescu-418325
Vladimir Cvetkovic,,,,,,,M,,,0,0,sherdog,https://www.sherdog.com/fighter/Vladimir-Cvetkovic-271983
Stevan Jaric,,,,,,,M,,,0,0,sherdog,https://www.sherdog.com/fighter/Stevan-Jaric-389367
Kristian Sinicic,,,,,,,M,,,0,0,sherdog,https://www.sherdog.com/fighter/Kristian-Sinicic-410902
Yanis Ghemmouri,,,,,,,M,,,0,0,sherdog,https://www.sherdog.com/fighter/Yanis-Ghemmouri-180745
Cameron Saaiman,,,,,Bantamweight,ufc-roster,M,,,0,0,sherdog,https://www.sherdog.com/fighter/Cameron-Saaiman-317055
Nick Aguirre,,,,,,,M,,,0,0,sherdog,https://www.sherdog.com/fighter/Nick-Aguirre-297869
Reyes Cortez Jr.,,,,,,,M,,,0,0,sherdog,https://www.sherdog.com/fighter/Reyes-Cortez-Jr-120303
Cristhian Rivas,,,,,,,M,,,0,0,sherdog,https://www.sherdog.com/fighter/Cristhian-Rivas-280325
Anthony Jimenez,,,,,,,M,,,0,0,sherdog,https://www.sherdog.com/fighter/Anthony-Jimenez-235529
Hector Fajardo,,,,,,,M,,,0,0,sherdog,https://www.sherdog.com/fighter/Hector-Fajardo-195335
Billy Brand,,,,,,,M,,,0,0,sherdog,https://www.sherdog.com/fighter/Billy-Brand-128455
Abdylkadyr Kaladarov,,,,,,,M,,,0,0,sherdog,https://www.sherdog.com/fighter/Abdylkadyr-Kaladarov-209899
Brok Weaver,,,,,,,M,,,0,0,sherdog,https://www.sherdog.com/fighter/Brok-Weaver-53819
Matt Frevola,,,,,Lightweight,ufc-roster,M,,,0,0,sherdog,https://www.sherdog.com/fighter/Matt-Frevola-100247
Callan Potter,,,,,,,M,,,0,0,sherdog,https://www.sherdog.com/fighter/Callan-Potter-105689
Max Mustaki,,,,,,,M,,,0,0,sherdog,https://www.sherdog.com/fighter/Max-Mustaki-79656
Noah Tillis,,,,,,,M,,,0,0,sherdog,https://www.sherdog.com/fighter/Noah-Tillis-43225
Vytautas Sadauskas,,,,,,,M,,,0,0,sherdog,https://www.sherdog.com/fighter/Vytautas-Sadauskas-197899
Richard LeRoy,,,,,,,M,,,0,0,sherdog,https://www.sherdog.com/fighter/Richard-LeRoy-150009
Paradise Vaovasa,,,,,,,M,,,0,0,sherdog,https://www.sherdog.com/fighter/Paradise-Vaovasa-88011
Gabriel Green,,,,,Lightweight,ufc-roster,M,,,0,0,sherdog,https://www.sherdog.com/fighter/Gabriel-Green-195027
Andrew Lagdaan,,,,,,,M,,,0,0,sherdog,https://www.sherdog.com/fighter/Andrew-Lagdaan-135339
Ronnie Borja,,,,,,,M,,,0,0,sherdog,https://www.sherdog.com/fighter/Ronnie-Borja-52006
Adrian Ajoleza,,,,,,,M,,,0,0,sherdog,https://www.sherdog.com/fighter/Adrian-Ajoleza-226249
Eric Steans,,,,,,,M,,,0,0,sherdog,https://www.sherdog.com/fighter/Eric-Steans-86983
Kenneth Cross,,,,,,,M,,,0,0,sherdog,https://www.sherdog.com/fighter/Kenneth-Cross-232029
Marcin Held,,,,,,,M,,,0,0,sherdog,https://www.sherdog.com/fighter/Marcin-Held-47065
Marian Ziolkowski,,,,,,,M,,,0,0,sherdog,https://www.sherdog.com/fighter/Marian-Ziolkowski-85007
Wilson Varela,,,,,,,M,,,0,0,sherdog,https://www.sherdog.com/fighter/Wilson-Varela-174277
Valeriu Mircea,,,,,,,M,,,0,0,sherdog,https://www.sherdog.com/fighter/Valeriu-Mircea-196397
Adrian Bartosinski,,,,,,,M,,,0,0,sherdog,https://www.sherdog.com/fighter/Adrian-Bartosinski-269009
Robert Ruchala,,,,,,,M,,,0,0,sherdog,https://www.sherdog.com/fighter/Robert-Ruchala-278203
Sebastian Rajewski,,,,,,,M,,,0,0,sherdog,https://www.sherdog.com/fighter/Sebastian-Rajewski-161221
Daniel Rutkowski,,,,,,,M,,,0,0,sherdog,https://www.sherdog.com/fighter/Daniel-Rutkowski-202125
Daniel Torres,,,,,,,M,,,0,0,sherdog,https://www.sherdog.com/fighter/Daniel-Torres-103061
Filip Pejic,,,,,,,M,,,0,0,sherdog,https://www.sherdog.com/fighter/Filip-Pejic-85664
Ivan Buchinger,,,,,,,M,,,0,0,sherdog,https://www.sherdog.com/fighter/Ivan-Buchinger-33508
Roman Szymanski,,,,,,,M,,,0,0,sherdog,https://www.sherdog.com/fighter/Roman-Szymanski-96279
Artur Sowinski,,,,,,,M,,,0,0,sherdog,https://www.sherdog.com/fighter/Artur-Sowinski-24106
Lukasz Rajewski,,,,,,,M,,,0,0,sherdog,https://www.sherdog.com/fighter/Lukasz-Rajewski-159903
Hyram Rodriguez,,,,,,,M,,,0,0,sherdog,https://www.sherdog.com/fighter/Hyram-Rodriguez-31505
Suleiman Bouhata,,,,,,,M,,,0,0,sherdog,https://www.sherdog.com/fighter/Suleiman-Bouhata-87068
Jose Luis Verdugo,,,,,,,M,,,0,0,sherdog,https://www.sherdog.com/fighter/Jose-Luis-Verdugo-169425
Mathieu Guinard,,,,,,,M,,,0,0,sherdog,https://www.sherdog.com/fighter/Mathieu-Guinard-136211
Helder Fernandes,,,,,,,M,,,0,0,sherdog,https://www.sherdog.com/fighter/Helder-Fernandes-210705
Jordan Berger,,,,,,,M,,,0,0,sherdog,https://www.sherdog.com/fighter/Jordan-Berger-200613
Paula Luna,,,,,,,F,,,0,0,sherdog,https://www.sherdog.com/fighter/Paula-Luna-377310
Amena Hadaya,,,,,,,F,,,0,0,sherdog,https://www.sherdog.com/fighter/Amena-Hadaya-334097
Tae Murayama,,,,,,,F,,,0,0,sherdog,https://www.sherdog.com/fighter/Tae-Murayama-382149
Hongfeng Ji,,,,,,,F,,,0,0,sherdog,https://www.sherdog.com/fighter/Hongfeng-Ji-382375
Xiaocan Feng,,,,,,,F,,,0,0,sherdog,https://www.sherdog.com/fighter/Xiaocan-Feng-359353
Fernanda da Silva Souza,,,,,,,F,,,0,0,sherdog,https://www.sherdog.com/fighter/Fernanda-da-Silva-Souza-475359
Silvania Monteiro,,,,,,,F,,,0,0,sherdog,https://www.sherdog.com/fighter/Silvania-Monteiro-146451
Ayan Tursyn,,,,,,,F,,,0,0,sherdog,https://www.sherdog.com/fighter/Ayan-Tursyn-269179
Zeynab Jafari,,,,,,,F,,,0,0,sherdog,https://www.sherdog.com/fighter/Zeynab-Jafari-458265
Zulfiya Kurbashova,,,,,,,F,,,0,0,sherdog,https://www.sherdog.com/fighter/Zulfiya-Kurbashova-449626
Anastasiya Svetkivska,,,,,,,F,,,0,0,sherdog,https://www.sherdog.com/fighter/Anastasiya-Svetkivska-308637
Gumru Ganbarova,,,,,,,F,,,0,0,sherdog,https://www.sherdog.com/fighter/Gumru-Ganbarova-324519
Dariya Luneva,,,,,,,F,,,0,0,sherdog,https://www.sherdog.com/fighter/Dariya-Luneva-396922
C.J. Vergara,,,,,,,M,,,0,0,sherdog,https://www.sherdog.com/fighter/CJ-Vergara-72117
Takaki Soya,,,,,,,M,,,0,0,sherdog,https://www.sherdog.com/fighter/Takaki-Soya-107829
Yuta Hamamoto,,,,,,,M,,,0,0,sherdog,https://www.sherdog.com/fighter/Yuta-Hamamoto-382678
Kayck Alencar,,,,,,,M,,,0,0,sherdog,https://www.sherdog.com/fighter/Kayck-Alencar-147229
Argen Maratbek Uulu,,,,,,,M,,,0,0,sherdog,https://www.sherdog.com/fighter/Argen-Maratbek-Uulu-265061
Mikhail Sirbu,,,,,,,M,,,0,0,sherdog,https://www.sherdog.com/fighter/Mikhail-Sirbu-86971
Talgat Zhumagaliyev,,,,,,,M,,,0,0,sherdog,https://www.sherdog.com/fighter/Talgat-Zhumagaliyev-217055
Daniel Conceicao,,,,,,,M,,,0,0,sherdog,https://www.sherdog.com/fighter/Daniel-Conceicao-266919
Satbek Esengeldin,,,,,,,M,,,0,0,sherdog,https://www.sherdog.com/fighter/Satbek-Esengeldin-348011
Sultonmurod Shodavlatov,,,,,,,M,,,0,0,sherdog,https://www.sherdog.com/fighter/Sultonmurod-Shodavlatov-406664
Jilunzhou Qiu,,,,,,,M,,,0,0,sherdog,https://www.sherdog.com/fighter/Jilunzhou-Qiu-257571
Biqie Qiu,,,,,,,M,,,0,0,sherdog,https://www.sherdog.com/fighter/Biqie-Qiu-255817
Narik Tonyan,,,,,,,M,,,0,0,sherdog,https://www.sherdog.com/fighter/Narik-Tonyan-358325
Longlong Xie,,,,,,,M,,,0,0,sherdog,https://www.sherdog.com/fighter/Longlong-Xie-255819
Gexi Sanlang,,,,,,,M,,,0,0,sherdog,https://www.sherdog.com/fighter/Gexi-Sanlang-241325
Zhe Li,,,,,,,M,,,0,0,sherdog,https://www.sherdog.com/fighter/Zhe-Li-272555
Alexey Krutoy,,,,,,,M,,,0,0,sherdog,https://www.sherdog.com/fighter/Alexey-Krutoy-360331
Ru Ze,,,,,,,M,,,0,0,sherdog,https://www.sherdog.com/fighter/Ru-Ze-272559
Laqie Sun,,,,,,,M,,,0,0,sherdog,https://www.sherdog.com/fighter/Laqie-Sun-260271
Saykhan Elmurzaev,,,,,,,M,,,0,0,sherdog,https://www.sherdog.com/fighter/Saykhan-Elmurzaev-204191
Bolaji Oki,,,,,,,M,,,0,0,sherdog,https://www.sherdog.com/fighter/Bolaji-Oki-276669
Cristian Perez,,,,,,,M,,,0,0,sherdog,https://www.sherdog.com/fighter/Cristian-Perez-244701
Lucas Barros Oliveira,,,,,,,M,,,0,0,sherdog,https://www.sherdog.com/fighter/Lucas-Barros-Oliveira-214263
Archie Colgan,,,,,,,M,,,0,0,sherdog,https://www.sherdog.com/fighter/Archie-Colgan-350599
Tim Wilde,,,,,,,M,,,0,0,sherdog,https://www.sherdog.com/fighter/Tim-Wilde-80696
Trevor Ollison,,,,,,,M,,,0,0,sherdog,https://www.sherdog.com/fighter/Trevor-Ollison-246273
Brendo Bispo,,,,,,,M,,,0,0,sherdog,https://www.sherdog.com/fighter/Brendo-Bispo-114873
Estabili Amato,,,,,,,M,,,0,0,sherdog,https://www.sherdog.com/fighter/Estabili-Amato-201599
Vandirson Alves,,,,,,,M,,,0,0,sherdog,https://www.sherdog.com/fighter/Vandirson-Alves-181861
Richard Martins,,,,,,,M,,,0,0,sherdog,https://www.sherdog.com/fighter/Richard-Martins-313483
Miguel Hernandez,,,,,,,M,,,0,0,sherdog,https://www.sherdog.com/fighter/Miguel-Hernandez-342655
Justin Jaynes,,,,,,,M,,,0,0,sherdog,https://www.sherdog.com/fighter/Justin-Jaynes-53713
Serob Minasyan,,,,,,,M,,,0,0,sherdog,https://www.sherdog.com/fighter/Serob-Minasyan-53107
Eljeria Portee,,,,,,,M,,,0,0,sherdog,https://www.sherdog.com/fighter/Eljeria-Portee-264361
Darren Smith Jr.,,,,,,,M,,,0,0,sherdog,https://www.sherdog.com/fighter/Darren-Smith-Jr-60553
Emilio Williams,,,,,,,M,,,0,0,sherdog,https://www.sherdog.com/fighter/Emilio-Williams-231183
Devon Brock,,,,,,,M,,,0,0,sherdog,https://www.sherdog.com/fighter/Devon-Brock-259537
Nate Andrews,,,,,,,M,,,0,0,sherdog,https://www.sherdog.com/fighter/Nate-Andrews-67961
Quinton McCottrell,,,,,,,M,,,0,0,sherdog,https://www.sherdog.com/fighter/Quinton-McCottrell-19623
Ivan Castillo,,,,,,,M,,,0,0,sherdog,https://www.sherdog.com/fighter/Ivan-Castillo-85758
Christian Aguilera,,,,,,,M,,,0,0,sherdog,https://www.sherdog.com/fighter/Christian-Aguilera-90555
Jason Gonzalez,,,,,,,M,,,0,0,sherdog,https://www.sherdog.com/fighter/Jason-Gonzalez-66736
Mike Segura,,,,,,,M,,,0,0,sherdog,https://www.sherdog.com/fighter/Mike-Segura-135571
George Hernandez,,,,,,,M,,,0,0,sherdog,https://www.sherdog.com/fighter/George-Hernandez-101203
Kris Armbrister,,,,,,,M,,,0,0,sherdog,https://www.sherdog.com/fighter/Kris-Armbrister-67435
Aaron Neveu,,,,,,,M,,,0,0,sherdog,https://www.sherdog.com/fighter/Aaron-Neveu-76872
Kenny Wyckoff,,,,,,,M,,,0,0,sherdog,https://www.sherdog.com/fighter/Kenny-Wyckoff-97565
Julian Hernandez,,,,,,,M,,,0,0,sherdog,https://www.sherdog.com/fighter/Julian-Hernandez-135597
Marko Damiani,,,,,,,M,,,0,0,sherdog,https://www.sherdog.com/fighter/Marko-Damiani-162985
Elizeu Zaleski dos Santos,,,,,,,M,,,0,0,sherdog,https://www.sherdog.com/fighter/Elizeu-Zaleski-dos-Santos-63825
Philip Rowe,,,,,,,M,,,0,0,sherdog,https://www.sherdog.com/fighter/Philip-Rowe-121067
Shavkat Rakhmonov,,,,,Welterweight,ufc-roster,M,,,0,0,sherdog,https://www.sherdog.com/fighter/Shavkat-Rakhmonov-179185
Max Griffin,,,,,,,M,,,0,0,sherdog,https://www.sherdog.com/fighter/Max-Griffin-53904
Robbie Lawler,,,,,,,M,,,0,0,sherdog,https://www.sherdog.com/fighter/Robbie-Lawler-2245
Anthony Rocco Martin,,,,,,,M,,,0,0,sherdog,https://www.sherdog.com/fighter/Anthony-Rocco-Martin-80436
Craig White,,,,,,,M,,,0,0,sherdog,https://www.sherdog.com/fighter/Craig-White-47948
Carlos Condit,,,,,,,M,,,0,0,sherdog,https://www.sherdog.com/fighter/Carlos-Condit-6765
Johny Hendricks,,,,,,,M,,,0,0,sherdog,https://www.sherdog.com/fighter/Johny-Hendricks-24539
Hector Lombard,,,,,,,M,,,0,0,sherdog,https://www.sherdog.com/fighter/Hector-Lombard-11292
Erick Silva,,,,,,,M,,,0,0,sherdog,https://www.sherdog.com/fighter/Erick-Silva-15009
Demian Maia,,,,,,,M,,,0,0,sherdog,https://www.sherdog.com/fighter/Demian-Maia-14637
Hyun Gyu Lim,,,,,,,M,,,0,0,sherdog,https://www.sherdog.com/fighter/Hyun-Gyu-Lim-21040
Kiichi Kunimoto,,,,,,,M,,,0,0,sherdog,https://www.sherdog.com/fighter/Kiichi-Kunimoto-21039
William Macario,,,,,,,M,,,0,0,sherdog,https://www.sherdog.com/fighter/William-Macario-69624
Alex Garcia,,,,,,,M,,,0,0,sherdog,https://www.sherdog.com/fighter/Alex-Garcia-54124
Rodrigo Goiana de Lima,,,,,,,M,,,0,0,sherdog,https://www.sherdog.com/fighter/Rodrigo-Goiana-de-Lima-81136
Gasan Umalatov,,,,,,,M,,,0,0,sherdog,https://www.sherdog.com/fighter/Gasan-Umalatov-53109
Seth Baczynski,,,,,,,M,,,0,0,sherdog,https://www.sherdog.com/fighter/Seth-Baczynski-13827
Sergio Moraes,,,,,,,M,,,0,0,sherdog,https://www.sherdog.com/fighter/Sergio-Moraes-21343
Jon Manley,,,,,,,M,,,0,0,sherdog,https://www.sherdog.com/fighter/Jon-Manley-26632
Daniel Sandmann,,,,,,,M,,,0,0,sherdog,https://www.sherdog.com/fighter/Daniel-Sandmann-16028
Andrew Trace,,,,,,,M,,,0,0,sherdog,https://www.sherdog.com/fighter/Andrew-Trace-42348
Quartius Stitt,,,,,,,M,,,0,0,sherdog,https://www.sherdog.com/fighter/Quartius-Stitt-52466
Kevin Nowaczyk,,,,,,,M,,,0,0,sherdog,https://www.sherdog.com/fighter/Kevin-Nowaczyk-25875
Darion Terry,,,,,,,M,,,0,0,sherdog,https://www.sherdog.com/fighter/Darion-Terry-73610
Lawrence Dunning,,,,,,,M,,,0,0,sherdog,https://www.sherdog.com/fighter/Lawrence-Dunning-73099
Nate Pratt,,,,,,,M,,,0,0,sherdog,https://www.sherdog.com/fighter/Nate-Pratt-69165
Nolan Norwood,,,,,,,M,,,0,0,sherdog,https://www.sherdog.com/fighter/Nolan-Norwood-57625
Aleksa Camur,,,,,,,M,,,0,0,sherdog,https://www.sherdog.com/fighter/Aleksa-Camur-228789
Azunna Anyanwu,,,,,,,M,,,0,0,sherdog,https://www.sherdog.com/fighter/Azunna-Anyanwu-68352
Mark Godbeer,,,,,,,M,,,0,0,sherdog,https://www.sherdog.com/fighter/Mark-Godbeer-54637
Chase Sherman,,,,,,,M,,,0,0,sherdog,https://www.sherdog.com/fighter/Chase-Sherman-159319
Brice Ritani-Coe,,,,,,,M,,,0,0,sherdog,https://www.sherdog.com/fighter/Brice-RitaniCoe-33217
Jon Hill,,,,,,,M,,,0,0,sherdog,https://www.sherdog.com/fighter/Jon-Hill-38397
Jordan Clissold,,,,,,,M,,,0,0,sherdog,https://www.sherdog.com/fighter/Jordan-Clissold-23625
Isaac Villanueva,,,,,,,M,,,0,0,sherdog,https://www.sherdog.com/fighter/Isaac-Villanueva-41384
Alexander Pappas,,,,,,,M,,,0,0,sherdog,https://www.sherdog.com/fighter/Alexander-Pappas-48442
Jason Sullivan,,,,,,,M,,,0,0,sherdog,https://www.sherdog.com/fighter/Jason-Sullivan-48490
Josh Foster,,,,,,,M,,,0,0,sherdog,https://www.sherdog.com/fighter/Josh-Foster-58462
Pengchu Gexi,,,,,,,M,,,0,0,sherdog,https://www.sherdog.com/fighter/Pengchu-Gexi-387328
Zhawupasi Daermisi,,,,,,,M,,,0,0,sherdog,https://www.sherdog.com/fighter/Zhawupasi-Daermisi-382380
Thyago Silva Nascimento,,,,,,,M,,,0,0,sherdog,https://www.sherdog.com/fighter/Thyago-Silva-Nascimento-241111
Eriquis Camilo Soares,,,,,,,M,,,0,0,sherdog,https://www.sherdog.com/fighter/Eriquis-Camilo-Soares-319595
Ahmet Simsek,,,,,,,M,,,0,0,sherdog,https://www.sherdog.com/fighter/Ahmet-Simsek-373476
Balabek Abbas,,,,,,,M,,,0,0,sherdog,https://www.sherdog.com/fighter/Balabek-Abbas-413948
Andrei Jovteak,,,,,,,M,,,0,0,sherdog,https://www.sherdog.com/fighter/Andrei-Jovteak-395689
Nelu Bogdan,,,,,,,M,,,0,0,sherdog,https://www.sherdog.com/fighter/Nelu-Bogdan-384443
Luana Pinheiro,,,,,Strawweight,ufc-roster,F,,,0,0,sherdog,https://www.sherdog.com/fighter/Luana-Pinheiro-237525
Paige VanZant,,,,,,,F,,,0,0,sherdog,https://www.sherdog.com/fighter/Paige-VanZant-99019
Emily Whitmire,,,,,,,F,,,0,0,sherdog,https://www.sherdog.com/fighter/Emily-Whitmire-61380
Jennifer Gonzalez,,,,,,,F,,,0,0,sherdog,https://www.sherdog.com/fighter/Jennifer-Gonzalez-146639
Polyana Viana,,,,,Strawweight,ufc-roster,F,,,0,0,sherdog,https://www.sherdog.com/fighter/Polyana-Viana-153951
Tania Pereda,,,,,,,F,,,0,0,sherdog,https://www.sherdog.com/fighter/Tania-Pereda-159991
Iara Sales,,,,,,,F,,,0,0,sherdog,https://www.sherdog.com/fighter/Iara-Sales-179179
Ariane Carnelossi,,,,,,,F,,,0,0,sherdog,https://www.sherdog.com/fighter/Ariane-Carnelossi-182853
Jimmy Crute,,,,,Light Heavyweight,ufc-roster,M,,,0,0,sherdog,https://www.sherdog.com/fighter/Jimmy-Crute-218959
Ihor Potieria,,,,,,,M,,,0,0,sherdog,https://www.sherdog.com/fighter/Ihor-Potieria-188721
Murtaza Talha Ali,,,,,,,M,,,0,0,sherdog,https://www.sherdog.com/fighter/Murtaza-Talha-Ali-269171
Acacio dos Santos,,,,,,,M,,,0,0,sherdog,https://www.sherdog.com/fighter/Acacio-dos-Santos-127365
Mateus Messaros Inacio,,,,,,,M,,,0,0,sherdog,https://www.sherdog.com/fighter/Mateus-Messaros-Inacio-117225
Thiago Vieira,,,,,,,M,,,0,0,sherdog,https://www.sherdog.com/fighter/Thiago-Vieira-129509
Carlos Eduardo Souza Custodio,,,,,,,M,,,0,0,sherdog,https://www.sherdog.com/fighter/Carlos-Eduardo-Souza-Custodio-259985
Marcos Matos,,,,,,,M,,,0,0,sherdog,https://www.sherdog.com/fighter/Marcos-Matos-194593
Rodrigo Tadeu de Souza,,,,,,,M,,,0,0,sherdog,https://www.sherdog.com/fighter/Rodrigo-Tadeu-de-Souza-129785
Vanderson de Camp,,,,,,,M,,,0,0,sherdog,https://www.sherdog.com/fighter/Vanderson-de-Camp-285789
Rafael Calcidoni,,,,,,,M,,,0,0,sherdog,https://www.sherdog.com/fighter/Rafael-Calcidoni-234485
Maycon Silva,,,,,,,M,,,0,0,sherdog,https://www.sherdog.com/fighter/Maycon-Silva-266459
Guido Guido,,,,,,,M,,,0,0,sherdog,https://www.sherdog.com/fighter/Guido-Guido-266641
Niklas Stolze,,,,,,,M,,,0,0,sherdog,https://www.sherdog.com/fighter/Niklas-Stolze-163897
Arkaitz Ramos,,,,,,,M,,,0,0,sherdog,https://www.sherdog.com/fighter/Arkaitz-Ramos-159587
Luan Santiago,,,,,,,M,,,0,0,sherdog,https://www.sherdog.com/fighter/Luan-Santiago-142651
Mario Saeed,,,,,,,M,,,0,0,sherdog,https://www.sherdog.com/fighter/Mario-Saeed-79949
Ivica Truscek,,,,,,,M,,,0,0,sherdog,https://www.sherdog.com/fighter/Ivica-Truscek-22880
Pawel Kielek,,,,,,,M,,,0,0,sherdog,https://www.sherdog.com/fighter/Pawel-Kielek-135323
Ibragim Baisarov,,,,,,,M,,,0,0,sherdog,https://www.sherdog.com/fighter/Ibragim-Baisarov-127719
Antoine Bensimon,,,,,,,M,,,0,0,sherdog,https://www.sherdog.com/fighter/Antoine-Bensimon-276671
Artur Szczepaniak,,,,,,,M,,,0,0,sherdog,https://www.sherdog.com/fighter/Artur-Szczepaniak-194413
Marc Domont,,,,,,,M,,,0,0,sherdog,https://www.sherdog.com/fighter/Marc-Domont-192139
Haitao Ti,,,,,,,M,,,0,0,sherdog,https://www.sherdog.com/fighter/Haitao-Ti-291011
Rui Imura,,,,,,,M,,,0,0,sherdog,https://www.sherdog.com/fighter/Rui-Imura-364819
Mahiro Yamaki,,,,,,,M,,,0,0,sherdog,https://www.sherdog.com/fighter/Mahiro-Yamaki-448779
Kunihisa Sasa,,,,,,,M,,,0,0,sherdog,https://www.sherdog.com/fighter/Kunihisa-Sasa-182485
Toshinori Tsunemura,,,,,,,M,,,0,0,sherdog,https://www.sherdog.com/fighter/Toshinori-Tsunemura-74281
Yuki Ueda,,,,,,,M,,,0,0,sherdog,https://www.sherdog.com/fighter/Yuki-Ueda-241567
Koji Kanda,,,,,,,M,,,0,0,sherdog,https://www.sherdog.com/fighter/Koji-Kanda-208763
Shota Mizunaga,,,,,,,M,,,0,0,sherdog,https://www.sherdog.com/fighter/Shota-Mizunaga-393236
Ryo Iseki,,,,,,,M,,,0,0,sherdog,https://www.sherdog.com/fighter/Ryo-Iseki-41774
Toshiomi Kazama,,,,,,,M,,,0,0,sherdog,https://www.sherdog.com/fighter/Toshiomi-Kazama-373059
Ryo Yazawa,,,,,,,M,,,0,0,sherdog,https://www.sherdog.com/fighter/Ryo-Yazawa-373441
Shoji Saito,,,,,,,M,,,0,0,sherdog,https://www.sherdog.com/fighter/Shoji-Saito-386492
Demoreo Dennis,,,,,,,M,,,0,0,sherdog,https://www.sherdog.com/fighter/Demoreo-Dennis-112685
Tony Lopez,,,,,,,M,,,0,0,sherdog,https://www.sherdog.com/fighter/Tony-Lopez-12519
Sergey Bilostenniy,,,,,,,M,,,0,0,sherdog,https://www.sherdog.com/fighter/Sergey-Bilostenniy-200819
Daniel James,,,,,,,M,,,0,0,sherdog,https://www.sherdog.com/fighter/Daniel-James-147707
Linton Vassell,,,,,,,M,,,0,0,sherdog,https://www.sherdog.com/fighter/Linton-Vassell-37527
Matt Mitrione,,,,,,,M,,,0,0,sherdog,https://www.sherdog.com/fighter/Matt-Mitrione-49519
Said Sowma,,,,,,,M,,,0,0,sherdog,https://www.sherdog.com/fighter/Said-Sowma-277889
Tim Johnson,,,,,,,M,,,0,0,sherdog,https://www.sherdog.com/fighter/Tim-Johnson-72706
Rudy Schaffroth,,,,,,,M,,,0,0,sherdog,https://www.sherdog.com/fighter/Rudy-Schaffroth-140535
Ryan Pokryfky,,,,,,,M,,,0,0,sherdog,https://www.sherdog.com/fighter/Ryan-Pokryfky-102529
Giovanni Sarran,,,,,,,M,,,0,0,sherdog,https://www.sherdog.com/fighter/Giovanni-Sarran-61471
Joe Hernandez,,,,,,,M,,,0,0,sherdog,https://www.sherdog.com/fighter/Joe-Hernandez-151347
Branko Busick,,,,,,,M,,,0,0,sherdog,https://www.sherdog.com/fighter/Branko-Busick-249509
Will Johnson,,,,,,,M,,,0,0,sherdog,https://www.sherdog.com/fighter/Will-Johnson-243689
Cody Miskell,,,,,,,M,,,0,0,sherdog,https://www.sherdog.com/fighter/Cody-Miskell-231659
Victor Valenzuela,,,,,,,M,,,0,0,sherdog,https://www.sherdog.com/fighter/Victor-Valenzuela-133527
Aldo Pereira,,,,,,,M,,,0,0,sherdog,https://www.sherdog.com/fighter/Aldo-Pereira-184869
Dallys Gama,,,,,,,M,,,0,0,sherdog,https://www.sherdog.com/fighter/Dallys-Gama-129763
Eduardo Alencar,,,,,,,M,,,0,0,sherdog,https://www.sherdog.com/fighter/Eduardo-Alencar-271323
Francisco Chagas Ataliba Junior,,,,,,,M,,,0,0,sherdog,https://www.sherdog.com/fighter/Francisco-Chagas-Ataliba-Junior-402416
Bruno de Teixeira Abreu,,,,,,,M,,,0,0,sherdog,https://www.sherdog.com/fighter/Bruno-de-Teixeira-Abreu-301615
Clever Souza,,,,,,,M,,,0,0,sherdog,https://www.sherdog.com/fighter/Clever-Souza-153497
Elder da Costa Dias,,,,,,,M,,,0,0,sherdog,https://www.sherdog.com/fighter/Elder-da-Costa-Dias-407154
Guilherme Silva,,,,,,,M,,,0,0,sherdog,https://www.sherdog.com/fighter/Guilherme-Silva-392022
Terrence Mitchell,,,,,,,M,,,0,0,sherdog,https://www.sherdog.com/fighter/Terrence-Mitchell-43815
Christian Rodriguez,,,,,,,M,,,0,0,sherdog,https://www.sherdog.com/fighter/Christian-Rodriguez-303043
Jay Perrin,,,,,,,M,,,0,0,sherdog,https://www.sherdog.com/fighter/Jay-Perrin-99689
Mando Gutierrez,,,,,,,M,,,0,0,sherdog,https://www.sherdog.com/fighter/Mando-Gutierrez-280393
Andres Sharon Portocarrero Pineda,,,,,,,M,,,0,0,sherdog,https://www.sherdog.com/fighter/Andres-Sharon-Portocarrero-Pineda-262085
Jose Penaloza,,,,,,,M,,,0,0,sherdog,https://www.sherdog.com/fighter/Jose-Penaloza-398227
Francisco Villanueva,,,,,,,M,,,0,0,sherdog,https://www.sherdog.com/fighter/Francisco-Villanueva-308135
Joel Pena,,,,,,,M,,,0,0,sherdog,https://www.sherdog.com/fighter/Joel-Pena-309821
Eduardo Velazquez,,,,,,,M,,,0,0,sherdog,https://www.sherdog.com/fighter/Eduardo-Velazquez-366913
Julius Walker,,,,,,,M,,,0,0,sherdog,https://www.sherdog.com/fighter/Julius-Walker-366067
Askar Mozharov,,,,,,,M,,,0,0,sherdog,https://www.sherdog.com/fighter/Askar-Mozharov-191565
William Knight,,,,,,,M,,,0,0,sherdog,https://www.sherdog.com/fighter/William-Knight-282383
Ed Herman,,,,,,,M,,,0,0,sherdog,https://www.sherdog.com/fighter/Ed-Herman-6561
Fabio Cherant,,,,,,,M,,,0,0,sherdog,https://www.sherdog.com/fighter/Fabio-Cherant-230293
Vinicius Moreira,,,,,,,M,,,0,0,sherdog,https://www.sherdog.com/fighter/Vinicius-Moreira-207291
Dashawn Boatwright,,,,,,,M,,,0,0,sherdog,https://www.sherdog.com/fighter/Dashawn-Boatwright-241897
Jose Otavio dos Santos Lacerda,,,,,,,M,,,0,0,sherdog,https://www.sherdog.com/fighter/Jose-Otavio-dos-Santos-Lacerda-64879
Daniel Jolly,,,,,,,M,,,0,0,sherdog,https://www.sherdog.com/fighter/Daniel-Jolly-83243
Khadzhimurat Bestaev,,,,,,,M,,,0,0,sherdog,https://www.sherdog.com/fighter/Khadzhimurat-Bestaev-164821
Brock Combs,,,,,,,M,,,0,0,sherdog,https://www.sherdog.com/fighter/Brock-Combs-158477
Zach Rosol,,,,,,,M,,,0,0,sherdog,https://www.sherdog.com/fighter/Zach-Rosol-130933
Matheus Malta,,,,,,,M,,,0,0,sherdog,https://www.sherdog.com/fighter/Matheus-Malta-134935
Hamza Kooheji,,,,,,,M,,,0,0,sherdog,https://www.sherdog.com/fighter/Hamza-Kooheji-116875
Nicholas Hwende,,,,,,,M,,,0,0,sherdog,https://www.sherdog.com/fighter/Nicholas-Hwende-365203
Cleuber Cabral,,,,,,,M,,,0,0,sherdog,https://www.sherdog.com/fighter/Cleuber-Cabral-109661
Ali Guliev,,,,,,,M,,,0,0,sherdog,https://www.sherdog.com/fighter/Ali-Guliev-243959
Gamzat Magomedov,,,,,,,M,,,0,0,sherdog,https://www.sherdog.com/fighter/Gamzat-Magomedov-205081
Matiss Zaharovs,,,,,,,M,,,0,0,sherdog,https://www.sherdog.com/fighter/Matiss-Zaharovs-233563
Brad Katona,,,,,,,M,,,0,0,sherdog,https://www.sherdog.com/fighter/Brad-Katona-66518
Milan Stanojkovic,,,,,,,M,,,0,0,sherdog,https://www.sherdog.com/fighter/Milan-Stanojkovic-271321
Nejc Preloznik,,,,,,,M,,,0,0,sherdog,https://www.sherdog.com/fighter/Nejc-Preloznik-247379
Ivan Zidar,,,,,,,M,,,0,0,sherdog,https://www.sherdog.com/fighter/Ivan-Zidar-244327
Marko Gucu,,,,,,,M,,,0,0,sherdog,https://www.sherdog.com/fighter/Marko-Gucu-252037
Panko Panchev,,,,,,,M,,,0,0,sherdog,https://www.sherdog.com/fighter/Panko-Panchev-197775
Rafael Rutscheck,,,,,,,M,,,0,0,sherdog,https://www.sherdog.com/fighter/Rafael-Rutscheck-140441
Vasil Ivanov,,,,,,,M,,,0,0,sherdog,https://www.sherdog.com/fighter/Vasil-Ivanov-239419
Marinko Zarubica,,,,,,,M,,,0,0,sherdog,https://www.sherdog.com/fighter/Marinko-Zarubica-164751
Mislav Major,,,,,,,M,,,0,0,sherdog,https://www.sherdog.com/fighter/Mislav-Major-234899
B.J. Penn,,,,,,,M,,,0,0,sherdog,https://www.sherdog.com/fighter/BJ-Penn-1307
Alex Caceres,,,,,,,M,,,0,0,sherdog,https://www.sherdog.com/fighter/Alex-Caceres-41586
Leonardo Morales,,,,,,,M,,,0,0,sherdog,https://www.sherdog.com/fighter/Leonardo-Morales-111777
Angelo Duarte,,,,,,,M,,,0,0,sherdog,https://www.sherdog.com/fighter/Angelo-Duarte-49151
Edgar Juarez,,,,,,,M,,,0,0,sherdog,https://www.sherdog.com/fighter/Edgar-Juarez-107667
Luis Roberto Herrera,,,,,,,M,,,0,0,sherdog,https://www.sherdog.com/fighter/Luis-Roberto-Herrera-84449
Ricardo Alcala,,,,,,,M,,,0,0,sherdog,https://www.sherdog.com/fighter/Ricardo-Alcala-215015
Carlos Ricardo,,,,,,,M,,,0,0,sherdog,https://www.sherdog.com/fighter/Carlos-Ricardo-106303
Edgar Balderrama,,,,,,,M,,,0,0,sherdog,https://www.sherdog.com/fighter/Edgar-Balderrama-348277
Jonatan Guzman,,,,,,,M,,,0,0,sherdog,https://www.sherdog.com/fighter/Jonatan-Guzman-181251
Willy Martinez,,,,,,,M,,,0,0,sherdog,https://www.sherdog.com/fighter/Willy-Martinez-106723
Luis Daniel Gonzalez,,,,,,,M,,,0,0,sherdog,https://www.sherdog.com/fighter/Luis-Daniel-Gonzalez-434203
Manoel Costa,,,,,,,M,,,0,0,sherdog,https://www.sherdog.com/fighter/Manoel-Costa-324113
Lucas Rodrigues,,,,,,,M,,,0,0,sherdog,https://www.sherdog.com/fighter/Lucas-Rodrigues-132685
Moktar Benkaci,,,,,,,M,,,0,0,sherdog,https://www.sherdog.com/fighter/Moktar-Benkaci-74714
Bernardo Sopai,,,,,,,M,,,0,0,sherdog,https://www.sherdog.com/fighter/Bernardo-Sopai-226661
Ibragim Navruzov,,,,,,,M,,,0,0,sherdog,https://www.sherdog.com/fighter/Ibragim-Navruzov-214833
Giorgio Belsanti,,,,,,,M,,,0,0,sherdog,https://www.sherdog.com/fighter/Giorgio-Belsanti-80422
Percy Herrera,,,,,,,M,,,0,0,sherdog,https://www.sherdog.com/fighter/Percy-Herrera-198985
Petru Biclea,,,,,,,M,,,0,0,sherdog,https://www.sherdog.com/fighter/Petru-Biclea-198983
Claudio Iancu,,,,,,,M,,,0,0,sherdog,https://www.sherdog.com/fighter/Claudio-Iancu-220755
Chenjin Wei,,,,,,,M,,,0,0,sherdog,https://www.sherdog.com/fighter/Chenjin-Wei-239383
Alessio Esposito,,,,,,,M,,,0,0,sherdog,https://www.sherdog.com/fighter/Alessio-Esposito-240091
Alban Sinani,,,,,,,M,,,0,0,sherdog,https://www.sherdog.com/fighter/Alban-Sinani-226901
Victor Martinez,,,,,,,M,,,0,0,sherdog,https://www.sherdog.com/fighter/Victor-Martinez-86938
Austin Hubbard,,,,,,,M,,,0,0,sherdog,https://www.sherdog.com/fighter/Austin-Hubbard-191483
Kody Steele,,,,,,,M,,,0,0,sherdog,https://www.sherdog.com/fighter/Kody-Steele-392962
Shin Haraguchi,,,,,,,M,,,0,0,sherdog,https://www.sherdog.com/fighter/Shin-Haraguchi-393466
Sang Wook Kim,,,,,,,M,,,0,0,sherdog,https://www.sherdog.com/fighter/Sang-Wook-Kim-361209
Seong Chan Hong,,,,,,,M,,,0,0,sherdog,https://www.sherdog.com/fighter/Seong-Chan-Hong-114337
Felipe da Silva Maia,,,,,,,M,,,0,0,sherdog,https://www.sherdog.com/fighter/Felipe-da-Silva-Maia-235007
Deliya Bi,,,,,,,M,,,0,0,sherdog,https://www.sherdog.com/fighter/Deliya-Bi-255807
Nuerdanbieke Shayilan,,,,,,,M,,,0,0,sherdog,https://www.sherdog.com/fighter/Nuerdanbieke-Shayilan-245853
Wusikenbieke Huwannixi,,,,,,,M,,,0,0,sherdog,https://www.sherdog.com/fighter/Wusikenbieke-Huwannixi-255809
Mohsen Mohammadseifi,,,,,,,M,,,0,0,sherdog,https://www.sherdog.com/fighter/Mohsen-Mohammadseifi-382697
Marcio Andrade,,,,,,,M,,,0,0,sherdog,https://www.sherdog.com/fighter/Marcio-Andrade-31410
Nikoloz Kajaia,,,,,,,M,,,0,0,sherdog,https://www.sherdog.com/fighter/Nikoloz-Kajaia-276867
Arben Escayo,,,,,,,M,,,0,0,sherdog,https://www.sherdog.com/fighter/Arben-Escayo-205273
Aleko Saghliani,,,,,,,M,,,0,0,sherdog,https://www.sherdog.com/fighter/Aleko-Saghliani-267153
Arsen Balyants,,,,,,,M,,,0,0,sherdog,https://www.sherdog.com/fighter/Arsen-Balyants-230901
Guilherme Cadena,,,,,,,M,,,0,0,sherdog,https://www.sherdog.com/fighter/Guilherme-Cadena-130357
Takuma Watabe,,,,,,,M,,,0,0,sherdog,https://www.sherdog.com/fighter/Takuma-Watabe-140739
Vincenzo Tagliamonte,,,,,,,M,,,0,0,sherdog,https://www.sherdog.com/fighter/Vincenzo-Tagliamonte-241621
Ruslan Khairulin,,,,,,,M,,,0,0,sherdog,https://www.sherdog.com/fighter/Ruslan-Khairulin-232091
Lijiburen Wu,,,,,,,M,,,0,0,sherdog,https://www.sherdog.com/fighter/Lijiburen-Wu-160545
Shanati Shamaiti,,,,,,,M,,,0,0,sherdog,https://www.sherdog.com/fighter/Shanati-Shamaiti-374533
Feng Kai Niu,,,,,,,M,,,0,0,sherdog,https://www.sherdog.com/fighter/Feng-Kai-Niu-389248
Shamil Nasrudinov,,,,,,,M,,,0,0,sherdog,https://www.sherdog.com/fighter/Shamil-Nasrudinov-225449
Semen Galushko,,,,,,,M,,,0,0,sherdog,https://www.sherdog.com/fighter/Semen-Galushko-236405
Andrey Sapa,,,,,,,M,,,0,0,sherdog,https://www.sherdog.com/fighter/Andrey-Sapa-232557
Vadim Khristoforov,,,,,,,M,,,0,0,sherdog,https://www.sherdog.com/fighter/Vadim-Khristoforov-239141
Roman Lutsenko,,,,,,,M,,,0,0,sherdog,https://www.sherdog.com/fighter/Roman-Lutsenko-233827
Elisha Ellison,,,,,,,M,,,0,0,sherdog,https://www.sherdog.com/fighter/Elisha-Ellison-426649
Orion Kenny,,,,,,,M,,,0,0,sherdog,https://www.sherdog.com/fighter/Orion-Kenny-469361
Tumanako Phillips,,,,,,,M,,,0,0,sherdog,https://www.sherdog.com/fighter/Tumanako-Phillips-460835
Randall Rayment,,,,,,,M,,,0,0,sherdog,https://www.sherdog.com/fighter/Randall-Rayment-92329
Kelvin Fitial,,,,,,,M,,,0,0,sherdog,https://www.sherdog.com/fighter/Kelvin-Fitial-14988
Ricky Biechun,,,,,,,M,,,0,0,sherdog,https://www.sherdog.com/fighter/Ricky-Biechun-228047
Uriah Hall,,,,,,,M,,,0,0,sherdog,https://www.sherdog.com/fighter/Uriah-Hall-14210
Krzysztof Jotko,,,,,,,M,,,0,0,sherdog,https://www.sherdog.com/fighter/Krzysztof-Jotko-53380
Jack Marshman,,,,,,,M,,,0,0,sherdog,https://www.sherdog.com/fighter/Jack-Marshman-47545
Tom Breese,,,,,,,M,,,0,0,sherdog,https://www.sherdog.com/fighter/Tom-Breese-45986
Igor Araujo,,,,,,,M,,,0,0,sherdog,https://www.sherdog.com/fighter/Igor-Araujo-12803
Luke Barnatt,,,,,,,M,,,0,0,sherdog,https://www.sherdog.com/fighter/Luke-Barnatt-56567
Bubba McDaniel,,,,,,,M,,,0,0,sherdog,https://www.sherdog.com/fighter/Bubba-McDaniel-14600
Matt Lagler,,,,,,,M,,,0,0,sherdog,https://www.sherdog.com/fighter/Matt-Lagler-34540
Yusuke Sakashita,,,,,,,M,,,0,0,sherdog,https://www.sherdog.com/fighter/Yusuke-Sakashita-19329
Bill Albrecht,,,,,,,M,,,0,0,sherdog,https://www.sherdog.com/fighter/Bill-Albrecht-25664
Josh Bryant,,,,,,,M,,,0,0,sherdog,https://www.sherdog.com/fighter/Josh-Bryant-21971
Brandon Hunt,,,,,,,M,,,0,0,sherdog,https://www.sherdog.com/fighter/Brandon-Hunt-21094
Brett Sbardella,,,,,,,M,,,0,0,sherdog,https://www.sherdog.com/fighter/Brett-Sbardella-44157
Donavin Hawkey,,,,,,,M,,,0,0,sherdog,https://www.sherdog.com/fighter/Donavin-Hawkey-41391
Adriel Montes,,,,,,,M,,,0,0,sherdog,https://www.sherdog.com/fighter/Adriel-Montes-10351
George Interiano,,,,,,,M,,,0,0,sherdog,https://www.sherdog.com/fighter/George-Interiano-34398
William Wheeler,,,,,,,M,,,0,0,sherdog,https://www.sherdog.com/fighter/William-Wheeler-20080
Brandon Ellsworth,,,,,,,M,,,0,0,sherdog,https://www.sherdog.com/fighter/Brandon-Ellsworth-43953
Tyler Pottett,,,,,,,M,,,0,0,sherdog,https://www.sherdog.com/fighter/Tyler-Pottett-30457
Victor Altamirano,,,,,,,M,,,0,0,sherdog,https://www.sherdog.com/fighter/Victor-Altamirano-212269
Ryan Benoit,,,,,,,M,,,0,0,sherdog,https://www.sherdog.com/fighter/Ryan-Benoit-48566
Ben Nguyen,,,,,,,M,,,0,0,sherdog,https://www.sherdog.com/fighter/Ben-Nguyen-8183
Louis Smolka,,,,,,,M,,,0,0,sherdog,https://www.sherdog.com/fighter/Louis-Smolka-64792
Pedro Nobre,,,,,,,M,,,0,0,sherdog,https://www.sherdog.com/fighter/Pedro-Nobre-44211
Felipe Efrain,,,,,,,M,,,0,0,sherdog,https://www.sherdog.com/fighter/Felipe-Efrain-137717
Louis Gaudinot,,,,,,,M,,,0,0,sherdog,https://www.sherdog.com/fighter/Louis-Gaudinot-45230
Jared Papazian,,,,,,,M,,,0,0,sherdog,https://www.sherdog.com/fighter/Jared-Papazian-33531
Josh Rave,,,,,,,M,,,0,0,sherdog,https://www.sherdog.com/fighter/Josh-Rave-8528
Jens Pulver,,,,,,,M,,,0,0,sherdog,https://www.sherdog.com/fighter/Jens-Pulver-228
Kashiff Solarin,,,,,,,M,,,0,0,sherdog,https://www.sherdog.com/fighter/Kashiff-Solarin-59737
John McDowell,,,,,,,M,,,0,0,sherdog,https://www.sherdog.com/fighter/John-McDowell-54876
Victor Dominguez,,,,,,,M,,,0,0,sherdog,https://www.sherdog.com/fighter/Victor-Dominguez-24095
Cody Fuller,,,,,,,M,,,0,0,sherdog,https://www.sherdog.com/fighter/Cody-Fuller-39694
Michael Casteel,,,,,,,M,,,0,0,sherdog,https://www.sherdog.com/fighter/Michael-Casteel-17775
Victor Veloquio,,,,,,,M,,,0,0,sherdog,https://www.sherdog.com/fighter/Victor-Veloquio-21520
Jacky Brandon Bryant,,,,,,,M,,,0,0,sherdog,https://www.sherdog.com/fighter/Jacky-Brandon-Bryant-58424
Shane Howell,,,,,,,M,,,0,0,sherdog,https://www.sherdog.com/fighter/Shane-Howell-20906
Jerod Spoon,,,,,,,M,,,0,0,sherdog,https://www.sherdog.com/fighter/Jerod-Spoon-49271
Landon Quinones,,,,,,,M,,,0,0,sherdog,https://www.sherdog.com/fighter/Landon-Quinones-277891
Alex Munoz,,,,,,,M,,,0,0,sherdog,https://www.sherdog.com/fighter/Alex-Munoz-207057
Thibault Gouti,,,,,,,M,,,0,0,sherdog,https://www.sherdog.com/fighter/Thibault-Gouti-124975
Ruslan Kalyniuk,,,,,,,M,,,0,0,sherdog,https://www.sherdog.com/fighter/Ruslan-Kalyniuk-200937
Patrik Berisha,,,,,,,M,,,0,0,sherdog,https://www.sherdog.com/fighter/Patrik-Berisha-29658
Lampros Pistikos,,,,,,,M,,,0,0,sherdog,https://www.sherdog.com/fighter/Lampros-Pistikos-218615
Fabrice Kindombe,,,,,,,M,,,0,0,sherdog,https://www.sherdog.com/fighter/Fabrice-Kindombe-209357
Patrick Schwellnus,,,,,,,M,,,0,0,sherdog,https://www.sherdog.com/fighter/Patrick-Schwellnus-194069
Tolga Ozgun,,,,,,,M,,,0,0,sherdog,https://www.sherdog.com/fighter/Tolga-Ozgun-123023
Jiri Flajsar,,,,,,,M,,,0,0,sherdog,https://www.sherdog.com/fighter/Jiri-Flajsar-99797
Iles Ganijev,,,,,,,M,,,0,0,sherdog,https://www.sherdog.com/fighter/Iles-Ganijev-116589
Adrian Ruf,,,,,,,M,,,0,0,sherdog,https://www.sherdog.com/fighter/Adrian-Ruf-74574
Mridul Saikia,,,,,,,,,,0,0,sherdog,https://www.sherdog.com/fighter/Mridul-Saikia-271195
Renaldy Manse,,,,,,,,,,0,0,sherdog,https://www.sherdog.com/fighter/Renaldy-Manse-421848
Jason Eastman,,,,,,,,,,0,0,sherdog,https://www.sherdog.com/fighter/Jason-Eastman-64226
Brian Hauser,,,,,,,,,,0,0,sherdog,https://www.sherdog.com/fighter/Brian-Hauser-205505
Jose Leon,,,,,,,,,,0,0,sherdog,https://www.sherdog.com/fighter/Jose-Leon-224441
Shamel Findley,,,,,,,,,,0,0,sherdog,https://www.sherdog.com/fighter/Shamel-Findley-289709
Jacob Romano,,,,,,,,,,0,0,sherdog,https://www.sherdog.com/fighter/Jacob-Romano-292957
Orlando Ortega,,,,,,,,,,0,0,sherdog,https://www.sherdog.com/fighter/Orlando-Ortega-286173
Sonny Suranjin,,,,,,,,,,0,0,sherdog,https://www.sherdog.com/fighter/Sonny-Suranjin-75315
Xhelal Lleshi,,,,,,,,,,0,0,sherdog,https://www.sherdog.com/fighter/Xhelal-Lleshi-383553
Jarred Brooks,,,,,,,M,,,0,0,sherdog,https://www.sherdog.com/fighter/Jarred-Brooks-174665
Marco Beltran,,,,,,,M,,,0,0,sherdog,https://www.sherdog.com/fighter/Marco-Beltran-40285
Ricardo do Socorro Nascimento da Silva,,,,,,,M,,,0,0,sherdog,https://www.sherdog.com/fighter/Ricardo-do-Socorro-Nascimento-da-Silva-216517
Denis Oliveira,,,,,,,M,,,0,0,sherdog,https://www.sherdog.com/fighter/Denis-Oliveira-137389
Antonio Henrique Santos de Miranda,,,,,,,M,,,0,0,sherdog,https://www.sherdog.com/fighter/Antonio-Henrique-Santos-de-Miranda-83720
Rayner Silva,,,,,,,M,,,0,0,sherdog,https://www.sherdog.com/fighter/Rayner-Silva-107855
Joao Neto Silva,,,,,,,M,,,0,0,sherdog,https://www.sherdog.com/fighter/Joao-Neto-Silva-172083
Joel Silva,,,,,,,M,,,0,0,sherdog,https://www.sherdog.com/fighter/Joel-Silva-140669
Edivaldo Aires Maciel Junior,,,,,,,M,,,0,0,sherdog,https://www.sherdog.com/fighter/Edivaldo-Aires-Maciel-Junior-124147
Adailton Pereira,,,,,,,M,,,0,0,sherdog,https://www.sherdog.com/fighter/Adailton-Pereira-171863
David Raimundo Arcangela Silva,,,,,,,M,,,0,0,sherdog,https://www.sherdog.com/fighter/David-Raimundo-Arcangela-Silva-106229
Jonas Ferreira,,,,,,,M,,,0,0,sherdog,https://www.sherdog.com/fighter/Jonas-Ferreira-110487
Aluisio Ferreira,,,,,,,M,,,0,0,sherdog,https://www.sherdog.com/fighter/Aluisio-Ferreira-180955
Antonina Shevchenko,,,,,,,F,,,0,0,sherdog,https://www.sherdog.com/fighter/Antonina-Shevchenko-45389
Shana Dobson,,,,,,,F,,,0,0,sherdog,https://www.sherdog.com/fighter/Shana-Dobson-222841
Christina Stelliou,,,,,,,F,,,0,0,sherdog,https://www.sherdog.com/fighter/Christina-Stelliou-186041
Caitlin McEwen,,,,,,,F,,,0,0,sherdog,https://www.sherdog.com/fighter/Caitlin-McEwen-220205
Miki Motono,,,,,,,F,,,0,0,sherdog,https://www.sherdog.com/fighter/Miki-Motono-317479
Jada Ketley,,,,,,,F,,,0,0,sherdog,https://www.sherdog.com/fighter/Jada-Ketley-330771
Amira Hafizovic,,,,,,,F,,,0,0,sherdog,https://www.sherdog.com/fighter/Amira-Hafizovic-220881
Taila Santos,,,,,,,F,,,0,0,sherdog,https://www.sherdog.com/fighter/Taila-Santos-143185
Amanda Nunes,,,,,,,F,,,0,0,sherdog,https://www.sherdog.com/fighter/Amanda-Nunes-31496
Holly Holm,,,,,,,F,,,0,0,sherdog,https://www.sherdog.com/fighter/Holly-Holm-75125
Sarah Kaufman,,,,,,,F,,,0,0,sherdog,https://www.sherdog.com/fighter/Sarah-Kaufman-16524
Jan Finney,,,,,,,F,,,0,0,sherdog,https://www.sherdog.com/fighter/Jan-Finney-11610
Hellen Bastos,,,,,,,F,,,0,0,sherdog,https://www.sherdog.com/fighter/Hellen-Bastos-38830
Priscila Orellana,,,,,,,F,,,0,0,sherdog,https://www.sherdog.com/fighter/Priscila-Orellana-154245
Akjarkyn Baiturbaeva,,,,,,,F,,,0,0,sherdog,https://www.sherdog.com/fighter/Akjarkyn-Baiturbaeva-191097
Yulia Nemtsova,,,,,,,F,,,0,0,sherdog,https://www.sherdog.com/fighter/Yulia-Nemtsova-191103
Kyung Aeh Kim,,,,,,,F,,,0,0,sherdog,https://www.sherdog.com/fighter/Kyung-Aeh-Kim-24070
Roza Kalieva,,,,,,,F,,,0,0,sherdog,https://www.sherdog.com/fighter/Roza-Kalieva-191109
Alla Iskarenova,,,,,,,F,,,0,0,sherdog,https://www.sherdog.com/fighter/Alla-Iskarenova-191107
Erkesh Kokoeva,,,,,,,F,,,0,0,sherdog,https://www.sherdog.com/fighter/Erkesh-Kokoeva-213569
Mi Choi Kim,,,,,,,F,,,0,0,sherdog,https://www.sherdog.com/fighter/Mi-Choi-Kim-191095
Eliza Aidaralieva,,,,,,,F,,,0,0,sherdog,https://www.sherdog.com/fighter/Eliza-Aidaralieva-213567
Leandro Camargo,,,,,,,M,,,0,0,sherdog,https://www.sherdog.com/fighter/Leandro-Camargo-291479
Kevin Natividad,,,,,,,M,,,0,0,sherdog,https://www.sherdog.com/fighter/Kevin-Natividad-84807
Thiago Belo,,,,,,,M,,,0,0,sherdog,https://www.sherdog.com/fighter/Thiago-Belo-75195
Jarod Grant,,,,,,,M,,,0,0,sherdog,https://www.sherdog.com/fighter/Jarod-Grant-425411
Jamal Johnson,,,,,,,M,,,0,0,sherdog,https://www.sherdog.com/fighter/Jamal-Johnson-144861
Rob Fuller,,,,,,,M,,,0,0,sherdog,https://www.sherdog.com/fighter/Rob-Fuller-198943
Amir Kazemi,,,,,,,M,,,0,0,sherdog,https://www.sherdog.com/fighter/Amir-Kazemi-293369
Damian Attie,,,,,,,M,,,0,0,sherdog,https://www.sherdog.com/fighter/Damian-Attie-330303
Micaias Urena,,,,,,,M,,,0,0,sherdog,https://www.sherdog.com/fighter/Micaias-Urena-207209
Earnest Walls,,,,,,,M,,,0,0,sherdog,https://www.sherdog.com/fighter/Earnest-Walls-146543
Imanol Rodriguez,,,,,,,M,,,0,0,sherdog,https://www.sherdog.com/fighter/Imanol-Rodriguez-418935
Ronaldo Rodriguez,,,,,Flyweight,ufc-roster,M,,,0,0,sherdog,https://www.sherdog.com/fighter/Ronaldo-Rodriguez-266121
Victor Dias,,,,,,,M,,,0,0,sherdog,https://www.sherdog.com/fighter/Victor-Dias-232371
Joseph Vieira,,,,,,,M,,,0,0,sherdog,https://www.sherdog.com/fighter/Joseph-Vieira-258325
Manuel Bugueno,,,,,,,M,,,0,0,sherdog,https://www.sherdog.com/fighter/Manuel-Bugueno-366211
Renzo Mendez,,,,,,,M,,,0,0,sherdog,https://www.sherdog.com/fighter/Renzo-Mendez-110399
Jorge Icomena,,,,,,,M,,,0,0,sherdog,https://www.sherdog.com/fighter/Jorge-Icomena-296407
Ivan Molnar,,,,,,,M,,,0,0,sherdog,https://www.sherdog.com/fighter/Ivan-Molnar-207139
Lucas Barreira Oliveira,,,,,,,M,,,0,0,sherdog,https://www.sherdog.com/fighter/Lucas-Barreira-Oliveira-321229
Junior Chate Roman,,,,,,,M,,,0,0,sherdog,https://www.sherdog.com/fighter/Junior-Chate-Roman-215483
Eduardo Loyaga,,,,,,,M,,,0,0,sherdog,https://www.sherdog.com/fighter/Eduardo-Loyaga-268001
Luke Newland,,,,,,,M,,,0,0,sherdog,https://www.sherdog.com/fighter/Luke-Newland-331893
Matusalem Santos,,,,,,,M,,,0,0,sherdog,https://www.sherdog.com/fighter/Matusalem-Santos-227729
Luis Carlos Brito,,,,,,,M,,,0,0,sherdog,https://www.sherdog.com/fighter/Luis-Carlos-Brito-131615
Renato Rangel,,,,,,,M,,,0,0,sherdog,https://www.sherdog.com/fighter/Renato-Rangel-183303
Slim Trabelsi,,,,,,,M,,,0,0,sherdog,https://www.sherdog.com/fighter/Slim-Trabelsi-314517
Moreno Kacapor,,,,,,,M,,,0,0,sherdog,https://www.sherdog.com/fighter/Moreno-Kacapor-326171
Alton Meeks,,,,,,,M,,,0,0,sherdog,https://www.sherdog.com/fighter/Alton-Meeks-292547
Abraham Bably,,,,,,,M,,,0,0,sherdog,https://www.sherdog.com/fighter/Abraham-Bably-374441
Dion Groombridge,,,,,,,M,,,0,0,sherdog,https://www.sherdog.com/fighter/Dion-Groombridge-228465
Atanas Krastanov,,,,,,,M,,,0,0,sherdog,https://www.sherdog.com/fighter/Atanas-Krastanov-239807
Pavel Dailidko,,,,,,,M,,,0,0,sherdog,https://www.sherdog.com/fighter/Pavel-Dailidko-314061
Angela Lee,,,,,,,F,,,0,0,sherdog,https://www.sherdog.com/fighter/Angela-Lee-173909
Michelle Nicolini,,,,,,,F,,,0,0,sherdog,https://www.sherdog.com/fighter/Michelle-Nicolini-83784
Tiffany Teo,,,,,,,F,,,0,0,sherdog,https://www.sherdog.com/fighter/Tiffany-Teo-218563
Laura Balin,,,,,,,F,,,0,0,sherdog,https://www.sherdog.com/fighter/Laura-Balin-112923
April Osenio,,,,,,,F,,,0,0,sherdog,https://www.sherdog.com/fighter/April-Osenio-191613
Alena Gondasova,,,,,,,F,,,0,0,sherdog,https://www.sherdog.com/fighter/Alena-Gondasova-221587
Julia Borisova,,,,,,,F,,,0,0,sherdog,https://www.sherdog.com/fighter/Julia-Borisova-60038
Mona Samir,,,,,,,F,,,0,0,sherdog,https://www.sherdog.com/fighter/Mona-Samir-207851
Daria Chibisova,,,,,,,F,,,0,0,sherdog,https://www.sherdog.com/fighter/Daria-Chibisova-163847
Colleen Schneider,,,,,,,F,,,0,0,sherdog,https://www.sherdog.com/fighter/Colleen-Schneider-50014
Victoria Godumchuk,,,,,,,F,,,0,0,sherdog,https://www.sherdog.com/fighter/Victoria-Godumchuk-187555
Marina Lvova,,,,,,,F,,,0,0,sherdog,https://www.sherdog.com/fighter/Marina-Lvova-194757
Liubov Tiupina,,,,,,,F,,,0,0,sherdog,https://www.sherdog.com/fighter/Liubov-Tiupina-187063
Inna Hutsal,,,,,,,F,,,0,0,sherdog,https://www.sherdog.com/fighter/Inna-Hutsal-176085
Valentina Scatizzi,,,,,,,F,,,0,0,sherdog,https://www.sherdog.com/fighter/Valentina-Scatizzi-381084
Mariam Torchinava,,,,,,,F,,,0,0,sherdog,https://www.sherdog.com/fighter/Mariam-Torchinava-406836
Luisa Fernanda Cifuentes,,,,,,,F,,,0,0,sherdog,https://www.sherdog.com/fighter/Luisa-Fernanda-Cifuentes-203589
Kamila Simkova,,,,,,,F,,,0,0,sherdog,https://www.sherdog.com/fighter/Kamila-Simkova-413413
Weronika Eszer,,,,,,,F,,,0,0,sherdog,https://www.sherdog.com/fighter/Weronika-Eszer-371898
Gaston Bolanos,,,,,,,M,,,0,0,sherdog,https://www.sherdog.com/fighter/Gaston-Bolanos-140905
Luke Riley,,,,,,,M,,,0,0,sherdog,https://www.sherdog.com/fighter/Luke-Riley-354035
Lucas Almeida,,,,,,,M,,,0,0,sherdog,https://www.sherdog.com/fighter/Lucas-Almeida-191243
Dorian Ramos,,,,,,,M,,,0,0,sherdog,https://www.sherdog.com/fighter/Dorian-Ramos-203579
Nate Richardson,,,,,,,M,,,0,0,sherdog,https://www.sherdog.com/fighter/Nate-Richardson-83724
Josh Altum,,,,,,,M,,,0,0,sherdog,https://www.sherdog.com/fighter/Josh-Altum-183621
Austin Lutchen,,,,,,,M,,,0,0,sherdog,https://www.sherdog.com/fighter/Austin-Lutchen-251235
Cameron Graves,,,,,,,M,,,0,0,sherdog,https://www.sherdog.com/fighter/Cameron-Graves-108615
Frank Meno,,,,,,,M,,,0,0,sherdog,https://www.sherdog.com/fighter/Frank-Meno-210915
Kyle Broadwater,,,,,,,M,,,0,0,sherdog,https://www.sherdog.com/fighter/Kyle-Broadwater-270849
Cristian Lopez,,,,,,,M,,,0,0,sherdog,https://www.sherdog.com/fighter/Cristian-Lopez-339493
Zachariah Thorne,,,,,,,M,,,0,0,sherdog,https://www.sherdog.com/fighter/Zachariah-Thorne-215955
Jordan Plutin,,,,,,,M,,,0,0,sherdog,https://www.sherdog.com/fighter/Jordan-Plutin-317009
Nicco Montano,,,,,,,F,,,0,0,sherdog,https://www.sherdog.com/fighter/Nicco-Montano-138319
Cat Zingano,,,,,,,F,,,0,0,sherdog,https://www.sherdog.com/fighter/Cat-Zingano-33932
Jessica Rakoczy,,,,,,,F,,,0,0,sherdog,https://www.sherdog.com/fighter/Jessica-Rakoczy-53506
Rachael Swatez,,,,,,,F,,,0,0,sherdog,https://www.sherdog.com/fighter/Rachael-Swatez-29722
Stephanie Webber,,,,,,,F,,,0,0,sherdog,https://www.sherdog.com/fighter/Stephanie-Webber-50016
Robyn Dunne,,,,,,,F,,,0,0,sherdog,https://www.sherdog.com/fighter/Robyn-Dunne-50884
Raylene Harvey,,,,,,,F,,,0,0,sherdog,https://www.sherdog.com/fighter/Raylene-Harvey-65655
Nazim Sadykhov,,,,,Lightweight,ufc-roster,M,,,0,0,sherdog,https://www.sherdog.com/fighter/Nazim-Sadykhov-264031
Mike Davis,,,,,Lightweight,ufc-roster,M,,,0,0,sherdog,https://www.sherdog.com/fighter/Mike-Davis-202169
Claudio Puelles,,,,,Lightweight,ufc-roster,M,,,0,0,sherdog,https://www.sherdog.com/fighter/Claudio-Puelles-105897
Michal Figlak,,,,,,,M,,,0,0,sherdog,https://www.sherdog.com/fighter/Michal-Figlak-151393
Don Madge,,,,,,,M,,,0,0,sherdog,https://www.sherdog.com/fighter/Don-Madge-86651
Yassine Belhadj,,,,,,,M,,,0,0,sherdog,https://www.sherdog.com/fighter/Yassine-Belhadj-213281
Julio Matos,,,,,,,M,,,0,0,sherdog,https://www.sherdog.com/fighter/Julio-Matos-235217
Abner Lloveras,,,,,,,M,,,0,0,sherdog,https://www.sherdog.com/fighter/Abner-Lloveras-11729
Alexey Valivakhin,,,,,,,M,,,0,0,sherdog,https://www.sherdog.com/fighter/Alexey-Valivakhin-82535
Artem Tanshyn,,,,,,,M,,,0,0,sherdog,https://www.sherdog.com/fighter/Artem-Tanshyn-51376
Haotian Wu,,,,,,,M,,,0,0,sherdog,https://www.sherdog.com/fighter/Haotian-Wu-26384
Viskhan Magomadov,,,,,,,M,,,0,0,sherdog,https://www.sherdog.com/fighter/Viskhan-Magomadov-180205
Laid Zerhouni,,,,,,,M,,,0,0,sherdog,https://www.sherdog.com/fighter/Laid-Zerhouni-210693
Jean Dutriaux,,,,,,,M,,,0,0,sherdog,https://www.sherdog.com/fighter/Jean-Dutriaux-150067
Dominic Yeo,,,,,,,M,,,0,0,sherdog,https://www.sherdog.com/fighter/Dominic-Yeo-217431
Mathias Guerra,,,,,,,M,,,0,0,sherdog,https://www.sherdog.com/fighter/Mathias-Guerra-160969
Huaxiang Dong,,,,,,,F,,,0,0,sherdog,https://www.sherdog.com/fighter/Huaxiang-Dong-256795
Maria Belanson,,,,,,,F,,,0,0,sherdog,https://www.sherdog.com/fighter/Maria-Belanson-474839
Momoka Hoshuyama,,,,,,,F,,,0,0,sherdog,https://www.sherdog.com/fighter/Momoka-Hoshuyama-379796
Aira Koga,,,,,,,F,,,0,0,sherdog,https://www.sherdog.com/fighter/Aira-Koga-376974
Ana Palacios,,,,,,,F,,,0,0,sherdog,https://www.sherdog.com/fighter/Ana-Palacios-273563
Yerin Hong,,,,,,,F,,,0,0,sherdog,https://www.sherdog.com/fighter/Yerin-Hong-349157
Hyun Ji Jang,,,,,,,F,,,0,0,sherdog,https://www.sherdog.com/fighter/Hyun-Ji-Jang-274991
Hye Sun Kim,,,,,,,F,,,0,0,sherdog,https://www.sherdog.com/fighter/Hye-Sun-Kim-276289
Seo Yun Jung,,,,,,,F,,,0,0,sherdog,https://www.sherdog.com/fighter/Seo-Yun-Jung-297875
Henry Corrales,,,,,,,M,,,0,0,sherdog,https://www.sherdog.com/fighter/Henry-Corrales-80091
Adli Edwards,,,,,,,M,,,0,0,sherdog,https://www.sherdog.com/fighter/Adli-Edwards-148545
Justin Gonzales,,,,,,,M,,,0,0,sherdog,https://www.sherdog.com/fighter/Justin-Gonzales-111883
Aiden Lee,,,,,,,M,,,0,0,sherdog,https://www.sherdog.com/fighter/Aiden-Lee-146975
John de Jesus,,,,,,,M,,,0,0,sherdog,https://www.sherdog.com/fighter/John-de-Jesus-50392
Chris Hatley Jr.,,,,,,,M,,,0,0,sherdog,https://www.sherdog.com/fighter/Chris-Hatley-Jr-216751
Daniel Carey,,,,,,,M,,,0,0,sherdog,https://www.sherdog.com/fighter/Daniel-Carey-130595
Leandro Higo,,,,,,,M,,,0,0,sherdog,https://www.sherdog.com/fighter/Leandro-Higo-65185
Shane Kruchten,,,,,,,M,,,0,0,sherdog,https://www.sherdog.com/fighter/Shane-Kruchten-22808
Justin Linn,,,,,,,M,,,0,0,sherdog,https://www.sherdog.com/fighter/Justin-Linn-47432
Zach Freeman,,,,,,,M,,,0,0,sherdog,https://www.sherdog.com/fighter/Zach-Freeman-82722
Nicolle Caliari,,,,,,,F,,,0,0,sherdog,https://www.sherdog.com/fighter/Nicolle-Caliari-202195
Yuneisy Duben,,,,,,,F,,,0,0,sherdog,https://www.sherdog.com/fighter/Yuneisy-Duben-278389
Ernesta Kareckaite,,,,,,,F,,,0,0,sherdog,https://www.sherdog.com/fighter/Ernesta-Kareckaite-319093
Tara Graff,,,,,,,F,,,0,0,sherdog,https://www.sherdog.com/fighter/Tara-Graff-295517
Ivana Coleman,,,,,,,F,,,0,0,sherdog,https://www.sherdog.com/fighter/Ivana-Coleman-45617
Colby Covington,,,,,,,M,,,0,0,sherdog,https://www.sherdog.com/fighter/Colby-Covington-57269
Andre Fialho,,,,,,,M,,,0,0,sherdog,https://www.sherdog.com/fighter/Andre-Fialho-188171
Albert Duraev,,,,,,,M,,,0,0,sherdog,https://www.sherdog.com/fighter/Albert-Duraev-86841
Antonio Arroyo,,,,,,,M,,,0,0,sherdog,https://www.sherdog.com/fighter/Antonio-Arroyo-173979
Impa Kasanganay,,,,,,,M,,,0,0,sherdog,https://www.sherdog.com/fighter/Impa-Kasanganay-310489
Jackie Gosh,,,,,,,M,,,0,0,sherdog,https://www.sherdog.com/fighter/Jackie-Gosh-200633
Chris Harris,,,,,,,M,,,0,0,sherdog,https://www.sherdog.com/fighter/Chris-Harris-191663
Logan Storley,,,,,,,M,,,0,0,sherdog,https://www.sherdog.com/fighter/Logan-Storley-204697
Vinicius de Jesus,,,,,,,M,,,0,0,sherdog,https://www.sherdog.com/fighter/Vinicius-de-Jesus-133401
Justin Patterson,,,,,,,M,,,0,0,sherdog,https://www.sherdog.com/fighter/Justin-Patterson-83742
Chris Heatherly,,,,,,,M,,,0,0,sherdog,https://www.sherdog.com/fighter/Chris-Heatherly-101117
Kyle Kurtz,,,,,,,M,,,0,0,sherdog,https://www.sherdog.com/fighter/Kyle-Kurtz-188709
Stacy Bacon,,,,,,,M,,,0,0,sherdog,https://www.sherdog.com/fighter/Stacy-Bacon-195603
Kalel Robinson,,,,,,,M,,,0,0,sherdog,https://www.sherdog.com/fighter/Kalel-Robinson-19025
Bryant West,,,,,,,M,,,0,0,sherdog,https://www.sherdog.com/fighter/Bryant-West-177073
Wesley Sullivan,,,,,,,M,,,0,0,sherdog,https://www.sherdog.com/fighter/Wesley-Sullivan-53994
Alberto Montes,,,,,,,M,,,0,0,sherdog,https://www.sherdog.com/fighter/Alberto-Montes-257203
Kaleb Petereit,,,,,,,M,,,0,0,sherdog,https://www.sherdog.com/fighter/Kaleb-Petereit-199893
Josh Paiva,,,,,,,M,,,0,0,sherdog,https://www.sherdog.com/fighter/Josh-Paiva-82886
Boston Salmon,,,,,,,M,,,0,0,sherdog,https://www.sherdog.com/fighter/Boston-Salmon-131463
Trent Meaux,,,,,,,M,,,0,0,sherdog,https://www.sherdog.com/fighter/Trent-Meaux-91289
Gerzan Chaw,,,,,,,M,,,0,0,sherdog,https://www.sherdog.com/fighter/Gerzan-Chaw-59282
Akira Smith,,,,,,,M,,,0,0,sherdog,https://www.sherdog.com/fighter/Akira-Smith-64890
Tristan Grimsley,,,,,,,M,,,0,0,sherdog,https://www.sherdog.com/fighter/Tristan-Grimsley-60429
Edward Longoria,,,,,,,M,,,0,0,sherdog,https://www.sherdog.com/fighter/Edward-Longoria-130895
Bob Bradshaw,,,,,,,M,,,0,0,sherdog,https://www.sherdog.com/fighter/Bob-Bradshaw-38568
Colin Wright,,,,,,,M,,,0,0,sherdog,https://www.sherdog.com/fighter/Colin-Wright-65409
Yasmin Castanho,,,,,,,F,,,0,0,sherdog,https://www.sherdog.com/fighter/Yasmin-Castanho-299529
Yulia Ostroverkhova,,,,,,,F,,,0,0,sherdog,https://www.sherdog.com/fighter/Yulia-Ostroverkhova-296075
Taylor Mauldin,,,,,,,F,,,0,0,sherdog,https://www.sherdog.com/fighter/Taylor-Mauldin-271689
Danni McCormack,,,,,,,F,,,0,0,sherdog,https://www.sherdog.com/fighter/Danni-McCormack-239613
Karolina Wojcik,,,,,,,F,,,0,0,sherdog,https://www.sherdog.com/fighter/Karolina-Wojcik-224757
Ediana Silva,,,,,,,F,,,0,0,sherdog,https://www.sherdog.com/fighter/Ediana-Silva-311211
Liz Tracy,,,,,,,F,,,0,0,sherdog,https://www.sherdog.com/fighter/Liz-Tracy-86789
Janelice Moraes,,,,,,,F,,,0,0,sherdog,https://www.sherdog.com/fighter/Janelice-Moraes-277831
Piera Rodriguez,,,,,,,F,,,0,0,sherdog,https://www.sherdog.com/fighter/Piera-Rodriguez-247469
Karen Thalita,,,,,,,F,,,0,0,sherdog,https://www.sherdog.com/fighter/Karen-Thalita-345235
Maria Ribeiro,,,,,,,F,,,0,0,sherdog,https://www.sherdog.com/fighter/Maria-Ribeiro-254453
Janaina Soares,,,,,,,F,,,0,0,sherdog,https://www.sherdog.com/fighter/Janaina-Soares-301767
Lohayne Lopes,,,,,,,F,,,0,0,sherdog,https://www.sherdog.com/fighter/Lohayne-Lopes-258621
Maria Oliveira,,,,,,,F,,,0,0,sherdog,https://www.sherdog.com/fighter/Maria-Oliveira-207835
Cleudilene Costa,,,,,,,F,,,0,0,sherdog,https://www.sherdog.com/fighter/Cleudilene-Costa-195705
Poliana Botelho,,,,,,,F,,,0,0,sherdog,https://www.sherdog.com/fighter/Poliana-Botelho-164275
Cortney Casey,,,,,,,F,,,0,0,sherdog,https://www.sherdog.com/fighter/Cortney-Casey-91121
Veronica Hardy,,,,,Flyweight,ufc-roster,F,,,0,0,sherdog,https://www.sherdog.com/fighter/Veronica-Hardy-180217
Hannah Cifers,,,,,,,F,,,0,0,sherdog,https://www.sherdog.com/fighter/Hannah-Cifers-117571
Miki Rogers,,,,,,,F,,,0,0,sherdog,https://www.sherdog.com/fighter/Miki-Rogers-157209
Artur Minev,,,,,,,M,,,0,0,sherdog,https://www.sherdog.com/fighter/Artur-Minev-424904
Adam Livingston,,,,,,,M,,,0,0,sherdog,https://www.sherdog.com/fighter/Adam-Livingston-383060
Deven Paulsen,,,,,,,M,,,0,0,sherdog,https://www.sherdog.com/fighter/Deven-Paulsen-357481
Anthony Benevides,,,,,,,M,,,0,0,sherdog,https://www.sherdog.com/fighter/Anthony-Benevides-163741
Josh Henry,,,,,,,M,,,0,0,sherdog,https://www.sherdog.com/fighter/Josh-Henry-43684
Cody Carrillo,,,,,,,M,,,0,0,sherdog,https://www.sherdog.com/fighter/Cody-Carrillo-79050
Montrell James,,,,,,,M,,,0,0,sherdog,https://www.sherdog.com/fighter/Montrell-James-206849
Ernesto Zarate,,,,,,,M,,,0,0,sherdog,https://www.sherdog.com/fighter/Ernesto-Zarate-367101
Kyle Wright,,,,,,,M,,,0,0,sherdog,https://www.sherdog.com/fighter/Kyle-Wright-278113
Skyler Mauller,,,,,,,M,,,0,0,sherdog,https://www.sherdog.com/fighter/Skyler-Mauller-330965
Joshua Hewlett,,,,,,,M,,,0,0,sherdog,https://www.sherdog.com/fighter/Joshua-Hewlett-72958
Paul Teague,,,,,,,M,,,0,0,sherdog,https://www.sherdog.com/fighter/Paul-Teague-342257
Jair de Oliveira,,,,,,,M,,,0,0,sherdog,https://www.sherdog.com/fighter/Jair-de-Oliveira-267853
Wellington Silva Lopes,,,,,,,M,,,0,0,sherdog,https://www.sherdog.com/fighter/Wellington-Silva-Lopes-227023
Marcelo Nunez,,,,,,,M,,,0,0,sherdog,https://www.sherdog.com/fighter/Marcelo-Nunez-174553
Willyanedson Paiva,,,,,,,M,,,0,0,sherdog,https://www.sherdog.com/fighter/Willyanedson-Paiva-177403
Guilherme Lopes Cunha,,,,,,,M,,,0,0,sherdog,https://www.sherdog.com/fighter/Guilherme-Lopes-Cunha-445360
Luis Andrade de Oliveira,,,,,,,M,,,0,0,sherdog,https://www.sherdog.com/fighter/Luis-Andrade-de-Oliveira-156799
Miguel Porto,,,,,,,M,,,0,0,sherdog,https://www.sherdog.com/fighter/Miguel-Porto-388019
Diego Frigotto,,,,,,,M,,,0,0,sherdog,https://www.sherdog.com/fighter/Diego-Frigotto-377023
Rick Martin,,,,,,,M,,,0,0,sherdog,https://www.sherdog.com/fighter/Rick-Martin-423765
Nathan Oliveira,,,,,,,M,,,0,0,sherdog,https://www.sherdog.com/fighter/Nathan-Oliveira-182697
Alexandre Borges,,,,,,,M,,,0,0,sherdog,https://www.sherdog.com/fighter/Alexandre-Borges-117639
Haroldo Mesquita,,,,,,,M,,,0,0,sherdog,https://www.sherdog.com/fighter/Haroldo-Mesquita-81647
Sombay Silvino,,,,,,,M,,,0,0,sherdog,https://www.sherdog.com/fighter/Sombay-Silvino-160653
Guilherme Cena,,,,,,,M,,,0,0,sherdog,https://www.sherdog.com/fighter/Guilherme-Cena-484964
Roger Freitas,,,,,,,M,,,0,0,sherdog,https://www.sherdog.com/fighter/Roger-Freitas-403664
Clayton Carpenter,,,,,,,M,,,0,0,sherdog,https://www.sherdog.com/fighter/Clayton-Carpenter-208467
Nathan Maness,,,,,,,M,,,0,0,sherdog,https://www.sherdog.com/fighter/Nathan-Maness-158855
Denilson Matos,,,,,,,M,,,0,0,sherdog,https://www.sherdog.com/fighter/Denilson-Matos-133001
Alexander Podlesniy,,,,,,,M,,,0,0,sherdog,https://www.sherdog.com/fighter/Alexander-Podlesniy-192355
Vartan Asatryan,,,,,,,M,,,0,0,sherdog,https://www.sherdog.com/fighter/Vartan-Asatryan-86307
Shajidul Haque,,,,,,,M,,,0,0,sherdog,https://www.sherdog.com/fighter/Shajidul-Haque-20478
Shyngys Kairanov,,,,,,,M,,,0,0,sherdog,https://www.sherdog.com/fighter/Shyngys-Kairanov-217045
Alexander Nesterov,,,,,,,M,,,0,0,sherdog,https://www.sherdog.com/fighter/Alexander-Nesterov-66622
Ivan Andrushchenko,,,,,,,M,,,0,0,sherdog,https://www.sherdog.com/fighter/Ivan-Andrushchenko-175779
Nurtilek Yerkuatuly,,,,,,,M,,,0,0,sherdog,https://www.sherdog.com/fighter/Nurtilek-Yerkuatuly-269295
Magomednur Aglarov,,,,,,,M,,,0,0,sherdog,https://www.sherdog.com/fighter/Magomednur-Aglarov-149261
Gina Mazany,,,,,,,F,,,0,0,sherdog,https://www.sherdog.com/fighter/Gina-Mazany-36287
Allison Schmidt,,,,,,,F,,,0,0,sherdog,https://www.sherdog.com/fighter/Allison-Schmidt-239001
Miranda Dearing,,,,,,,F,,,0,0,sherdog,https://www.sherdog.com/fighter/Miranda-Dearing-170093
Nick Fiore,,,,,,,M,,,0,0,sherdog,https://www.sherdog.com/fighter/Nick-Fiore-230223
Rodrigo Lidio,,,,,,,M,,,0,0,sherdog,https://www.sherdog.com/fighter/Rodrigo-Lidio-182013
Arkadiy Osipyan,,,,,,,M,,,0,0,sherdog,https://www.sherdog.com/fighter/Arkadiy-Osipyan-277995
Jose Daniel Barrios,,,,,,,M,,,0,0,sherdog,https://www.sherdog.com/fighter/Jose-Daniel-Barrios-189637
Fabiano Silva,,,,,,,M,,,0,0,sherdog,https://www.sherdog.com/fighter/Fabiano-Silva-21926
Kaik Brito,,,,,,,M,,,0,0,sherdog,https://www.sherdog.com/fighter/Kaik-Brito-204891
Daguir Imavov,,,,,,,M,,,0,0,sherdog,https://www.sherdog.com/fighter/Daguir-Imavov-131617
Lukasz Kopera,,,,,,,M,,,0,0,sherdog,https://www.sherdog.com/fighter/Lukasz-Kopera-86924
Dmitriy Golbaev,,,,,,,M,,,0,0,sherdog,https://www.sherdog.com/fighter/Dmitriy-Golbaev-201533
Adam Golonkiewicz,,,,,,,M,,,0,0,sherdog,https://www.sherdog.com/fighter/Adam-Golonkiewicz-57346
Jacek Kreft,,,,,,,M,,,0,0,sherdog,https://www.sherdog.com/fighter/Jacek-Kreft-103097
Oleg Obrevko,,,,,,,M,,,0,0,sherdog,https://www.sherdog.com/fighter/Oleg-Obrevko-132105
Semen Tyrlya,,,,,,,M,,,0,0,sherdog,https://www.sherdog.com/fighter/Semen-Tyrlya-73033
Pawel Zegar,,,,,,,M,,,0,0,sherdog,https://www.sherdog.com/fighter/Pawel-Zegar-110227
Daniel Holt,,,,,,,M,,,0,0,sherdog,https://www.sherdog.com/fighter/Daniel-Holt-339377
Johnny Smith,,,,,,,M,,,0,0,sherdog,https://www.sherdog.com/fighter/Johnny-Smith-256231
Cedric Katambwa,,,,,,,M,,,0,0,sherdog,https://www.sherdog.com/fighter/Cedric-Katambwa-251665
Joao Guerra,,,,,,,M,,,0,0,sherdog,https://www.sherdog.com/fighter/Joao-Guerra-381823
Hernandez Banks,,,,,,,M,,,0,0,sherdog,https://www.sherdog.com/fighter/Hernandez-Banks-81469
Ronald Paradeiser,,,,,,,M,,,0,0,sherdog,https://www.sherdog.com/fighter/Ronald-Paradeiser-189935
Mateusz Legierski,,,,,,,M,,,0,0,sherdog,https://www.sherdog.com/fighter/Mateusz-Legierski-154507
Predrag Bogdanovic,,,,,,,M,,,0,0,sherdog,https://www.sherdog.com/fighter/Predrag-Bogdanovic-316147
Agy Sardari,,,,,,,M,,,0,0,sherdog,https://www.sherdog.com/fighter/Agy-Sardari-210591
Niko Samsonidse,,,,,,,M,,,0,0,sherdog,https://www.sherdog.com/fighter/Niko-Samsonidse-122619
Mate Sanikidze,,,,,,,M,,,0,0,sherdog,https://www.sherdog.com/fighter/Mate-Sanikidze-260883
Jakub Tichota,,,,,,,M,,,0,0,sherdog,https://www.sherdog.com/fighter/Jakub-Tichota-269233
Samuel Bark,,,,,,,M,,,0,0,sherdog,https://www.sherdog.com/fighter/Samuel-Bark-335719
Karol Rysavy,,,,,,,M,,,0,0,sherdog,https://www.sherdog.com/fighter/Karol-Rysavy-215835
Bartosz Gorczyca,,,,,,,M,,,0,0,sherdog,https://www.sherdog.com/fighter/Bartosz-Gorczyca-392345
Raymond Jarman,,,,,,,M,,,0,0,sherdog,https://www.sherdog.com/fighter/Raymond-Jarman-15490
Tayron Agtereek Chavarro,,,,,,,M,,,0,0,sherdog,https://www.sherdog.com/fighter/Tayron-Agtereek-Chavarro-287477
Soufiene Oudina,,,,,,,M,,,0,0,sherdog,https://www.sherdog.com/fighter/Soufiene-Oudina-119437
Karol Michalak,,,,,,,M,,,0,0,sherdog,https://www.sherdog.com/fighter/Karol-Michalak-237605
Gracian Golebiowski,,,,,,,M,,,0,0,sherdog,https://www.sherdog.com/fighter/Gracian-Golebiowski-278657
Tyler Ray,,,,,,,M,,,0,0,sherdog,https://www.sherdog.com/fighter/Tyler-Ray-83941
Kevem Felipe,,,,,,,M,,,0,0,sherdog,https://www.sherdog.com/fighter/Kevem-Felipe-175161
Freddy Sandoval,,,,,,,M,,,0,0,sherdog,https://www.sherdog.com/fighter/Freddy-Sandoval-21054
Dejan Kajic,,,,,,,M,,,0,0,sherdog,https://www.sherdog.com/fighter/Dejan-Kajic-67895
Zach Bunnell,,,,,,,M,,,0,0,sherdog,https://www.sherdog.com/fighter/Zach-Bunnell-82890
Gordy Gaetan,,,,,,,M,,,0,0,sherdog,https://www.sherdog.com/fighter/Gordy-Gaetan-282811
Jeramy Burford,,,,,,,M,,,0,0,sherdog,https://www.sherdog.com/fighter/Jeramy-Burford-153007
Saeid Mirzaei,,,,,,,M,,,0,0,sherdog,https://www.sherdog.com/fighter/Saeid-Mirzaei-100065
Dominique Smith,,,,,,,M,,,0,0,sherdog,https://www.sherdog.com/fighter/Dominique-Smith-157333
Andrei Arlovski,,,,,,,M,,,0,0,sherdog,https://www.sherdog.com/fighter/Andrei-Arlovski-270
Marcos Rogerio de Lima,,,,,,,M,,,0,0,sherdog,https://www.sherdog.com/fighter/Marcos-Rogerio-de-Lima-51955
Jared Vanderaa,,,,,,,M,,,0,0,sherdog,https://www.sherdog.com/fighter/Jared-Vanderaa-152987
Derrick Weaver,,,,,,,M,,,0,0,sherdog,https://www.sherdog.com/fighter/Derrick-Weaver-69833
Muhammed DeReese,,,,,,,M,,,0,0,sherdog,https://www.sherdog.com/fighter/Muhammed-DeReese-121069
Edison Lopes,,,,,,,M,,,0,0,sherdog,https://www.sherdog.com/fighter/Edison-Lopes-113637
Odell Pantin,,,,,,,M,,,0,0,sherdog,https://www.sherdog.com/fighter/Odell-Pantin-286089
Rustam Karimov,,,,,,,M,,,0,0,sherdog,https://www.sherdog.com/fighter/Rustam-Karimov-416311
Nikolas Motta,,,,,,,M,,,0,0,sherdog,https://www.sherdog.com/fighter/Nikolas-Motta-103887
Gabriel Benitez,,,,,,,M,,,0,0,sherdog,https://www.sherdog.com/fighter/Gabriel-Benitez-25733
Viacheslav Borshchev,,,,,,,M,,,0,0,sherdog,https://www.sherdog.com/fighter/Viacheslav-Borshchev-337895
Achilles Estremadura,,,,,,,M,,,0,0,sherdog,https://www.sherdog.com/fighter/Achilles-Estremadura-68610
Akenbieke Ayijiake,,,,,,,M,,,0,0,sherdog,https://www.sherdog.com/fighter/Akenbieke-Ayijiake-186615
Rongshuai Zhu,,,,,,,M,,,0,0,sherdog,https://www.sherdog.com/fighter/Rongshuai-Zhu-382415
Yasen Sailikebieke,,,,,,,M,,,0,0,sherdog,https://www.sherdog.com/fighter/Yasen-Sailikebieke-382088
Nannan He,,,,,,,M,,,0,0,sherdog,https://www.sherdog.com/fighter/Nannan-He-169171
Nikolay Goncharov,,,,,,,M,,,0,0,sherdog,https://www.sherdog.com/fighter/Nikolay-Goncharov-255317
Kazibai Nuliquwake,,,,,,,M,,,0,0,sherdog,https://www.sherdog.com/fighter/Kazibai-Nuliquwake-305969
Xiaochen Xu,,,,,,,M,,,0,0,sherdog,https://www.sherdog.com/fighter/Xiaochen-Xu-232999
Montserrat Ruiz,,,,,Strawweight,ufc-roster,F,,,0,0,sherdog,https://www.sherdog.com/fighter/Montserrat-Ruiz-175799
Livinha Souza,,,,,,,F,,,0,0,sherdog,https://www.sherdog.com/fighter/Livinha-Souza-128267
Miranda Granger,,,,,,,F,,,0,0,sherdog,https://www.sherdog.com/fighter/Miranda-Granger-251041
Leslie Smith,,,,,,,F,,,0,0,sherdog,https://www.sherdog.com/fighter/Leslie-Smith-46542
Mayra Cantuaria Rodrigues,,,,,,,F,,,0,0,sherdog,https://www.sherdog.com/fighter/Mayra-Cantuaria-Rodrigues-200093
Carolina Cunha,,,,,,,F,,,0,0,sherdog,https://www.sherdog.com/fighter/Carolina-Cunha-199951
Carol Abdon,,,,,,,F,,,0,0,sherdog,https://www.sherdog.com/fighter/Carol-Abdon-213763
Debora Dias Nascimento,,,,,,,F,,,0,0,sherdog,https://www.sherdog.com/fighter/Debora-Dias-Nascimento-195885
Alenice Correa Costa,,,,,,,F,,,0,0,sherdog,https://www.sherdog.com/fighter/Alenice-Correa-Costa-112485
Laura Falcao,,,,,,,F,,,0,0,sherdog,https://www.sherdog.com/fighter/Laura-Falcao-173975
Daichi Kamiya,,,,,,,M,,,0,0,sherdog,https://www.sherdog.com/fighter/Daichi-Kamiya-412079
Isao Kobayashi,,,,,,,M,,,0,0,sherdog,https://www.sherdog.com/fighter/Isao-Kobayashi-36680
Rafael Barbosa,,,,,,,M,,,0,0,sherdog,https://www.sherdog.com/fighter/Rafael-Barbosa-224655
Takasuke Kume,,,,,,,M,,,0,0,sherdog,https://www.sherdog.com/fighter/Takasuke-Kume-21731
Tatsuya Saika,,,,,,,M,,,0,0,sherdog,https://www.sherdog.com/fighter/Tatsuya-Saika-258823
Kazuki Kasai,,,,,,,M,,,0,0,sherdog,https://www.sherdog.com/fighter/Kazuki-Kasai-197867
Yuki Okano,,,,,,,M,,,0,0,sherdog,https://www.sherdog.com/fighter/Yuki-Okano-58925
Shinichi Taira,,,,,,,M,,,0,0,sherdog,https://www.sherdog.com/fighter/Shinichi-Taira-43503
Salimkhan Sadulloev,,,,,,,M,,,0,0,sherdog,https://www.sherdog.com/fighter/Salimkhan-Sadulloev-75437
Masayuki Kikuiri,,,,,,,M,,,0,0,sherdog,https://www.sherdog.com/fighter/Masayuki-Kikuiri-226289
Koyomi Matsushima,,,,,,,M,,,0,0,sherdog,https://www.sherdog.com/fighter/Koyomi-Matsushima-188675
Nick Hein,,,,,,,M,,,0,0,sherdog,https://www.sherdog.com/fighter/Nick-Hein-50774
Frank Camacho,,,,,,,M,,,0,0,sherdog,https://www.sherdog.com/fighter/Frank-Camacho-22114
Jacques Marsters,,,,,,,M,,,0,0,sherdog,https://www.sherdog.com/fighter/Jacques-Marsters-63824
Rob Hill,,,,,,,M,,,0,0,sherdog,https://www.sherdog.com/fighter/Rob-Hill-21806
Takayuki Kobayashi,,,,,,,M,,,0,0,sherdog,https://www.sherdog.com/fighter/Takayuki-Kobayashi-64744
Yoshikazu Fujiishi,,,,,,,M,,,0,0,sherdog,https://www.sherdog.com/fighter/Yoshikazu-Fujiishi-61072
Yohei Ota,,,,,,,M,,,0,0,sherdog,https://www.sherdog.com/fighter/Yohei-Ota-1726
Daisuke Sasaki,,,,,,,M,,,0,0,sherdog,https://www.sherdog.com/fighter/Daisuke-Sasaki-71943
Hiroaki Sakuma,,,,,,,M,,,0,0,sherdog,https://www.sherdog.com/fighter/Hiroaki-Sakuma-21696
Kenjiro Takahashi,,,,,,,M,,,0,0,sherdog,https://www.sherdog.com/fighter/Kenjiro-Takahashi-63415
Fumiya Hashimoto,,,,,,,M,,,0,0,sherdog,https://www.sherdog.com/fighter/Fumiya-Hashimoto-42693
Hyun Sung Park,,,,,Flyweight,ufc-roster,M,,,0,0,sherdog,https://www.sherdog.com/fighter/Hyun-Sung-Park-289999
Carlos Hernandez,,,,,,,M,,,0,0,sherdog,https://www.sherdog.com/fighter/Carlos-Hernandez-171603
Jesus Santos Aguilar,,,,,,,M,,,0,0,sherdog,https://www.sherdog.com/fighter/Jesus-Santos-Aguilar-203965
Carlos Candelario,,,,,,,M,,,0,0,sherdog,https://www.sherdog.com/fighter/Carlos-Candelario-97453
Alfredo Muaiad,,,,,,,M,,,0,0,sherdog,https://www.sherdog.com/fighter/Alfredo-Muaiad-243343
Ryuya Fukuda,,,,,,,M,,,0,0,sherdog,https://www.sherdog.com/fighter/Ryuya-Fukuda-87763
Yoshiro Maeda,,,,,,,M,,,0,0,sherdog,https://www.sherdog.com/fighter/Yoshiro-Maeda-6887
Kiyotaka Shimizu,,,,,,,M,,,0,0,sherdog,https://www.sherdog.com/fighter/Kiyotaka-Shimizu-31882
Jared Almazan,,,,,,,M,,,0,0,sherdog,https://www.sherdog.com/fighter/Jared-Almazan-323883
Yamato Takagi,,,,,,,M,,,0,0,sherdog,https://www.sherdog.com/fighter/Yamato-Takagi-269997
Takahiro Kohori,,,,,,,M,,,0,0,sherdog,https://www.sherdog.com/fighter/Takahiro-Kohori-43172
Yuto Sekiguchi,,,,,,,M,,,0,0,sherdog,https://www.sherdog.com/fighter/Yuto-Sekiguchi-128935
Ryo Oyakawa,,,,,,,M,,,0,0,sherdog,https://www.sherdog.com/fighter/Ryo-Oyakawa-151429
Yo Otake,,,,,,,M,,,0,0,sherdog,https://www.sherdog.com/fighter/Yo-Otake-283681
Chihiro Sawada,,,,,,,F,,,0,0,sherdog,https://www.sherdog.com/fighter/Chihiro-Sawada-383765
Daiane Cardoso,,,,,,,F,,,0,0,sherdog,https://www.sherdog.com/fighter/Daiane-Cardoso-253403
Jennifer Olsim,,,,,,,F,,,0,0,sherdog,https://www.sherdog.com/fighter/Jennifer-Olsim-214807
Ritu Phogat,,,,,,,F,,,0,0,sherdog,https://www.sherdog.com/fighter/Ritu-Phogat-349751
Priscilla Hertati Lumban Gaol,,,,,,,F,,,0,0,sherdog,https://www.sherdog.com/fighter/Priscilla-Hertati-Lumban-Gaol-244331
Aya Saied Saber,,,,,,,F,,,0,0,sherdog,https://www.sherdog.com/fighter/Aya-Saied-Saber-117541
Olga Vlasova,,,,,,,F,,,0,0,sherdog,https://www.sherdog.com/fighter/Olga-Vlasova-237669
Erika Saziki,,,,,,,F,,,0,0,sherdog,https://www.sherdog.com/fighter/Erika-Saziki-243715
Mellony Geugjes,,,,,,,F,,,0,0,sherdog,https://www.sherdog.com/fighter/Mellony-Geugjes-153059
Liliya Shakirova,,,,,,,F,,,0,0,sherdog,https://www.sherdog.com/fighter/Liliya-Shakirova-255783
Yulia Kutsenko,,,,,,,F,,,0,0,sherdog,https://www.sherdog.com/fighter/Yulia-Kutsenko-246125
Ola Ahmed,,,,,,,F,,,0,0,sherdog,https://www.sherdog.com/fighter/Ola-Ahmed-134643
Farida Anvarova,,,,,,,F,,,0,0,sherdog,https://www.sherdog.com/fighter/Farida-Anvarova-237327
Ganjina Khabibullaeva,,,,,,,F,,,0,0,sherdog,https://www.sherdog.com/fighter/Ganjina-Khabibullaeva-235061
Marija Malenica,,,,,,,F,,,0,0,sherdog,https://www.sherdog.com/fighter/Marija-Malenica-200955
Ilona Daurova,,,,,,,F,,,0,0,sherdog,https://www.sherdog.com/fighter/Ilona-Daurova-184479
Kseniya Lachkova,,,,,,,F,,,0,0,sherdog,https://www.sherdog.com/fighter/Kseniya-Lachkova-182127
Angela Angela,,,,,,,F,,,0,0,sherdog,https://www.sherdog.com/fighter/Angela-Angela-396738
Seul Gi Jeon,,,,,,,F,,,0,0,sherdog,https://www.sherdog.com/fighter/Seul-Gi-Jeon-216997
Heqin Lin,,,,,,,F,,,0,0,sherdog,https://www.sherdog.com/fighter/Heqin-Lin-217015
Rodrigo Nascimento,,,,,,,M,,,0,0,sherdog,https://www.sherdog.com/fighter/Rodrigo-Nascimento-97975
Blagoy Ivanov,,,,,,,M,,,0,0,sherdog,https://www.sherdog.com/fighter/Blagoy-Ivanov-50154
Travis Browne,,,,,,,M,,,0,0,sherdog,https://www.sherdog.com/fighter/Travis-Browne-16785
Roy Nelson,,,,,,,M,,,0,0,sherdog,https://www.sherdog.com/fighter/Roy-Nelson-10249
Gabriel Gonzaga,,,,,,,M,,,0,0,sherdog,https://www.sherdog.com/fighter/Gabriel-Gonzaga-7306
Damian Grabowski,,,,,,,M,,,0,0,sherdog,https://www.sherdog.com/fighter/Damian-Grabowski-30320
Viktor Pesta,,,,,,,M,,,0,0,sherdog,https://www.sherdog.com/fighter/Viktor-Pesta-74176
Shawn Jordan,,,,,,,M,,,0,0,sherdog,https://www.sherdog.com/fighter/Shawn-Jordan-45624
Ruan Potts,,,,,,,M,,,0,0,sherdog,https://www.sherdog.com/fighter/Ruan-Potts-75842
Ricky Shivers,,,,,,,M,,,0,0,sherdog,https://www.sherdog.com/fighter/Ricky-Shivers-14877
Jared Rosholt,,,,,,,M,,,0,0,sherdog,https://www.sherdog.com/fighter/Jared-Rosholt-76763
Justin Frazier,,,,,,,M,,,0,0,sherdog,https://www.sherdog.com/fighter/Justin-Frazier-77208
Jeremiah Constant,,,,,,,M,,,0,0,sherdog,https://www.sherdog.com/fighter/Jeremiah-Constant-6764
Jay Peche,,,,,,,M,,,0,0,sherdog,https://www.sherdog.com/fighter/Jay-Peche-16289
Tony Johnson,,,,,,,M,,,0,0,sherdog,https://www.sherdog.com/fighter/Tony-Johnson-41069
Taylor Herbert,,,,,,,M,,,0,0,sherdog,https://www.sherdog.com/fighter/Taylor-Herbert-68712
Ryan Martinez,,,,,,,M,,,0,0,sherdog,https://www.sherdog.com/fighter/Ryan-Martinez-59376
Nick Mitchell,,,,,,,M,,,0,0,sherdog,https://www.sherdog.com/fighter/Nick-Mitchell-60852
Corey Anderson,,,,,,,M,,,0,0,sherdog,https://www.sherdog.com/fighter/Corey-Anderson-171723
Anthony Johnson,,,,,,,M,,,0,0,sherdog,https://www.sherdog.com/fighter/Anthony-Johnson-17662
Alexander Gustafsson,,,,,,,M,,,0,0,sherdog,https://www.sherdog.com/fighter/Alexander-Gustafsson-26162
Cyrille Diabate,,,,,,,M,,,0,0,sherdog,https://www.sherdog.com/fighter/Cyrille-Diabate-2191
Kyle Kingsbury,,,,,,,M,,,0,0,sherdog,https://www.sherdog.com/fighter/Kyle-Kingsbury-16558
Antony Rea,,,,,,,M,,,0,0,sherdog,https://www.sherdog.com/fighter/Antony-Rea-2484
Nick Chapman,,,,,,,M,,,0,0,sherdog,https://www.sherdog.com/fighter/Nick-Chapman-70743
Valentino Petrescu,,,,,,,M,,,0,0,sherdog,https://www.sherdog.com/fighter/Valentino-Petrescu-16569
Reza Mahdavian,,,,,,,M,,,0,0,sherdog,https://www.sherdog.com/fighter/Reza-Mahdavian-16570
Shaun Lomas,,,,,,,M,,,0,0,sherdog,https://www.sherdog.com/fighter/Shaun-Lomas-49282
Luke Blythe,,,,,,,M,,,0,0,sherdog,https://www.sherdog.com/fighter/Luke-Blythe-25829
Ryan Robinson,,,,,,,M,,,0,0,sherdog,https://www.sherdog.com/fighter/Ryan-Robinson-6324
Jamie Hearn,,,,,,,M,,,0,0,sherdog,https://www.sherdog.com/fighter/Jamie-Hearn-37529
Chris Greig,,,,,,,M,,,0,0,sherdog,https://www.sherdog.com/fighter/Chris-Greig-28385
Dave Rintoul,,,,,,,M,,,0,0,sherdog,https://www.sherdog.com/fighter/Dave-Rintoul-37533
Tom King,,,,,,,M,,,0,0,sherdog,https://www.sherdog.com/fighter/Tom-King-37858
Darren Till,,,,,,,M,,,0,0,sherdog,https://www.sherdog.com/fighter/Darren-Till-73436
Yoel Romero,,,,,,,M,,,0,0,sherdog,https://www.sherdog.com/fighter/Yoel-Romero-60762
Rafael Natal,,,,,,,M,,,0,0,sherdog,https://www.sherdog.com/fighter/Rafael-Natal-13968
Brad Tavares,,,,,Middleweight,ufc-roster,M,,,0,0,sherdog,https://www.sherdog.com/fighter/Brad-Tavares-33095
Clint Hester,,,,,,,M,,,0,0,sherdog,https://www.sherdog.com/fighter/Clint-Hester-43866
Mike Rhodes,,,,,,,M,,,0,0,sherdog,https://www.sherdog.com/fighter/Mike-Rhodes-87296
Bradley Scott,,,,,,,M,,,0,0,sherdog,https://www.sherdog.com/fighter/Bradley-Scott-44442
Jesse Juarez,,,,,,,M,,,0,0,sherdog,https://www.sherdog.com/fighter/Jesse-Juarez-22291
Shaun Spooner,,,,,,,M,,,0,0,sherdog,https://www.sherdog.com/fighter/Shaun-Spooner-21796
Ian Bone,,,,,,,M,,,0,0,sherdog,https://www.sherdog.com/fighter/Ian-Bone-23652
Hoon Kim,,,,,,,M,,,0,0,sherdog,https://www.sherdog.com/fighter/Hoon-Kim-36879
Corey Nelson,,,,,,,M,,,0,0,sherdog,https://www.sherdog.com/fighter/Corey-Nelson-56759
Ben Alloway,,,,,,,M,,,0,0,sherdog,https://www.sherdog.com/fighter/Ben-Alloway-60790
Nate Thomson,,,,,,,M,,,0,0,sherdog,https://www.sherdog.com/fighter/Nate-Thomson-62718
Jay Cobain,,,,,,,M,,,0,0,sherdog,https://www.sherdog.com/fighter/Jay-Cobain-44247
Nick Ariel,,,,,,,M,,,0,0,sherdog,https://www.sherdog.com/fighter/Nick-Ariel-55020
Richard Walsh,,,,,,,M,,,0,0,sherdog,https://www.sherdog.com/fighter/Richard-Walsh-55587
Chris Tallowin,,,,,,,M,,,0,0,sherdog,https://www.sherdog.com/fighter/Chris-Tallowin-45133
Lucas Alexander,,,,,,,M,,,0,0,sherdog,https://www.sherdog.com/fighter/Lucas-Alexander-227745
Caiona Batista,,,,,,,M,,,0,0,sherdog,https://www.sherdog.com/fighter/Caiona-Batista-227389
Breno Marinho,,,,,,,M,,,0,0,sherdog,https://www.sherdog.com/fighter/Breno-Marinho-287195
Tudor Dermenji,,,,,,,M,,,0,0,sherdog,https://www.sherdog.com/fighter/Tudor-Dermenji-198465
Christian Mach,,,,,,,M,,,0,0,sherdog,https://www.sherdog.com/fighter/Christian-Mach-315969
Gokhan Aksu,,,,,,,M,,,0,0,sherdog,https://www.sherdog.com/fighter/Gokhan-Aksu-133593
David Tecer,,,,,,,M,,,0,0,sherdog,https://www.sherdog.com/fighter/David-Tecer-378820
Andrei Caraus,,,,,,,M,,,0,0,sherdog,https://www.sherdog.com/fighter/Andrei-Caraus-387382
Darius Betean,,,,,,,M,,,0,0,sherdog,https://www.sherdog.com/fighter/Darius-Betean-404837
Predrag Jovanovic,,,,,,,M,,,0,0,sherdog,https://www.sherdog.com/fighter/Predrag-Jovanovic-350787
Ion Voda,,,,,,,M,,,0,0,sherdog,https://www.sherdog.com/fighter/Ion-Voda-192521
Bence Niedermayer,,,,,,,M,,,0,0,sherdog,https://www.sherdog.com/fighter/Bence-Niedermayer-310389
Mirko Jovanovic,,,,,,,M,,,0,0,sherdog,https://www.sherdog.com/fighter/Mirko-Jovanovic-265581
Nemanja Cvisic,,,,,,,M,,,0,0,sherdog,https://www.sherdog.com/fighter/Nemanja-Cvisic-306265
Jessie Rosas,,,,,,,,,,0,0,sherdog,https://www.sherdog.com/fighter/Jessie-Rosas-338741
Dimitre Ivy,,,,,,,,,,0,0,sherdog,https://www.sherdog.com/fighter/Dimitre-Ivy-66435
Dumar Roa,,,,,,,M,,,0,0,sherdog,https://www.sherdog.com/fighter/Dumar-Roa-172649
Anthony Toro,,,,,,,,,,0,0,sherdog,https://www.sherdog.com/fighter/Anthony-Toro-329287
Christian Hightower,,,,,,,,,,0,0,sherdog,https://www.sherdog.com/fighter/Christian-Hightower-404851
Angel Martinez,,,,,,,,,,0,0,sherdog,https://www.sherdog.com/fighter/Angel-Martinez-381030
Diego Brandao,,,,,,,M,,,0,0,sherdog,https://www.sherdog.com/fighter/Diego-Brandao-25097
Mike de la Torre,,,,,,,M,,,0,0,sherdog,https://www.sherdog.com/fighter/Mike-de-la-Torre-17915
Keoni Koch,,,,,,,M,,,0,0,sherdog,https://www.sherdog.com/fighter/Keoni-Koch-20844
Thomas Guimond,,,,,,,M,,,0,0,sherdog,https://www.sherdog.com/fighter/Thomas-Guimond-22013
Carlos Garces,,,,,,,M,,,0,0,sherdog,https://www.sherdog.com/fighter/Carlos-Garces-45857
Chris Mercado,,,,,,,M,,,0,0,sherdog,https://www.sherdog.com/fighter/Chris-Mercado-43654
Vincent Martinez,,,,,,,M,,,0,0,sherdog,https://www.sherdog.com/fighter/Vincent-Martinez-41517
Brady Harrison,,,,,,,M,,,0,0,sherdog,https://www.sherdog.com/fighter/Brady-Harrison-43631
John Sassone,,,,,,,M,,,0,0,sherdog,https://www.sherdog.com/fighter/John-Sassone-17441
Hyder Amil,,,,,Featherweight,ufc-roster,M,,,0,0,sherdog,https://www.sherdog.com/fighter/Hyder-Amil-269917
Khusein Askhabov,,,,,,,M,,,0,0,sherdog,https://www.sherdog.com/fighter/Khusein-Askhabov-136435
Vince Cachero,,,,,,,M,,,0,0,sherdog,https://www.sherdog.com/fighter/Vince-Cachero-156943
Jay Cucciniello,,,,,,,M,,,0,0,sherdog,https://www.sherdog.com/fighter/Jay-Cucciniello-61607
Guilherme Faria,,,,,,,M,,,0,0,sherdog,https://www.sherdog.com/fighter/Guilherme-Faria-37281
Chris Avila,,,,,,,M,,,0,0,sherdog,https://www.sherdog.com/fighter/Chris-Avila-155641
Rivaldo Junior,,,,,,,M,,,0,0,sherdog,https://www.sherdog.com/fighter/Rivaldo-Junior-21927
Ray Cervera,,,,,,,M,,,0,0,sherdog,https://www.sherdog.com/fighter/Ray-Cervera-48602
Merwyn Rivera,,,,,,,M,,,0,0,sherdog,https://www.sherdog.com/fighter/Merwyn-Rivera-87675
Rey Trujillo,,,,,,,M,,,0,0,sherdog,https://www.sherdog.com/fighter/Rey-Trujillo-48431
Michael Rodriguez,,,,,,,M,,,0,0,sherdog,https://www.sherdog.com/fighter/Michael-Rodriguez-38028
Chris Pecero,,,,,,,M,,,0,0,sherdog,https://www.sherdog.com/fighter/Chris-Pecero-66878
Brett Ewing,,,,,,,M,,,0,0,sherdog,https://www.sherdog.com/fighter/Brett-Ewing-55329
Ernest de la Cruz,,,,,,,M,,,0,0,sherdog,https://www.sherdog.com/fighter/Ernest-de-la-Cruz-70055
Matt Mazurek,,,,,,,M,,,0,0,sherdog,https://www.sherdog.com/fighter/Matt-Mazurek-64845
Nick Klein,,,,,,,M,,,0,0,sherdog,https://www.sherdog.com/fighter/Nick-Klein-270893
Allan St-Gelais,,,,,,,M,,,0,0,sherdog,https://www.sherdog.com/fighter/Allan-StGelais-363749
Donelei Benedetto,,,,,,,M,,,0,0,sherdog,https://www.sherdog.com/fighter/Donelei-Benedetto-78258
Zion Tomlinson,,,,,,,M,,,0,0,sherdog,https://www.sherdog.com/fighter/Zion-Tomlinson-277685
Cole Jordan,,,,,,,M,,,0,0,sherdog,https://www.sherdog.com/fighter/Cole-Jordan-285705
Yi Sak Lee,,,,,,,M,,,0,0,sherdog,https://www.sherdog.com/fighter/Yi-Sak-Lee-390123
Donavon Hedrick,,,,,,,M,,,0,0,sherdog,https://www.sherdog.com/fighter/Donavon-Hedrick-373929
Daniel Oliveira,,,,,,,M,,,0,0,sherdog,https://www.sherdog.com/fighter/Daniel-Oliveira-418481
Helisom Cruz da Silva,,,,,,,M,,,0,0,sherdog,https://www.sherdog.com/fighter/Helisom-Cruz-da-Silva-231955
Luiz Cado,,,,,,,M,,,0,0,sherdog,https://www.sherdog.com/fighter/Luiz-Cado-94349
Marcin Bandel,,,,,,,M,,,0,0,sherdog,https://www.sherdog.com/fighter/Marcin-Bandel-55705
Vanilton Antunes,,,,,,,M,,,0,0,sherdog,https://www.sherdog.com/fighter/Vanilton-Antunes-183297
Hemerson de Souza,,,,,,,M,,,0,0,sherdog,https://www.sherdog.com/fighter/Hemerson-de-Souza-162331
Fabian Armoa,,,,,,,M,,,0,0,sherdog,https://www.sherdog.com/fighter/Fabian-Armoa-109339
Adercino de Jesus,,,,,,,M,,,0,0,sherdog,https://www.sherdog.com/fighter/Adercino-de-Jesus-121403
Anderson Romualdo,,,,,,,M,,,0,0,sherdog,https://www.sherdog.com/fighter/Anderson-Romualdo-133159
Mateus Oliveira,,,,,,,M,,,0,0,sherdog,https://www.sherdog.com/fighter/Mateus-Oliveira-349947
Matheus da Silva Luiz,,,,,,,M,,,0,0,sherdog,https://www.sherdog.com/fighter/Matheus-da-Silva-Luiz-328111
Andre Fischer,,,,,,,M,,,0,0,sherdog,https://www.sherdog.com/fighter/Andre-Fischer-139321
Dhouglas Ribeiro,,,,,,,M,,,0,0,sherdog,https://www.sherdog.com/fighter/Dhouglas-Ribeiro-176253
Nilson Almeida,,,,,,,M,,,0,0,sherdog,https://www.sherdog.com/fighter/Nilson-Almeida-317873
Willian Teles,,,,,,,M,,,0,0,sherdog,https://www.sherdog.com/fighter/Willian-Teles-306241
Francisco Saldarriaga,,,,,,,M,,,0,0,sherdog,https://www.sherdog.com/fighter/Francisco-Saldarriaga-223255
Welldon Silva de Oliveira,,,,,,,M,,,0,0,sherdog,https://www.sherdog.com/fighter/Welldon-Silva-de-Oliveira-158505
Willker Lemos,,,,,,,M,,,0,0,sherdog,https://www.sherdog.com/fighter/Willker-Lemos-254533
Paulo Cesar dos Santos,,,,,,,M,,,0,0,sherdog,https://www.sherdog.com/fighter/Paulo-Cesar-dos-Santos-148559
Felipe Bunes,,,,,,,M,,,0,0,sherdog,https://www.sherdog.com/fighter/Felipe-Bunes-135973
Daniel Lacerda,,,,,,,M,,,0,0,sherdog,https://www.sherdog.com/fighter/Daniel-Lacerda-248591
Roberto Guerrero,,,,,,,M,,,0,0,sherdog,https://www.sherdog.com/fighter/Roberto-Guerrero-55347
Ivan Hernandez,,,,,,,M,,,0,0,sherdog,https://www.sherdog.com/fighter/Ivan-Hernandez-106267
Bacillo Mefi Monterroso,,,,,,,M,,,0,0,sherdog,https://www.sherdog.com/fighter/Bacillo-Mefi-Monterroso-93089
David Ruiz,,,,,,,M,,,0,0,sherdog,https://www.sherdog.com/fighter/David-Ruiz-264245
Alberto Trujillo,,,,,,,M,,,0,0,sherdog,https://www.sherdog.com/fighter/Alberto-Trujillo-255267
Alejandro Salazar,,,,,,,M,,,0,0,sherdog,https://www.sherdog.com/fighter/Alejandro-Salazar-177513
Axel Osuna,,,,,,,M,,,0,0,sherdog,https://www.sherdog.com/fighter/Axel-Osuna-302521
Alan Cantu,,,,,,,M,,,0,0,sherdog,https://www.sherdog.com/fighter/Alan-Cantu-155259
Erick Villaluz Orellano,,,,,,,M,,,0,0,sherdog,https://www.sherdog.com/fighter/Erick-Villaluz-Orellano-231397
Oscar Quintero,,,,,,,M,,,0,0,sherdog,https://www.sherdog.com/fighter/Oscar-Quintero-180623
Enrique Diarte,,,,,,,M,,,0,0,sherdog,https://www.sherdog.com/fighter/Enrique-Diarte-101923
T.J. Brown,,,,,,,M,,,0,0,sherdog,https://www.sherdog.com/fighter/TJ-Brown-172347
Jonathan Pearce,,,,,,,M,,,0,0,sherdog,https://www.sherdog.com/fighter/Jonathan-Pearce-183541
Tristan Connelly,,,,,,,M,,,0,0,sherdog,https://www.sherdog.com/fighter/Tristan-Connelly-61364
Darrick Minner,,,,,,,M,,,0,0,sherdog,https://www.sherdog.com/fighter/Darrick-Minner-92115
Ryan Hall,,,,,,,M,,,0,0,sherdog,https://www.sherdog.com/fighter/Ryan-Hall-15962
Dennis Bermudez,,,,,,,M,,,0,0,sherdog,https://www.sherdog.com/fighter/Dennis-Bermudez-58065
Godofredo Castro,,,,,,,M,,,0,0,sherdog,https://www.sherdog.com/fighter/Godofredo-Castro-40623
Chas Skelly,,,,,,,M,,,0,0,sherdog,https://www.sherdog.com/fighter/Chas-Skelly-47227
Robert Whiteford,,,,,,,M,,,0,0,sherdog,https://www.sherdog.com/fighter/Robert-Whiteford-47105
Hacran Dias,,,,,,,M,,,0,0,sherdog,https://www.sherdog.com/fighter/Hacran-Dias-19789
Lucas Martins,,,,,,,M,,,0,0,sherdog,https://www.sherdog.com/fighter/Lucas-Martins-100031
Hatsu Hioki,,,,,,,M,,,0,0,sherdog,https://www.sherdog.com/fighter/Hatsu-Hioki-5466
Antonio Carvalho,,,,,,,M,,,0,0,sherdog,https://www.sherdog.com/fighter/Antonio-Carvalho-5346
Tiequan Zhang,,,,,,,M,,,0,0,sherdog,https://www.sherdog.com/fighter/Tiequan-Zhang-16984
Michihiro Omigawa,,,,,,,M,,,0,0,sherdog,https://www.sherdog.com/fighter/Michihiro-Omigawa-13005
Duane Ludwig,,,,,,,M,,,0,0,sherdog,https://www.sherdog.com/fighter/Duane-Ludwig-101
Gideon Ray,,,,,,,M,,,0,0,sherdog,https://www.sherdog.com/fighter/Gideon-Ray-4555
Bryan Neville,,,,,,,M,,,0,0,sherdog,https://www.sherdog.com/fighter/Bryan-Neville-43397
Ted Worthington,,,,,,,M,,,0,0,sherdog,https://www.sherdog.com/fighter/Ted-Worthington-10640
Danny Rodriguez,,,,,,,M,,,0,0,sherdog,https://www.sherdog.com/fighter/Danny-Rodriguez-16636
Pat Curran,,,,,,,M,,,0,0,sherdog,https://www.sherdog.com/fighter/Pat-Curran-29224
Kenny Klein,,,,,,,M,,,0,0,sherdog,https://www.sherdog.com/fighter/Kenny-Klein-36224
Decarlo Johnson,,,,,,,M,,,0,0,sherdog,https://www.sherdog.com/fighter/Decarlo-Johnson-31988
Daniel Wanderley,,,,,,,M,,,0,0,sherdog,https://www.sherdog.com/fighter/Daniel-Wanderley-19622
Matt Joseph,,,,,,,M,,,0,0,sherdog,https://www.sherdog.com/fighter/Matt-Joseph-22095
Jeremy Markam,,,,,,,M,,,0,0,sherdog,https://www.sherdog.com/fighter/Jeremy-Markam-61021
Austen Lane,,,,,,,M,,,0,0,sherdog,https://www.sherdog.com/fighter/Austen-Lane-249439
Tyson Pedro,,,,,,,M,,,0,0,sherdog,https://www.sherdog.com/fighter/Tyson-Pedro-146831
Marcin Prachnio,,,,,,,M,,,0,0,sherdog,https://www.sherdog.com/fighter/Marcin-Prachnio-141251
Anton Turkalj,,,,,,,M,,,0,0,sherdog,https://www.sherdog.com/fighter/Anton-Turkalj-234667
Gadzhimurad Antigulov,,,,,,,M,,,0,0,sherdog,https://www.sherdog.com/fighter/Gadzhimurad-Antigulov-55325
Caike Souza,,,,,,,M,,,0,0,sherdog,https://www.sherdog.com/fighter/Caike-Souza-387653
Fabio Barbosa Gois,,,,,,,M,,,0,0,sherdog,https://www.sherdog.com/fighter/Fabio-Barbosa-Gois-313493
Willian Telles,,,,,,,M,,,0,0,sherdog,https://www.sherdog.com/fighter/Willian-Telles-141933
Ewerton Polaquini,,,,,,,M,,,0,0,sherdog,https://www.sherdog.com/fighter/Ewerton-Polaquini-288809
L.J. Torres,,,,,,,M,,,0,0,sherdog,https://www.sherdog.com/fighter/LJ-Torres-102327
Chadricc Kindle,,,,,,,M,,,0,0,sherdog,https://www.sherdog.com/fighter/Chadricc-Kindle-285839
Nathan Mullett,,,,,,,M,,,0,0,sherdog,https://www.sherdog.com/fighter/Nathan-Mullett-156449
Bruno Casillas,,,,,,,M,,,0,0,sherdog,https://www.sherdog.com/fighter/Bruno-Casillas-72980
Alice Pereira,,,,,,,F,,,0,0,sherdog,https://www.sherdog.com/fighter/Alice-Pereira-433004
Claudia Leite,,,,,,,F,,,0,0,sherdog,https://www.sherdog.com/fighter/Claudia-Leite-283949
Monica Franco,,,,,,,F,,,0,0,sherdog,https://www.sherdog.com/fighter/Monica-Franco-55073
Kelly Clayton,,,,,,,F,,,0,0,sherdog,https://www.sherdog.com/fighter/Kelly-Clayton-232597
Brittney Cloudy,,,,,,,F,,,0,0,sherdog,https://www.sherdog.com/fighter/Brittney-Cloudy-254743
Jessica Middleton,,,,,,,F,,,0,0,sherdog,https://www.sherdog.com/fighter/Jessica-Middleton-200481
Sarah Click,,,,,,,F,,,0,0,sherdog,https://www.sherdog.com/fighter/Sarah-Click-172779
Jessica Sotack,,,,,,,F,,,0,0,sherdog,https://www.sherdog.com/fighter/Jessica-Sotack-223451
Sha Whittington,,,,,,,F,,,0,0,sherdog,https://www.sherdog.com/fighter/Sha-Whittington-199031
Evgeniy Goncharov,,,,,,,M,,,0,0,sherdog,https://www.sherdog.com/fighter/Evgeniy-Goncharov-156033
Parker Porter,,,,,,,M,,,0,0,sherdog,https://www.sherdog.com/fighter/Parker-Porter-24916
Danilo Marques,,,,,,,M,,,0,0,sherdog,https://www.sherdog.com/fighter/Danilo-Marques-172145
Nasrudin Nasrudinov,,,,,,,M,,,0,0,sherdog,https://www.sherdog.com/fighter/Nasrudin-Nasrudinov-156463
Edvaldo de Oliveira,,,,,,,M,,,0,0,sherdog,https://www.sherdog.com/fighter/Edvaldo-de-Oliveira-17254
Ildemar Alcantara,,,,,,,M,,,0,0,sherdog,https://www.sherdog.com/fighter/Ildemar-Alcantara-22223
Leonardo Argemiro Vasconcelos Correa,,,,,,,M,,,0,0,sherdog,https://www.sherdog.com/fighter/Leonardo-Argemiro-Vasconcelos-Correa-264471
Rian Tavares,,,,,,,M,,,0,0,sherdog,https://www.sherdog.com/fighter/Rian-Tavares-323453
Italo Nascimento,,,,,,,M,,,0,0,sherdog,https://www.sherdog.com/fighter/Italo-Nascimento-317655
Douglas Garcia,,,,,,,M,,,0,0,sherdog,https://www.sherdog.com/fighter/Douglas-Garcia-215447
David Allan,,,,,,,M,,,0,0,sherdog,https://www.sherdog.com/fighter/David-Allan-224079
Anderson Oliveira,,,,,,,M,,,0,0,sherdog,https://www.sherdog.com/fighter/Anderson-Oliveira-167677
Tyago Moreira,,,,,,,M,,,0,0,sherdog,https://www.sherdog.com/fighter/Tyago-Moreira-71599
Roberto Bispo Silva,,,,,,,M,,,0,0,sherdog,https://www.sherdog.com/fighter/Roberto-Bispo-Silva-14501
Leonardo Alves,,,,,,,M,,,0,0,sherdog,https://www.sherdog.com/fighter/Leonardo-Alves-120343
Diego Reis,,,,,,,M,,,0,0,sherdog,https://www.sherdog.com/fighter/Diego-Reis-114659
Damir Ismagulov,,,,,,,M,,,0,0,sherdog,https://www.sherdog.com/fighter/Damir-Ismagulov-181183
Davi Ramos,,,,,,,M,,,0,0,sherdog,https://www.sherdog.com/fighter/Davi-Ramos-101995
Felipe Olivieri,,,,,,,M,,,0,0,sherdog,https://www.sherdog.com/fighter/Felipe-Olivieri-28181
Junior Assuncao,,,,,,,M,,,0,0,sherdog,https://www.sherdog.com/fighter/Junior-Assuncao-10380
Takenori Sato,,,,,,,M,,,0,0,sherdog,https://www.sherdog.com/fighter/Takenori-Sato-12196
Kyung Pyo Kim,,,,,,,M,,,0,0,sherdog,https://www.sherdog.com/fighter/Kyung-Pyo-Kim-189381
Marcio Breno Rodrigues Braga,,,,,,,M,,,0,0,sherdog,https://www.sherdog.com/fighter/Marcio-Breno-Rodrigues-Braga-80762
Nizamuddin Ramazanov,,,,,,,M,,,0,0,sherdog,https://www.sherdog.com/fighter/Nizamuddin-Ramazanov-232741
Gustavo Wurlitzer,,,,,,,M,,,0,0,sherdog,https://www.sherdog.com/fighter/Gustavo-Wurlitzer-14608
Alexander Belikh,,,,,,,M,,,0,0,sherdog,https://www.sherdog.com/fighter/Alexander-Belikh-152877
Dmitriy Shkrabiy,,,,,,,M,,,0,0,sherdog,https://www.sherdog.com/fighter/Dmitriy-Shkrabiy-238687
Alexander Merezhko,,,,,,,M,,,0,0,sherdog,https://www.sherdog.com/fighter/Alexander-Merezhko-143593
Ali Khaibulaev,,,,,,,M,,,0,0,sherdog,https://www.sherdog.com/fighter/Ali-Khaibulaev-223669
Shamil Olokhanov,,,,,,,M,,,0,0,sherdog,https://www.sherdog.com/fighter/Shamil-Olokhanov-260251
Jhonata Diniz,,,,,Heavyweight,ufc-roster,M,,,0,0,sherdog,https://www.sherdog.com/fighter/Jhonata-Diniz-389887
Walt Harris,,,,,,,M,,,0,0,sherdog,https://www.sherdog.com/fighter/Walt-Harris-72046
Greg Hardy,,,,,,,M,,,0,0,sherdog,https://www.sherdog.com/fighter/Greg-Hardy-271461
Ben Rothwell,,,,,,,M,,,0,0,sherdog,https://www.sherdog.com/fighter/Ben-Rothwell-2262
Maxim Grishin,,,,,,,M,,,0,0,sherdog,https://www.sherdog.com/fighter/Maxim-Grishin-33201
Augusto Sakai,,,,,,,M,,,0,0,sherdog,https://www.sherdog.com/fighter/Augusto-Sakai-87303
Stefan Struve,,,,,,,M,,,0,0,sherdog,https://www.sherdog.com/fighter/Stefan-Struve-15063
Fabricio Werdum,,,,,,,M,,,0,0,sherdog,https://www.sherdog.com/fighter/Fabricio-Werdum-8390
Luis Henrique,,,,,,,M,,,0,0,sherdog,https://www.sherdog.com/fighter/Luis-Henrique-6608
Stephan Puetz,,,,,,,M,,,0,0,sherdog,https://www.sherdog.com/fighter/Stephan-Puetz-96817
Denis Smoldarev,,,,,,,M,,,0,0,sherdog,https://www.sherdog.com/fighter/Denis-Smoldarev-67169
Maro Perak,,,,,,,M,,,0,0,sherdog,https://www.sherdog.com/fighter/Maro-Perak-14817
Konstantin Gluhov,,,,,,,M,,,0,0,sherdog,https://www.sherdog.com/fighter/Konstantin-Gluhov-18678
Denis Komkin,,,,,,,M,,,0,0,sherdog,https://www.sherdog.com/fighter/Denis-Komkin-7278
Krystian Kopytowski,,,,,,,M,,,0,0,sherdog,https://www.sherdog.com/fighter/Krystian-Kopytowski-94499
Szymon Bajor,,,,,,,M,,,0,0,sherdog,https://www.sherdog.com/fighter/Szymon-Bajor-64534
Andrzej Kosecki,,,,,,,M,,,0,0,sherdog,https://www.sherdog.com/fighter/Andrzej-Kosecki-23928
Stanislaw Slusakowicz,,,,,,,M,,,0,0,sherdog,https://www.sherdog.com/fighter/Stanislaw-Slusakowicz-64741
Adam Wieczorek,,,,,,,M,,,0,0,sherdog,https://www.sherdog.com/fighter/Adam-Wieczorek-86930
Robert Marcok,,,,,,,M,,,0,0,sherdog,https://www.sherdog.com/fighter/Robert-Marcok-86929
Ramona Pascual,,,,,,,F,,,0,0,sherdog,https://www.sherdog.com/fighter/Ramona-Pascual-232645
Jessica-Rose Clark,,,,,,,F,,,0,0,sherdog,https://www.sherdog.com/fighter/JessicaRose-Clark-115991
Pamela Gonzalez,,,,,,,F,,,0,0,sherdog,https://www.sherdog.com/fighter/Pamela-Gonzalez-203343
Sarah Alpar,,,,,,,F,,,0,0,sherdog,https://www.sherdog.com/fighter/Sarah-Alpar-82261
Brenda Gonzales,,,,,,,F,,,0,0,sherdog,https://www.sherdog.com/fighter/Brenda-Gonzales-80625
Trisha Cicero,,,,,,,F,,,0,0,sherdog,https://www.sherdog.com/fighter/Trisha-Cicero-240577
Francelis Rivero,,,,,,,F,,,0,0,sherdog,https://www.sherdog.com/fighter/Francelis-Rivero-254505
Mauris Markano Gonzales,,,,,,,F,,,0,0,sherdog,https://www.sherdog.com/fighter/Mauris-Markano-Gonzales-207031
Yacqueline Arosemena,,,,,,,F,,,0,0,sherdog,https://www.sherdog.com/fighter/Yacqueline-Arosemena-247373
Heydi Irias,,,,,,,F,,,0,0,sherdog,https://www.sherdog.com/fighter/Heydi-Irias-224167
Evelyn Jessenia Caballero Llanes,,,,,,,F,,,0,0,sherdog,https://www.sherdog.com/fighter/Evelyn-Jessenia-Caballero-Llanes-193247
Lucas Caldas,,,,,,,M,,,0,0,sherdog,https://www.sherdog.com/fighter/Lucas-Caldas-417960
Shakhmar Sadygov,,,,,,,M,,,0,0,sherdog,https://www.sherdog.com/fighter/Shakhmar-Sadygov-221727
Wilian Poles,,,,,,,M,,,0,0,sherdog,https://www.sherdog.com/fighter/Wilian-Poles-286789
Erzhan Manarbekov,,,,,,,M,,,0,0,sherdog,https://www.sherdog.com/fighter/Erzhan-Manarbekov-344641
Tamirlan Ashakhanov,,,,,,,M,,,0,0,sherdog,https://www.sherdog.com/fighter/Tamirlan-Ashakhanov-289969
Maksatbek uulu Akzhigit,,,,,,,M,,,0,0,sherdog,https://www.sherdog.com/fighter/Maksatbek-uulu-Akzhigit-381365
Nasratullah Akhondzada,,,,,,,M,,,0,0,sherdog,https://www.sherdog.com/fighter/Nasratullah-Akhondzada-147149
Ramiz Ismailov,,,,,,,M,,,0,0,sherdog,https://www.sherdog.com/fighter/Ramiz-Ismailov-383514
Kevin Gray,,,,,,,M,,,0,0,sherdog,https://www.sherdog.com/fighter/Kevin-Gray-120689
Tyler Bialecki,,,,,,,M,,,0,0,sherdog,https://www.sherdog.com/fighter/Tyler-Bialecki-23106
Andrew Natividad,,,,,,,M,,,0,0,sherdog,https://www.sherdog.com/fighter/Andrew-Natividad-82464
Ralph Acosta,,,,,,,M,,,0,0,sherdog,https://www.sherdog.com/fighter/Ralph-Acosta-26876
Ray Elizalde,,,,,,,M,,,0,0,sherdog,https://www.sherdog.com/fighter/Ray-Elizalde-43431
Adam Antolin,,,,,,,M,,,0,0,sherdog,https://www.sherdog.com/fighter/Adam-Antolin-28758
Martin Sandoval,,,,,,,M,,,0,0,sherdog,https://www.sherdog.com/fighter/Martin-Sandoval-31967
Anthony Figueroa,,,,,,,M,,,0,0,sherdog,https://www.sherdog.com/fighter/Anthony-Figueroa-19671
Del Hawkins,,,,,,,M,,,0,0,sherdog,https://www.sherdog.com/fighter/Del-Hawkins-649
Eloy Garza,,,,,,,M,,,0,0,sherdog,https://www.sherdog.com/fighter/Eloy-Garza-83725
Jeff Carson,,,,,,,M,,,0,0,sherdog,https://www.sherdog.com/fighter/Jeff-Carson-107725
Peter Baltimore,,,,,,,M,,,0,0,sherdog,https://www.sherdog.com/fighter/Peter-Baltimore-72249
Carlos DeSoto,,,,,,,M,,,0,0,sherdog,https://www.sherdog.com/fighter/Carlos-DeSoto-43421
Javier Galas,,,,,,,M,,,0,0,sherdog,https://www.sherdog.com/fighter/Javier-Galas-92449
Edgar Diaz,,,,,,,M,,,0,0,sherdog,https://www.sherdog.com/fighter/Edgar-Diaz-61414
Kevin Michel,,,,,,,M,,,0,0,sherdog,https://www.sherdog.com/fighter/Kevin-Michel-81589
Jonathan MaCalolooy,,,,,,,M,,,0,0,sherdog,https://www.sherdog.com/fighter/Jonathan-MaCalolooy-38960
Sam Milo,,,,,,,M,,,0,0,sherdog,https://www.sherdog.com/fighter/Sam-Milo-20661
Ruben Trujillo,,,,,,,M,,,0,0,sherdog,https://www.sherdog.com/fighter/Ruben-Trujillo-82122
Jesus Castro,,,,,,,M,,,0,0,sherdog,https://www.sherdog.com/fighter/Jesus-Castro-58055
Adrian Yanez,,,,,Bantamweight,ufc-roster,M,,,0,0,sherdog,https://www.sherdog.com/fighter/Adrian-Yanez-86354
Vinicius Oliveira,,,,,Featherweight,ufc-roster,M,,,0,0,sherdog,https://www.sherdog.com/fighter/Vinicius-Oliveira-139517
Jack Shore,,,,,,,M,,,0,0,sherdog,https://www.sherdog.com/fighter/Jack-Shore-110177
Raphael Assuncao,,,,,,,M,,,0,0,sherdog,https://www.sherdog.com/fighter/Raphael-Assuncao-9574
Brian Kelleher,,,,,,,M,,,0,0,sherdog,https://www.sherdog.com/fighter/Brian-Kelleher-53666
Ray Borg,,,,,,,M,,,0,0,sherdog,https://www.sherdog.com/fighter/Ray-Borg-84752
Vinicius Zani,,,,,,,M,,,0,0,sherdog,https://www.sherdog.com/fighter/Vinicius-Zani-57493
Chico Camus,,,,,,,M,,,0,0,sherdog,https://www.sherdog.com/fighter/Chico-Camus-42850
Donavon Frelow,,,,,,,M,,,0,0,sherdog,https://www.sherdog.com/fighter/Donavon-Frelow-79087
Charon Spain,,,,,,,M,,,0,0,sherdog,https://www.sherdog.com/fighter/Charon-Spain-57054
Eduardo Torres,,,,,,,M,,,0,0,sherdog,https://www.sherdog.com/fighter/Eduardo-Torres-175069
Anderson dos Santos,,,,,,,M,,,0,0,sherdog,https://www.sherdog.com/fighter/Anderson-dos-Santos-95053
Alex Soto,,,,,,,M,,,0,0,sherdog,https://www.sherdog.com/fighter/Alex-Soto-50367
Jeremiah Labiano,,,,,,,M,,,0,0,sherdog,https://www.sherdog.com/fighter/Jeremiah-Labiano-88465
Paul Njoku,,,,,,,M,,,0,0,sherdog,https://www.sherdog.com/fighter/Paul-Njoku-58946
Cole Milani,,,,,,,M,,,0,0,sherdog,https://www.sherdog.com/fighter/Cole-Milani-58863
John Martinez,,,,,,,M,,,0,0,sherdog,https://www.sherdog.com/fighter/John-Martinez-51882
Kendell Ward,,,,,,,M,,,0,0,sherdog,https://www.sherdog.com/fighter/Kendell-Ward-165303
Alex Eastman,,,,,,,M,,,0,0,sherdog,https://www.sherdog.com/fighter/Alex-Eastman-129049
Su Young You,,,,,,,M,,,0,0,sherdog,https://www.sherdog.com/fighter/Su-Young-You-179453
Quang Le,,,,,,,M,,,0,0,sherdog,https://www.sherdog.com/fighter/Quang-Le-223785
Chang Ho Lee,,,,,,,M,,,0,0,sherdog,https://www.sherdog.com/fighter/Chang-Ho-Lee-258443
Shuya Kamikubo,,,,,,,M,,,0,0,sherdog,https://www.sherdog.com/fighter/Shuya-Kamikubo-176663
Shohei Nose,,,,,,,M,,,0,0,sherdog,https://www.sherdog.com/fighter/Shohei-Nose-287017
Range Tedan,,,,,,,M,,,0,0,sherdog,https://www.sherdog.com/fighter/Range-Tedan-382516
Jiarong Qi,,,,,,,M,,,0,0,sherdog,https://www.sherdog.com/fighter/Jiarong-Qi-389747
Yunfeng Li,,,,,,,M,,,0,0,sherdog,https://www.sherdog.com/fighter/Yunfeng-Li-326095
Jinbo Zou,,,,,,,M,,,0,0,sherdog,https://www.sherdog.com/fighter/Jinbo-Zou-236845
Kuerban Wubukasimu,,,,,,,M,,,0,0,sherdog,https://www.sherdog.com/fighter/Kuerban-Wubukasimu-284101
Yundong Chen,,,,,,,M,,,0,0,sherdog,https://www.sherdog.com/fighter/Yundong-Chen-272565
Rex de Lara,,,,,,,M,,,0,0,sherdog,https://www.sherdog.com/fighter/Rex-de-Lara-72253
Andrey Korolev,,,,,,,M,,,0,0,sherdog,https://www.sherdog.com/fighter/Andrey-Korolev-245085
Wilbert Huaman,,,,,,,M,,,0,0,sherdog,https://www.sherdog.com/fighter/Wilbert-Huaman-256165
Ivan Starovoitov,,,,,,,M,,,0,0,sherdog,https://www.sherdog.com/fighter/Ivan-Starovoitov-357747
Dongzhu Zenong,,,,,,,M,,,0,0,sherdog,https://www.sherdog.com/fighter/Dongzhu-Zenong-257527
Husiman Siwuhaer,,,,,,,M,,,0,0,sherdog,https://www.sherdog.com/fighter/Husiman-Siwuhaer-232981
Baxier Tenuliuer,,,,,,,M,,,0,0,sherdog,https://www.sherdog.com/fighter/Baxier-Tenuliuer-255821
Vladimir Vivdych,,,,,,,M,,,0,0,sherdog,https://www.sherdog.com/fighter/Vladimir-Vivdych-243801
Keremuaili Maimaitituoheti,,,,,,,M,,,0,0,sherdog,https://www.sherdog.com/fighter/Keremuaili-Maimaitituoheti-227225
Chris Wase,,,,,,,M,,,0,0,sherdog,https://www.sherdog.com/fighter/Chris-Wase-161047
Vadim Buseev,,,,,,,M,,,0,0,sherdog,https://www.sherdog.com/fighter/Vadim-Buseev-177619
Wei Xie,,,,,,,M,,,0,0,sherdog,https://www.sherdog.com/fighter/Wei-Xie-256597
Huositan Nuerxiati,,,,,,,M,,,0,0,sherdog,https://www.sherdog.com/fighter/Huositan-Nuerxiati-277729
Getumuji Wu,,,,,,,M,,,0,0,sherdog,https://www.sherdog.com/fighter/Getumuji-Wu-217413
Qingtuan Wu,,,,,,,M,,,0,0,sherdog,https://www.sherdog.com/fighter/Qingtuan-Wu-388569
Bowen Liu,,,,,,,M,,,0,0,sherdog,https://www.sherdog.com/fighter/Bowen-Liu-257029
Xuwei Yan,,,,,,,M,,,0,0,sherdog,https://www.sherdog.com/fighter/Xuwei-Yan-404922
Jian Hu,,,,,,,M,,,0,0,sherdog,https://www.sherdog.com/fighter/Jian-Hu-396218
Hong Gang Tu,,,,,,,M,,,0,0,sherdog,https://www.sherdog.com/fighter/Hong-Gang-Tu-232989
Daisuke Yamaguchi,,,,,,,M,,,0,0,sherdog,https://www.sherdog.com/fighter/Daisuke-Yamaguchi-131097
Won Seok Jung,,,,,,,M,,,0,0,sherdog,https://www.sherdog.com/fighter/Won-Seok-Jung-82177
Denis Goltsov,,,,,,,M,,,0,0,sherdog,https://www.sherdog.com/fighter/Denis-Goltsov-72521
Glover Teixeira,,,,,,,M,,,0,0,sherdog,https://www.sherdog.com/fighter/Glover-Teixeira-4655
Eryk Anders,,,,,,,M,,,0,0,sherdog,https://www.sherdog.com/fighter/Eryk-Anders-93407
David Branch,,,,,,,M,,,0,0,sherdog,https://www.sherdog.com/fighter/David-Branch-32431
Eric Spicely,,,,,,,M,,,0,0,sherdog,https://www.sherdog.com/fighter/Eric-Spicely-63723
Gegard Mousasi,,,,,,,M,,,0,0,sherdog,https://www.sherdog.com/fighter/Gegard-Mousasi-7466
Nate Marquardt,,,,,,,M,,,0,0,sherdog,https://www.sherdog.com/fighter/Nate-Marquardt-1712
Elias Theodorou,,,,,,,M,,,0,0,sherdog,https://www.sherdog.com/fighter/Elias-Theodorou-81765
Steve Bosse,,,,,,,M,,,0,0,sherdog,https://www.sherdog.com/fighter/Steve-Bosse-22732
Andy Enz,,,,,,,M,,,0,0,sherdog,https://www.sherdog.com/fighter/Andy-Enz-61422
Ronny Markes,,,,,,,M,,,0,0,sherdog,https://www.sherdog.com/fighter/Ronny-Markes-21175
Cezar Ferreira,,,,,,,M,,,0,0,sherdog,https://www.sherdog.com/fighter/Cezar-Ferreira-22400
Dennis Bentes Figueira da Fonseca,,,,,,,M,,,0,0,sherdog,https://www.sherdog.com/fighter/Dennis-Bentes-Figueira-da-Fonseca-90811
Junior Vidal,,,,,,,M,,,0,0,sherdog,https://www.sherdog.com/fighter/Junior-Vidal-38119
Eneas Souza,,,,,,,M,,,0,0,sherdog,https://www.sherdog.com/fighter/Eneas-Souza-89535
Marcos Viggiani,,,,,,,M,,,0,0,sherdog,https://www.sherdog.com/fighter/Marcos-Viggiani-35800
Rafael Braga,,,,,,,M,,,0,0,sherdog,https://www.sherdog.com/fighter/Rafael-Braga-20452
Mauricio Chueke,,,,,,,M,,,0,0,sherdog,https://www.sherdog.com/fighter/Mauricio-Chueke-66832
Gabriel Barreiro,,,,,,,M,,,0,0,sherdog,https://www.sherdog.com/fighter/Gabriel-Barreiro-90031
Guilherme Benedito Nunes,,,,,,,M,,,0,0,sherdog,https://www.sherdog.com/fighter/Guilherme-Benedito-Nunes-67052
Abdul Karim Badakhshi,,,,,,,M,,,0,0,sherdog,https://www.sherdog.com/fighter/Abdul-Karim-Badakhshi-304639
Amir Malekpour,,,,,,,M,,,0,0,sherdog,https://www.sherdog.com/fighter/Amir-Malekpour-220695
Davi Santos,,,,,,,M,,,0,0,sherdog,https://www.sherdog.com/fighter/Davi-Santos-315275
Cheriff Larossi,,,,,,,M,,,0,0,sherdog,https://www.sherdog.com/fighter/Cheriff-Larossi-302455
Mohamed El Goundeuz,,,,,,,M,,,0,0,sherdog,https://www.sherdog.com/fighter/Mohamed-El-Goundeuz-466971
Pietro Mochetti,,,,,,,M,,,0,0,sherdog,https://www.sherdog.com/fighter/Pietro-Mochetti-319399
Carlo Perseo D'Ambrosio,,,,,,,M,,,0,0,sherdog,https://www.sherdog.com/fighter/Carlo-Perseo-DAmbrosio-281109
Hector Ferral,,,,,,,M,,,0,0,sherdog,https://www.sherdog.com/fighter/Hector-Ferral-251391
Enzo Perez,,,,,,,M,,,0,0,sherdog,https://www.sherdog.com/fighter/Enzo-Perez-214947
Alejandro Gonzalez,,,,,,,M,,,0,0,sherdog,https://www.sherdog.com/fighter/Alejandro-Gonzalez-225583
Jhosimar Sagbay,,,,,,,M,,,0,0,sherdog,https://www.sherdog.com/fighter/Jhosimar-Sagbay-254597
Alvaro Ucendo Fernandez,,,,,,,M,,,0,0,sherdog,https://www.sherdog.com/fighter/Alvaro-Ucendo-Fernandez-269297
Jose Serral,,,,,,,M,,,0,0,sherdog,https://www.sherdog.com/fighter/Jose-Serral-316473
Jose Muriel,,,,,,,M,,,0,0,sherdog,https://www.sherdog.com/fighter/Jose-Muriel-222655
Takeya Mizugaki,,,,,,,M,,,0,0,sherdog,https://www.sherdog.com/fighter/Takeya-Mizugaki-12074
Seiichiro Ito,,,,,,,M,,,0,0,sherdog,https://www.sherdog.com/fighter/Seiichiro-Ito-105953
Yusaku Nakamura,,,,,,,M,,,0,0,sherdog,https://www.sherdog.com/fighter/Yusaku-Nakamura-58956
Erson Yamamoto,,,,,,,M,,,0,0,sherdog,https://www.sherdog.com/fighter/Erson-Yamamoto-211093
Francisco Aspirilla,,,,,,,M,,,0,0,sherdog,https://www.sherdog.com/fighter/Francisco-Aspirilla-173725
Antoine Gallinaro,,,,,,,M,,,0,0,sherdog,https://www.sherdog.com/fighter/Antoine-Gallinaro-125211
Miguel Valverde Pascual,,,,,,,M,,,0,0,sherdog,https://www.sherdog.com/fighter/Miguel-Valverde-Pascual-133235
Daniel Barez,,,,,,,M,,,0,0,sherdog,https://www.sherdog.com/fighter/Daniel-Barez-133743
Hicham Rachid,,,,,,,M,,,0,0,sherdog,https://www.sherdog.com/fighter/Hicham-Rachid-161755
Souksavanh Khampasath,,,,,,,M,,,0,0,sherdog,https://www.sherdog.com/fighter/Souksavanh-Khampasath-79267
Marco Santos,,,,,,,M,,,0,0,sherdog,https://www.sherdog.com/fighter/Marco-Santos-67718
Ricardo Teixeira,,,,,,,M,,,0,0,sherdog,https://www.sherdog.com/fighter/Ricardo-Teixeira-125643
Renato Ferreira,,,,,,,M,,,0,0,sherdog,https://www.sherdog.com/fighter/Renato-Ferreira-119039
Artur Gomes,,,,,,,M,,,0,0,sherdog,https://www.sherdog.com/fighter/Artur-Gomes-80188
Chihiro Suzuki,,,,,,,M,,,0,0,sherdog,https://www.sherdog.com/fighter/Chihiro-Suzuki-226285
Kleber Koike Erbst,,,,,,,M,,,0,0,sherdog,https://www.sherdog.com/fighter/Kleber-Koike-Erbst-38593
A.J. McKee,,,,,,,M,,,0,0,sherdog,https://www.sherdog.com/fighter/AJ-McKee-194637
Daniel Weichel,,,,,,,M,,,0,0,sherdog,https://www.sherdog.com/fighter/Daniel-Weichel-4541
Daniel Straus,,,,,,,M,,,0,0,sherdog,https://www.sherdog.com/fighter/Daniel-Straus-45414
Benson Henderson,,,,,,,M,,,0,0,sherdog,https://www.sherdog.com/fighter/Benson-Henderson-20548
Justin Wilcox,,,,,,,M,,,0,0,sherdog,https://www.sherdog.com/fighter/Justin-Wilcox-16879
Fabricio Silva,,,,,,,M,,,0,0,sherdog,https://www.sherdog.com/fighter/Fabricio-Silva-77095
Diego Nunes,,,,,,,M,,,0,0,sherdog,https://www.sherdog.com/fighter/Diego-Nunes-25981
Jared Downing,,,,,,,M,,,0,0,sherdog,https://www.sherdog.com/fighter/Jared-Downing-52933
Wilson Reis,,,,,,,M,,,0,0,sherdog,https://www.sherdog.com/fighter/Wilson-Reis-23401
Georgi Karakhanyan,,,,,,,M,,,0,0,sherdog,https://www.sherdog.com/fighter/Georgi-Karakhanyan-19472
Joe Warren,,,,,,,M,,,0,0,sherdog,https://www.sherdog.com/fighter/Joe-Warren-43429
Johnny Iwasaki,,,,,,,M,,,0,0,sherdog,https://www.sherdog.com/fighter/Johnny-Iwasaki-56908
Giovanni Diniz,,,,,,,M,,,0,0,sherdog,https://www.sherdog.com/fighter/Giovanni-Diniz-12869
Gleristone Santos,,,,,,,M,,,0,0,sherdog,https://www.sherdog.com/fighter/Gleristone-Santos-35842
Fernando Vieira,,,,,,,M,,,0,0,sherdog,https://www.sherdog.com/fighter/Fernando-Vieira-11927
Paulo Dantas,,,,,,,M,,,0,0,sherdog,https://www.sherdog.com/fighter/Paulo-Dantas-2722
Jadyson Costa,,,,,,,M,,,0,0,sherdog,https://www.sherdog.com/fighter/Jadyson-Costa-5703
Tarcisio Jardim,,,,,,,M,,,0,0,sherdog,https://www.sherdog.com/fighter/Tarcisio-Jardim-7843
Marlon Silva,,,,,,,M,,,0,0,sherdog,https://www.sherdog.com/fighter/Marlon-Silva-9958
Dida Dida,,,,,,,M,,,0,0,sherdog,https://www.sherdog.com/fighter/Dida-Dida-58652
Charlie Campbell,,,,,,,M,,,0,0,sherdog,https://www.sherdog.com/fighter/Charlie-Campbell-286213
Alex Reyes,,,,,,,M,,,0,0,sherdog,https://www.sherdog.com/fighter/Alex-Reyes-24199
Aidan Aguilera,,,,,,,M,,,0,0,sherdog,https://www.sherdog.com/fighter/Aidan-Aguilera-133883
Adam Cook,,,,,,,M,,,0,0,sherdog,https://www.sherdog.com/fighter/Adam-Cook-141773
Niam Stephen,,,,,,,M,,,0,0,sherdog,https://www.sherdog.com/fighter/Niam-Stephen-301255
Trevor Sinclair,,,,,,,M,,,0,0,sherdog,https://www.sherdog.com/fighter/Trevor-Sinclair-305317
Sam Flint,,,,,,,M,,,0,0,sherdog,https://www.sherdog.com/fighter/Sam-Flint-242383
Josh Parisian,,,,,,,M,,,0,0,sherdog,https://www.sherdog.com/fighter/Josh-Parisian-181225
Miles Banks,,,,,,,M,,,0,0,sherdog,https://www.sherdog.com/fighter/Miles-Banks-400761
Stevie Payne,,,,,,,M,,,0,0,sherdog,https://www.sherdog.com/fighter/Stevie-Payne-424829
Travis Gregoire,,,,,,,M,,,0,0,sherdog,https://www.sherdog.com/fighter/Travis-Gregoire-261473
Katuma Mulumba,,,,,,,M,,,0,0,sherdog,https://www.sherdog.com/fighter/Katuma-Mulumba-308011
Bekzat Almakhan,,,,,,,M,,,0,0,sherdog,https://www.sherdog.com/fighter/Bekzat-Almakhan-294895
Braian Gonzalez,,,,,,,M,,,0,0,sherdog,https://www.sherdog.com/fighter/Braian-Gonzalez-271835
Sidemar Honorio,,,,,,,M,,,0,0,sherdog,https://www.sherdog.com/fighter/Sidemar-Honorio-20757
Taras Gryckiv,,,,,,,M,,,0,0,sherdog,https://www.sherdog.com/fighter/Taras-Gryckiv-146265
Wagner Lima,,,,,,,M,,,0,0,sherdog,https://www.sherdog.com/fighter/Wagner-Lima-131545
Saidyokub Kakhramonov,,,,,,,M,,,0,0,sherdog,https://www.sherdog.com/fighter/Saidyokub-Kakhramonov-274077
Fatkhidin Sobirov,,,,,,,M,,,0,0,sherdog,https://www.sherdog.com/fighter/Fatkhidin-Sobirov-178149
Shyudi Yamauchi,,,,,,,M,,,0,0,sherdog,https://www.sherdog.com/fighter/Shyudi-Yamauchi-57133
Nauruz Dzamikhov,,,,,,,M,,,0,0,sherdog,https://www.sherdog.com/fighter/Nauruz-Dzamikhov-222573
Valisher Rakhmonov,,,,,,,M,,,0,0,sherdog,https://www.sherdog.com/fighter/Valisher-Rakhmonov-191199
Alym Isabaev,,,,,,,M,,,0,0,sherdog,https://www.sherdog.com/fighter/Alym-Isabaev-218587
Ulukbek Amanbaev,,,,,,,M,,,0,0,sherdog,https://www.sherdog.com/fighter/Ulukbek-Amanbaev-241917
Rishat Kharisov,,,,,,,M,,,0,0,sherdog,https://www.sherdog.com/fighter/Rishat-Kharisov-209625
Carlos Leal,,,,,,,M,,,0,0,sherdog,https://www.sherdog.com/fighter/Carlos-Leal-109073
Kenan Song,,,,,Welterweight,ufc-roster,M,,,0,0,sherdog,https://www.sherdog.com/fighter/Kenan-Song-181737
Nicolas Dalby,,,,,Welterweight,ufc-roster,M,,,0,0,sherdog,https://www.sherdog.com/fighter/Nicolas-Dalby-63608
Francisco Trinaldo,,,,,,,M,,,0,0,sherdog,https://www.sherdog.com/fighter/Francisco-Trinaldo-31103
Laureano Staropoli,,,,,,,M,,,0,0,sherdog,https://www.sherdog.com/fighter/Laureano-Staropoli-141271
Ricky Rainey,,,,,,,M,,,0,0,sherdog,https://www.sherdog.com/fighter/Ricky-Rainey-68769
Akoundou Epelet Evy Johannes,,,,,,,M,,,0,0,sherdog,https://www.sherdog.com/fighter/Akoundou-Epelet-Evy-Johannes-242121
Ivan Jorge,,,,,,,M,,,0,0,sherdog,https://www.sherdog.com/fighter/Ivan-Jorge-5432
Gang Zhang,,,,,,,M,,,0,0,sherdog,https://www.sherdog.com/fighter/Gang-Zhang-224447
Takashi Yamashita,,,,,,,M,,,0,0,sherdog,https://www.sherdog.com/fighter/Takashi-Yamashita-160567
Gele Qing,,,,,,,M,,,0,0,sherdog,https://www.sherdog.com/fighter/Gele-Qing-91197
Victor Sckoteski,,,,,,,M,,,0,0,sherdog,https://www.sherdog.com/fighter/Victor-Sckoteski-132201
Filip Kotarlic,,,,,,,M,,,0,0,sherdog,https://www.sherdog.com/fighter/Filip-Kotarlic-87493
Deyan Topalski,,,,,,,M,,,0,0,sherdog,https://www.sherdog.com/fighter/Deyan-Topalski-64570
Kris Hocum,,,,,,,M,,,0,0,sherdog,https://www.sherdog.com/fighter/Kris-Hocum-77075
Dankao Sakda,,,,,,,M,,,0,0,sherdog,https://www.sherdog.com/fighter/Dankao-Sakda-196373
Hongtao Wang,,,,,,,M,,,0,0,sherdog,https://www.sherdog.com/fighter/Hongtao-Wang-57887
Marcus Almeida,,,,,,,M,,,0,0,sherdog,https://www.sherdog.com/fighter/Marcus-Almeida-116977
Chris Barnett,,,,,,,M,,,0,0,sherdog,https://www.sherdog.com/fighter/Chris-Barnett-45664
Ion Cutelaba,,,,,Light Heavyweight,ufc-roster,M,,,0,0,sherdog,https://www.sherdog.com/fighter/Ion-Cutelaba-101427
Karl Roberson,,,,,,,M,,,0,0,sherdog,https://www.sherdog.com/fighter/Karl-Roberson-132605
Nicolae Negumereanu,,,,,,,M,,,0,0,sherdog,https://www.sherdog.com/fighter/Nicolae-Negumereanu-237147
Da Woon Jung,,,,,,,M,,,0,0,sherdog,https://www.sherdog.com/fighter/Da-Woon-Jung-202241
Darko Stosic,,,,,,,M,,,0,0,sherdog,https://www.sherdog.com/fighter/Darko-Stosic-107757
Dennis Bryant,,,,,,,M,,,0,0,sherdog,https://www.sherdog.com/fighter/Dennis-Bryant-85516
Corey Johnson,,,,,,,M,,,0,0,sherdog,https://www.sherdog.com/fighter/Corey-Johnson-295721
Andre Kavanaugh,,,,,,,M,,,0,0,sherdog,https://www.sherdog.com/fighter/Andre-Kavanaugh-63187
Anton Berzin,,,,,,,M,,,0,0,sherdog,https://www.sherdog.com/fighter/Anton-Berzin-69707
Thai Walwyn,,,,,,,M,,,0,0,sherdog,https://www.sherdog.com/fighter/Thai-Walwyn-143263
Trent Miller,,,,,,,M,,,0,0,sherdog,https://www.sherdog.com/fighter/Trent-Miller-382805
Vladimir Calvo Marrero,,,,,,,M,,,0,0,sherdog,https://www.sherdog.com/fighter/Vladimir-Calvo-Marrero-439645
Alessandro Gambulino,,,,,,,M,,,0,0,sherdog,https://www.sherdog.com/fighter/Alessandro-Gambulino-117171
Leonardo Bezerra,,,,,,,M,,,0,0,sherdog,https://www.sherdog.com/fighter/Leonardo-Bezerra-258915
Luiz Fabiano,,,,,,,M,,,0,0,sherdog,https://www.sherdog.com/fighter/Luiz-Fabiano-239023
Douglas Rakchal,,,,,,,M,,,0,0,sherdog,https://www.sherdog.com/fighter/Douglas-Rakchal-112025
Marcus Atila,,,,,,,M,,,0,0,sherdog,https://www.sherdog.com/fighter/Marcus-Atila-200605
Danny Silva,,,,,,,M,,,0,0,sherdog,https://www.sherdog.com/fighter/Danny-Silva-310429
Gonzalo Contreras,,,,,,,M,,,0,0,sherdog,https://www.sherdog.com/fighter/Gonzalo-Contreras-245895
Maximiliano Perez,,,,,,,M,,,0,0,sherdog,https://www.sherdog.com/fighter/Maximiliano-Perez-214909
Natanael Aldo Espindola,,,,,,,M,,,0,0,sherdog,https://www.sherdog.com/fighter/Natanael-Aldo-Espindola-233969
Nestor Machado,,,,,,,M,,,0,0,sherdog,https://www.sherdog.com/fighter/Nestor-Machado-178469
Emmanuel Vallejos,,,,,,,M,,,0,0,sherdog,https://www.sherdog.com/fighter/Emmanuel-Vallejos-208505
Pablo Etelechea,,,,,,,M,,,0,0,sherdog,https://www.sherdog.com/fighter/Pablo-Etelechea-329675
Mauricio Gabriel Flores,,,,,,,M,,,0,0,sherdog,https://www.sherdog.com/fighter/Mauricio-Gabriel-Flores-299443
Gabriel Vargas,,,,,,,M,,,0,0,sherdog,https://www.sherdog.com/fighter/Gabriel-Vargas-327371
Jesus Ru,,,,,,,M,,,0,0,sherdog,https://www.sherdog.com/fighter/Jesus-Ru-216403
Lucas Miletich,,,,,,,M,,,0,0,sherdog,https://www.sherdog.com/fighter/Lucas-Miletich-301961
Matias Ponce,,,,,,,M,,,0,0,sherdog,https://www.sherdog.com/fighter/Matias-Ponce-384286
Rocco Cena,,,,,,,M,,,0,0,sherdog,https://www.sherdog.com/fighter/Rocco-Cena-367801
Angel Rodriguez,,,,,,,M,,,0,0,sherdog,https://www.sherdog.com/fighter/Angel-Rodriguez-263499
Kenn Glenn,,,,,,,M,,,0,0,sherdog,https://www.sherdog.com/fighter/Kenn-Glenn-68443
Masio Fullen,,,,,,,M,,,0,0,sherdog,https://www.sherdog.com/fighter/Masio-Fullen-40356
Alejandro Solano Rodriguez,,,,,,,M,,,0,0,sherdog,https://www.sherdog.com/fighter/Alejandro-Solano-Rodriguez-22270
Luis Guerrero,,,,,,,M,,,0,0,sherdog,https://www.sherdog.com/fighter/Luis-Guerrero-303331
Rogelio Meneses,,,,,,,M,,,0,0,sherdog,https://www.sherdog.com/fighter/Rogelio-Meneses-296421
Antonio Hernandez,,,,,,,M,,,0,0,sherdog,https://www.sherdog.com/fighter/Antonio-Hernandez-289015
Amir Elzhurkaev,,,,,,,M,,,0,0,sherdog,https://www.sherdog.com/fighter/Amir-Elzhurkaev-222877
Isaac Ruelas,,,,,,,M,,,0,0,sherdog,https://www.sherdog.com/fighter/Isaac-Ruelas-188219
Carlos Canada,,,,,,,M,,,0,0,sherdog,https://www.sherdog.com/fighter/Carlos-Canada-85560
Paul Marquez,,,,,,,M,,,0,0,sherdog,https://www.sherdog.com/fighter/Paul-Marquez-160877
Luis Torres,,,,,,,M,,,0,0,sherdog,https://www.sherdog.com/fighter/Luis-Torres-400446
Gilberto dos Santos Pantoja,,,,,,,M,,,0,0,sherdog,https://www.sherdog.com/fighter/Gilberto-dos-Santos-Pantoja-80543
Duda Sales,,,,,,,M,,,0,0,sherdog,https://www.sherdog.com/fighter/Duda-Sales-130461
Jose Roberto dos Santos,,,,,,,M,,,0,0,sherdog,https://www.sherdog.com/fighter/Jose-Roberto-dos-Santos-177939
Isaque Silva,,,,,,,M,,,0,0,sherdog,https://www.sherdog.com/fighter/Isaque-Silva-143853
Rodrigo Praia,,,,,,,M,,,0,0,sherdog,https://www.sherdog.com/fighter/Rodrigo-Praia-116505
Thiago Silva,,,,,,,M,,,0,0,sherdog,https://www.sherdog.com/fighter/Thiago-Silva-87987
Luiz Carlos Silva,,,,,,,M,,,0,0,sherdog,https://www.sherdog.com/fighter/Luiz-Carlos-Silva-112539
Raniel da Costa,,,,,,,M,,,0,0,sherdog,https://www.sherdog.com/fighter/Raniel-da-Costa-37561
Francivaldo Arauvo,,,,,,,M,,,0,0,sherdog,https://www.sherdog.com/fighter/Francivaldo-Arauvo-112535
Mark Hulme,,,,,,,M,,,0,0,sherdog,https://www.sherdog.com/fighter/Mark-Hulme-154225
Piotr Wawrzyniak,,,,,,,M,,,0,0,sherdog,https://www.sherdog.com/fighter/Piotr-Wawrzyniak-78534
Bojan Velickovic,,,,,,,M,,,0,0,sherdog,https://www.sherdog.com/fighter/Bojan-Velickovic-76620
Louis Glismann,,,,,,,M,,,0,0,sherdog,https://www.sherdog.com/fighter/Louis-Glismann-218095
Marcel Mohamed Grabinski,,,,,,,M,,,0,0,sherdog,https://www.sherdog.com/fighter/Marcel-Mohamed-Grabinski-55443
Leandro Silva,,,,,,,M,,,0,0,sherdog,https://www.sherdog.com/fighter/Leandro-Silva-86382
Rinat Fakhretdinov,,,,,,,M,,,0,0,sherdog,https://www.sherdog.com/fighter/Rinat-Fakhretdinov-145067
K.B. Bhullar,,,,,,,M,,,0,0,sherdog,https://www.sherdog.com/fighter/KB-Bhullar-87341
Arymarcel Santos,,,,,,,M,,,0,0,sherdog,https://www.sherdog.com/fighter/Arymarcel-Santos-10579
Marcel Fortuna,,,,,,,M,,,0,0,sherdog,https://www.sherdog.com/fighter/Marcel-Fortuna-79995
Tomas Melis,,,,,,,M,,,0,0,sherdog,https://www.sherdog.com/fighter/Tomas-Melis-154299
Vladimir Mineev,,,,,,,M,,,0,0,sherdog,https://www.sherdog.com/fighter/Vladimir-Mineev-171893
Evgeny Shalomaev,,,,,,,M,,,0,0,sherdog,https://www.sherdog.com/fighter/Evgeny-Shalomaev-75440
Borce Talevski,,,,,,,M,,,0,0,sherdog,https://www.sherdog.com/fighter/Borce-Talevski-242285
Ion Pascu,,,,,,,M,,,0,0,sherdog,https://www.sherdog.com/fighter/Ion-Pascu-53418
Arbi Madaev,,,,,,,M,,,0,0,sherdog,https://www.sherdog.com/fighter/Arbi-Madaev-191687
Jason Butcher,,,,,,,M,,,0,0,sherdog,https://www.sherdog.com/fighter/Jason-Butcher-58070
Daniel Hernandez,,,,,,,M,,,0,0,sherdog,https://www.sherdog.com/fighter/Daniel-Hernandez-23568
Panagiotis Stroumpoulis,,,,,,,M,,,0,0,sherdog,https://www.sherdog.com/fighter/Panagiotis-Stroumpoulis-79034
Manolis Dimitriou,,,,,,,M,,,0,0,sherdog,https://www.sherdog.com/fighter/Manolis-Dimitriou-78607
Emil Zahariev,,,,,,,M,,,0,0,sherdog,https://www.sherdog.com/fighter/Emil-Zahariev-33448
Giorgos Skouloudis,,,,,,,M,,,0,0,sherdog,https://www.sherdog.com/fighter/Giorgos-Skouloudis-65205
Francisco Figueiredo,,,,,,,M,,,0,0,sherdog,https://www.sherdog.com/fighter/Francisco-Figueiredo-69484
Malcolm Gordon,,,,,,,M,,,0,0,sherdog,https://www.sherdog.com/fighter/Malcolm-Gordon-113429
Ryan Curtis,,,,,,,M,,,0,0,sherdog,https://www.sherdog.com/fighter/Ryan-Curtis-78281
Iurie Bejenari,,,,,,,M,,,0,0,sherdog,https://www.sherdog.com/fighter/Iurie-Bejenari-162607
Jamie Powell,,,,,,,M,,,0,0,sherdog,https://www.sherdog.com/fighter/Jamie-Powell-77568
Dino Gambatesa,,,,,,,M,,,0,0,sherdog,https://www.sherdog.com/fighter/Dino-Gambatesa-45027
Rafal Czechowski,,,,,,,M,,,0,0,sherdog,https://www.sherdog.com/fighter/Rafal-Czechowski-43586
Niko Gjoka,,,,,,,M,,,0,0,sherdog,https://www.sherdog.com/fighter/Niko-Gjoka-31081
Ondrej Moravec,,,,,,,M,,,0,0,sherdog,https://www.sherdog.com/fighter/Ondrej-Moravec-109569
Salih Kulucan,,,,,,,M,,,0,0,sherdog,https://www.sherdog.com/fighter/Salih-Kulucan-84994
Ally McCrae,,,,,,,M,,,0,0,sherdog,https://www.sherdog.com/fighter/Ally-McCrae-60544
Bagandov Murada,,,,,,,M,,,0,0,sherdog,https://www.sherdog.com/fighter/Bagandov-Murada-70619
Andre Batista,,,,,,,M,,,0,0,sherdog,https://www.sherdog.com/fighter/Andre-Batista-21122
Pavlo Kulish,,,,,,,M,,,0,0,sherdog,https://www.sherdog.com/fighter/Pavlo-Kulish-51366
Ismail Naurdiev,,,,,Middleweight,ufc-roster,M,,,0,0,sherdog,https://www.sherdog.com/fighter/Ismail-Naurdiev-168833
Tajuddin Abdul Hakim,,,,,,,M,,,0,0,sherdog,https://www.sherdog.com/fighter/Tajuddin-Abdul-Hakim-70520
Mike Jones,,,,,,,M,,,0,0,sherdog,https://www.sherdog.com/fighter/Mike-Jones-112355
Tanner Saraceno,,,,,,,M,,,0,0,sherdog,https://www.sherdog.com/fighter/Tanner-Saraceno-222329
Chauncey Foxworth,,,,,,,M,,,0,0,sherdog,https://www.sherdog.com/fighter/Chauncey-Foxworth-176217
Rocky Edwards,,,,,,,M,,,0,0,sherdog,https://www.sherdog.com/fighter/Rocky-Edwards-90223
Jake Gombocz,,,,,,,M,,,0,0,sherdog,https://www.sherdog.com/fighter/Jake-Gombocz-105191
Paul Almquist,,,,,,,M,,,0,0,sherdog,https://www.sherdog.com/fighter/Paul-Almquist-70900
Romero Reis,,,,,,,M,,,0,0,sherdog,https://www.sherdog.com/fighter/Romero-Reis-312803
Lenno Rodrigo Pinheiro da Silva,,,,,,,M,,,0,0,sherdog,https://www.sherdog.com/fighter/Lenno-Rodrigo-Pinheiro-da-Silva-266753
Liridon Ramani,,,,,,,M,,,0,0,sherdog,https://www.sherdog.com/fighter/Liridon-Ramani-153123
Josivaldo Costa Araujo,,,,,,,M,,,0,0,sherdog,https://www.sherdog.com/fighter/Josivaldo-Costa-Araujo-186737
Ezzoubair Bouarsa,,,,,,,M,,,0,0,sherdog,https://www.sherdog.com/fighter/Ezzoubair-Bouarsa-200611
Sylvain Sommereisen,,,,,,,M,,,0,0,sherdog,https://www.sherdog.com/fighter/Sylvain-Sommereisen-219739
Mickael Kanguichiev,,,,,,,M,,,0,0,sherdog,https://www.sherdog.com/fighter/Mickael-Kanguichiev-144155
Alexandre Guillemant,,,,,,,M,,,0,0,sherdog,https://www.sherdog.com/fighter/Alexandre-Guillemant-309309
Ronny Gomez,,,,,,,M,,,0,0,sherdog,https://www.sherdog.com/fighter/Ronny-Gomez-161745
Lucas Tenorio,,,,,,,M,,,0,0,sherdog,https://www.sherdog.com/fighter/Lucas-Tenorio-141325
Franck LeBouyonnec,,,,,,,M,,,0,0,sherdog,https://www.sherdog.com/fighter/Franck-LeBouyonnec-238881
Ulrich Agbessi,,,,,,,M,,,0,0,sherdog,https://www.sherdog.com/fighter/Ulrich-Agbessi-153157
Charly Hoang,,,,,,,M,,,0,0,sherdog,https://www.sherdog.com/fighter/Charly-Hoang-211647
Neil Seery,,,,,,,M,,,0,0,sherdog,https://www.sherdog.com/fighter/Neil-Seery-14062
Damacio Page,,,,,,,M,,,0,0,sherdog,https://www.sherdog.com/fighter/Damacio-Page-12158
Matt Manzanares,,,,,,,M,,,0,0,sherdog,https://www.sherdog.com/fighter/Matt-Manzanares-51435
Lincoln de Sa Oliveira,,,,,,,M,,,0,0,sherdog,https://www.sherdog.com/fighter/Lincoln-de-Sa-Oliveira-52541
Daniel Araujo,,,,,,,M,,,0,0,sherdog,https://www.sherdog.com/fighter/Daniel-Araujo-82621
Rodrigo Favacho dos Santos,,,,,,,M,,,0,0,sherdog,https://www.sherdog.com/fighter/Rodrigo-Favacho-dos-Santos-81621
Sandro Gemaque de Souza,,,,,,,M,,,0,0,sherdog,https://www.sherdog.com/fighter/Sandro-Gemaque-de-Souza-56909
Samuel de Souza,,,,,,,M,,,0,0,sherdog,https://www.sherdog.com/fighter/Samuel-de-Souza-74292
Bruno Azevedo,,,,,,,M,,,0,0,sherdog,https://www.sherdog.com/fighter/Bruno-Azevedo-66490
Ralph Alves,,,,,,,M,,,0,0,sherdog,https://www.sherdog.com/fighter/Ralph-Alves-28180
Magno Alves,,,,,,,M,,,0,0,sherdog,https://www.sherdog.com/fighter/Magno-Alves-29452
Michael William Costa,,,,,,,M,,,0,0,sherdog,https://www.sherdog.com/fighter/Michael-William-Costa-34491
Bruno Moreno,,,,,,,M,,,0,0,sherdog,https://www.sherdog.com/fighter/Bruno-Moreno-47489
Gabriel Wolff,,,,,,,M,,,0,0,sherdog,https://www.sherdog.com/fighter/Gabriel-Wolff-33099
Willian Viana,,,,,,,M,,,0,0,sherdog,https://www.sherdog.com/fighter/Willian-Viana-21140
Peterson Maffort,,,,,,,M,,,0,0,sherdog,https://www.sherdog.com/fighter/Peterson-Maffort-14968
Antonio Carlos,,,,,,,M,,,0,0,sherdog,https://www.sherdog.com/fighter/Antonio-Carlos-23844
Raffael Cerqueira,,,,,,,M,,,0,0,sherdog,https://www.sherdog.com/fighter/Raffael-Cerqueira-344561
Lee Chadwick,,,,,,,M,,,0,0,sherdog,https://www.sherdog.com/fighter/Lee-Chadwick-18608
Riccardo Nosiglia,,,,,,,M,,,0,0,sherdog,https://www.sherdog.com/fighter/Riccardo-Nosiglia-153543
Marthin Hamlet,,,,,,,M,,,0,0,sherdog,https://www.sherdog.com/fighter/Marthin-Hamlet-250189
Marcin Wojcik,,,,,,,M,,,0,0,sherdog,https://www.sherdog.com/fighter/Marcin-Wojcik-44714
Dan Konecke,,,,,,,M,,,0,0,sherdog,https://www.sherdog.com/fighter/Dan-Konecke-77162
Kristian Lapsley,,,,,,,M,,,0,0,sherdog,https://www.sherdog.com/fighter/Kristian-Lapsley-185053
Pelu Adetola,,,,,,,M,,,0,0,sherdog,https://www.sherdog.com/fighter/Pelu-Adetola-82399
John Redmond,,,,,,,M,,,0,0,sherdog,https://www.sherdog.com/fighter/John-Redmond-56596
Pavel Doroftei,,,,,,,M,,,0,0,sherdog,https://www.sherdog.com/fighter/Pavel-Doroftei-73524
Kester Mamba,,,,,,,M,,,0,0,sherdog,https://www.sherdog.com/fighter/Kester-Mamba-74166
Nelson Lima,,,,,,,M,,,0,0,sherdog,https://www.sherdog.com/fighter/Nelson-Lima-206295
Arvydas Juska,,,,,,,M,,,0,0,sherdog,https://www.sherdog.com/fighter/Arvydas-Juska-106421
Mauricio Rua,,,,,,,M,,,0,0,sherdog,https://www.sherdog.com/fighter/Mauricio-Rua-5707
Rashad Evans,,,,,,,M,,,0,0,sherdog,https://www.sherdog.com/fighter/Rashad-Evans-10200
Andrew Sanchez,,,,,,,M,,,0,0,sherdog,https://www.sherdog.com/fighter/Andrew-Sanchez-105321
Leonardo Guimaraes,,,,,,,M,,,0,0,sherdog,https://www.sherdog.com/fighter/Leonardo-Guimaraes-14971
Josh Neer,,,,,,,M,,,0,0,sherdog,https://www.sherdog.com/fighter/Josh-Neer-9179
Brock Jardine,,,,,,,M,,,0,0,sherdog,https://www.sherdog.com/fighter/Brock-Jardine-36630
Tim Williams,,,,,,,M,,,0,0,sherdog,https://www.sherdog.com/fighter/Tim-Williams-55756
Andrew Kapel,,,,,,,M,,,0,0,sherdog,https://www.sherdog.com/fighter/Andrew-Kapel-39691
Brian Green,,,,,,,M,,,0,0,sherdog,https://www.sherdog.com/fighter/Brian-Green-4164
Victor Moreno,,,,,,,M,,,0,0,sherdog,https://www.sherdog.com/fighter/Victor-Moreno-10378
Antonio Braga Neto,,,,,,,M,,,0,0,sherdog,https://www.sherdog.com/fighter/Antonio-Braga-Neto-19530
Roger Gracie,,,,,,,M,,,0,0,sherdog,https://www.sherdog.com/fighter/Roger-Gracie-19854
Lumumba Sayers,,,,,,,M,,,0,0,sherdog,https://www.sherdog.com/fighter/Lumumba-Sayers-38973
Richard White,,,,,,,M,,,0,0,sherdog,https://www.sherdog.com/fighter/Richard-White-34193
Ian Berg,,,,,,,M,,,0,0,sherdog,https://www.sherdog.com/fighter/Ian-Berg-33930
Adlan Amagov,,,,,,,M,,,0,0,sherdog,https://www.sherdog.com/fighter/Adlan-Amagov-41523
Ben Lagman,,,,,,,M,,,0,0,sherdog,https://www.sherdog.com/fighter/Ben-Lagman-34936
Curtis Johnson,,,,,,,M,,,0,0,sherdog,https://www.sherdog.com/fighter/Curtis-Johnson-43264
Eric Schambari,,,,,,,M,,,0,0,sherdog,https://www.sherdog.com/fighter/Eric-Schambari-13306
Matt Gabel,,,,,,,M,,,0,0,sherdog,https://www.sherdog.com/fighter/Matt-Gabel-53274
Demetrius Richards,,,,,,,M,,,0,0,sherdog,https://www.sherdog.com/fighter/Demetrius-Richards-41379
Ben Crowder,,,,,,,M,,,0,0,sherdog,https://www.sherdog.com/fighter/Ben-Crowder-17018
Jesse Forbes,,,,,,,M,,,0,0,sherdog,https://www.sherdog.com/fighter/Jesse-Forbes-13453
Logan Clark,,,,,,,M,,,0,0,sherdog,https://www.sherdog.com/fighter/Logan-Clark-19478
Lucas St. Claire,,,,,,,M,,,0,0,sherdog,https://www.sherdog.com/fighter/Lucas-St-Claire-24118
Mike George,,,,,,,M,,,0,0,sherdog,https://www.sherdog.com/fighter/Mike-George-48072
James Brasco,,,,,,,M,,,0,0,sherdog,https://www.sherdog.com/fighter/James-Brasco-23629
Jake Hecht,,,,,,,M,,,0,0,sherdog,https://www.sherdog.com/fighter/Jake-Hecht-15759
Mike Pitz,,,,,,,M,,,0,0,sherdog,https://www.sherdog.com/fighter/Mike-Pitz-47101
Chaun Sims,,,,,,,M,,,0,0,sherdog,https://www.sherdog.com/fighter/Chaun-Sims-65483
Brian Monaghan,,,,,,,M,,,0,0,sherdog,https://www.sherdog.com/fighter/Brian-Monaghan-16176
Rico Washington,,,,,,,M,,,0,0,sherdog,https://www.sherdog.com/fighter/Rico-Washington-28016
Charley Lynch,,,,,,,M,,,0,0,sherdog,https://www.sherdog.com/fighter/Charley-Lynch-39697
Chuck Parmelee,,,,,,,M,,,0,0,sherdog,https://www.sherdog.com/fighter/Chuck-Parmelee-5212
Ricky Duvall,,,,,,,M,,,0,0,sherdog,https://www.sherdog.com/fighter/Ricky-Duvall-33160
Jeremy Shepherd,,,,,,,M,,,0,0,sherdog,https://www.sherdog.com/fighter/Jeremy-Shepherd-35049
Dave Moran,,,,,,,M,,,0,0,sherdog,https://www.sherdog.com/fighter/Dave-Moran-29472
Jacobe Smith,,,,,,,M,,,0,0,sherdog,https://www.sherdog.com/fighter/Jacobe-Smith-394506
Bekmyrza Dosmatov,,,,,,,M,,,0,0,sherdog,https://www.sherdog.com/fighter/Bekmyrza-Dosmatov-347797
Kegan Gennrich,,,,,,,M,,,0,0,sherdog,https://www.sherdog.com/fighter/Kegan-Gennrich-229491
Quinton Parks Jr.,,,,,,,M,,,0,0,sherdog,https://www.sherdog.com/fighter/Quinton-Parks-Jr-82147
Michael Roberts,,,,,,,M,,,0,0,sherdog,https://www.sherdog.com/fighter/Michael-Roberts-114591
Tracy Reeder,,,,,,,M,,,0,0,sherdog,https://www.sherdog.com/fighter/Tracy-Reeder-382319
John Ramirez,,,,,,,M,,,0,0,sherdog,https://www.sherdog.com/fighter/John-Ramirez-177699
Homer Mangram,,,,,,,M,,,0,0,sherdog,https://www.sherdog.com/fighter/Homer-Mangram-333577
Timothy Tyler,,,,,,,M,,,0,0,sherdog,https://www.sherdog.com/fighter/Timothy-Tyler-205349
Carlos Garnett Jr.,,,,,,,M,,,0,0,sherdog,https://www.sherdog.com/fighter/Carlos-Garnett-Jr-291123
William Worley,,,,,,,M,,,0,0,sherdog,https://www.sherdog.com/fighter/William-Worley-205673
Goiti Yamauchi,,,,,,,M,,,0,0,sherdog,https://www.sherdog.com/fighter/Goiti-Yamauchi-48629
Douglas Lima,,,,,,,M,,,0,0,sherdog,https://www.sherdog.com/fighter/Douglas-Lima-17236
Derek Anderson,,,,,,,M,,,0,0,sherdog,https://www.sherdog.com/fighter/Derek-Anderson-83421
Ross Houston,,,,,,,M,,,0,0,sherdog,https://www.sherdog.com/fighter/Ross-Houston-82792
Shinsho Anzai,,,,,,,M,,,0,0,sherdog,https://www.sherdog.com/fighter/Shinsho-Anzai-47183
Giovanni Melillo,,,,,,,M,,,0,0,sherdog,https://www.sherdog.com/fighter/Giovanni-Melillo-195245
Richard Kiely,,,,,,,M,,,0,0,sherdog,https://www.sherdog.com/fighter/Richard-Kiely-220567
Paul Daley,,,,,,,M,,,0,0,sherdog,https://www.sherdog.com/fighter/Paul-Daley-4270
David Rickels,,,,,,,M,,,0,0,sherdog,https://www.sherdog.com/fighter/David-Rickels-36198
Fernando Gonzalez,,,,,,,M,,,0,0,sherdog,https://www.sherdog.com/fighter/Fernando-Gonzalez-8578
Evangelista Cyborg dos Santos,,,,,,,M,,,0,0,sherdog,https://www.sherdog.com/fighter/Evangelista-Cyborg-dos-Santos-2605
Jeremie Holloway,,,,,,,M,,,0,0,sherdog,https://www.sherdog.com/fighter/Jeremie-Holloway-175675
Rudy Bears,,,,,,,M,,,0,0,sherdog,https://www.sherdog.com/fighter/Rudy-Bears-23364
Ryan Sanders,,,,,,,M,,,0,0,sherdog,https://www.sherdog.com/fighter/Ryan-Sanders-80163
Haitham El-Sayed,,,,,,,M,,,0,0,sherdog,https://www.sherdog.com/fighter/Haitham-ElSayed-113535
Miguel Bernard,,,,,,,M,,,0,0,sherdog,https://www.sherdog.com/fighter/Miguel-Bernard-59149
Ben Dishman,,,,,,,M,,,0,0,sherdog,https://www.sherdog.com/fighter/Ben-Dishman-91939
Fabio Maldonado,,,,,,,M,,,0,0,sherdog,https://www.sherdog.com/fighter/Fabio-Maldonado-16426
Emanuel Newton,,,,,,,M,,,0,0,sherdog,https://www.sherdog.com/fighter/Emanuel-Newton-8833
Stjepan Bekavac,,,,,,,M,,,0,0,sherdog,https://www.sherdog.com/fighter/Stjepan-Bekavac-12621
Stanislav Nedkov,,,,,,,M,,,0,0,sherdog,https://www.sherdog.com/fighter/Stanislav-Nedkov-27115
Cody Donovan,,,,,,,M,,,0,0,sherdog,https://www.sherdog.com/fighter/Cody-Donovan-22304
Soa Palelei,,,,,,,M,,,0,0,sherdog,https://www.sherdog.com/fighter/Soa-Palelei-9680
Gabriel Tampu,,,,,,,M,,,0,0,sherdog,https://www.sherdog.com/fighter/Gabriel-Tampu-116229
Vladimir Mishchenko,,,,,,,M,,,0,0,sherdog,https://www.sherdog.com/fighter/Vladimir-Mishchenko-132095
Kylychbek Sarkarbaev,,,,,,,M,,,0,0,sherdog,https://www.sherdog.com/fighter/Kylychbek-Sarkarbaev-88231
Julian Bogdanov,,,,,,,M,,,0,0,sherdog,https://www.sherdog.com/fighter/Julian-Bogdanov-80260
Denis Simkin,,,,,,,M,,,0,0,sherdog,https://www.sherdog.com/fighter/Denis-Simkin-125563
Valeriy Shcherbakov,,,,,,,M,,,0,0,sherdog,https://www.sherdog.com/fighter/Valeriy-Shcherbakov-137939
Vladimir Gerasimchik,,,,,,,M,,,0,0,sherdog,https://www.sherdog.com/fighter/Vladimir-Gerasimchik-70888
Igor Kukurudziak,,,,,,,M,,,0,0,sherdog,https://www.sherdog.com/fighter/Igor-Kukurudziak-50206
Viktor Smirnov,,,,,,,M,,,0,0,sherdog,https://www.sherdog.com/fighter/Viktor-Smirnov-115187
Anatoliy Didenko,,,,,,,M,,,0,0,sherdog,https://www.sherdog.com/fighter/Anatoliy-Didenko-110967
Alexey Stepanov,,,,,,,M,,,0,0,sherdog,https://www.sherdog.com/fighter/Alexey-Stepanov-115123
Svyatoslav Scherbakov,,,,,,,M,,,0,0,sherdog,https://www.sherdog.com/fighter/Svyatoslav-Scherbakov-88971
Alexey Artemenko,,,,,,,M,,,0,0,sherdog,https://www.sherdog.com/fighter/Alexey-Artemenko-116455
Denis Bogdanov,,,,,,,M,,,0,0,sherdog,https://www.sherdog.com/fighter/Denis-Bogdanov-63524
Alexander Umrikhin,,,,,,,M,,,0,0,sherdog,https://www.sherdog.com/fighter/Alexander-Umrikhin-110939
Shuai Yin,,,,,,,M,,,0,0,sherdog,https://www.sherdog.com/fighter/Shuai-Yin-251777
Agulali,,,,,,,M,,,0,0,sherdog,https://www.sherdog.com/fighter/Agulali-382520
Wataru Yamauchi,,,,,,,M,,,0,0,sherdog,https://www.sherdog.com/fighter/Wataru-Yamauchi-388617
Sarvarbek Kenzhaev,,,,,,,M,,,0,0,sherdog,https://www.sherdog.com/fighter/Sarvarbek-Kenzhaev-431224
Ankhbayar Tserenbold,,,,,,,M,,,0,0,sherdog,https://www.sherdog.com/fighter/Ankhbayar-Tserenbold-448082
Nyamjargal Tumendemberel,,,,,,,M,,,0,0,sherdog,https://www.sherdog.com/fighter/Nyamjargal-Tumendemberel-403608
Ayush Ariungerel,,,,,,,M,,,0,0,sherdog,https://www.sherdog.com/fighter/Ayush-Ariungerel-285841
Zagdsuren Baljinnyam,,,,,,,M,,,0,0,sherdog,https://www.sherdog.com/fighter/Zagdsuren-Baljinnyam-417755
Tugsbayar Ulziidalai,,,,,,,M,,,0,0,sherdog,https://www.sherdog.com/fighter/Tugsbayar-Ulziidalai-417994
Jandos Khurmangaz,,,,,,,M,,,0,0,sherdog,https://www.sherdog.com/fighter/Jandos-Khurmangaz-403619
Syuri Kondo,,,,,,,F,,,0,0,sherdog,https://www.sherdog.com/fighter/Syuri-Kondo-216929
Kailin Curran,,,,,,,F,,,0,0,sherdog,https://www.sherdog.com/fighter/Kailin-Curran-62703
Xuanzhen Luo,,,,,,,F,,,0,0,sherdog,https://www.sherdog.com/fighter/Xuanzhen-Luo-425448
Seo Hee Lim,,,,,,,F,,,0,0,sherdog,https://www.sherdog.com/fighter/Seo-Hee-Lim-222473
Omnia Gamal,,,,,,,F,,,0,0,sherdog,https://www.sherdog.com/fighter/Omnia-Gamal-251789
Ye Hyun Nam,,,,,,,F,,,0,0,sherdog,https://www.sherdog.com/fighter/Ye-Hyun-Nam-214341
Bayarmaa Munkhgerel,,,,,,,F,,,0,0,sherdog,https://www.sherdog.com/fighter/Bayarmaa-Munkhgerel-194759
Dolores Meek,,,,,,,F,,,0,0,sherdog,https://www.sherdog.com/fighter/Dolores-Meek-214333
Xiaoying Wang,,,,,,,F,,,0,0,sherdog,https://www.sherdog.com/fighter/Xiaoying-Wang-174601
Karina Hallinan,,,,,,,F,,,0,0,sherdog,https://www.sherdog.com/fighter/Karina-Hallinan-42573
Gina Iniong,,,,,,,F,,,0,0,sherdog,https://www.sherdog.com/fighter/Gina-Iniong-62343
Jin Tang,,,,,,,F,,,0,0,sherdog,https://www.sherdog.com/fighter/Jin-Tang-84016
Bruno Oliveira,,,,,,,M,,,0,0,sherdog,https://www.sherdog.com/fighter/Bruno-Oliveira-87843
John-Martin Fraser,,,,,,,M,,,0,0,sherdog,https://www.sherdog.com/fighter/JohnMartin-Fraser-242817
Umed Rakhmatulloyev,,,,,,,M,,,0,0,sherdog,https://www.sherdog.com/fighter/Umed-Rakhmatulloyev-180025
Kaota Puna,,,,,,,M,,,0,0,sherdog,https://www.sherdog.com/fighter/Kaota-Puna-25587
Paul Felder,,,,,,,M,,,0,0,sherdog,https://www.sherdog.com/fighter/Paul-Felder-68205
Kevin Lee,,,,,,,M,,,0,0,sherdog,https://www.sherdog.com/fighter/Kevin-Lee-84342
Evan Dunham,,,,,,,M,,,0,0,sherdog,https://www.sherdog.com/fighter/Evan-Dunham-22038
Danny Castillo,,,,,,,M,,,0,0,sherdog,https://www.sherdog.com/fighter/Danny-Castillo-26070
Rafaello Oliveira,,,,,,,M,,,0,0,sherdog,https://www.sherdog.com/fighter/Rafaello-Oliveira-37260
Jamie Varner,,,,,,,M,,,0,0,sherdog,https://www.sherdog.com/fighter/Jamie-Varner-7168
Terry Etim,,,,,,,M,,,0,0,sherdog,https://www.sherdog.com/fighter/Terry-Etim-13332
Anthony Njokuani,,,,,,,M,,,0,0,sherdog,https://www.sherdog.com/fighter/Anthony-Njokuani-7540
Mike Lullo,,,,,,,M,,,0,0,sherdog,https://www.sherdog.com/fighter/Mike-Lullo-36885
Marcelo Giudici,,,,,,,M,,,0,0,sherdog,https://www.sherdog.com/fighter/Marcelo-Giudici-2445
Jose Figueroa,,,,,,,M,,,0,0,sherdog,https://www.sherdog.com/fighter/Jose-Figueroa-17309
Nabih Barakat,,,,,,,M,,,0,0,sherdog,https://www.sherdog.com/fighter/Nabih-Barakat-26523
Lee King,,,,,,,M,,,0,0,sherdog,https://www.sherdog.com/fighter/Lee-King-6785
Aaron Steadman,,,,,,,M,,,0,0,sherdog,https://www.sherdog.com/fighter/Aaron-Steadman-46260
Tucker Lutz,,,,,,,M,,,0,0,sherdog,https://www.sherdog.com/fighter/Tucker-Lutz-122559
Jesse Stirn,,,,,,,M,,,0,0,sherdog,https://www.sherdog.com/fighter/Jesse-Stirn-195919
Jordan Titoni,,,,,,,M,,,0,0,sherdog,https://www.sherdog.com/fighter/Jordan-Titoni-156045
Fabricio Oliveira,,,,,,,M,,,0,0,sherdog,https://www.sherdog.com/fighter/Fabricio-Oliveira-86757
Da'Mon Blackshear,,,,,,,M,,,0,0,sherdog,https://www.sherdog.com/fighter/DaMon-Blackshear-243891
Boimah Karmo,,,,,,,M,,,0,0,sherdog,https://www.sherdog.com/fighter/Boimah-Karmo-162417
Francisco Isata,,,,,,,M,,,0,0,sherdog,https://www.sherdog.com/fighter/Francisco-Isata-156305
Mike Lawrence,,,,,,,M,,,0,0,sherdog,https://www.sherdog.com/fighter/Mike-Lawrence-191151
Renaldo Weekley,,,,,,,M,,,0,0,sherdog,https://www.sherdog.com/fighter/Renaldo-Weekley-238035
William Calhoun III,,,,,,,M,,,0,0,sherdog,https://www.sherdog.com/fighter/William-Calhoun-III-207825
Robert Watley,,,,,,,M,,,0,0,sherdog,https://www.sherdog.com/fighter/Robert-Watley-171353
Shelby Graham,,,,,,,M,,,0,0,sherdog,https://www.sherdog.com/fighter/Shelby-Graham-120031
Jacob Bohn,,,,,,,M,,,0,0,sherdog,https://www.sherdog.com/fighter/Jacob-Bohn-148407
Ethan Hughes,,,,,,,M,,,0,0,sherdog,https://www.sherdog.com/fighter/Ethan-Hughes-312209
Robert Hale,,,,,,,M,,,0,0,sherdog,https://www.sherdog.com/fighter/Robert-Hale-272993
Ratavious Williams,,,,,,,M,,,0,0,sherdog,https://www.sherdog.com/fighter/Ratavious-Williams-371012
Chris Mixan,,,,,,,M,,,0,0,sherdog,https://www.sherdog.com/fighter/Chris-Mixan-315959
Raheam Forest,,,,,,,M,,,0,0,sherdog,https://www.sherdog.com/fighter/Raheam-Forest-250387
Ian Stephens,,,,,,,M,,,0,0,sherdog,https://www.sherdog.com/fighter/Ian-Stephens-65370
Bahromjon Mashrapov,,,,,,,M,,,0,0,sherdog,https://www.sherdog.com/fighter/Bahromjon-Mashrapov-379480
Shlomo Boyd,,,,,,,M,,,0,0,sherdog,https://www.sherdog.com/fighter/Shlomo-Boyd-372967
Sedric Johnson,,,,,,,M,,,0,0,sherdog,https://www.sherdog.com/fighter/Sedric-Johnson-93737
Bryan McDowell,,,,,,,M,,,0,0,sherdog,https://www.sherdog.com/fighter/Bryan-McDowell-137815
Alvin Davis,,,,,,,M,,,0,0,sherdog,https://www.sherdog.com/fighter/Alvin-Davis-92341
Ben DeLeon,,,,,,,M,,,0,0,sherdog,https://www.sherdog.com/fighter/Ben-DeLeon-54322
Gezhen Re,,,,,,,M,,,0,0,sherdog,https://www.sherdog.com/fighter/Gezhen-Re-415807
Yuki Iwakura,,,,,,,M,,,0,0,sherdog,https://www.sherdog.com/fighter/Yuki-Iwakura-410629
Jae Hyuk Bang,,,,,,,M,,,0,0,sherdog,https://www.sherdog.com/fighter/Jae-Hyuk-Bang-241803
Chihaya Ishizuki,,,,,,,M,,,0,0,sherdog,https://www.sherdog.com/fighter/Chihaya-Ishizuki-365457
Adonis Sevilleno,,,,,,,M,,,0,0,sherdog,https://www.sherdog.com/fighter/Adonis-Sevilleno-229545
Turbayar Hurelbaatar,,,,,,,M,,,0,0,sherdog,https://www.sherdog.com/fighter/Turbayar-Hurelbaatar-271273
Bayarjargal Tsendoo,,,,,,,M,,,0,0,sherdog,https://www.sherdog.com/fighter/Bayarjargal-Tsendoo-271073
Ganzorig Erdenebaatar,,,,,,,M,,,0,0,sherdog,https://www.sherdog.com/fighter/Ganzorig-Erdenebaatar-257117
Ulziibat Ganbaatar,,,,,,,M,,,0,0,sherdog,https://www.sherdog.com/fighter/Ulziibat-Ganbaatar-417993
Zolbayar Uuganbayar,,,,,,,M,,,0,0,sherdog,https://www.sherdog.com/fighter/Zolbayar-Uuganbayar-417982
Cody Gibson,,,,,,,M,,,0,0,sherdog,https://www.sherdog.com/fighter/Cody-Gibson-38903
Daniel Marcos,,,,,,,M,,,0,0,sherdog,https://www.sherdog.com/fighter/Daniel-Marcos-205313
Johnny Munoz Jr.,,,,,,,M,,,0,0,sherdog,https://www.sherdog.com/fighter/Johnny-Munoz-Jr-195507
Jeff Molina,,,,,,,M,,,0,0,sherdog,https://www.sherdog.com/fighter/Jeff-Molina-218069
Khizri Abdulaev,,,,,,,M,,,0,0,sherdog,https://www.sherdog.com/fighter/Khizri-Abdulaev-258857
Amirlan Amirov,,,,,,,M,,,0,0,sherdog,https://www.sherdog.com/fighter/Amirlan-Amirov-257567
Giorgi Borashvili,,,,,,,M,,,0,0,sherdog,https://www.sherdog.com/fighter/Giorgi-Borashvili-217287
Yong E,,,,,,,M,,,0,0,sherdog,https://www.sherdog.com/fighter/Yong-E-233625
Carlos Eduardo de Azevedo,,,,,,,M,,,0,0,sherdog,https://www.sherdog.com/fighter/Carlos-Eduardo-de-Azevedo-161763
Orazgeldi Atabayev,,,,,,,M,,,0,0,sherdog,https://www.sherdog.com/fighter/Orazgeldi-Atabayev-255561
Shuo Wang,,,,,,,M,,,0,0,sherdog,https://www.sherdog.com/fighter/Shuo-Wang-199415
Sen Yang,,,,,,,M,,,0,0,sherdog,https://www.sherdog.com/fighter/Sen-Yang-210431
Jiaerken Ailimubai,,,,,,,M,,,0,0,sherdog,https://www.sherdog.com/fighter/Jiaerken-Ailimubai-236853
Vladislav Doroshenko,,,,,,,M,,,0,0,sherdog,https://www.sherdog.com/fighter/Vladislav-Doroshenko-203593
Xiaolong Wu,,,,,,,M,,,0,0,sherdog,https://www.sherdog.com/fighter/Xiaolong-Wu-242135
Maksadzhon Yusupov,,,,,,,M,,,0,0,sherdog,https://www.sherdog.com/fighter/Maksadzhon-Yusupov-252527
Ailiyaer Didaer,,,,,,,M,,,0,0,sherdog,https://www.sherdog.com/fighter/Ailiyaer-Didaer-242129
Kana Hyatt,,,,,,,M,,,0,0,sherdog,https://www.sherdog.com/fighter/Kana-Hyatt-16338
Huo You Ga Bu,,,,,,,M,,,0,0,sherdog,https://www.sherdog.com/fighter/Huo-You-Ga-Bu-214717
Nakouzi Nakouzi,,,,,,,M,,,0,0,sherdog,https://www.sherdog.com/fighter/Nakouzi-Nakouzi-406490
Vitalii Vitalii,,,,,,,M,,,0,0,sherdog,https://www.sherdog.com/fighter/Vitalii-Vitalii-305823
Umidjon Musaev,,,,,,,M,,,0,0,sherdog,https://www.sherdog.com/fighter/Umidjon-Musaev-198863
Kirill Tropinin,,,,,,,M,,,0,0,sherdog,https://www.sherdog.com/fighter/Kirill-Tropinin-188967
Max Leali,,,,,,,M,,,0,0,sherdog,https://www.sherdog.com/fighter/Max-Leali-225403
Martial Seguy,,,,,,,M,,,0,0,sherdog,https://www.sherdog.com/fighter/Martial-Seguy-138963
Willy Zancanaro,,,,,,,M,,,0,0,sherdog,https://www.sherdog.com/fighter/Willy-Zancanaro-97211
Ahmad Davlatov,,,,,,,M,,,0,0,sherdog,https://www.sherdog.com/fighter/Ahmad-Davlatov-256495
Grigory Popov,,,,,,,M,,,0,0,sherdog,https://www.sherdog.com/fighter/Grigory-Popov-131039
Minghui Bai,,,,,,,M,,,0,0,sherdog,https://www.sherdog.com/fighter/Minghui-Bai-257053
Guoqing Zhong,,,,,,,M,,,0,0,sherdog,https://www.sherdog.com/fighter/Guoqing-Zhong-186689
Westin Wilson,,,,,,,M,,,0,0,sherdog,https://www.sherdog.com/fighter/Westin-Wilson-110361
Wellington Prado,,,,,,,M,,,0,0,sherdog,https://www.sherdog.com/fighter/Wellington-Prado-272389
Duilio Aparecido Bueno dos Santos,,,,,,,M,,,0,0,sherdog,https://www.sherdog.com/fighter/Duilio-Aparecido-Bueno-dos-Santos-154177
Cicero Coutinho,,,,,,,M,,,0,0,sherdog,https://www.sherdog.com/fighter/Cicero-Coutinho-120673
Leandro Compri,,,,,,,M,,,0,0,sherdog,https://www.sherdog.com/fighter/Leandro-Compri-133487
Wanderley Rosa Ferreira Levandovski,,,,,,,M,,,0,0,sherdog,https://www.sherdog.com/fighter/Wanderley-Rosa-Ferreira-Levandovski-187619
Jefson Castor,,,,,,,M,,,0,0,sherdog,https://www.sherdog.com/fighter/Jefson-Castor-268025
Rogerio Furtado,,,,,,,M,,,0,0,sherdog,https://www.sherdog.com/fighter/Rogerio-Furtado-142179
Henrique Gomes,,,,,,,M,,,0,0,sherdog,https://www.sherdog.com/fighter/Henrique-Gomes-246099
Marcio de Oliveira,,,,,,,M,,,0,0,sherdog,https://www.sherdog.com/fighter/Marcio-de-Oliveira-80544
Rafael Moreira,,,,,,,M,,,0,0,sherdog,https://www.sherdog.com/fighter/Rafael-Moreira-31107
John Yannis,,,,,,,M,,,0,0,sherdog,https://www.sherdog.com/fighter/John-Yannis-249443
J.P. Buys,,,,,,,M,,,0,0,sherdog,https://www.sherdog.com/fighter/JP-Buys-197069
Luciano Ramos,,,,,,,M,,,0,0,sherdog,https://www.sherdog.com/fighter/Luciano-Ramos-149303
Abram Sellers,,,,,,,M,,,0,0,sherdog,https://www.sherdog.com/fighter/Abram-Sellers-292967
Rafael do Nascimento,,,,,,,M,,,0,0,sherdog,https://www.sherdog.com/fighter/Rafael-do-Nascimento-275059
Rodney Mondala,,,,,,,M,,,0,0,sherdog,https://www.sherdog.com/fighter/Rodney-Mondala-154681
Raphael Montini de Lima,,,,,,,M,,,0,0,sherdog,https://www.sherdog.com/fighter/Raphael-Montini-de-Lima-167027
Ricardo Maynez,,,,,,,M,,,0,0,sherdog,https://www.sherdog.com/fighter/Ricardo-Maynez-250983
Nick Alwag,,,,,,,M,,,0,0,sherdog,https://www.sherdog.com/fighter/Nick-Alwag-205805
Spike Carlyle,,,,,,,M,,,0,0,sherdog,https://www.sherdog.com/fighter/Spike-Carlyle-188775
Jacob Kilburn,,,,,,,M,,,0,0,sherdog,https://www.sherdog.com/fighter/Jacob-Kilburn-238233
Adrian Vilaca,,,,,,,M,,,0,0,sherdog,https://www.sherdog.com/fighter/Adrian-Vilaca-57421
Eric Reynolds,,,,,,,M,,,0,0,sherdog,https://www.sherdog.com/fighter/Eric-Reynolds-20976
Ryan Fillingame,,,,,,,M,,,0,0,sherdog,https://www.sherdog.com/fighter/Ryan-Fillingame-67424
Matt DiMarcantonio,,,,,,,M,,,0,0,sherdog,https://www.sherdog.com/fighter/Matt-DiMarcantonio-52373
Michel Quinones,,,,,,,M,,,0,0,sherdog,https://www.sherdog.com/fighter/Michel-Quinones-75509
Marc Stevens,,,,,,,M,,,0,0,sherdog,https://www.sherdog.com/fighter/Marc-Stevens-15710
Khama Worthy,,,,,,,M,,,0,0,sherdog,https://www.sherdog.com/fighter/Khama-Worthy-82557
Terrell Hobbs,,,,,,,M,,,0,0,sherdog,https://www.sherdog.com/fighter/Terrell-Hobbs-59409
Isaac Figueroa,,,,,,,M,,,0,0,sherdog,https://www.sherdog.com/fighter/Isaac-Figueroa-75781
Sandro da Silva,,,,,,,M,,,0,0,sherdog,https://www.sherdog.com/fighter/Sandro-da-Silva-99077
J.P. Reese,,,,,,,M,,,0,0,sherdog,https://www.sherdog.com/fighter/JP-Reese-67516
Howard Reece,,,,,,,M,,,0,0,sherdog,https://www.sherdog.com/fighter/Howard-Reece-72600
Martina Jindrova,,,,,,,F,,,0,0,sherdog,https://www.sherdog.com/fighter/Martina-Jindrova-302405
Kaitlin Young,,,,,,,F,,,0,0,sherdog,https://www.sherdog.com/fighter/Kaitlin-Young-26251
Marina Spivac,,,,,,,F,,,0,0,sherdog,https://www.sherdog.com/fighter/Marina-Spivac-226813
Taylor Guardado,,,,,,,F,,,0,0,sherdog,https://www.sherdog.com/fighter/Taylor-Guardado-58538
Genah Fabian,,,,,,,F,,,0,0,sherdog,https://www.sherdog.com/fighter/Genah-Fabian-208385
Cindy Dandois,,,,,,,F,,,0,0,sherdog,https://www.sherdog.com/fighter/Cindy-Dandois-42457
Courtney King,,,,,,,F,,,0,0,sherdog,https://www.sherdog.com/fighter/Courtney-King-216879
Bobbi Jo Dalziel,,,,,,,F,,,0,0,sherdog,https://www.sherdog.com/fighter/Bobbi-Jo-Dalziel-78363
Morgan Frier,,,,,,,F,,,0,0,sherdog,https://www.sherdog.com/fighter/Morgan-Frier-212991
Moriel Charneski,,,,,,,F,,,0,0,sherdog,https://www.sherdog.com/fighter/Moriel-Charneski-50321
Jozette Cotton,,,,,,,F,,,0,0,sherdog,https://www.sherdog.com/fighter/Jozette-Cotton-102295
Brittney Elkin,,,,,,,F,,,0,0,sherdog,https://www.sherdog.com/fighter/Brittney-Elkin-101013
Julia Avila,,,,,,,F,,,0,0,sherdog,https://www.sherdog.com/fighter/Julia-Avila-91159
Josiane Nunes,,,,,Bantamweight,ufc-roster,F,,,0,0,sherdog,https://www.sherdog.com/fighter/Josiane-Nunes-147215
Zarah Fairn,,,,,,,F,,,0,0,sherdog,https://www.sherdog.com/fighter/Zarah-Fairn-142861
Nadja Milijancevic,,,,,,,F,,,0,0,sherdog,https://www.sherdog.com/fighter/Nadja-Milijancevic-408457
Jackelin Casariego,,,,,,,F,,,0,0,sherdog,https://www.sherdog.com/fighter/Jackelin-Casariego-293353
Robert Varricchio,,,,,,,M,,,0,0,sherdog,https://www.sherdog.com/fighter/Robert-Varricchio-369286
Ilay Barzilay,,,,,,,M,,,0,0,sherdog,https://www.sherdog.com/fighter/Ilay-Barzilay-326811
Richie Lewis,,,,,,,M,,,0,0,sherdog,https://www.sherdog.com/fighter/Richie-Lewis-382208
Hugo Oyarzun,,,,,,,M,,,0,0,sherdog,https://www.sherdog.com/fighter/Hugo-Oyarzun-233145
Maycon Mendonca,,,,,,,M,,,0,0,sherdog,https://www.sherdog.com/fighter/Maycon-Mendonca-158747
Kegan Agnew,,,,,,,M,,,0,0,sherdog,https://www.sherdog.com/fighter/Kegan-Agnew-290957
Derion Chapman,,,,,,,M,,,0,0,sherdog,https://www.sherdog.com/fighter/Derion-Chapman-151309
James Wilson,,,,,,,M,,,0,0,sherdog,https://www.sherdog.com/fighter/James-Wilson-353485
Elijah Harris,,,,,,,M,,,0,0,sherdog,https://www.sherdog.com/fighter/Elijah-Harris-175451
Devon Dixon,,,,,,,M,,,0,0,sherdog,https://www.sherdog.com/fighter/Devon-Dixon-310693
James Lynch,,,,,,,M,,,0,0,sherdog,https://www.sherdog.com/fighter/James-Lynch-152081
Isaiah Culpepper,,,,,,,M,,,0,0,sherdog,https://www.sherdog.com/fighter/Isaiah-Culpepper-144507
Jordan Timbal,,,,,,,M,,,0,0,sherdog,https://www.sherdog.com/fighter/Jordan-Timbal-381909
Maryna Moroz,,,,,,,F,,,0,0,sherdog,https://www.sherdog.com/fighter/Maryna-Moroz-151905
Qihui Yan,,,,,,,F,,,0,0,sherdog,https://www.sherdog.com/fighter/Qihui-Yan-242711
Geovanna Eduarda,,,,,,,F,,,0,0,sherdog,https://www.sherdog.com/fighter/Geovanna-Eduarda-347361
Vitoria Ferreira,,,,,,,F,,,0,0,sherdog,https://www.sherdog.com/fighter/Vitoria-Ferreira-165469
Juliete de Souza Silva,,,,,,,F,,,0,0,sherdog,https://www.sherdog.com/fighter/Juliete-de-Souza-Silva-94573
Bruna Rosso,,,,,,,F,,,0,0,sherdog,https://www.sherdog.com/fighter/Bruna-Rosso-209583
Leticia Oliveira Ribeiro,,,,,,,F,,,0,0,sherdog,https://www.sherdog.com/fighter/Leticia-Oliveira-Ribeiro-198921
Cynthia Candido,,,,,,,F,,,0,0,sherdog,https://www.sherdog.com/fighter/Cynthia-Candido-176265
Geisyele Nascimento,,,,,,,F,,,0,0,sherdog,https://www.sherdog.com/fighter/Geisyele-Nascimento-169801
Patricia Marques,,,,,,,F,,,0,0,sherdog,https://www.sherdog.com/fighter/Patricia-Marques-167825
Cintia Nunes,,,,,,,F,,,0,0,sherdog,https://www.sherdog.com/fighter/Cintia-Nunes-165511
Helaine Ribeiro,,,,,,,F,,,0,0,sherdog,https://www.sherdog.com/fighter/Helaine-Ribeiro-153981
Marta Souza,,,,,,,F,,,0,0,sherdog,https://www.sherdog.com/fighter/Marta-Souza-150465
Elaine Albuquerque,,,,,,,F,,,0,0,sherdog,https://www.sherdog.com/fighter/Elaine-Albuquerque-117641
Mataeo Garner,,,,,,,M,,,0,0,sherdog,https://www.sherdog.com/fighter/Mataeo-Garner-351271
Ben Fowler,,,,,,,M,,,0,0,sherdog,https://www.sherdog.com/fighter/Ben-Fowler-299573
Jaquis Williams,,,,,,,M,,,0,0,sherdog,https://www.sherdog.com/fighter/Jaquis-Williams-124671
James Regina,,,,,,,M,,,0,0,sherdog,https://www.sherdog.com/fighter/James-Regina-237833
Tom Krenzel,,,,,,,M,,,0,0,sherdog,https://www.sherdog.com/fighter/Tom-Krenzel-74459
Orion Cosce,,,,,,,M,,,0,0,sherdog,https://www.sherdog.com/fighter/Orion-Cosce-156917
Bryan Battle,,,,,,,M,,,0,0,sherdog,https://www.sherdog.com/fighter/Bryan-Battle-249825
Angelo Trevino,,,,,,,M,,,0,0,sherdog,https://www.sherdog.com/fighter/Angelo-Trevino-201359
Noel Ligon,,,,,,,M,,,0,0,sherdog,https://www.sherdog.com/fighter/Noel-Ligon-73915
Anthony Tatum,,,,,,,M,,,0,0,sherdog,https://www.sherdog.com/fighter/Anthony-Tatum-106129
Roldan Abundis,,,,,,,M,,,0,0,sherdog,https://www.sherdog.com/fighter/Roldan-Abundis-168111
Jared Perez,,,,,,,M,,,0,0,sherdog,https://www.sherdog.com/fighter/Jared-Perez-71087
Salvador Gonzalez,,,,,,,M,,,0,0,sherdog,https://www.sherdog.com/fighter/Salvador-Gonzalez-138873
Matthew Semelsberger,,,,,,,M,,,0,0,sherdog,https://www.sherdog.com/fighter/Matthew-Semelsberger-251541
Omar Morales,,,,,,,M,,,0,0,sherdog,https://www.sherdog.com/fighter/Omar-Morales-120645
Aalon Cruz,,,,,,,M,,,0,0,sherdog,https://www.sherdog.com/fighter/Aalon-Cruz-103485
Mikey Gonzalez,,,,,,,M,,,0,0,sherdog,https://www.sherdog.com/fighter/Mikey-Gonzalez-205501
Alonzo Leisholm Jr.,,,,,,,M,,,0,0,sherdog,https://www.sherdog.com/fighter/Alonzo-Leisholm-Jr-312167
Jason Flowers,,,,,,,M,,,0,0,sherdog,https://www.sherdog.com/fighter/Jason-Flowers-276917
Nathan Feitosa,,,,,,,M,,,0,0,sherdog,https://www.sherdog.com/fighter/Nathan-Feitosa-136979
Seth Kroll,,,,,,,M,,,0,0,sherdog,https://www.sherdog.com/fighter/Seth-Kroll-131817
Rob Rivera,,,,,,,M,,,0,0,sherdog,https://www.sherdog.com/fighter/Rob-Rivera-221849
Hugo Lezama,,,,,,,M,,,0,0,sherdog,https://www.sherdog.com/fighter/Hugo-Lezama-173033
Kevin Hein,,,,,,,M,,,0,0,sherdog,https://www.sherdog.com/fighter/Kevin-Hein-434235
Braden Peterson,,,,,,,M,,,0,0,sherdog,https://www.sherdog.com/fighter/Braden-Peterson-470744
Jeka Saragih,,,,,,,M,,,0,0,sherdog,https://www.sherdog.com/fighter/Jeka-Saragih-282415
Reinaldo Ekson,,,,,,,M,,,0,0,sherdog,https://www.sherdog.com/fighter/Reinaldo-Ekson-111523
Takuya Kuramoto,,,,,,,M,,,0,0,sherdog,https://www.sherdog.com/fighter/Takuya-Kuramoto-375187
Doo Seok Oh,,,,,,,M,,,0,0,sherdog,https://www.sherdog.com/fighter/Doo-Seok-Oh-222477
Jun Hee Jung,,,,,,,M,,,0,0,sherdog,https://www.sherdog.com/fighter/Jun-Hee-Jung-379119
Baek Ho Jang,,,,,,,M,,,0,0,sherdog,https://www.sherdog.com/fighter/Baek-Ho-Jang-382232
Luis Gurule,,,,,,,M,,,0,0,sherdog,https://www.sherdog.com/fighter/Luis-Gurule-390304
Niushiyue Ji,,,,,,,M,,,0,0,sherdog,https://www.sherdog.com/fighter/Niushiyue-Ji-257563
Mark Climaco,,,,,,,M,,,0,0,sherdog,https://www.sherdog.com/fighter/Mark-Climaco-226573
Ronal Siahaan,,,,,,,M,,,0,0,sherdog,https://www.sherdog.com/fighter/Ronal-Siahaan-356923
Satoru Enomoto,,,,,,,M,,,0,0,sherdog,https://www.sherdog.com/fighter/Satoru-Enomoto-63784
Masatoshi Ueda,,,,,,,M,,,0,0,sherdog,https://www.sherdog.com/fighter/Masatoshi-Ueda-127345
Taiki Akiba,,,,,,,M,,,0,0,sherdog,https://www.sherdog.com/fighter/Taiki-Akiba-124319
Kenta Kubo,,,,,,,M,,,0,0,sherdog,https://www.sherdog.com/fighter/Kenta-Kubo-327057
Ryo Araki,,,,,,,M,,,0,0,sherdog,https://www.sherdog.com/fighter/Ryo-Araki-349555
Tatsuki Okano,,,,,,,M,,,0,0,sherdog,https://www.sherdog.com/fighter/Tatsuki-Okano-277701
Luis Saldana,,,,,,,M,,,0,0,sherdog,https://www.sherdog.com/fighter/Luis-Saldana-77414
Collin Anglin,,,,,,,M,,,0,0,sherdog,https://www.sherdog.com/fighter/Collin-Anglin-280415
Rashard Lovelace,,,,,,,M,,,0,0,sherdog,https://www.sherdog.com/fighter/Rashard-Lovelace-77808
Seth Basler,,,,,,,M,,,0,0,sherdog,https://www.sherdog.com/fighter/Seth-Basler-72997
Coltin Cole,,,,,,,M,,,0,0,sherdog,https://www.sherdog.com/fighter/Coltin-Cole-71711
Kevin Brown Jr.,,,,,,,M,,,0,0,sherdog,https://www.sherdog.com/fighter/Kevin-Brown-Jr-239953
Irina Alekseeva,,,,,,,F,,,0,0,sherdog,https://www.sherdog.com/fighter/Irina-Alekseeva-318403
Ana Lobzhanidze,,,,,,,F,,,0,0,sherdog,https://www.sherdog.com/fighter/Ana-Lobzhanidze-394006
Brena Cardozo,,,,,,,F,,,0,0,sherdog,https://www.sherdog.com/fighter/Brena-Cardozo-353187
Zoya Litvinenko,,,,,,,F,,,0,0,sherdog,https://www.sherdog.com/fighter/Zoya-Litvinenko-379022
Daria Rehil,,,,,,,F,,,0,0,sherdog,https://www.sherdog.com/fighter/Daria-Rehil-250769
Sylwia Maksym,,,,,,,F,,,0,0,sherdog,https://www.sherdog.com/fighter/Sylwia-Maksym-385259
Karolina Sobek,,,,,,,F,,,0,0,sherdog,https://www.sherdog.com/fighter/Karolina-Sobek-305487
Andreyna Raquel Rocha,,,,,,,F,,,0,0,sherdog,https://www.sherdog.com/fighter/Andreyna-Raquel-Rocha-366989
Juliana Nascimento,,,,,,,F,,,0,0,sherdog,https://www.sherdog.com/fighter/Juliana-Nascimento-382137
Abu Azaitar,,,,,,,M,,,0,0,sherdog,https://www.sherdog.com/fighter/Abu-Azaitar-55936
Josh Fremd,,,,,,,M,,,0,0,sherdog,https://www.sherdog.com/fighter/Josh-Fremd-162285
Matej Penaz,,,,,,,M,,,0,0,sherdog,https://www.sherdog.com/fighter/Matej-Penaz-370929
Aaron Highbaugh,,,,,,,M,,,0,0,sherdog,https://www.sherdog.com/fighter/Aaron-Highbaugh-148541
DeWitt Dixon,,,,,,,M,,,0,0,sherdog,https://www.sherdog.com/fighter/DeWitt-Dixon-378718
Mario Mancillas,,,,,,,M,,,0,0,sherdog,https://www.sherdog.com/fighter/Mario-Mancillas-150877
Lance Thompson,,,,,,,M,,,0,0,sherdog,https://www.sherdog.com/fighter/Lance-Thompson-26582
DeMarcus Kemp,,,,,,,M,,,0,0,sherdog,https://www.sherdog.com/fighter/DeMarcus-Kemp-262027
Clarence Brown,,,,,,,M,,,0,0,sherdog,https://www.sherdog.com/fighter/Clarence-Brown-144265
Nikolay Veretennikov,,,,,,,M,,,0,0,sherdog,https://www.sherdog.com/fighter/Nikolay-Veretennikov-186789
Miguel Arizmendi,,,,,,,M,,,0,0,sherdog,https://www.sherdog.com/fighter/Miguel-Arizmendi-155071
Ricardo Centeno,,,,,,,M,,,0,0,sherdog,https://www.sherdog.com/fighter/Ricardo-Centeno-191979
Daniel Luigy Bastidas,,,,,,,M,,,0,0,sherdog,https://www.sherdog.com/fighter/Daniel-Luigy-Bastidas-276415
Mario Navarrete,,,,,,,M,,,0,0,sherdog,https://www.sherdog.com/fighter/Mario-Navarrete-176503
Gregoris Cisneros,,,,,,,M,,,0,0,sherdog,https://www.sherdog.com/fighter/Gregoris-Cisneros-357669
Erick Zambrano,,,,,,,M,,,0,0,sherdog,https://www.sherdog.com/fighter/Erick-Zambrano-300365
Mathias Salazar,,,,,,,M,,,0,0,sherdog,https://www.sherdog.com/fighter/Mathias-Salazar-342009
Oscar Ravello,,,,,,,M,,,0,0,sherdog,https://www.sherdog.com/fighter/Oscar-Ravello-269371
Leonardo Blasco,,,,,,,M,,,0,0,sherdog,https://www.sherdog.com/fighter/Leonardo-Blasco-285817
Alvaro Vacacela,,,,,,,M,,,0,0,sherdog,https://www.sherdog.com/fighter/Alvaro-Vacacela-238167
A.J. Cunningham,,,,,,,M,,,0,0,sherdog,https://www.sherdog.com/fighter/AJ-Cunningham-228033
Devonte Smith,,,,,,,M,,,0,0,sherdog,https://www.sherdog.com/fighter/Devonte-Smith-89163
Michael Trizano,,,,,,,M,,,0,0,sherdog,https://www.sherdog.com/fighter/Michael-Trizano-163551
Lukasz Sajewski,,,,,,,M,,,0,0,sherdog,https://www.sherdog.com/fighter/Lukasz-Sajewski-31110
Willian Lima,,,,,,,M,,,0,0,sherdog,https://www.sherdog.com/fighter/Willian-Lima-160381
Arbi Mezhidov,,,,,,,M,,,0,0,sherdog,https://www.sherdog.com/fighter/Arbi-Mezhidov-85225
Kamil Selwa,,,,,,,M,,,0,0,sherdog,https://www.sherdog.com/fighter/Kamil-Selwa-103111
Matej Kuznik,,,,,,,M,,,0,0,sherdog,https://www.sherdog.com/fighter/Matej-Kuznik-93131
Krzysztof Klaczek,,,,,,,M,,,0,0,sherdog,https://www.sherdog.com/fighter/Krzysztof-Klaczek-79403
Moric Besztercei,,,,,,,M,,,0,0,sherdog,https://www.sherdog.com/fighter/Moric-Besztercei-83671
Ahmed Abdulkadirov,,,,,,,M,,,0,0,sherdog,https://www.sherdog.com/fighter/Ahmed-Abdulkadirov-226365
Khusein Maltsagov,,,,,,,M,,,0,0,sherdog,https://www.sherdog.com/fighter/Khusein-Maltsagov-222855
Igor Tarytsa,,,,,,,M,,,0,0,sherdog,https://www.sherdog.com/fighter/Igor-Tarytsa-233597
Aleksandar Jankovic,,,,,,,M,,,0,0,sherdog,https://www.sherdog.com/fighter/Aleksandar-Jankovic-195397
Michal Stefek,,,,,,,M,,,0,0,sherdog,https://www.sherdog.com/fighter/Michal-Stefek-197939
Samuel Ribansky,,,,,,,M,,,0,0,sherdog,https://www.sherdog.com/fighter/Samuel-Ribansky-208225
Adam Nemeth,,,,,,,M,,,0,0,sherdog,https://www.sherdog.com/fighter/Adam-Nemeth-124649
Kamil Tarnawski,,,,,,,M,,,0,0,sherdog,https://www.sherdog.com/fighter/Kamil-Tarnawski-47201
Martin Mihalik,,,,,,,M,,,0,0,sherdog,https://www.sherdog.com/fighter/Martin-Mihalik-119703
Tereza Bleda,,,,,,,F,,,0,0,sherdog,https://www.sherdog.com/fighter/Tereza-Bleda-280807
Joice Mara da Silva,,,,,,,F,,,0,0,sherdog,https://www.sherdog.com/fighter/Joice-Mara-da-Silva-238057
Gabriela Reis Marcal,,,,,,,F,,,0,0,sherdog,https://www.sherdog.com/fighter/Gabriela-Reis-Marcal-237515
Raquel Santiago,,,,,,,F,,,0,0,sherdog,https://www.sherdog.com/fighter/Raquel-Santiago-274719
Kenia Stephani Santana,,,,,,,F,,,0,0,sherdog,https://www.sherdog.com/fighter/Kenia-Stephani-Santana-271435
Ingritt Silva,,,,,,,F,,,0,0,sherdog,https://www.sherdog.com/fighter/Ingritt-Silva-252417
Tarciara Santos de Oliveira,,,,,,,F,,,0,0,sherdog,https://www.sherdog.com/fighter/Tarciara-Santos-de-Oliveira-259307
Simone Almeida da Silva,,,,,,,F,,,0,0,sherdog,https://www.sherdog.com/fighter/Simone-Almeida-da-Silva-204585
Carolina Oliveira,,,,,,,F,,,0,0,sherdog,https://www.sherdog.com/fighter/Carolina-Oliveira-204093
Daiane Firmino,,,,,,,F,,,0,0,sherdog,https://www.sherdog.com/fighter/Daiane-Firmino-149679
Gabriela Souza,,,,,,,F,,,0,0,sherdog,https://www.sherdog.com/fighter/Gabriela-Souza-235609
Cris Macfer Ferreira Macedo,,,,,,,F,,,0,0,sherdog,https://www.sherdog.com/fighter/Cris-Macfer-Ferreira-Macedo-215267
Juliana Costa,,,,,,,F,,,0,0,sherdog,https://www.sherdog.com/fighter/Juliana-Costa-82372
Kenya Miranda da Silva,,,,,,,F,,,0,0,sherdog,https://www.sherdog.com/fighter/Kenya-Miranda-da-Silva-147241
Mike Mathetha,,,,,,,M,,,0,0,sherdog,https://www.sherdog.com/fighter/Mike-Mathetha-266635
Marco Smallman,,,,,,,M,,,0,0,sherdog,https://www.sherdog.com/fighter/Marco-Smallman-189099
Mumia Abu Dey-Ali,,,,,,,M,,,0,0,sherdog,https://www.sherdog.com/fighter/Mumia-Abu-DeyAli-194731
Jason Norwood,,,,,,,M,,,0,0,sherdog,https://www.sherdog.com/fighter/Jason-Norwood-31608
Bassil Hafez,,,,,,,M,,,0,0,sherdog,https://www.sherdog.com/fighter/Bassil-Hafez-116663
Emmanuel Walo,,,,,,,M,,,0,0,sherdog,https://www.sherdog.com/fighter/Emmanuel-Walo-79331
Bradley Desir,,,,,,,M,,,0,0,sherdog,https://www.sherdog.com/fighter/Bradley-Desir-62059
Scott Hudson,,,,,,,M,,,0,0,sherdog,https://www.sherdog.com/fighter/Scott-Hudson-112267
Quinton Stephens,,,,,,,M,,,0,0,sherdog,https://www.sherdog.com/fighter/Quinton-Stephens-116703
Claudio Ribeiro,,,,,,,M,,,0,0,sherdog,https://www.sherdog.com/fighter/Claudio-Ribeiro-249103
Marian Dimitrov,,,,,,,M,,,0,0,sherdog,https://www.sherdog.com/fighter/Marian-Dimitrov-126399
Justin Moore,,,,,,,M,,,0,0,sherdog,https://www.sherdog.com/fighter/Justin-Moore-168841
Lucas Marcinkowski,,,,,,,M,,,0,0,sherdog,https://www.sherdog.com/fighter/Lucas-Marcinkowski-80534
Kyle McClurkin,,,,,,,M,,,0,0,sherdog,https://www.sherdog.com/fighter/Kyle-McClurkin-169545
Nate Diaz,,,,,,,M,,,0,0,sherdog,https://www.sherdog.com/fighter/Nate-Diaz-11451
Peter Sobotta,,,,,,,M,,,0,0,sherdog,https://www.sherdog.com/fighter/Peter-Sobotta-15816
Albert Tumenov,,,,,,,M,,,0,0,sherdog,https://www.sherdog.com/fighter/Albert-Tumenov-60198
Dominic Waters,,,,,,,M,,,0,0,sherdog,https://www.sherdog.com/fighter/Dominic-Waters-68971
Pawel Pawlak,,,,,,,M,,,0,0,sherdog,https://www.sherdog.com/fighter/Pawel-Pawlak-65543
Claudio Silva,,,,,,,M,,,0,0,sherdog,https://www.sherdog.com/fighter/Claudio-Silva-25830
Shaun Taylor,,,,,,,M,,,0,0,sherdog,https://www.sherdog.com/fighter/Shaun-Taylor-64664
Wayne Murrie,,,,,,,M,,,0,0,sherdog,https://www.sherdog.com/fighter/Wayne-Murrie-20124
Wendle Lewis,,,,,,,M,,,0,0,sherdog,https://www.sherdog.com/fighter/Wendle-Lewis-57356
Adam Boussif,,,,,,,M,,,0,0,sherdog,https://www.sherdog.com/fighter/Adam-Boussif-79947
Jonathan Bilton,,,,,,,M,,,0,0,sherdog,https://www.sherdog.com/fighter/Jonathan-Bilton-20128
Delroy McDowell,,,,,,,M,,,0,0,sherdog,https://www.sherdog.com/fighter/Delroy-McDowell-84641
Pawel Zwiefka,,,,,,,M,,,0,0,sherdog,https://www.sherdog.com/fighter/Pawel-Zwiefka-87169
Damian Zlotnicki,,,,,,,M,,,0,0,sherdog,https://www.sherdog.com/fighter/Damian-Zlotnicki-61496
Marco Elpidio,,,,,,,M,,,0,0,sherdog,https://www.sherdog.com/fighter/Marco-Elpidio-177041
Shane Campbell,,,,,,,M,,,0,0,sherdog,https://www.sherdog.com/fighter/Shane-Campbell-34625
Michael Dufort,,,,,,,M,,,0,0,sherdog,https://www.sherdog.com/fighter/Michael-Dufort-95385
Cody Pfister,,,,,,,M,,,0,0,sherdog,https://www.sherdog.com/fighter/Cody-Pfister-48481
Troy Lamson,,,,,,,M,,,0,0,sherdog,https://www.sherdog.com/fighter/Troy-Lamson-84348
David Newport,,,,,,,M,,,0,0,sherdog,https://www.sherdog.com/fighter/David-Newport-42220
Adrian Hadribeaj,,,,,,,M,,,0,0,sherdog,https://www.sherdog.com/fighter/Adrian-Hadribeaj-119963
Damion Hill,,,,,,,M,,,0,0,sherdog,https://www.sherdog.com/fighter/Damion-Hill-73669
Keven Morin,,,,,,,M,,,0,0,sherdog,https://www.sherdog.com/fighter/Keven-Morin-48127
Adam Assenza,,,,,,,M,,,0,0,sherdog,https://www.sherdog.com/fighter/Adam-Assenza-85980
Jason Fischer,,,,,,,M,,,0,0,sherdog,https://www.sherdog.com/fighter/Jason-Fischer-85210
Jason Meisel,,,,,,,M,,,0,0,sherdog,https://www.sherdog.com/fighter/Jason-Meisel-85979
Lance Snow,,,,,,,M,,,0,0,sherdog,https://www.sherdog.com/fighter/Lance-Snow-25854
Mustafa Khalil,,,,,,,M,,,0,0,sherdog,https://www.sherdog.com/fighter/Mustafa-Khalil-44105
Benoit Guionnet,,,,,,,M,,,0,0,sherdog,https://www.sherdog.com/fighter/Benoit-Guionnet-51028
Keven Pellerin,,,,,,,M,,,0,0,sherdog,https://www.sherdog.com/fighter/Keven-Pellerin-80614
Pete Brown,,,,,,,M,,,0,0,sherdog,https://www.sherdog.com/fighter/Pete-Brown-22066
Jay Dawns,,,,,,,M,,,0,0,sherdog,https://www.sherdog.com/fighter/Jay-Dawns-42495
Justin Potter,,,,,,,M,,,0,0,sherdog,https://www.sherdog.com/fighter/Justin-Potter-41101
Rhys McKee,,,,,,,M,,,0,0,sherdog,https://www.sherdog.com/fighter/Rhys-McKee-145609
Mzwandile Hlongwa,,,,,,,M,,,0,0,sherdog,https://www.sherdog.com/fighter/Mzwandile-Hlongwa-223993
Sidney Wheeler,,,,,,,M,,,0,0,sherdog,https://www.sherdog.com/fighter/Sidney-Wheeler-209519
Marko Kisic,,,,,,,M,,,0,0,sherdog,https://www.sherdog.com/fighter/Marko-Kisic-230111
Ole Magnor,,,,,,,M,,,0,0,sherdog,https://www.sherdog.com/fighter/Ole-Magnor-118191
Gard Olve Sagen,,,,,,,M,,,0,0,sherdog,https://www.sherdog.com/fighter/Gard-Olve-Sagen-175497
Wellington Turman,,,,,Welterweight,ufc-roster,M,,,0,0,sherdog,https://www.sherdog.com/fighter/Wellington-Turman-157451
Artem Frolov,,,,,,,M,,,0,0,sherdog,https://www.sherdog.com/fighter/Artem-Frolov-164023
Alexander Shlemenko,,,,,,,M,,,0,0,sherdog,https://www.sherdog.com/fighter/Alexander-Shlemenko-14461
Gennadiy Kovalev,,,,,,,M,,,0,0,sherdog,https://www.sherdog.com/fighter/Gennadiy-Kovalev-81239
Matheus Mussato,,,,,,,M,,,0,0,sherdog,https://www.sherdog.com/fighter/Matheus-Mussato-172113
Moise Rimbon,,,,,,,M,,,0,0,sherdog,https://www.sherdog.com/fighter/Moise-Rimbon-2249
Tiago Varejao Lacerda,,,,,,,M,,,0,0,sherdog,https://www.sherdog.com/fighter/Tiago-Varejao-Lacerda-93579
Flavio Rodrigo Magon,,,,,,,M,,,0,0,sherdog,https://www.sherdog.com/fighter/Flavio-Rodrigo-Magon-113267
Alex Junius,,,,,,,M,,,0,0,sherdog,https://www.sherdog.com/fighter/Alex-Junius-105157
Jose de Batista Neto,,,,,,,M,,,0,0,sherdog,https://www.sherdog.com/fighter/Jose-de-Batista-Neto-17257
Douglas Almeida Silva,,,,,,,M,,,0,0,sherdog,https://www.sherdog.com/fighter/Douglas-Almeida-Silva-70472
Janio da Silva Dantas,,,,,,,M,,,0,0,sherdog,https://www.sherdog.com/fighter/Janio-da-Silva-Dantas-143877
Savio Montenegro,,,,,,,M,,,0,0,sherdog,https://www.sherdog.com/fighter/Savio-Montenegro-58629
Felipe Diego Dantas de Oliveira,,,,,,,M,,,0,0,sherdog,https://www.sherdog.com/fighter/Felipe-Diego-Dantas-de-Oliveira-90459
Thiago Buarque Silva,,,,,,,M,,,0,0,sherdog,https://www.sherdog.com/fighter/Thiago-Buarque-Silva-74015
Felipe Kezen,,,,,,,M,,,0,0,sherdog,https://www.sherdog.com/fighter/Felipe-Kezen-84036
Eduardo Mahal,,,,,,,M,,,0,0,sherdog,https://www.sherdog.com/fighter/Eduardo-Mahal-22285
Isac Almeida,,,,,,,M,,,0,0,sherdog,https://www.sherdog.com/fighter/Isac-Almeida-23634
Alisson Moura,,,,,,,M,,,0,0,sherdog,https://www.sherdog.com/fighter/Alisson-Moura-74421
Junior Eladio,,,,,,,M,,,0,0,sherdog,https://www.sherdog.com/fighter/Junior-Eladio-38244
Ivan Erslan,,,,,,,M,,,0,0,sherdog,https://www.sherdog.com/fighter/Ivan-Erslan-198413
George Tokkos,,,,,,,M,,,0,0,sherdog,https://www.sherdog.com/fighter/George-Tokkos-175999
Sam Kei,,,,,,,M,,,0,0,sherdog,https://www.sherdog.com/fighter/Sam-Kei-113369
Stuart Dare,,,,,,,M,,,0,0,sherdog,https://www.sherdog.com/fighter/Stuart-Dare-69051
James Craughwell,,,,,,,M,,,0,0,sherdog,https://www.sherdog.com/fighter/James-Craughwell-413271
Theodor Berggren,,,,,,,M,,,0,0,sherdog,https://www.sherdog.com/fighter/Theodor-Berggren-347365
Rodrigo Sezinando,,,,,,,M,,,0,0,sherdog,https://www.sherdog.com/fighter/Rodrigo-Sezinando-376658
Rustem Kudaibergenov,,,,,,,M,,,0,0,sherdog,https://www.sherdog.com/fighter/Rustem-Kudaibergenov-332653
Kanybek Zhanybek Uulu,,,,,,,M,,,0,0,sherdog,https://www.sherdog.com/fighter/Kanybek-Zhanybek-Uulu-242543
Rustam Yusupov,,,,,,,M,,,0,0,sherdog,https://www.sherdog.com/fighter/Rustam-Yusupov-188587
Sang Kwon Han,,,,,,,M,,,0,0,sherdog,https://www.sherdog.com/fighter/Sang-Kwon-Han-386480
Gabriel Souza,,,,,,,M,,,0,0,sherdog,https://www.sherdog.com/fighter/Gabriel-Souza-375583
Amirkhon Alihuzhaev,,,,,,,M,,,0,0,sherdog,https://www.sherdog.com/fighter/Amirkhon-Alihuzhaev-392631
Arkhat Mynbaev,,,,,,,M,,,0,0,sherdog,https://www.sherdog.com/fighter/Arkhat-Mynbaev-181381
Shamil Nixacov,,,,,,,M,,,0,0,sherdog,https://www.sherdog.com/fighter/Shamil-Nixacov-348329
Jimmy Vienot,,,,,,,M,,,0,0,sherdog,https://www.sherdog.com/fighter/Jimmy-Vienot-391216
Makhail Kovalenko,,,,,,,M,,,0,0,sherdog,https://www.sherdog.com/fighter/Makhail-Kovalenko-387391
Sviatoslav Zhymanov,,,,,,,M,,,0,0,sherdog,https://www.sherdog.com/fighter/Sviatoslav-Zhymanov-388893
Ian Heinisch,,,,,,,M,,,0,0,sherdog,https://www.sherdog.com/fighter/Ian-Heinisch-187341
Jordan Williams,,,,,,,M,,,0,0,sherdog,https://www.sherdog.com/fighter/Jordan-Williams-70941
Jonathan Meunier,,,,,,,M,,,0,0,sherdog,https://www.sherdog.com/fighter/Jonathan-Meunier-146567
Mateusz Gluch,,,,,,,M,,,0,0,sherdog,https://www.sherdog.com/fighter/Mateusz-Gluch-30169
Francesco Demontis,,,,,,,M,,,0,0,sherdog,https://www.sherdog.com/fighter/Francesco-Demontis-263871
Gregor Weibel,,,,,,,M,,,0,0,sherdog,https://www.sherdog.com/fighter/Gregor-Weibel-70117
Gary Formosa,,,,,,,M,,,0,0,sherdog,https://www.sherdog.com/fighter/Gary-Formosa-253939
Michal Michalski,,,,,,,M,,,0,0,sherdog,https://www.sherdog.com/fighter/Michal-Michalski-139687
Paul Lawrence,,,,,,,M,,,0,0,sherdog,https://www.sherdog.com/fighter/Paul-Lawrence-123373
Yanis Cheurfa,,,,,,,M,,,0,0,sherdog,https://www.sherdog.com/fighter/Yanis-Cheurfa-112253
Said Magomed Tachaev,,,,,,,M,,,0,0,sherdog,https://www.sherdog.com/fighter/Said-Magomed-Tachaev-219087
Lucia Szabova,,,,,,,F,,,0,0,sherdog,https://www.sherdog.com/fighter/Lucia-Szabova-363981
Katharina Lehner,,,,,,,F,,,0,0,sherdog,https://www.sherdog.com/fighter/Katharina-Lehner-178343
Luana Carolina,,,,,,,F,,,0,0,sherdog,https://www.sherdog.com/fighter/Luana-Carolina-189719
Caroline Yariwake da Cruz,,,,,,,F,,,0,0,sherdog,https://www.sherdog.com/fighter/Caroline-Yariwake-da-Cruz-227209
Marta Waliczek,,,,,,,F,,,0,0,sherdog,https://www.sherdog.com/fighter/Marta-Waliczek-113299
Maiju Suotama,,,,,,,F,,,0,0,sherdog,https://www.sherdog.com/fighter/Maiju-Suotama-51326
Cornelia Holm,,,,,,,F,,,0,0,sherdog,https://www.sherdog.com/fighter/Cornelia-Holm-201833
Alexandra Buch,,,,,,,F,,,0,0,sherdog,https://www.sherdog.com/fighter/Alexandra-Buch-49239
Eeva Siiskonen,,,,,,,F,,,0,0,sherdog,https://www.sherdog.com/fighter/Eeva-Siiskonen-111693
Melinda Fabian,,,,,,,F,,,0,0,sherdog,https://www.sherdog.com/fighter/Melinda-Fabian-198055
Suvi Salmimies,,,,,,,F,,,0,0,sherdog,https://www.sherdog.com/fighter/Suvi-Salmimies-164567
Julija Stoliarenko,,,,,,,F,,,0,0,sherdog,https://www.sherdog.com/fighter/Julija-Stoliarenko-143533
Lenka Smetankova,,,,,,,F,,,0,0,sherdog,https://www.sherdog.com/fighter/Lenka-Smetankova-110615
Marcus Vinicius Fialho da Silveira,,,,,,,M,,,0,0,sherdog,https://www.sherdog.com/fighter/Marcus-Vinicius-Fialho-da-Silveira-152691
Marcelo Cruz,,,,,,,M,,,0,0,sherdog,https://www.sherdog.com/fighter/Marcelo-Cruz-52719
Quemuel Ottoni,,,,,,,M,,,0,0,sherdog,https://www.sherdog.com/fighter/Quemuel-Ottoni-174569
Nkazimulo Zulu,,,,,,,M,,,0,0,sherdog,https://www.sherdog.com/fighter/Nkazimulo-Zulu-131543
Makoto Takahashi,,,,,,,M,,,0,0,sherdog,https://www.sherdog.com/fighter/Makoto-Takahashi-220083
Yuto Hokamura,,,,,,,M,,,0,0,sherdog,https://www.sherdog.com/fighter/Yuto-Hokamura-80347
Patrick Mix,,,,,,,M,,,0,0,sherdog,https://www.sherdog.com/fighter/Patrick-Mix-161007
Darrion Caldwell,,,,,,,M,,,0,0,sherdog,https://www.sherdog.com/fighter/Darrion-Caldwell-105431
Shintaro Ishiwatari,,,,,,,M,,,0,0,sherdog,https://www.sherdog.com/fighter/Shintaro-Ishiwatari-15245
Gabriel Leite de Oliveira,,,,,,,M,,,0,0,sherdog,https://www.sherdog.com/fighter/Gabriel-Leite-de-Oliveira-140677
Hideo Tokoro,,,,,,,M,,,0,0,sherdog,https://www.sherdog.com/fighter/Hideo-Tokoro-2276
Jon delos Reyes,,,,,,,M,,,0,0,sherdog,https://www.sherdog.com/fighter/Jon-delos-Reyes-58594
Darrell Montague,,,,,,,M,,,0,0,sherdog,https://www.sherdog.com/fighter/Darrell-Montague-34214
Dustin Pague,,,,,,,M,,,0,0,sherdog,https://www.sherdog.com/fighter/Dustin-Pague-39781
Manabu Inoue,,,,,,,M,,,0,0,sherdog,https://www.sherdog.com/fighter/Manabu-Inoue-13116
Tetsu Suzuki,,,,,,,M,,,0,0,sherdog,https://www.sherdog.com/fighter/Tetsu-Suzuki-9578
Masakatsu Ueda,,,,,,,M,,,0,0,sherdog,https://www.sherdog.com/fighter/Masakatsu-Ueda-14522
Naohiro Mizuno,,,,,,,M,,,0,0,sherdog,https://www.sherdog.com/fighter/Naohiro-Mizuno-22604
Yuta Nezu,,,,,,,M,,,0,0,sherdog,https://www.sherdog.com/fighter/Yuta-Nezu-21730
Takahiro Hosoi,,,,,,,M,,,0,0,sherdog,https://www.sherdog.com/fighter/Takahiro-Hosoi-8672
Seiji Akao,,,,,,,M,,,0,0,sherdog,https://www.sherdog.com/fighter/Seiji-Akao-23728
Keita Ishibashi,,,,,,,M,,,0,0,sherdog,https://www.sherdog.com/fighter/Keita-Ishibashi-51273
Ranki Kawana,,,,,,,M,,,0,0,sherdog,https://www.sherdog.com/fighter/Ranki-Kawana-13765
Yanal Ashmouz,,,,,,,M,,,0,0,sherdog,https://www.sherdog.com/fighter/Yanal-Ashmouz-252115
Mohammad Yahya,,,,,,,M,,,0,0,sherdog,https://www.sherdog.com/fighter/Mohammad-Yahya-104821
Malik Lewis,,,,,,,M,,,0,0,sherdog,https://www.sherdog.com/fighter/Malik-Lewis-183193
Warren Smith,,,,,,,M,,,0,0,sherdog,https://www.sherdog.com/fighter/Warren-Smith-79309
David Robins,,,,,,,M,,,0,0,sherdog,https://www.sherdog.com/fighter/David-Robins-305663
Ben Brewer,,,,,,,M,,,0,0,sherdog,https://www.sherdog.com/fighter/Ben-Brewer-85568
Cris Mims,,,,,,,M,,,0,0,sherdog,https://www.sherdog.com/fighter/Cris-Mims-384345
Darnell Truett,,,,,,,M,,,0,0,sherdog,https://www.sherdog.com/fighter/Darnell-Truett-247759
Stephen Wilhite,,,,,,,M,,,0,0,sherdog,https://www.sherdog.com/fighter/Stephen-Wilhite-175659
Stephanie Eggink,,,,,,,F,,,0,0,sherdog,https://www.sherdog.com/fighter/Stephanie-Eggink-68955
Avery Vilche,,,,,,,F,,,0,0,sherdog,https://www.sherdog.com/fighter/Avery-Vilche-24841
Marianna Kheyfets,,,,,,,F,,,0,0,sherdog,https://www.sherdog.com/fighter/Marianna-Kheyfets-67194
Jennifer Scott,,,,,,,F,,,0,0,sherdog,https://www.sherdog.com/fighter/Jennifer-Scott-48267
April Coutino,,,,,,,F,,,0,0,sherdog,https://www.sherdog.com/fighter/April-Coutino-43425
Kyane Hampton,,,,,,,F,,,0,0,sherdog,https://www.sherdog.com/fighter/Kyane-Hampton-56877
Henrique da Silva,,,,,,,M,,,0,0,sherdog,https://www.sherdog.com/fighter/Henrique-da-Silva-175493
Valmir da Silva,,,,,,,M,,,0,0,sherdog,https://www.sherdog.com/fighter/Valmir-da-Silva-273443
Ashraf Bashandy,,,,,,,M,,,0,0,sherdog,https://www.sherdog.com/fighter/Ashraf-Bashandy-275891
Ali Foladi,,,,,,,M,,,0,0,sherdog,https://www.sherdog.com/fighter/Ali-Foladi-315805
Muslim Madaliev,,,,,,,M,,,0,0,sherdog,https://www.sherdog.com/fighter/Muslim-Madaliev-398702
Mehdi Saremi,,,,,,,M,,,0,0,sherdog,https://www.sherdog.com/fighter/Mehdi-Saremi-398825
Arsen Kaziev,,,,,,,M,,,0,0,sherdog,https://www.sherdog.com/fighter/Arsen-Kaziev-385155
Saidbek Dzharunov,,,,,,,M,,,0,0,sherdog,https://www.sherdog.com/fighter/Saidbek-Dzharunov-410306
Ruslan Amuev,,,,,,,M,,,0,0,sherdog,https://www.sherdog.com/fighter/Ruslan-Amuev-388256
Jianing Liu,,,,,,,M,,,0,0,sherdog,https://www.sherdog.com/fighter/Jianing-Liu-433795
Kezibayi Naertai,,,,,,,M,,,0,0,sherdog,https://www.sherdog.com/fighter/Kezibayi-Naertai-382513
Yuele Huang,,,,,,,M,,,0,0,sherdog,https://www.sherdog.com/fighter/Yuele-Huang-382384
Roberto Diaz,,,,,,,M,,,0,0,sherdog,https://www.sherdog.com/fighter/Roberto-Diaz-182169
Bruno Menezes,,,,,,,M,,,0,0,sherdog,https://www.sherdog.com/fighter/Bruno-Menezes-31409
Denis Lavrentyev,,,,,,,M,,,0,0,sherdog,https://www.sherdog.com/fighter/Denis-Lavrentyev-252633
Dileno Lopes,,,,,,,M,,,0,0,sherdog,https://www.sherdog.com/fighter/Dileno-Lopes-29635
Mario Israel,,,,,,,M,,,0,0,sherdog,https://www.sherdog.com/fighter/Mario-Israel-39660
Luciano Aparecido Lopes,,,,,,,M,,,0,0,sherdog,https://www.sherdog.com/fighter/Luciano-Aparecido-Lopes-13338
Ronaldo Gauss,,,,,,,M,,,0,0,sherdog,https://www.sherdog.com/fighter/Ronaldo-Gauss-95911
Tancredo Rodrigues,,,,,,,M,,,0,0,sherdog,https://www.sherdog.com/fighter/Tancredo-Rodrigues-76839
Leandro Gigante,,,,,,,M,,,0,0,sherdog,https://www.sherdog.com/fighter/Leandro-Gigante-68229
Daniel Zani,,,,,,,M,,,0,0,sherdog,https://www.sherdog.com/fighter/Daniel-Zani-89129
Ricardo Maciel,,,,,,,M,,,0,0,sherdog,https://www.sherdog.com/fighter/Ricardo-Maciel-72563
Bruno Marques,,,,,,,M,,,0,0,sherdog,https://www.sherdog.com/fighter/Bruno-Marques-73622
Humberto Neves,,,,,,,M,,,0,0,sherdog,https://www.sherdog.com/fighter/Humberto-Neves-72626
Fabio Bispo,,,,,,,M,,,0,0,sherdog,https://www.sherdog.com/fighter/Fabio-Bispo-63501
Magomedmurad Khasaev,,,,,,,M,,,0,0,sherdog,https://www.sherdog.com/fighter/Magomedmurad-Khasaev-319831
Anatoly Malykhin,,,,,,,M,,,0,0,sherdog,https://www.sherdog.com/fighter/Anatoly-Malykhin-256721
Vitaly Bigdash,,,,,,,M,,,0,0,sherdog,https://www.sherdog.com/fighter/Vitaly-Bigdash-112057
Aung La N Sang,,,,,,,M,,,0,0,sherdog,https://www.sherdog.com/fighter/Aung-La-N-Sang-13029
Leandro Ataides,,,,,,,M,,,0,0,sherdog,https://www.sherdog.com/fighter/Leandro-Ataides-38826
Gilberto Galvao,,,,,,,M,,,0,0,sherdog,https://www.sherdog.com/fighter/Gilberto-Galvao-18957
Fan Rong,,,,,,,M,,,0,0,sherdog,https://www.sherdog.com/fighter/Fan-Rong-215625
Warren Allison,,,,,,,M,,,0,0,sherdog,https://www.sherdog.com/fighter/Warren-Allison-71276
Jaouad Ikan,,,,,,,M,,,0,0,sherdog,https://www.sherdog.com/fighter/Jaouad-Ikan-59412
Lamine Talbi,,,,,,,M,,,0,0,sherdog,https://www.sherdog.com/fighter/Lamine-Talbi-87479
Marcus Plodek,,,,,,,M,,,0,0,sherdog,https://www.sherdog.com/fighter/Marcus-Plodek-228363
Alexander Heinrich,,,,,,,M,,,0,0,sherdog,https://www.sherdog.com/fighter/Alexander-Heinrich-63291
Michaelis Efstratiou,,,,,,,M,,,0,0,sherdog,https://www.sherdog.com/fighter/Michaelis-Efstratiou-168793
Rene Hoppe,,,,,,,M,,,0,0,sherdog,https://www.sherdog.com/fighter/Rene-Hoppe-20018
Marco Wuest,,,,,,,M,,,0,0,sherdog,https://www.sherdog.com/fighter/Marco-Wuest-20723
Veronika Smolkova,,,,,,,F,,,0,0,sherdog,https://www.sherdog.com/fighter/Veronika-Smolkova-385635
Cinja Kiefer,,,,,,,F,,,0,0,sherdog,https://www.sherdog.com/fighter/Cinja-Kiefer-173307
Reina Miura,,,,,,,F,,,0,0,sherdog,https://www.sherdog.com/fighter/Reina-Miura-209339
Alexa Conners,,,,,,,F,,,0,0,sherdog,https://www.sherdog.com/fighter/Alexa-Conners-193535
Mara Romero Borella,,,,,,,F,,,0,0,sherdog,https://www.sherdog.com/fighter/Mara-Romero-Borella-164915
Judith Ruis,,,,,,,F,,,0,0,sherdog,https://www.sherdog.com/fighter/Judith-Ruis-196791
Jinh Yu Frey,,,,,,,F,,,0,0,sherdog,https://www.sherdog.com/fighter/Jinh-Yu-Frey-85549
Sijara Eubanks,,,,,,,F,,,0,0,sherdog,https://www.sherdog.com/fighter/Sijara-Eubanks-193533
Hilarie Rose,,,,,,,F,,,0,0,sherdog,https://www.sherdog.com/fighter/Hilarie-Rose-205129
Jillian DeCoursey,,,,,,,F,,,0,0,sherdog,https://www.sherdog.com/fighter/Jillian-DeCoursey-219035
Rebecca Bryggman,,,,,,,F,,,0,0,sherdog,https://www.sherdog.com/fighter/Rebecca-Bryggman-310587
Lipeng Zhang,,,,,,,M,,,0,0,sherdog,https://www.sherdog.com/fighter/Lipeng-Zhang-50416
James Nakashima,,,,,,,M,,,0,0,sherdog,https://www.sherdog.com/fighter/James-Nakashima-142041
Maxim Butorin,,,,,,,M,,,0,0,sherdog,https://www.sherdog.com/fighter/Maxim-Butorin-223225
Paulo Cesar Oliveira,,,,,,,M,,,0,0,sherdog,https://www.sherdog.com/fighter/Paulo-Cesar-Oliveira-133105
Rasul Mammaev,,,,,,,M,,,0,0,sherdog,https://www.sherdog.com/fighter/Rasul-Mammaev-245585
Cristian Brinzan,,,,,,,M,,,0,0,sherdog,https://www.sherdog.com/fighter/Cristian-Brinzan-96555
Vladislav Shabalin,,,,,,,M,,,0,0,sherdog,https://www.sherdog.com/fighter/Vladislav-Shabalin-191351
Elias Silverio,,,,,,,M,,,0,0,sherdog,https://www.sherdog.com/fighter/Elias-Silverio-88613
Valdir Araujo,,,,,,,M,,,0,0,sherdog,https://www.sherdog.com/fighter/Valdir-Araujo-41068
Nikolay Aleksakhin,,,,,,,M,,,0,0,sherdog,https://www.sherdog.com/fighter/Nikolay-Aleksakhin-81558
Aurel Pirtea,,,,,,,M,,,0,0,sherdog,https://www.sherdog.com/fighter/Aurel-Pirtea-48374
Magomedrasul Gasanov,,,,,,,M,,,0,0,sherdog,https://www.sherdog.com/fighter/Magomedrasul-Gasanov-187939
Muslim Tsitskiev,,,,,,,M,,,0,0,sherdog,https://www.sherdog.com/fighter/Muslim-Tsitskiev-86315
Artur Magomedov,,,,,,,M,,,0,0,sherdog,https://www.sherdog.com/fighter/Artur-Magomedov-220107
Valeriy Eliseev,,,,,,,M,,,0,0,sherdog,https://www.sherdog.com/fighter/Valeriy-Eliseev-226031
Timur Ismailov,,,,,,,M,,,0,0,sherdog,https://www.sherdog.com/fighter/Timur-Ismailov-308937
Temir-Sultan Ismailov,,,,,,,M,,,0,0,sherdog,https://www.sherdog.com/fighter/TemirSultan-Ismailov-308821
Artem Savov,,,,,,,M,,,0,0,sherdog,https://www.sherdog.com/fighter/Artem-Savov-149235
Abdurakhman Aliev,,,,,,,M,,,0,0,sherdog,https://www.sherdog.com/fighter/Abdurakhman-Aliev-149269
Soslanbek Malbakhov,,,,,,,M,,,0,0,sherdog,https://www.sherdog.com/fighter/Soslanbek-Malbakhov-127301
Mike Rodriguez,,,,,,,M,,,0,0,sherdog,https://www.sherdog.com/fighter/Mike-Rodriguez-107891
Josh Stansbury,,,,,,,M,,,0,0,sherdog,https://www.sherdog.com/fighter/Josh-Stansbury-18495
Rafael Viana,,,,,,,M,,,0,0,sherdog,https://www.sherdog.com/fighter/Rafael-Viana-86520
Dervin Lopez,,,,,,,M,,,0,0,sherdog,https://www.sherdog.com/fighter/Dervin-Lopez-108897
William Vincent,,,,,,,M,,,0,0,sherdog,https://www.sherdog.com/fighter/William-Vincent-188271
Aaron Brown,,,,,,,M,,,0,0,sherdog,https://www.sherdog.com/fighter/Aaron-Brown-175115
Jeremy Spelts,,,,,,,M,,,0,0,sherdog,https://www.sherdog.com/fighter/Jeremy-Spelts-62218
John Allan,,,,,,,M,,,0,0,sherdog,https://www.sherdog.com/fighter/John-Allan-114875
Ty Flores,,,,,,,M,,,0,0,sherdog,https://www.sherdog.com/fighter/Ty-Flores-86350
John Salter,,,,,,,M,,,0,0,sherdog,https://www.sherdog.com/fighter/John-Salter-44683
Muhammed Lawal,,,,,,,M,,,0,0,sherdog,https://www.sherdog.com/fighter/Muhammed-Lawal-29858
Lucas Lopes,,,,,,,M,,,0,0,sherdog,https://www.sherdog.com/fighter/Lucas-Lopes-2735
Billy Johnson,,,,,,,M,,,0,0,sherdog,https://www.sherdog.com/fighter/Billy-Johnson-86227
Chris Camozzi,,,,,,,M,,,0,0,sherdog,https://www.sherdog.com/fighter/Chris-Camozzi-17224
Clifford Starks,,,,,,,M,,,0,0,sherdog,https://www.sherdog.com/fighter/Clifford-Starks-56902
Billy Horne,,,,,,,M,,,0,0,sherdog,https://www.sherdog.com/fighter/Billy-Horne-18493
Ryan Sturdy,,,,,,,M,,,0,0,sherdog,https://www.sherdog.com/fighter/Ryan-Sturdy-26129
Oscar Glover,,,,,,,M,,,0,0,sherdog,https://www.sherdog.com/fighter/Oscar-Glover-58127
Ryan Braun,,,,,,,M,,,0,0,sherdog,https://www.sherdog.com/fighter/Ryan-Braun-23330
David Gaston,,,,,,,M,,,0,0,sherdog,https://www.sherdog.com/fighter/David-Gaston-31869
Dan McGlasson,,,,,,,M,,,0,0,sherdog,https://www.sherdog.com/fighter/Dan-McGlasson-69661
Ashley Yoder,,,,,,,F,,,0,0,sherdog,https://www.sherdog.com/fighter/Ashley-Yoder-39298
Nina Nunes,,,,,,,F,,,0,0,sherdog,https://www.sherdog.com/fighter/Nina-Nunes-69632
Juliana Lima,,,,,,,F,,,0,0,sherdog,https://www.sherdog.com/fighter/Juliana-Lima-73710
Jocelyn Jones-Lybarger,,,,,,,F,,,0,0,sherdog,https://www.sherdog.com/fighter/Jocelyn-JonesLybarger-68957
Aisling Daly,,,,,,,F,,,0,0,sherdog,https://www.sherdog.com/fighter/Aisling-Daly-25245
Lynnell House,,,,,,,F,,,0,0,sherdog,https://www.sherdog.com/fighter/Lynnell-House-119935
Kara Kirsh,,,,,,,F,,,0,0,sherdog,https://www.sherdog.com/fighter/Kara-Kirsh-114765
Ashley Nichols,,,,,,,F,,,0,0,sherdog,https://www.sherdog.com/fighter/Ashley-Nichols-129555
Allanna Jones,,,,,,,F,,,0,0,sherdog,https://www.sherdog.com/fighter/Allanna-Jones-80474
Mandy Bohm,,,,,,,F,,,0,0,sherdog,https://www.sherdog.com/fighter/Mandy-Bohm-172907
Nadia Kassem,,,,,,,F,,,0,0,sherdog,https://www.sherdog.com/fighter/Nadia-Kassem-214579
Tao Li,,,,,,,F,,,0,0,sherdog,https://www.sherdog.com/fighter/Tao-Li-228057
Takayo Hashi,,,,,,,F,,,0,0,sherdog,https://www.sherdog.com/fighter/Takayo-Hashi-11605
Hatice Ozyurt,,,,,,,F,,,0,0,sherdog,https://www.sherdog.com/fighter/Hatice-Ozyurt-92039
Miki Miyauchi,,,,,,,F,,,0,0,sherdog,https://www.sherdog.com/fighter/Miki-Miyauchi-172999
Yukimi Kamikaze,,,,,,,F,,,0,0,sherdog,https://www.sherdog.com/fighter/Yukimi-Kamikaze-175727
Shizuka Sugiyama,,,,,,,F,,,0,0,sherdog,https://www.sherdog.com/fighter/Shizuka-Sugiyama-40759
Sara Raquel Braga de Andrade,,,,,,,F,,,0,0,sherdog,https://www.sherdog.com/fighter/Sara-Raquel-Braga-de-Andrade-430517
Sheila Santos Amaral,,,,,,,F,,,0,0,sherdog,https://www.sherdog.com/fighter/Sheila-Santos-Amaral-398943
Gabriele Santana,,,,,,,F,,,0,0,sherdog,https://www.sherdog.com/fighter/Gabriele-Santana-397303
Sharolayne Almeida,,,,,,,F,,,0,0,sherdog,https://www.sherdog.com/fighter/Sharolayne-Almeida-324385
Edjane Agostinho,,,,,,,F,,,0,0,sherdog,https://www.sherdog.com/fighter/Edjane-Agostinho-388964
Rosy Angela de Jesus,,,,,,,F,,,0,0,sherdog,https://www.sherdog.com/fighter/Rosy-Angela-de-Jesus-317219
Waleska Sousa,,,,,,,F,,,0,0,sherdog,https://www.sherdog.com/fighter/Waleska-Sousa-311581
Amanda Ferreira,,,,,,,F,,,0,0,sherdog,https://www.sherdog.com/fighter/Amanda-Ferreira-253387
Anderson Silva,,,,,,,M,,,0,0,sherdog,https://www.sherdog.com/fighter/Anderson-Silva-1356
Nick Roehrick,,,,,,,M,,,0,0,sherdog,https://www.sherdog.com/fighter/Nick-Roehrick-189015
Cyril Asker,,,,,,,M,,,0,0,sherdog,https://www.sherdog.com/fighter/Cyril-Asker-94411
Jermaine Haughton,,,,,,,M,,,0,0,sherdog,https://www.sherdog.com/fighter/Jermaine-Haughton-147993
Stephen Waalkes,,,,,,,M,,,0,0,sherdog,https://www.sherdog.com/fighter/Stephen-Waalkes-18134
Joshua Ofiu,,,,,,,M,,,0,0,sherdog,https://www.sherdog.com/fighter/Joshua-Ofiu-22836
Matt Herringshaw,,,,,,,M,,,0,0,sherdog,https://www.sherdog.com/fighter/Matt-Herringshaw-47267
Jason Coomes,,,,,,,M,,,0,0,sherdog,https://www.sherdog.com/fighter/Jason-Coomes-16854
Alton Prince,,,,,,,M,,,0,0,sherdog,https://www.sherdog.com/fighter/Alton-Prince-16849
Alibi Idiris,,,,,,,M,,,0,0,sherdog,https://www.sherdog.com/fighter/Alibi-Idiris-350069
Anthony Do,,,,,,,M,,,0,0,sherdog,https://www.sherdog.com/fighter/Anthony-Do-161359
Kevin Wirth,,,,,,,M,,,0,0,sherdog,https://www.sherdog.com/fighter/Kevin-Wirth-75655
Roberto Sanchez,,,,,,,M,,,0,0,sherdog,https://www.sherdog.com/fighter/Roberto-Sanchez-83282
Gerald Bailey,,,,,,,M,,,0,0,sherdog,https://www.sherdog.com/fighter/Gerald-Bailey-93691
Sammy Saunders,,,,,,,M,,,0,0,sherdog,https://www.sherdog.com/fighter/Sammy-Saunders-43665
Benji Gomez,,,,,,,M,,,0,0,sherdog,https://www.sherdog.com/fighter/Benji-Gomez-105101
Roque Reyes,,,,,,,M,,,0,0,sherdog,https://www.sherdog.com/fighter/Roque-Reyes-131133
Christian Espinosa,,,,,,,M,,,0,0,sherdog,https://www.sherdog.com/fighter/Christian-Espinosa-109103
Mark O. Madsen,,,,,,,M,,,0,0,sherdog,https://www.sherdog.com/fighter/Mark-O-Madsen-145559
Ricky Glenn,,,,,,,M,,,0,0,sherdog,https://www.sherdog.com/fighter/Ricky-Glenn-20171
Leonardo Santos,,,,,,,M,,,0,0,sherdog,https://www.sherdog.com/fighter/Leonardo-Santos-4810
Adrian Diaz,,,,,,,M,,,0,0,sherdog,https://www.sherdog.com/fighter/Adrian-Diaz-54296
Mike Plazola,,,,,,,M,,,0,0,sherdog,https://www.sherdog.com/fighter/Mike-Plazola-16369
Christian Camp,,,,,,,M,,,0,0,sherdog,https://www.sherdog.com/fighter/Christian-Camp-167949
Robert Washington,,,,,,,M,,,0,0,sherdog,https://www.sherdog.com/fighter/Robert-Washington-21944
Bryce Logan,,,,,,,M,,,0,0,sherdog,https://www.sherdog.com/fighter/Bryce-Logan-98125
Andrew Carrillo,,,,,,,M,,,0,0,sherdog,https://www.sherdog.com/fighter/Andrew-Carrillo-75783
Danny Tims,,,,,,,M,,,0,0,sherdog,https://www.sherdog.com/fighter/Danny-Tims-23738
Chris McDaniel,,,,,,,M,,,0,0,sherdog,https://www.sherdog.com/fighter/Chris-McDaniel-17397
James Smith,,,,,,,M,,,0,0,sherdog,https://www.sherdog.com/fighter/James-Smith-39225
Adam Rider,,,,,,,M,,,0,0,sherdog,https://www.sherdog.com/fighter/Adam-Rider-32073
Matt Williams,,,,,,,M,,,0,0,sherdog,https://www.sherdog.com/fighter/Matt-Williams-18481
Jeremiah Denson,,,,,,,M,,,0,0,sherdog,https://www.sherdog.com/fighter/Jeremiah-Denson-96219
Karina Aryadne,,,,,,,F,,,0,0,sherdog,https://www.sherdog.com/fighter/Karina-Aryadne-272595
Aline Oliveira,,,,,,,F,,,0,0,sherdog,https://www.sherdog.com/fighter/Aline-Oliveira-226429
Michele dos Santos Oliveira,,,,,,,F,,,0,0,sherdog,https://www.sherdog.com/fighter/Michele-dos-Santos-Oliveira-255033
Tainara Santos,,,,,,,F,,,0,0,sherdog,https://www.sherdog.com/fighter/Tainara-Santos-384859
Viviane Adne,,,,,,,F,,,0,0,sherdog,https://www.sherdog.com/fighter/Viviane-Adne-311845
John Garza,,,,,,,M,,,0,0,sherdog,https://www.sherdog.com/fighter/John-Garza-386901
Jean Matsumoto,,,,,,,M,,,0,0,sherdog,https://www.sherdog.com/fighter/Jean-Matsumoto-263061
Victor Hugo,,,,,,,M,,,0,0,sherdog,https://www.sherdog.com/fighter/Victor-Hugo-123631
Taylor Lapilus,,,,,,,M,,,0,0,sherdog,https://www.sherdog.com/fighter/Taylor-Lapilus-97337
Kleydson Rodrigues,,,,,,,M,,,0,0,sherdog,https://www.sherdog.com/fighter/Kleydson-Rodrigues-229541
Allan Begosso,,,,,,,M,,,0,0,sherdog,https://www.sherdog.com/fighter/Allan-Begosso-196853
Raul Guzman,,,,,,,M,,,0,0,sherdog,https://www.sherdog.com/fighter/Raul-Guzman-234643
Janne Elonen-Kulmala,,,,,,,M,,,0,0,sherdog,https://www.sherdog.com/fighter/Janne-ElonenKulmala-38125
Marco Zannetti,,,,,,,M,,,0,0,sherdog,https://www.sherdog.com/fighter/Marco-Zannetti-181019
Nicolae Mezdrea,,,,,,,M,,,0,0,sherdog,https://www.sherdog.com/fighter/Nicolae-Mezdrea-254987
Stuart Eskine,,,,,,,M,,,0,0,sherdog,https://www.sherdog.com/fighter/Stuart-Eskine-351903
Sam Steward,,,,,,,M,,,0,0,sherdog,https://www.sherdog.com/fighter/Sam-Steward-298889
Cheya Saleem,,,,,,,M,,,0,0,sherdog,https://www.sherdog.com/fighter/Cheya-Saleem-123243
Camilo Petkoff,,,,,,,M,,,0,0,sherdog,https://www.sherdog.com/fighter/Camilo-Petkoff-244733
Akira Corassani,,,,,,,M,,,0,0,sherdog,https://www.sherdog.com/fighter/Akira-Corassani-22641
Clay Collard,,,,,,,M,,,0,0,sherdog,https://www.sherdog.com/fighter/Clay-Collard-78465
Will Chope,,,,,,,M,,,0,0,sherdog,https://www.sherdog.com/fighter/Will-Chope-69087
Leonard Garcia,,,,,,,M,,,0,0,sherdog,https://www.sherdog.com/fighter/Leonard-Garcia-2815
Justin Lawrence,,,,,,,M,,,0,0,sherdog,https://www.sherdog.com/fighter/Justin-Lawrence-73756
Pat Schilling,,,,,,,M,,,0,0,sherdog,https://www.sherdog.com/fighter/Pat-Schilling-54054
Eddie Rincon,,,,,,,M,,,0,0,sherdog,https://www.sherdog.com/fighter/Eddie-Rincon-30057
Harris Sarmiento,,,,,,,M,,,0,0,sherdog,https://www.sherdog.com/fighter/Harris-Sarmiento-4584
Bryson Kamaka,,,,,,,M,,,0,0,sherdog,https://www.sherdog.com/fighter/Bryson-Kamaka-11270
Duke Saragosa,,,,,,,M,,,0,0,sherdog,https://www.sherdog.com/fighter/Duke-Saragosa-11269
Christian Echols,,,,,,,M,,,0,0,sherdog,https://www.sherdog.com/fighter/Christian-Echols-250011
L.J. Jones,,,,,,,M,,,0,0,sherdog,https://www.sherdog.com/fighter/LJ-Jones-75779
Prince Ellerbe,,,,,,,M,,,0,0,sherdog,https://www.sherdog.com/fighter/Prince-Ellerbe-294417
Jason Jackson,,,,,,,M,,,0,0,sherdog,https://www.sherdog.com/fighter/Jason-Jackson-48171
Mark Lemminger,,,,,,,M,,,0,0,sherdog,https://www.sherdog.com/fighter/Mark-Lemminger-223511
Ed Ruth,,,,,,,M,,,0,0,sherdog,https://www.sherdog.com/fighter/Ed-Ruth-197807
Gerald Harris,,,,,,,M,,,0,0,sherdog,https://www.sherdog.com/fighter/Gerald-Harris-17903
Diogo Cavalcanti,,,,,,,M,,,0,0,sherdog,https://www.sherdog.com/fighter/Diogo-Cavalcanti-72804
Roberto Soldic,,,,,,,M,,,0,0,sherdog,https://www.sherdog.com/fighter/Roberto-Soldic-180781
Khasanbek Abdulaev,,,,,,,M,,,0,0,sherdog,https://www.sherdog.com/fighter/Khasanbek-Abdulaev-219187
Maxim Konovalov,,,,,,,M,,,0,0,sherdog,https://www.sherdog.com/fighter/Maxim-Konovalov-202919
Islam Berzegov,,,,,,,M,,,0,0,sherdog,https://www.sherdog.com/fighter/Islam-Berzegov-209209
Ravil Risaev,,,,,,,M,,,0,0,sherdog,https://www.sherdog.com/fighter/Ravil-Risaev-194823
Avtandil Gachechiladze,,,,,,,M,,,0,0,sherdog,https://www.sherdog.com/fighter/Avtandil-Gachechiladze-190717
Oleg Olenichev,,,,,,,M,,,0,0,sherdog,https://www.sherdog.com/fighter/Oleg-Olenichev-148009
Boris Selanov,,,,,,,M,,,0,0,sherdog,https://www.sherdog.com/fighter/Boris-Selanov-175737
Aydin Aikhan,,,,,,,M,,,0,0,sherdog,https://www.sherdog.com/fighter/Aydin-Aikhan-178029
Aleksey Nimirovich,,,,,,,M,,,0,0,sherdog,https://www.sherdog.com/fighter/Aleksey-Nimirovich-175733
Andrei Shalavai,,,,,,,M,,,0,0,sherdog,https://www.sherdog.com/fighter/Andrei-Shalavai-130663
Valeri Shpak,,,,,,,M,,,0,0,sherdog,https://www.sherdog.com/fighter/Valeri-Shpak-110981
Vadim Sandulskiy,,,,,,,M,,,0,0,sherdog,https://www.sherdog.com/fighter/Vadim-Sandulskiy-85135
Vitaliy Matornika,,,,,,,M,,,0,0,sherdog,https://www.sherdog.com/fighter/Vitaliy-Matornika-115137
Artiom Cula,,,,,,,M,,,0,0,sherdog,https://www.sherdog.com/fighter/Artiom-Cula-101431
Vitaliy Maystrenko,,,,,,,M,,,0,0,sherdog,https://www.sherdog.com/fighter/Vitaliy-Maystrenko-104913
Cleveland McLean,,,,,,,M,,,0,0,sherdog,https://www.sherdog.com/fighter/Cleveland-McLean-158975
Paris Moran,,,,,,,M,,,0,0,sherdog,https://www.sherdog.com/fighter/Paris-Moran-305077
Mario Suazo,,,,,,,M,,,0,0,sherdog,https://www.sherdog.com/fighter/Mario-Suazo-78799
Angelo Trujillo,,,,,,,M,,,0,0,sherdog,https://www.sherdog.com/fighter/Angelo-Trujillo-234031
Francisco Obando,,,,,,,M,,,0,0,sherdog,https://www.sherdog.com/fighter/Francisco-Obando-215031
Devon Jackson,,,,,,,M,,,0,0,sherdog,https://www.sherdog.com/fighter/Devon-Jackson-328005
Chase Eastham,,,,,,,M,,,0,0,sherdog,https://www.sherdog.com/fighter/Chase-Eastham-108113
Tony Esquivel,,,,,,,M,,,0,0,sherdog,https://www.sherdog.com/fighter/Tony-Esquivel-347441
Alexander Yakovlev,,,,,,,M,,,0,0,sherdog,https://www.sherdog.com/fighter/Alexander-Yakovlev-10846
Joseph Duffy,,,,,,,M,,,0,0,sherdog,https://www.sherdog.com/fighter/Joseph-Duffy-17052
Danilo Belluardo,,,,,,,M,,,0,0,sherdog,https://www.sherdog.com/fighter/Danilo-Belluardo-128147
Radu Maxim,,,,,,,M,,,0,0,sherdog,https://www.sherdog.com/fighter/Radu-Maxim-194901
Julio Cesar Alves,,,,,,,M,,,0,0,sherdog,https://www.sherdog.com/fighter/Julio-Cesar-Alves-2602
Alexandre Ribeiro,,,,,,,M,,,0,0,sherdog,https://www.sherdog.com/fighter/Alexandre-Ribeiro-152657
Kevin Daniel Delgado,,,,,,,M,,,0,0,sherdog,https://www.sherdog.com/fighter/Kevin-Daniel-Delgado-207899
Francisco Gonzalez,,,,,,,M,,,0,0,sherdog,https://www.sherdog.com/fighter/Francisco-Gonzalez-120615
Jekson Poleza dos Santos,,,,,,,M,,,0,0,sherdog,https://www.sherdog.com/fighter/Jekson-Poleza-dos-Santos-199251
Anthony Muller,,,,,,,M,,,0,0,sherdog,https://www.sherdog.com/fighter/Anthony-Muller-93749
Moncef Ed Doukani,,,,,,,M,,,0,0,sherdog,https://www.sherdog.com/fighter/Moncef-Ed-Doukani-242833
Jose Luis Bravo,,,,,,,M,,,0,0,sherdog,https://www.sherdog.com/fighter/Jose-Luis-Bravo-192641
Carlos Villar,,,,,,,M,,,0,0,sherdog,https://www.sherdog.com/fighter/Carlos-Villar-61867
Ali Abdulkhalikov,,,,,,,M,,,0,0,sherdog,https://www.sherdog.com/fighter/Ali-Abdulkhalikov-194573
Graham Turner,,,,,,,M,,,0,0,sherdog,https://www.sherdog.com/fighter/Graham-Turner-5035
Helson Henriques,,,,,,,M,,,0,0,sherdog,https://www.sherdog.com/fighter/Helson-Henriques-61869
Aratz Garmendia,,,,,,,M,,,0,0,sherdog,https://www.sherdog.com/fighter/Aratz-Garmendia-159571
Damon Wilson,,,,,,,M,,,0,0,sherdog,https://www.sherdog.com/fighter/Damon-Wilson-221505
Luis Felipe de Oliveira,,,,,,,M,,,0,0,sherdog,https://www.sherdog.com/fighter/Luis-Felipe-de-Oliveira-324751
Gian Sarturi,,,,,,,M,,,0,0,sherdog,https://www.sherdog.com/fighter/Gian-Sarturi-239935
Gabriel Santos,,,,,,,M,,,0,0,sherdog,https://www.sherdog.com/fighter/Gabriel-Santos-179211
Kevin Moreyra,,,,,,,M,,,0,0,sherdog,https://www.sherdog.com/fighter/Kevin-Moreyra-176507
Tiago Ramos,,,,,,,M,,,0,0,sherdog,https://www.sherdog.com/fighter/Tiago-Ramos-263063
Luis Felipe Filgueira da Silva,,,,,,,M,,,0,0,sherdog,https://www.sherdog.com/fighter/Luis-Felipe-Filgueira-da-Silva-122853
Jameson Oliveira,,,,,,,M,,,0,0,sherdog,https://www.sherdog.com/fighter/Jameson-Oliveira-225659
Gabriel Oliveira,,,,,,,M,,,0,0,sherdog,https://www.sherdog.com/fighter/Gabriel-Oliveira-384448
Ronaldo Junior,,,,,,,M,,,0,0,sherdog,https://www.sherdog.com/fighter/Ronaldo-Junior-269611
Wellington Nunes,,,,,,,M,,,0,0,sherdog,https://www.sherdog.com/fighter/Wellington-Nunes-364633
Alessandro Soares,,,,,,,M,,,0,0,sherdog,https://www.sherdog.com/fighter/Alessandro-Soares-330205
Auro Silva,,,,,,,M,,,0,0,sherdog,https://www.sherdog.com/fighter/Auro-Silva-255439
Lucas Danilo Sa Bessa,,,,,,,M,,,0,0,sherdog,https://www.sherdog.com/fighter/Lucas-Danilo-Sa-Bessa-144735
Willian Martins,,,,,,,M,,,0,0,sherdog,https://www.sherdog.com/fighter/Willian-Martins-253609
Iwanderson da Silva Caldas,,,,,,,M,,,0,0,sherdog,https://www.sherdog.com/fighter/Iwanderson-da-Silva-Caldas-253615
Celso Henrique Silva Susarte,,,,,,,M,,,0,0,sherdog,https://www.sherdog.com/fighter/Celso-Henrique-Silva-Susarte-245031
Roman Kopylov,,,,,Middleweight,ufc-roster,M,,,0,0,sherdog,https://www.sherdog.com/fighter/Roman-Kopylov-232601
Julian Marquez,,,,,,,M,,,0,0,sherdog,https://www.sherdog.com/fighter/Julian-Marquez-77743
Al Matavao,,,,,,,M,,,0,0,sherdog,https://www.sherdog.com/fighter/Al-Matavao-210483
Brandon Hester,,,,,,,M,,,0,0,sherdog,https://www.sherdog.com/fighter/Brandon-Hester-116003
Edilberto de Oliveira,,,,,,,M,,,0,0,sherdog,https://www.sherdog.com/fighter/Edilberto-de-Oliveira-11907
Umar Gaisumov,,,,,,,M,,,0,0,sherdog,https://www.sherdog.com/fighter/Umar-Gaisumov-221847
Robert Reed,,,,,,,M,,,0,0,sherdog,https://www.sherdog.com/fighter/Robert-Reed-121075
Marco Aurelio Ligeiro,,,,,,,M,,,0,0,sherdog,https://www.sherdog.com/fighter/Marco-Aurelio-Ligeiro-190345
Douglas Carvalho Alves,,,,,,,M,,,0,0,sherdog,https://www.sherdog.com/fighter/Douglas-Carvalho-Alves-142381
Jorge Calvo,,,,,,,M,,,0,0,sherdog,https://www.sherdog.com/fighter/Jorge-Calvo-104565
Gerard Burns,,,,,,,M,,,0,0,sherdog,https://www.sherdog.com/fighter/Gerard-Burns-349505
Thomas Assis,,,,,,,M,,,0,0,sherdog,https://www.sherdog.com/fighter/Thomas-Assis-255723
Joevincent So,,,,,,,M,,,0,0,sherdog,https://www.sherdog.com/fighter/Joevincent-So-244673
Jafel Filho,,,,,,,M,,,0,0,sherdog,https://www.sherdog.com/fighter/Jafel-Filho-131375
Blaine O'Driscoll,,,,,,,M,,,0,0,sherdog,https://www.sherdog.com/fighter/Blaine-ODriscoll-75570
Abdul Hussein,,,,,,,M,,,0,0,sherdog,https://www.sherdog.com/fighter/Abdul-Hussein-212403
Dave Jones,,,,,,,M,,,0,0,sherdog,https://www.sherdog.com/fighter/Dave-Jones-323645
Jamie Kelly,,,,,,,M,,,0,0,sherdog,https://www.sherdog.com/fighter/Jamie-Kelly-258841
Hayden Sherriff,,,,,,,M,,,0,0,sherdog,https://www.sherdog.com/fighter/Hayden-Sherriff-150527
Glenn McVeigh,,,,,,,M,,,0,0,sherdog,https://www.sherdog.com/fighter/Glenn-McVeigh-240881
Alida Gray,,,,,,,F,,,0,0,sherdog,https://www.sherdog.com/fighter/Alida-Gray-72692
Ashley Cummins,,,,,,,F,,,0,0,sherdog,https://www.sherdog.com/fighter/Ashley-Cummins-65896
Karina Rodriguez,,,,,,,F,,,0,0,sherdog,https://www.sherdog.com/fighter/Karina-Rodriguez-113957
Alejandra Alvarez,,,,,,,F,,,0,0,sherdog,https://www.sherdog.com/fighter/Alejandra-Alvarez-143997
Lupita Hernandez,,,,,,,F,,,0,0,sherdog,https://www.sherdog.com/fighter/Lupita-Hernandez-142847
Sandra del Rincon,,,,,,,F,,,0,0,sherdog,https://www.sherdog.com/fighter/Sandra-del-Rincon-143037
Dhiego Lima,,,,,,,M,,,0,0,sherdog,https://www.sherdog.com/fighter/Dhiego-Lima-59607
Lyman Good,,,,,,,M,,,0,0,sherdog,https://www.sherdog.com/fighter/Lyman-Good-14207
Takashi Sato,,,,,,,M,,,0,0,sherdog,https://www.sherdog.com/fighter/Takashi-Sato-147403
Chance Rencountre,,,,,,,M,,,0,0,sherdog,https://www.sherdog.com/fighter/Chance-Rencountre-143911
Jordan Mein,,,,,,,M,,,0,0,sherdog,https://www.sherdog.com/fighter/Jordan-Mein-6749
Augusto Montano,,,,,,,M,,,0,0,sherdog,https://www.sherdog.com/fighter/Augusto-Montano-41494
Alan Jouban,,,,,,,M,,,0,0,sherdog,https://www.sherdog.com/fighter/Alan-Jouban-65878
Steve Carl,,,,,,,M,,,0,0,sherdog,https://www.sherdog.com/fighter/Steve-Carl-15123
Zane Kamaka,,,,,,,M,,,0,0,sherdog,https://www.sherdog.com/fighter/Zane-Kamaka-48324
Keith Johnson,,,,,,,M,,,0,0,sherdog,https://www.sherdog.com/fighter/Keith-Johnson-32979
A.J. Matthews,,,,,,,M,,,0,0,sherdog,https://www.sherdog.com/fighter/AJ-Matthews-21922
Garrett Gross,,,,,,,M,,,0,0,sherdog,https://www.sherdog.com/fighter/Garrett-Gross-84704
Jimmy Fritz,,,,,,,M,,,0,0,sherdog,https://www.sherdog.com/fighter/Jimmy-Fritz-39825
Justin Brock,,,,,,,M,,,0,0,sherdog,https://www.sherdog.com/fighter/Justin-Brock-51499
Bryan Caraway,,,,,,,M,,,0,0,sherdog,https://www.sherdog.com/fighter/Bryan-Caraway-13791
Brett Johns,,,,,,,M,,,0,0,sherdog,https://www.sherdog.com/fighter/Brett-Johns-92891
Damian Stasiak,,,,,,,M,,,0,0,sherdog,https://www.sherdog.com/fighter/Damian-Stasiak-86920
Justin Scoggins,,,,,,,M,,,0,0,sherdog,https://www.sherdog.com/fighter/Justin-Scoggins-71120
Russell Doane,,,,,,,M,,,0,0,sherdog,https://www.sherdog.com/fighter/Russell-Doane-30054
Jerrod Sanders,,,,,,,M,,,0,0,sherdog,https://www.sherdog.com/fighter/Jerrod-Sanders-48156
Matt Hobar,,,,,,,M,,,0,0,sherdog,https://www.sherdog.com/fighter/Matt-Hobar-59713
Billy Daniels,,,,,,,M,,,0,0,sherdog,https://www.sherdog.com/fighter/Billy-Daniels-85058
Mitch Jackson,,,,,,,M,,,0,0,sherdog,https://www.sherdog.com/fighter/Mitch-Jackson-41621
Bill Kamery,,,,,,,M,,,0,0,sherdog,https://www.sherdog.com/fighter/Bill-Kamery-23389
Camilo Gonzalez,,,,,,,M,,,0,0,sherdog,https://www.sherdog.com/fighter/Camilo-Gonzalez-51349
Josh Montalvo,,,,,,,M,,,0,0,sherdog,https://www.sherdog.com/fighter/Josh-Montalvo-137165
Mauro Brenes,,,,,,,M,,,0,0,sherdog,https://www.sherdog.com/fighter/Mauro-Brenes-50908
Pablo Alfonso,,,,,,,M,,,0,0,sherdog,https://www.sherdog.com/fighter/Pablo-Alfonso-19191
Roberto Matsumoto,,,,,,,M,,,0,0,sherdog,https://www.sherdog.com/fighter/Roberto-Matsumoto-20061
Nathan Fletcher,,,,,,,M,,,0,0,sherdog,https://www.sherdog.com/fighter/Nathan-Fletcher-275293
Muin Gafurov,,,,,,,M,,,0,0,sherdog,https://www.sherdog.com/fighter/Muin-Gafurov-182325
Carlos Vera,,,,,,,M,,,0,0,sherdog,https://www.sherdog.com/fighter/Carlos-Vera-127691
Gugun Gusman,,,,,,,M,,,0,0,sherdog,https://www.sherdog.com/fighter/Gugun-Gusman-132799
Aleandro Caetano,,,,,,,M,,,0,0,sherdog,https://www.sherdog.com/fighter/Aleandro-Caetano-252531
Yasuyuki Nojiri,,,,,,,M,,,0,0,sherdog,https://www.sherdog.com/fighter/Yasuyuki-Nojiri-172867
Akuri Ronda,,,,,,,M,,,0,0,sherdog,https://www.sherdog.com/fighter/Akuri-Ronda-116747
Takumi Arai,,,,,,,M,,,0,0,sherdog,https://www.sherdog.com/fighter/Takumi-Arai-321797
Francis Marshall,,,,,,,M,,,0,0,sherdog,https://www.sherdog.com/fighter/Francis-Marshall-282887
Connor Matthews,,,,,,,M,,,0,0,sherdog,https://www.sherdog.com/fighter/Connor-Matthews-84660
Soslan Abanokov,,,,,,,M,,,0,0,sherdog,https://www.sherdog.com/fighter/Soslan-Abanokov-71292
Mark Gregory Valerio,,,,,,,M,,,0,0,sherdog,https://www.sherdog.com/fighter/Mark-Gregory-Valerio-139779
Kaleio Romero,,,,,,,M,,,0,0,sherdog,https://www.sherdog.com/fighter/Kaleio-Romero-226585
Josh Rohler,,,,,,,M,,,0,0,sherdog,https://www.sherdog.com/fighter/Josh-Rohler-173827
Shaquan Moore,,,,,,,M,,,0,0,sherdog,https://www.sherdog.com/fighter/Shaquan-Moore-302801
Melsik Baghdasaryan,,,,,Featherweight,ufc-roster,M,,,0,0,sherdog,https://www.sherdog.com/fighter/Melsik-Baghdasaryan-164681
Tim Dooling,,,,,,,M,,,0,0,sherdog,https://www.sherdog.com/fighter/Tim-Dooling-120455
Nick Rodrigues,,,,,,,M,,,0,0,sherdog,https://www.sherdog.com/fighter/Nick-Rodrigues-260893
Ryan Castro,,,,,,,M,,,0,0,sherdog,https://www.sherdog.com/fighter/Ryan-Castro-67748
Jesse Strader,,,,,,,M,,,0,0,sherdog,https://www.sherdog.com/fighter/Jesse-Strader-105079
Felipe Colares,,,,,,,M,,,0,0,sherdog,https://www.sherdog.com/fighter/Felipe-Colares-144701
Andre Soukhamthath,,,,,,,M,,,0,0,sherdog,https://www.sherdog.com/fighter/Andre-Soukhamthath-67967
Daron McCyza,,,,,,,M,,,0,0,sherdog,https://www.sherdog.com/fighter/Daron-McCyza-146247
Jesse Wannemacher,,,,,,,M,,,0,0,sherdog,https://www.sherdog.com/fighter/Jesse-Wannemacher-76125
Terrence Almond,,,,,,,M,,,0,0,sherdog,https://www.sherdog.com/fighter/Terrence-Almond-206321
Sean Huffman,,,,,,,M,,,0,0,sherdog,https://www.sherdog.com/fighter/Sean-Huffman-10983
Josh Wiseman,,,,,,,M,,,0,0,sherdog,https://www.sherdog.com/fighter/Josh-Wiseman-109857
Joao Machado,,,,,,,M,,,0,0,sherdog,https://www.sherdog.com/fighter/Joao-Machado-382362
Kenyon Moore,,,,,,,M,,,0,0,sherdog,https://www.sherdog.com/fighter/Kenyon-Moore-335587
Manuel Garcia,,,,,,,M,,,0,0,sherdog,https://www.sherdog.com/fighter/Manuel-Garcia-381014
Ryan Rohovich,,,,,,,M,,,0,0,sherdog,https://www.sherdog.com/fighter/Ryan-Rohovich-119973
Christian Tremayne,,,,,,,M,,,0,0,sherdog,https://www.sherdog.com/fighter/Christian-Tremayne-162299
Irving Molina,,,,,,,M,,,0,0,sherdog,https://www.sherdog.com/fighter/Irving-Molina-262353
Colton Braden Simon,,,,,,,M,,,0,0,sherdog,https://www.sherdog.com/fighter/Colton-Braden-Simon-418602
Alan Baudot,,,,,,,M,,,0,0,sherdog,https://www.sherdog.com/fighter/Alan-Baudot-138183
Michael Ben Hamouda,,,,,,,M,,,0,0,sherdog,https://www.sherdog.com/fighter/Michael-Ben-Hamouda-291367
Sofiane Boukichou,,,,,,,M,,,0,0,sherdog,https://www.sherdog.com/fighter/Sofiane-Boukichou-160183
Kamil Bazelak,,,,,,,M,,,0,0,sherdog,https://www.sherdog.com/fighter/Kamil-Bazelak-91577
Lukasz Parobiec,,,,,,,M,,,0,0,sherdog,https://www.sherdog.com/fighter/Lukasz-Parobiec-25184
Adrian Rusek,,,,,,,M,,,0,0,sherdog,https://www.sherdog.com/fighter/Adrian-Rusek-220331
Stuart Austin,,,,,,,M,,,0,0,sherdog,https://www.sherdog.com/fighter/Stuart-Austin-79964
Satisch Jhamai,,,,,,,M,,,0,0,sherdog,https://www.sherdog.com/fighter/Satisch-Jhamai-8337
Ricky King,,,,,,,M,,,0,0,sherdog,https://www.sherdog.com/fighter/Ricky-King-86576
Michael Piszczek,,,,,,,M,,,0,0,sherdog,https://www.sherdog.com/fighter/Michael-Piszczek-146813
Cristiane Justino,,,,,,,F,,,0,0,sherdog,https://www.sherdog.com/fighter/Cristiane-Justino-14477
Raquel Canuto,,,,,,,F,,,0,0,sherdog,https://www.sherdog.com/fighter/Raquel-Canuto-55072
Tonya Evinger,,,,,,,F,,,0,0,sherdog,https://www.sherdog.com/fighter/Tonya-Evinger-18248
Zaira Dishekova,,,,,,,F,,,0,0,sherdog,https://www.sherdog.com/fighter/Zaira-Dishekova-187083
Sylwia Kusiak,,,,,,,F,,,0,0,sherdog,https://www.sherdog.com/fighter/Sylwia-Kusiak-103301
Anna Melikhova,,,,,,,F,,,0,0,sherdog,https://www.sherdog.com/fighter/Anna-Melikhova-91817
Ekaterina Saraykina,,,,,,,F,,,0,0,sherdog,https://www.sherdog.com/fighter/Ekaterina-Saraykina-89363
Arune Lauzeckaite,,,,,,,F,,,0,0,sherdog,https://www.sherdog.com/fighter/Arune-Lauzeckaite-70077
Kamila Balanda,,,,,,,F,,,0,0,sherdog,https://www.sherdog.com/fighter/Kamila-Balanda-73526
Maria Hougaard Djursaa,,,,,,,F,,,0,0,sherdog,https://www.sherdog.com/fighter/Maria-Hougaard-Djursaa-53852
Vladena Yavorskaya,,,,,,,F,,,0,0,sherdog,https://www.sherdog.com/fighter/Vladena-Yavorskaya-56160
Magdalena Jarecka,,,,,,,F,,,0,0,sherdog,https://www.sherdog.com/fighter/Magdalena-Jarecka-22714
Magomed Gadzhiyasulov,,,,,,,M,,,0,0,sherdog,https://www.sherdog.com/fighter/Magomed-Gadzhiyasulov-272659
Mikheil Sazhiniani,,,,,,,M,,,0,0,sherdog,https://www.sherdog.com/fighter/Mikheil-Sazhiniani-315835
Marcos Brigagao,,,,,,,M,,,0,0,sherdog,https://www.sherdog.com/fighter/Marcos-Brigagao-258879
Mailton Azevedo,,,,,,,M,,,0,0,sherdog,https://www.sherdog.com/fighter/Mailton-Azevedo-170423
Lucas Rosa,,,,,,,M,,,0,0,sherdog,https://www.sherdog.com/fighter/Lucas-Rosa-58906
Marcelo Tenorio,,,,,,,M,,,0,0,sherdog,https://www.sherdog.com/fighter/Marcelo-Tenorio-90635
Matias Genes,,,,,,,M,,,0,0,sherdog,https://www.sherdog.com/fighter/Matias-Genes-169911
Jose Diaz,,,,,,,M,,,0,0,sherdog,https://www.sherdog.com/fighter/Jose-Diaz-135209
Willian Kuraca,,,,,,,M,,,0,0,sherdog,https://www.sherdog.com/fighter/Willian-Kuraca-154765
Kleber Ferreira Braz,,,,,,,M,,,0,0,sherdog,https://www.sherdog.com/fighter/Kleber-Ferreira-Braz-21862
William Medeiros,,,,,,,M,,,0,0,sherdog,https://www.sherdog.com/fighter/William-Medeiros-128925
Adrian Luna Martinetti,,,,,,,M,,,0,0,sherdog,https://www.sherdog.com/fighter/Adrian-Luna-Martinetti-254547
Francisco Cleiton Monteiro,,,,,,,M,,,0,0,sherdog,https://www.sherdog.com/fighter/Francisco-Cleiton-Monteiro-341805
Renan Cesar Baptista,,,,,,,M,,,0,0,sherdog,https://www.sherdog.com/fighter/Renan-Cesar-Baptista-289207
Ricardo Monteiro,,,,,,,M,,,0,0,sherdog,https://www.sherdog.com/fighter/Ricardo-Monteiro-178233
Nodar Khotenashvili,,,,,,,M,,,0,0,sherdog,https://www.sherdog.com/fighter/Nodar-Khotenashvili-318945
Bekulan Saipjan Uulu,,,,,,,M,,,0,0,sherdog,https://www.sherdog.com/fighter/Bekulan-Saipjan-Uulu-350399
Bakhram Shakirbaev,,,,,,,M,,,0,0,sherdog,https://www.sherdog.com/fighter/Bakhram-Shakirbaev-329955
Kiyalbek Akylbek Uulu,,,,,,,M,,,0,0,sherdog,https://www.sherdog.com/fighter/Kiyalbek-Akylbek-Uulu-347763
Umid Aghamurov,,,,,,,M,,,0,0,sherdog,https://www.sherdog.com/fighter/Umid-Aghamurov-358459
Nurbay Kairatbek Uulu,,,,,,,M,,,0,0,sherdog,https://www.sherdog.com/fighter/Nurbay-Kairatbek-Uulu-319845
Mirlanbek Mamatzhan,,,,,,,M,,,0,0,sherdog,https://www.sherdog.com/fighter/Mirlanbek-Mamatzhan-283561
Samat Faizuldaev,,,,,,,M,,,0,0,sherdog,https://www.sherdog.com/fighter/Samat-Faizuldaev-309297
Bektursun Kaiypnazar,,,,,,,M,,,0,0,sherdog,https://www.sherdog.com/fighter/Bektursun-Kaiypnazar-304453
Sanjarbek Kurbanov,,,,,,,M,,,0,0,sherdog,https://www.sherdog.com/fighter/Sanjarbek-Kurbanov-312999
Beksultan Zhunusali,,,,,,,M,,,0,0,sherdog,https://www.sherdog.com/fighter/Beksultan-Zhunusali-267417
Oyatullo Muminov,,,,,,,M,,,0,0,sherdog,https://www.sherdog.com/fighter/Oyatullo-Muminov-300259
Maskat Egreshov,,,,,,,M,,,0,0,sherdog,https://www.sherdog.com/fighter/Maskat-Egreshov-309577
Harry Hardwick,,,,,,,M,,,0,0,sherdog,https://www.sherdog.com/fighter/Harry-Hardwick-165375
Felipe Douglas,,,,,,,M,,,0,0,sherdog,https://www.sherdog.com/fighter/Felipe-Douglas-108815
Jose Arly Carvalho,,,,,,,M,,,0,0,sherdog,https://www.sherdog.com/fighter/Jose-Arly-Carvalho-242979
Luan Andre Souza Sardinha,,,,,,,M,,,0,0,sherdog,https://www.sherdog.com/fighter/Luan-Andre-Souza-Sardinha-205521
Marcio Bruno Rodrigues Braga,,,,,,,M,,,0,0,sherdog,https://www.sherdog.com/fighter/Marcio-Bruno-Rodrigues-Braga-64524
Evandro Barbosa,,,,,,,M,,,0,0,sherdog,https://www.sherdog.com/fighter/Evandro-Barbosa-192423
Eduardo Santiago,,,,,,,M,,,0,0,sherdog,https://www.sherdog.com/fighter/Eduardo-Santiago-176865
Luiz Felipe Oliveira,,,,,,,M,,,0,0,sherdog,https://www.sherdog.com/fighter/Luiz-Felipe-Oliveira-171575
Emanuel Souza Goncalves,,,,,,,M,,,0,0,sherdog,https://www.sherdog.com/fighter/Emanuel-Souza-Goncalves-106827
Alan Gabriel,,,,,,,M,,,0,0,sherdog,https://www.sherdog.com/fighter/Alan-Gabriel-229551
Bruno Mesquita,,,,,,,M,,,0,0,sherdog,https://www.sherdog.com/fighter/Bruno-Mesquita-57480
Derinaldo Guerra da Silva,,,,,,,M,,,0,0,sherdog,https://www.sherdog.com/fighter/Derinaldo-Guerra-da-Silva-89357
Pedro Arruda,,,,,,,M,,,0,0,sherdog,https://www.sherdog.com/fighter/Pedro-Arruda-51385
Vanderlei Carvalho Leite,,,,,,,M,,,0,0,sherdog,https://www.sherdog.com/fighter/Vanderlei-Carvalho-Leite-107661
Denison Silva,,,,,,,M,,,0,0,sherdog,https://www.sherdog.com/fighter/Denison-Silva-89537
Larry Passos Vargas,,,,,,,M,,,0,0,sherdog,https://www.sherdog.com/fighter/Larry-Passos-Vargas-37227
Gilberto Dias,,,,,,,M,,,0,0,sherdog,https://www.sherdog.com/fighter/Gilberto-Dias-70670
Michael Daboville,,,,,,,M,,,0,0,sherdog,https://www.sherdog.com/fighter/Michael-Daboville-20309
Damien Pighiera,,,,,,,M,,,0,0,sherdog,https://www.sherdog.com/fighter/Damien-Pighiera-87069
Fernando Silva,,,,,,,M,,,0,0,sherdog,https://www.sherdog.com/fighter/Fernando-Silva-67053
Pedro Alves Chalita,,,,,,,M,,,0,0,sherdog,https://www.sherdog.com/fighter/Pedro-Alves-Chalita-69342
Edil Esengulov,,,,,,,M,,,0,0,sherdog,https://www.sherdog.com/fighter/Edil-Esengulov-292037
Michel Prazeres,,,,,,,M,,,0,0,sherdog,https://www.sherdog.com/fighter/Michel-Prazeres-22218
Vitaliy Slipenko,,,,,,,M,,,0,0,sherdog,https://www.sherdog.com/fighter/Vitaliy-Slipenko-199467
Ustarmagomed Gadzhidaudov,,,,,,,M,,,0,0,sherdog,https://www.sherdog.com/fighter/Ustarmagomed-Gadzhidaudov-74425
Murad Abdulaev,,,,,,,M,,,0,0,sherdog,https://www.sherdog.com/fighter/Murad-Abdulaev-98227
Yasubey Enomoto,,,,,,,M,,,0,0,sherdog,https://www.sherdog.com/fighter/Yasubey-Enomoto-32140
Gadzhimurad Khiramagomedov,,,,,,,M,,,0,0,sherdog,https://www.sherdog.com/fighter/Gadzhimurad-Khiramagomedov-186927
Rodrigo Correia,,,,,,,M,,,0,0,sherdog,https://www.sherdog.com/fighter/Rodrigo-Correia-77121
Beslan Ushukov,,,,,,,M,,,0,0,sherdog,https://www.sherdog.com/fighter/Beslan-Ushukov-122965
Nodar Kudukhashvili,,,,,,,M,,,0,0,sherdog,https://www.sherdog.com/fighter/Nodar-Kudukhashvili-100495
Jorge Filho,,,,,,,M,,,0,0,sherdog,https://www.sherdog.com/fighter/Jorge-Filho-151487
Luiz Jorge Dutra Jr.,,,,,,,M,,,0,0,sherdog,https://www.sherdog.com/fighter/Luiz-Jorge-Dutra-Jr-8121
Luis Sergio Melo Jr.,,,,,,,M,,,0,0,sherdog,https://www.sherdog.com/fighter/Luis-Sergio-Melo-Jr-7840
David Castillo,,,,,,,M,,,0,0,sherdog,https://www.sherdog.com/fighter/David-Castillo-35624
Thibaud Larchet,,,,,,,M,,,0,0,sherdog,https://www.sherdog.com/fighter/Thibaud-Larchet-153489
Artur Odilbekov,,,,,,,M,,,0,0,sherdog,https://www.sherdog.com/fighter/Artur-Odilbekov-73050
Piotr Wolowik,,,,,,,M,,,0,0,sherdog,https://www.sherdog.com/fighter/Piotr-Wolowik-120499
Farhad Medzhidov,,,,,,,M,,,0,0,sherdog,https://www.sherdog.com/fighter/Farhad-Medzhidov-171151
Adlan Abdulatipov,,,,,,,M,,,0,0,sherdog,https://www.sherdog.com/fighter/Adlan-Abdulatipov-213067
Aleksandr Rudijanskiy,,,,,,,M,,,0,0,sherdog,https://www.sherdog.com/fighter/Aleksandr-Rudijanskiy-213043
Amanda Bobby Brundage,,,,,,,F,,,0,0,sherdog,https://www.sherdog.com/fighter/Amanda-Bobby-Brundage-138223
Arline Coban,,,,,,,F,,,0,0,sherdog,https://www.sherdog.com/fighter/Arline-Coban-205569
Carolina Alvarez,,,,,,,F,,,0,0,sherdog,https://www.sherdog.com/fighter/Carolina-Alvarez-195509
Tyra Parker,,,,,,,F,,,0,0,sherdog,https://www.sherdog.com/fighter/Tyra-Parker-36284
Kajan Johnson,,,,,,,M,,,0,0,sherdog,https://www.sherdog.com/fighter/Kajan-Johnson-5615
Gleison Tibau,,,,,,,M,,,0,0,sherdog,https://www.sherdog.com/fighter/Gleison-Tibau-5993
Chris Wade,,,,,,,M,,,0,0,sherdog,https://www.sherdog.com/fighter/Chris-Wade-79335
Adriano Martins,,,,,,,M,,,0,0,sherdog,https://www.sherdog.com/fighter/Adriano-Martins-9907
Leo Kuntz,,,,,,,M,,,0,0,sherdog,https://www.sherdog.com/fighter/Leo-Kuntz-44602
Yuri Ivlev,,,,,,,M,,,0,0,sherdog,https://www.sherdog.com/fighter/Yuri-Ivlev-8774
Rander Junio,,,,,,,M,,,0,0,sherdog,https://www.sherdog.com/fighter/Rander-Junio-86753
Mansour Barnaoui,,,,,,,M,,,0,0,sherdog,https://www.sherdog.com/fighter/Mansour-Barnaoui-76799
Anatoly Kormilkin,,,,,,,M,,,0,0,sherdog,https://www.sherdog.com/fighter/Anatoly-Kormilkin-105523
Migel Grigoryan,,,,,,,M,,,0,0,sherdog,https://www.sherdog.com/fighter/Migel-Grigoryan-49423
Vladimir Egoyan,,,,,,,M,,,0,0,sherdog,https://www.sherdog.com/fighter/Vladimir-Egoyan-60331
Magomed Ibragimov,,,,,,,M,,,0,0,sherdog,https://www.sherdog.com/fighter/Magomed-Ibragimov-71333
Martiros Grigoryan,,,,,,,M,,,0,0,sherdog,https://www.sherdog.com/fighter/Martiros-Grigoryan-57722
Tengiz Khuchua,,,,,,,M,,,0,0,sherdog,https://www.sherdog.com/fighter/Tengiz-Khuchua-74950
Magomed Bekbolatov,,,,,,,M,,,0,0,sherdog,https://www.sherdog.com/fighter/Magomed-Bekbolatov-182205
T.J. Dillashaw,,,,,,,M,,,0,0,sherdog,https://www.sherdog.com/fighter/TJ-Dillashaw-62507
Cody Stamann,,,,,,,M,,,0,0,sherdog,https://www.sherdog.com/fighter/Cody-Stamann-61896
Renan Barao,,,,,,,M,,,0,0,sherdog,https://www.sherdog.com/fighter/Renan-Barao-23156
Augusto Mendes,,,,,,,M,,,0,0,sherdog,https://www.sherdog.com/fighter/Augusto-Mendes-160663
Johnny Eduardo,,,,,,,M,,,0,0,sherdog,https://www.sherdog.com/fighter/Johnny-Eduardo-426
Hugo Viana,,,,,,,M,,,0,0,sherdog,https://www.sherdog.com/fighter/Hugo-Viana-65456
Joel Roberts,,,,,,,M,,,0,0,sherdog,https://www.sherdog.com/fighter/Joel-Roberts-53595
Casey Johnson,,,,,,,M,,,0,0,sherdog,https://www.sherdog.com/fighter/Casey-Johnson-72596
Evan Chmielski,,,,,,,M,,,0,0,sherdog,https://www.sherdog.com/fighter/Evan-Chmielski-68421
Claudio Ledesma,,,,,,,M,,,0,0,sherdog,https://www.sherdog.com/fighter/Claudio-Ledesma-61676
Harley Leimbach,,,,,,,M,,,0,0,sherdog,https://www.sherdog.com/fighter/Harley-Leimbach-48146
Sergio da Silva,,,,,,,M,,,0,0,sherdog,https://www.sherdog.com/fighter/Sergio-da-Silva-68206
Regina Tarin,,,,,,,F,,,0,0,sherdog,https://www.sherdog.com/fighter/Regina-Tarin-396659
Na Liang,,,,,,,F,,,0,0,sherdog,https://www.sherdog.com/fighter/Na-Liang-241321
Lauren Mueller,,,,,,,F,,,0,0,sherdog,https://www.sherdog.com/fighter/Lauren-Mueller-202159
Chanmi Jeon,,,,,,,F,,,0,0,sherdog,https://www.sherdog.com/fighter/Chanmi-Jeon-128633
Kathina Lowe,,,,,,,F,,,0,0,sherdog,https://www.sherdog.com/fighter/Kathina-Lowe-85551
Rosa Acevedo,,,,,,,F,,,0,0,sherdog,https://www.sherdog.com/fighter/Rosa-Acevedo-101017
Jamie Moyle,,,,,,,F,,,0,0,sherdog,https://www.sherdog.com/fighter/Jamie-Moyle-85597
Delaney Owen,,,,,,,F,,,0,0,sherdog,https://www.sherdog.com/fighter/Delaney-Owen-117899
Cezariusz Kesik,,,,,,,M,,,0,0,sherdog,https://www.sherdog.com/fighter/Cezariusz-Kesik-189035
Slavis Simeunovic,,,,,,,M,,,0,0,sherdog,https://www.sherdog.com/fighter/Slavis-Simeunovic-327663
Louis Taylor,,,,,,,M,,,0,0,sherdog,https://www.sherdog.com/fighter/Louis-Taylor-25948
Sadibou Sy,,,,,,,M,,,0,0,sherdog,https://www.sherdog.com/fighter/Sadibou-Sy-163941
Anderson Goncalves,,,,,,,M,,,0,0,sherdog,https://www.sherdog.com/fighter/Anderson-Goncalves-123467
Danillo Villefort,,,,,,,M,,,0,0,sherdog,https://www.sherdog.com/fighter/Danillo-Villefort-13093
Dan Hope,,,,,,,M,,,0,0,sherdog,https://www.sherdog.com/fighter/Dan-Hope-40182
Sergio Souza,,,,,,,M,,,0,0,sherdog,https://www.sherdog.com/fighter/Sergio-Souza-47632
Aires Benrois,,,,,,,M,,,0,0,sherdog,https://www.sherdog.com/fighter/Aires-Benrois-86728
Mathias Schuck,,,,,,,M,,,0,0,sherdog,https://www.sherdog.com/fighter/Mathias-Schuck-39904
Mikkel Parlo,,,,,,,M,,,0,0,sherdog,https://www.sherdog.com/fighter/Mikkel-Parlo-53847
Josip Artukovic,,,,,,,M,,,0,0,sherdog,https://www.sherdog.com/fighter/Josip-Artukovic-74719
Donovan Panayiotis,,,,,,,M,,,0,0,sherdog,https://www.sherdog.com/fighter/Donovan-Panayiotis-70428
Rafal Blachuta,,,,,,,M,,,0,0,sherdog,https://www.sherdog.com/fighter/Rafal-Blachuta-66512
Rafal Moks,,,,,,,M,,,0,0,sherdog,https://www.sherdog.com/fighter/Rafal-Moks-25485
Andreas Birgels,,,,,,,M,,,0,0,sherdog,https://www.sherdog.com/fighter/Andreas-Birgels-38806
Jessin Ayari,,,,,,,M,,,0,0,sherdog,https://www.sherdog.com/fighter/Jessin-Ayari-55449
David Rosmon,,,,,,,M,,,0,0,sherdog,https://www.sherdog.com/fighter/David-Rosmon-24363
Gocha Smoyan,,,,,,,M,,,0,0,sherdog,https://www.sherdog.com/fighter/Gocha-Smoyan-76080
Bjorn Corsis,,,,,,,M,,,0,0,sherdog,https://www.sherdog.com/fighter/Bjorn-Corsis-51774
Igor Montes,,,,,,,M,,,0,0,sherdog,https://www.sherdog.com/fighter/Igor-Montes-35138
Fahd Jahri,,,,,,,M,,,0,0,sherdog,https://www.sherdog.com/fighter/Fahd-Jahri-65784
Sjobbe Clymans,,,,,,,M,,,0,0,sherdog,https://www.sherdog.com/fighter/Sjobbe-Clymans-63444
Nicola di Loreto,,,,,,,M,,,0,0,sherdog,https://www.sherdog.com/fighter/Nicola-di-Loreto-60756
Guido Cannetti,,,,,,,M,,,0,0,sherdog,https://www.sherdog.com/fighter/Guido-Cannetti-69513
Benito Lopez,,,,,,,M,,,0,0,sherdog,https://www.sherdog.com/fighter/Benito-Lopez-122711
Juan Pablo Gonzalez,,,,,,,M,,,0,0,sherdog,https://www.sherdog.com/fighter/Juan-Pablo-Gonzalez-107219
A.J. Robb,,,,,,,M,,,0,0,sherdog,https://www.sherdog.com/fighter/AJ-Robb-155027
DeMarcus Brown,,,,,,,M,,,0,0,sherdog,https://www.sherdog.com/fighter/DeMarcus-Brown-173729
Devon Chavez,,,,,,,M,,,0,0,sherdog,https://www.sherdog.com/fighter/Devon-Chavez-157195
Jesse Orta,,,,,,,M,,,0,0,sherdog,https://www.sherdog.com/fighter/Jesse-Orta-244969
Scott Holtzman,,,,,,,M,,,0,0,sherdog,https://www.sherdog.com/fighter/Scott-Holtzman-78210
Norman Parke,,,,,,,M,,,0,0,sherdog,https://www.sherdog.com/fighter/Norman-Parke-47549
Grzegorz Szulakowski,,,,,,,M,,,0,0,sherdog,https://www.sherdog.com/fighter/Grzegorz-Szulakowski-64856
Renato Gomes Gabriel,,,,,,,M,,,0,0,sherdog,https://www.sherdog.com/fighter/Renato-Gomes-Gabriel-61770
Lukasz Chlewicki,,,,,,,M,,,0,0,sherdog,https://www.sherdog.com/fighter/Lukasz-Chlewicki-11230
Tim Newman,,,,,,,M,,,0,0,sherdog,https://www.sherdog.com/fighter/Tim-Newman-22266
Jefferson George,,,,,,,M,,,0,0,sherdog,https://www.sherdog.com/fighter/Jefferson-George-66444
Andre Winner,,,,,,,M,,,0,0,sherdog,https://www.sherdog.com/fighter/Andre-Winner-17034
Mateusz Zawadzki,,,,,,,M,,,0,0,sherdog,https://www.sherdog.com/fighter/Mateusz-Zawadzki-55591
Tomas Deak,,,,,,,M,,,0,0,sherdog,https://www.sherdog.com/fighter/Tomas-Deak-50578
Tomasz Matuszewski,,,,,,,M,,,0,0,sherdog,https://www.sherdog.com/fighter/Tomasz-Matuszewski-81694
Arbi Shamaev,,,,,,,M,,,0,0,sherdog,https://www.sherdog.com/fighter/Arbi-Shamaev-87145
Emily Ducote,,,,,,,F,,,0,0,sherdog,https://www.sherdog.com/fighter/Emily-Ducote-207407
Lindsay Garbatt,,,,,,,F,,,0,0,sherdog,https://www.sherdog.com/fighter/Lindsay-Garbatt-174091
Felisha Magallan,,,,,,,F,,,0,0,sherdog,https://www.sherdog.com/fighter/Felisha-Magallan-311751
Ashlee Mastin,,,,,,,F,,,0,0,sherdog,https://www.sherdog.com/fighter/Ashlee-Mastin-112857
Jennah Macallister,,,,,,,F,,,0,0,sherdog,https://www.sherdog.com/fighter/Jennah-Macallister-230035
David Mgoyan,,,,,,,M,,,0,0,sherdog,https://www.sherdog.com/fighter/David-Mgoyan-417456
Genier Penagos,,,,,,,M,,,0,0,sherdog,https://www.sherdog.com/fighter/Genier-Penagos-303767
Josh Wright,,,,,,,M,,,0,0,sherdog,https://www.sherdog.com/fighter/Josh-Wright-88655
Dustin Winter,,,,,,,M,,,0,0,sherdog,https://www.sherdog.com/fighter/Dustin-Winter-64885
Arthur Dufloo,,,,,,,M,,,0,0,sherdog,https://www.sherdog.com/fighter/Arthur-Dufloo-342703
Kerry Lattimer,,,,,,,M,,,0,0,sherdog,https://www.sherdog.com/fighter/Kerry-Lattimer-54901
Elijah Jamerson,,,,,,,M,,,0,0,sherdog,https://www.sherdog.com/fighter/Elijah-Jamerson-375707
Benjamin Hollier,,,,,,,M,,,0,0,sherdog,https://www.sherdog.com/fighter/Benjamin-Hollier-259527
Mo Miller,,,,,,,,,,0,0,sherdog,https://www.sherdog.com/fighter/Mo-Miller-269847
Ozodbek Bobokulov,,,,,,,,,,0,0,sherdog,https://www.sherdog.com/fighter/Ozodbek-Bobokulov-462930
Dzhokhar Eskiev,,,,,,,,,,0,0,sherdog,https://www.sherdog.com/fighter/Dzhokhar-Eskiev-263157
Khalim Nazruloev,,,,,,,,,,0,0,sherdog,https://www.sherdog.com/fighter/Khalim-Nazruloev-321451
Gadzhimurad Gasanguseinov,,,,,,,,,,0,0,sherdog,https://www.sherdog.com/fighter/Gadzhimurad-Gasanguseinov-313385
Aivaz Aidinov,,,,,,,,,,0,0,sherdog,https://www.sherdog.com/fighter/Aivaz-Aidinov-389439
Nodir Alidodov,,,,,,,,,,0,0,sherdog,https://www.sherdog.com/fighter/Nodir-Alidodov-336805
Serik Makul,,,,,,,,,,0,0,sherdog,https://www.sherdog.com/fighter/Serik-Makul-394371
Yunus Aliev,,,,,,,,,,0,0,sherdog,https://www.sherdog.com/fighter/Yunus-Aliev-372613
Teimur Zhaparov,,,,,,,,,,0,0,sherdog,https://www.sherdog.com/fighter/Teimur-Zhaparov-250355
Gani Adilserikov,,,,,,,,,,0,0,sherdog,https://www.sherdog.com/fighter/Gani-Adilserikov-315219
Ali Sanuev,,,,,,,,,,0,0,sherdog,https://www.sherdog.com/fighter/Ali-Sanuev-384359
Demba Seck,,,,,,,M,,,0,0,sherdog,https://www.sherdog.com/fighter/Demba-Seck-386973
Marcio Valerio,,,,,,,M,,,0,0,sherdog,https://www.sherdog.com/fighter/Marcio-Valerio-328299
Daniel Matusic,,,,,,,M,,,0,0,sherdog,https://www.sherdog.com/fighter/Daniel-Matusic-236859
Matheus Lima,,,,,,,M,,,0,0,sherdog,https://www.sherdog.com/fighter/Matheus-Lima-282517
Karl Fletcher,,,,,,,M,,,0,0,sherdog,https://www.sherdog.com/fighter/Karl-Fletcher-323625
Sean Pero,,,,,,,M,,,0,0,sherdog,https://www.sherdog.com/fighter/Sean-Pero-272221
Alexis Tsarmantidis,,,,,,,M,,,0,0,sherdog,https://www.sherdog.com/fighter/Alexis-Tsarmantidis-321037
Hakem Alshubrem,,,,,,,M,,,0,0,sherdog,https://www.sherdog.com/fighter/Hakem-Alshubrem-316211
Anthony Guarascio,,,,,,,M,,,0,0,sherdog,https://www.sherdog.com/fighter/Anthony-Guarascio-414547
Raiden Kovacs,,,,,,,M,,,0,0,sherdog,https://www.sherdog.com/fighter/Raiden-Kovacs-370442
Hammer Morton,,,,,,,M,,,0,0,sherdog,https://www.sherdog.com/fighter/Hammer-Morton-229995
Larry Gonzales,,,,,,,M,,,0,0,sherdog,https://www.sherdog.com/fighter/Larry-Gonzales-322763
Billy Ray Valdez,,,,,,,M,,,0,0,sherdog,https://www.sherdog.com/fighter/Billy-Ray-Valdez-331357
Anthony Garrett,,,,,,,M,,,0,0,sherdog,https://www.sherdog.com/fighter/Anthony-Garrett-138101
Valerie Letourneau,,,,,,,F,,,0,0,sherdog,https://www.sherdog.com/fighter/Valerie-Letourneau-21851
Seo Hee Ham,,,,,,,F,,,0,0,sherdog,https://www.sherdog.com/fighter/Seo-Hee-Ham-21246
Katja Kankaanpaa,,,,,,,F,,,0,0,sherdog,https://www.sherdog.com/fighter/Katja-Kankaanpaa-62531
Norma Rueda Center,,,,,,,F,,,0,0,sherdog,https://www.sherdog.com/fighter/Norma-Rueda-Center-112041
Sally Krumdiack,,,,,,,F,,,0,0,sherdog,https://www.sherdog.com/fighter/Sally-Krumdiack-19408
Livia von Plettenberg,,,,,,,F,,,0,0,sherdog,https://www.sherdog.com/fighter/Livia-von-Plettenberg-104147
Ainara Mota,,,,,,,F,,,0,0,sherdog,https://www.sherdog.com/fighter/Ainara-Mota-103295
Lena Ovchynnikova,,,,,,,F,,,0,0,sherdog,https://www.sherdog.com/fighter/Lena-Ovchynnikova-45740
Noelia Molina,,,,,,,F,,,0,0,sherdog,https://www.sherdog.com/fighter/Noelia-Molina-94105
Raulian Paiva,,,,,,,M,,,0,0,sherdog,https://www.sherdog.com/fighter/Raulian-Paiva-167575
Kris Moutinho,,,,,,,M,,,0,0,sherdog,https://www.sherdog.com/fighter/Kris-Moutinho-126341
Thomas Almeida,,,,,,,M,,,0,0,sherdog,https://www.sherdog.com/fighter/Thomas-Almeida-87865
Jose Quinonez,,,,,,,M,,,0,0,sherdog,https://www.sherdog.com/fighter/Jose-Quinonez-152627
Terrion Ware,,,,,,,M,,,0,0,sherdog,https://www.sherdog.com/fighter/Terrion-Ware-106755
David Nuzzo,,,,,,,M,,,0,0,sherdog,https://www.sherdog.com/fighter/David-Nuzzo-73458
Irvin Veloz,,,,,,,M,,,0,0,sherdog,https://www.sherdog.com/fighter/Irvin-Veloz-180587
Tycen Lynn,,,,,,,M,,,0,0,sherdog,https://www.sherdog.com/fighter/Tycen-Lynn-118493
Mark Coates,,,,,,,M,,,0,0,sherdog,https://www.sherdog.com/fighter/Mark-Coates-85149
Omar Avelar,,,,,,,M,,,0,0,sherdog,https://www.sherdog.com/fighter/Omar-Avelar-65750
Josh Reyes,,,,,,,M,,,0,0,sherdog,https://www.sherdog.com/fighter/Josh-Reyes-130467
Tae Kyun Kim,,,,,,,M,,,0,0,sherdog,https://www.sherdog.com/fighter/Tae-Kyun-Kim-273661
Dylan Salvador,,,,,,,M,,,0,0,sherdog,https://www.sherdog.com/fighter/Dylan-Salvador-322181
Bernard Soriano,,,,,,,M,,,0,0,sherdog,https://www.sherdog.com/fighter/Bernard-Soriano-68319
Arman Luyao,,,,,,,M,,,0,0,sherdog,https://www.sherdog.com/fighter/Arman-Luyao-410955
Benjie Tabaranza,,,,,,,M,,,0,0,sherdog,https://www.sherdog.com/fighter/Benjie-Tabaranza-318265
Naoki Inoue,,,,,,,M,,,0,0,sherdog,https://www.sherdog.com/fighter/Naoki-Inoue-158487
Alvin Ramirez,,,,,,,M,,,0,0,sherdog,https://www.sherdog.com/fighter/Alvin-Ramirez-46287
Hideo Morikawa,,,,,,,M,,,0,0,sherdog,https://www.sherdog.com/fighter/Hideo-Morikawa-55488
Ricky Lucena,,,,,,,M,,,0,0,sherdog,https://www.sherdog.com/fighter/Ricky-Lucena-99161
Carlo Laurel,,,,,,,M,,,0,0,sherdog,https://www.sherdog.com/fighter/Carlo-Laurel-133411
Jovanie Bualan,,,,,,,M,,,0,0,sherdog,https://www.sherdog.com/fighter/Jovanie-Bualan-284071
Joven Superales,,,,,,,M,,,0,0,sherdog,https://www.sherdog.com/fighter/Joven-Superales-198779
Mark Dialogo,,,,,,,M,,,0,0,sherdog,https://www.sherdog.com/fighter/Mark-Dialogo-84026
C.B. Dollaway,,,,,,,M,,,0,0,sherdog,https://www.sherdog.com/fighter/CB-Dollaway-22350
Brandon Halsey,,,,,,,M,,,0,0,sherdog,https://www.sherdog.com/fighter/Brandon-Halsey-91819
Jake Heun,,,,,,,M,,,0,0,sherdog,https://www.sherdog.com/fighter/Jake-Heun-66992
Bruno Cappelozza,,,,,,,M,,,0,0,sherdog,https://www.sherdog.com/fighter/Bruno-Cappelozza-74598
Karl Albrektsson,,,,,,,M,,,0,0,sherdog,https://www.sherdog.com/fighter/Karl-Albrektsson-115015
Wilian Roberto Alves,,,,,,,M,,,0,0,sherdog,https://www.sherdog.com/fighter/Wilian-Roberto-Alves-72650
Mark Tanios,,,,,,,M,,,0,0,sherdog,https://www.sherdog.com/fighter/Mark-Tanios-113161
Kazuyuki Fujita,,,,,,,M,,,0,0,sherdog,https://www.sherdog.com/fighter/Kazuyuki-Fujita-315
Vadim Nemkov,,,,,,,M,,,0,0,sherdog,https://www.sherdog.com/fighter/Vadim-Nemkov-143059
Satoshi Ishii,,,,,,,M,,,0,0,sherdog,https://www.sherdog.com/fighter/Satoshi-Ishii-41887
Evgeni Kondratov,,,,,,,M,,,0,0,sherdog,https://www.sherdog.com/fighter/Evgeni-Kondratov-133381
Michal Fijalka,,,,,,,M,,,0,0,sherdog,https://www.sherdog.com/fighter/Michal-Fijalka-30826
Rokas Stambrauskas,,,,,,,M,,,0,0,sherdog,https://www.sherdog.com/fighter/Rokas-Stambrauskas-3047
Tomas Penz,,,,,,,M,,,0,0,sherdog,https://www.sherdog.com/fighter/Tomas-Penz-33175
Viktor Bogutzki,,,,,,,M,,,0,0,sherdog,https://www.sherdog.com/fighter/Viktor-Bogutzki-162609
Martin Solc,,,,,,,M,,,0,0,sherdog,https://www.sherdog.com/fighter/Martin-Solc-53147
Oliver Dohring,,,,,,,M,,,0,0,sherdog,https://www.sherdog.com/fighter/Oliver-Dohring-67681
Abdul-Kerim Edilov,,,,,,,M,,,0,0,sherdog,https://www.sherdog.com/fighter/AbdulKerim-Edilov-63045
Radovan Estocin,,,,,,,M,,,0,0,sherdog,https://www.sherdog.com/fighter/Radovan-Estocin-153881
Josef Zak,,,,,,,M,,,0,0,sherdog,https://www.sherdog.com/fighter/Josef-Zak-5902
Denic Strahinja,,,,,,,M,,,0,0,sherdog,https://www.sherdog.com/fighter/Denic-Strahinja-125305
Martin Vanis,,,,,,,M,,,0,0,sherdog,https://www.sherdog.com/fighter/Martin-Vanis-117475
Vladimir Eis,,,,,,,M,,,0,0,sherdog,https://www.sherdog.com/fighter/Vladimir-Eis-113877
Stanislav Futera,,,,,,,M,,,0,0,sherdog,https://www.sherdog.com/fighter/Stanislav-Futera-76739
Dylan Budka,,,,,,,M,,,0,0,sherdog,https://www.sherdog.com/fighter/Dylan-Budka-377018
A.J. Dobson,,,,,,,M,,,0,0,sherdog,https://www.sherdog.com/fighter/AJ-Dobson-119943
Dalcha Lungiambula,,,,,,,M,,,0,0,sherdog,https://www.sherdog.com/fighter/Dalcha-Lungiambula-167487
Charles Byrd,,,,,,,M,,,0,0,sherdog,https://www.sherdog.com/fighter/Charles-Byrd-51234
Antonio Jones,,,,,,,M,,,0,0,sherdog,https://www.sherdog.com/fighter/Antonio-Jones-127091
Daniel McWilliams,,,,,,,M,,,0,0,sherdog,https://www.sherdog.com/fighter/Daniel-McWilliams-22792
Aaron Hamilton,,,,,,,M,,,0,0,sherdog,https://www.sherdog.com/fighter/Aaron-Hamilton-65199
Anthony Thomas,,,,,,,M,,,0,0,sherdog,https://www.sherdog.com/fighter/Anthony-Thomas-266041
Dejon Daniels,,,,,,,M,,,0,0,sherdog,https://www.sherdog.com/fighter/Dejon-Daniels-135045
Dearmie Street,,,,,,,M,,,0,0,sherdog,https://www.sherdog.com/fighter/Dearmie-Street-252225
Selah Williams,,,,,,,M,,,0,0,sherdog,https://www.sherdog.com/fighter/Selah-Williams-52951
Gokhan Saki,,,,,,,M,,,0,0,sherdog,https://www.sherdog.com/fighter/Gokhan-Saki-10925
Justin Polendey,,,,,,,M,,,0,0,sherdog,https://www.sherdog.com/fighter/Justin-Polendey-60565
Cameron Olson,,,,,,,M,,,0,0,sherdog,https://www.sherdog.com/fighter/Cameron-Olson-171259
Blake Troop,,,,,,,M,,,0,0,sherdog,https://www.sherdog.com/fighter/Blake-Troop-176665
Livingston Lukow,,,,,,,M,,,0,0,sherdog,https://www.sherdog.com/fighter/Livingston-Lukow-102277
Darian Weeks,,,,,,,M,,,0,0,sherdog,https://www.sherdog.com/fighter/Darian-Weeks-223693
Jack Grant,,,,,,,M,,,0,0,sherdog,https://www.sherdog.com/fighter/Jack-Grant-60376
Rostem Akman,,,,,,,M,,,0,0,sherdog,https://www.sherdog.com/fighter/Rostem-Akman-175303
Lawrence Jordan Tracey,,,,,,,M,,,0,0,sherdog,https://www.sherdog.com/fighter/Lawrence-Jordan-Tracey-129581
George McManus,,,,,,,M,,,0,0,sherdog,https://www.sherdog.com/fighter/George-McManus-168617
Mateusz Figlak,,,,,,,M,,,0,0,sherdog,https://www.sherdog.com/fighter/Mateusz-Figlak-151385
Matteo Ceglia,,,,,,,M,,,0,0,sherdog,https://www.sherdog.com/fighter/Matteo-Ceglia-223141
James Sheehan,,,,,,,M,,,0,0,sherdog,https://www.sherdog.com/fighter/James-Sheehan-151925
Ryuho Miyaguchi,,,,,,,M,,,0,0,sherdog,https://www.sherdog.com/fighter/Ryuho-Miyaguchi-420440
Kantharaj Agasa,,,,,,,M,,,0,0,sherdog,https://www.sherdog.com/fighter/Kantharaj-Agasa-201747
Mohammed Farhad,,,,,,,M,,,0,0,sherdog,https://www.sherdog.com/fighter/Mohammed-Farhad-145787
Chaitanya Gavali,,,,,,,M,,,0,0,sherdog,https://www.sherdog.com/fighter/Chaitanya-Gavali-93397
Manish Mahanta,,,,,,,M,,,0,0,sherdog,https://www.sherdog.com/fighter/Manish-Mahanta-421998
Aman Saini,,,,,,,M,,,0,0,sherdog,https://www.sherdog.com/fighter/Aman-Saini-405054
Angad Bisht,,,,,,,M,,,0,0,sherdog,https://www.sherdog.com/fighter/Angad-Bisht-274657
Sujit Gund,,,,,,,M,,,0,0,sherdog,https://www.sherdog.com/fighter/Sujit-Gund-391788
Mohammed Alfran Khan,,,,,,,M,,,0,0,sherdog,https://www.sherdog.com/fighter/Mohammed-Alfran-Khan-362807
Lucas Triverio Camacho,,,,,,,M,,,0,0,sherdog,https://www.sherdog.com/fighter/Lucas-Triverio-Camacho-242865
Kasim Aras,,,,,,,M,,,0,0,sherdog,https://www.sherdog.com/fighter/Kasim-Aras-310799
Benjamin Sehic,,,,,,,M,,,0,0,sherdog,https://www.sherdog.com/fighter/Benjamin-Sehic-378818
Aladin Ben Halima,,,,,,,M,,,0,0,sherdog,https://www.sherdog.com/fighter/Aladin-Ben-Halima-388624
Filip Bradaric,,,,,,,M,,,0,0,sherdog,https://www.sherdog.com/fighter/Filip-Bradaric-140127
Maxwell Djantou Nana,,,,,,,M,,,0,0,sherdog,https://www.sherdog.com/fighter/Maxwell-Djantou-Nana-410747
Besart Berisha,,,,,,,M,,,0,0,sherdog,https://www.sherdog.com/fighter/Besart-Berisha-168603
Joffie Houlton,,,,,,,M,,,0,0,sherdog,https://www.sherdog.com/fighter/Joffie-Houlton-288935
Stephanie Bragayrac,,,,,,,F,,,0,0,sherdog,https://www.sherdog.com/fighter/Stephanie-Bragayrac-144991
Romina Aguirre,,,,,,,F,,,0,0,sherdog,https://www.sherdog.com/fighter/Romina-Aguirre-253459
Alessandra Tainara,,,,,,,F,,,0,0,sherdog,https://www.sherdog.com/fighter/Alessandra-Tainara-174157
Geyse Yasmin,,,,,,,F,,,0,0,sherdog,https://www.sherdog.com/fighter/Geyse-Yasmin-387500
Fiorella Cardozo,,,,,,,F,,,0,0,sherdog,https://www.sherdog.com/fighter/Fiorella-Cardozo-333683
Laura Ribeiro,,,,,,,F,,,0,0,sherdog,https://www.sherdog.com/fighter/Laura-Ribeiro-267925
Noemi Galarza,,,,,,,F,,,0,0,sherdog,https://www.sherdog.com/fighter/Noemi-Galarza-283999
Luke Rockhold,,,,,,,M,,,0,0,sherdog,https://www.sherdog.com/fighter/Luke-Rockhold-23345
Patrick Cummins,,,,,,,M,,,0,0,sherdog,https://www.sherdog.com/fighter/Patrick-Cummins-72981
Igor Pokrajac,,,,,,,M,,,0,0,sherdog,https://www.sherdog.com/fighter/Igor-Pokrajac-7621
Goran Reljic,,,,,,,M,,,0,0,sherdog,https://www.sherdog.com/fighter/Goran-Reljic-10165
Houston Alexander,,,,,,,M,,,0,0,sherdog,https://www.sherdog.com/fighter/Houston-Alexander-2352
Mario Miranda,,,,,,,M,,,0,0,sherdog,https://www.sherdog.com/fighter/Mario-Miranda-23852
Rameau Thierry Sokoudjou,,,,,,,M,,,0,0,sherdog,https://www.sherdog.com/fighter/Rameau-Thierry-Sokoudjou-17010
Toni Valtonen,,,,,,,M,,,0,0,sherdog,https://www.sherdog.com/fighter/Toni-Valtonen-8402
Daniel Tabera,,,,,,,M,,,0,0,sherdog,https://www.sherdog.com/fighter/Daniel-Tabera-4476
Nikolai Onikienko,,,,,,,M,,,0,0,sherdog,https://www.sherdog.com/fighter/Nikolai-Onikienko-2944
Wojciech Orlowski,,,,,,,M,,,0,0,sherdog,https://www.sherdog.com/fighter/Wojciech-Orlowski-22154
Julio Cezar de Lima,,,,,,,M,,,0,0,sherdog,https://www.sherdog.com/fighter/Julio-Cezar-de-Lima-56026
Christian M'Pumbu,,,,,,,M,,,0,0,sherdog,https://www.sherdog.com/fighter/Christian-MPumbu-10555
Aziz Karaoglu,,,,,,,M,,,0,0,sherdog,https://www.sherdog.com/fighter/Aziz-Karaoglu-1477
Antoni Chmielewski,,,,,,,M,,,0,0,sherdog,https://www.sherdog.com/fighter/Antoni-Chmielewski-12637
Andre Fyeet,,,,,,,M,,,0,0,sherdog,https://www.sherdog.com/fighter/Andre-Fyeet-10189
Daniel Dowda,,,,,,,M,,,0,0,sherdog,https://www.sherdog.com/fighter/Daniel-Dowda-26676
Pawel Gasinski,,,,,,,M,,,0,0,sherdog,https://www.sherdog.com/fighter/Pawel-Gasinski-47203
Sebastian Olchawa,,,,,,,M,,,0,0,sherdog,https://www.sherdog.com/fighter/Sebastian-Olchawa-23516
Marcin Krysztofiak,,,,,,,M,,,0,0,sherdog,https://www.sherdog.com/fighter/Marcin-Krysztofiak-22786
Maikel Perez,,,,,,,M,,,0,0,sherdog,https://www.sherdog.com/fighter/Maikel-Perez-225119
Isaac Camarillo,,,,,,,M,,,0,0,sherdog,https://www.sherdog.com/fighter/Isaac-Camarillo-221805
Matt Betzold,,,,,,,M,,,0,0,sherdog,https://www.sherdog.com/fighter/Matt-Betzold-53349
C.J. Soliven,,,,,,,M,,,0,0,sherdog,https://www.sherdog.com/fighter/CJ-Soliven-162183
Alex Contreras,,,,,,,M,,,0,0,sherdog,https://www.sherdog.com/fighter/Alex-Contreras-91707
Paul Amaro,,,,,,,M,,,0,0,sherdog,https://www.sherdog.com/fighter/Paul-Amaro-115753
Jason Carbajal,,,,,,,M,,,0,0,sherdog,https://www.sherdog.com/fighter/Jason-Carbajal-37419
Jesse Cruz,,,,,,,M,,,0,0,sherdog,https://www.sherdog.com/fighter/Jesse-Cruz-37817
Brenson Hansen,,,,,,,M,,,0,0,sherdog,https://www.sherdog.com/fighter/Brenson-Hansen-55742
Jonathan Carter,,,,,,,M,,,0,0,sherdog,https://www.sherdog.com/fighter/Jonathan-Carter-99139
Ron Scolesdang,,,,,,,M,,,0,0,sherdog,https://www.sherdog.com/fighter/Ron-Scolesdang-91519
Luis Garcia,,,,,,,M,,,0,0,sherdog,https://www.sherdog.com/fighter/Luis-Garcia-15785
Marco Beristain,,,,,,,M,,,0,0,sherdog,https://www.sherdog.com/fighter/Marco-Beristain-82125
Atiq Jihad,,,,,,,M,,,0,0,sherdog,https://www.sherdog.com/fighter/Atiq-Jihad-80174
Jamey Simmons,,,,,,,M,,,0,0,sherdog,https://www.sherdog.com/fighter/Jamey-Simmons-237195
Irwin Rivera,,,,,,,M,,,0,0,sherdog,https://www.sherdog.com/fighter/Irwin-Rivera-78383
Brandon Davis,,,,,,,M,,,0,0,sherdog,https://www.sherdog.com/fighter/Brandon-Davis-67782
Damien Manzanares,,,,,,,M,,,0,0,sherdog,https://www.sherdog.com/fighter/Damien-Manzanares-284865
Clay Baines,,,,,,,M,,,0,0,sherdog,https://www.sherdog.com/fighter/Clay-Baines-173543
Austin Springer,,,,,,,M,,,0,0,sherdog,https://www.sherdog.com/fighter/Austin-Springer-41861
Kevin Ceron,,,,,,,M,,,0,0,sherdog,https://www.sherdog.com/fighter/Kevin-Ceron-284883
Kevin Gratts,,,,,,,M,,,0,0,sherdog,https://www.sherdog.com/fighter/Kevin-Gratts-270839
Anthony Ross,,,,,,,M,,,0,0,sherdog,https://www.sherdog.com/fighter/Anthony-Ross-154717
Joe Bear,,,,,,,M,,,0,0,sherdog,https://www.sherdog.com/fighter/Joe-Bear-242709
Gil Guardado,,,,,,,M,,,0,0,sherdog,https://www.sherdog.com/fighter/Gil-Guardado-51218
Jonathan Micallef,,,,,,,M,,,0,0,sherdog,https://www.sherdog.com/fighter/Jonathan-Micallef-366859
Seok Hyeon Ko,,,,,,,M,,,0,0,sherdog,https://www.sherdog.com/fighter/Seok-Hyeon-Ko-275977
Valentine Woodburn,,,,,,,M,,,0,0,sherdog,https://www.sherdog.com/fighter/Valentine-Woodburn-315963
Sean McCormac,,,,,,,M,,,0,0,sherdog,https://www.sherdog.com/fighter/Sean-McCormac-307485
Matthew Bonner,,,,,,,M,,,0,0,sherdog,https://www.sherdog.com/fighter/Matthew-Bonner-201547
Herkus Lukosiunas,,,,,,,M,,,0,0,sherdog,https://www.sherdog.com/fighter/Herkus-Lukosiunas-288267
Madars Bertholds-Fleminas,,,,,,,M,,,0,0,sherdog,https://www.sherdog.com/fighter/Madars-BertholdsFleminas-224999
James Lilley,,,,,,,M,,,0,0,sherdog,https://www.sherdog.com/fighter/James-Lilley-53540
Bouali Skikem,,,,,,,M,,,0,0,sherdog,https://www.sherdog.com/fighter/Bouali-Skikem-270611
Brett Hassett,,,,,,,M,,,0,0,sherdog,https://www.sherdog.com/fighter/Brett-Hassett-116543
Gwan Woo Lim,,,,,,,M,,,0,0,sherdog,https://www.sherdog.com/fighter/Gwan-Woo-Lim-417171
Grigoriy Belyaev,,,,,,,M,,,0,0,sherdog,https://www.sherdog.com/fighter/Grigoriy-Belyaev-284235
Fudo Ito,,,,,,,M,,,0,0,sherdog,https://www.sherdog.com/fighter/Fudo-Ito-159137
Gabriel Gabrielyan,,,,,,,M,,,0,0,sherdog,https://www.sherdog.com/fighter/Gabriel-Gabrielyan-437350
Zhasurbek Sobirov,,,,,,,M,,,0,0,sherdog,https://www.sherdog.com/fighter/Zhasurbek-Sobirov-377824
Usman Elmuzaev,,,,,,,M,,,0,0,sherdog,https://www.sherdog.com/fighter/Usman-Elmuzaev-430526
Chunbo Yuan,,,,,,,M,,,0,0,sherdog,https://www.sherdog.com/fighter/Chunbo-Yuan-69455
Giovanni Moljo,,,,,,,M,,,0,0,sherdog,https://www.sherdog.com/fighter/Giovanni-Moljo-46032
Lei Yu,,,,,,,M,,,0,0,sherdog,https://www.sherdog.com/fighter/Lei-Yu-236839
Pengchao Feng,,,,,,,M,,,0,0,sherdog,https://www.sherdog.com/fighter/Pengchao-Feng-336611
Ui Jong Kim,,,,,,,M,,,0,0,sherdog,https://www.sherdog.com/fighter/Ui-Jong-Kim-267001
Qingya Zhong,,,,,,,M,,,0,0,sherdog,https://www.sherdog.com/fighter/Qingya-Zhong-232909
Shuaihu Li,,,,,,,M,,,0,0,sherdog,https://www.sherdog.com/fighter/Shuaihu-Li-107821
Yerhali Yimingjiang,,,,,,,M,,,0,0,sherdog,https://www.sherdog.com/fighter/Yerhali-Yimingjiang-305961
Koji Takeuchi,,,,,,,M,,,0,0,sherdog,https://www.sherdog.com/fighter/Koji-Takeuchi-1286
Maxim Osipov,,,,,,,M,,,0,0,sherdog,https://www.sherdog.com/fighter/Maxim-Osipov-430525
Xi Tian,,,,,,,M,,,0,0,sherdog,https://www.sherdog.com/fighter/Xi-Tian-265937
Wilson Djavan,,,,,,,M,,,0,0,sherdog,https://www.sherdog.com/fighter/Wilson-Djavan-283825
Sen Li,,,,,,,M,,,0,0,sherdog,https://www.sherdog.com/fighter/Sen-Li-421703
Carlos Felipe,,,,,,,M,,,0,0,sherdog,https://www.sherdog.com/fighter/Carlos-Felipe-185021
Ivo Cuk,,,,,,,M,,,0,0,sherdog,https://www.sherdog.com/fighter/Ivo-Cuk-65065
Travis Fulton,,,,,,,M,,,0,0,sherdog,https://www.sherdog.com/fighter/Travis-Fulton-80
Luke Morton,,,,,,,M,,,0,0,sherdog,https://www.sherdog.com/fighter/Luke-Morton-225897
Artem Cherkov,,,,,,,M,,,0,0,sherdog,https://www.sherdog.com/fighter/Artem-Cherkov-132113
Dimitriy Mikutsa,,,,,,,M,,,0,0,sherdog,https://www.sherdog.com/fighter/Dimitriy-Mikutsa-177835
Yuri Gorbenko,,,,,,,M,,,0,0,sherdog,https://www.sherdog.com/fighter/Yuri-Gorbenko-62081
Evgeniy Bova,,,,,,,M,,,0,0,sherdog,https://www.sherdog.com/fighter/Evgeniy-Bova-79174
Andrey Serebrianikov,,,,,,,M,,,0,0,sherdog,https://www.sherdog.com/fighter/Andrey-Serebrianikov-146277
George Roop,,,,,,,M,,,0,0,sherdog,https://www.sherdog.com/fighter/George-Roop-16415
Matt Jaggers,,,,,,,M,,,0,0,sherdog,https://www.sherdog.com/fighter/Matt-Jaggers-17406
Masanori Kanehara,,,,,,,M,,,0,0,sherdog,https://www.sherdog.com/fighter/Masanori-Kanehara-13767
Fanjin Son,,,,,,,M,,,0,0,sherdog,https://www.sherdog.com/fighter/Fanjin-Son-12941
Jung Hyun Cho,,,,,,,M,,,0,0,sherdog,https://www.sherdog.com/fighter/Jung-Hyun-Cho-54135
Dae Han Choi,,,,,,,M,,,0,0,sherdog,https://www.sherdog.com/fighter/Dae-Han-Choi-36882
Jung Beom Choi,,,,,,,M,,,0,0,sherdog,https://www.sherdog.com/fighter/Jung-Beom-Choi-54140
Hyung Geol Lee,,,,,,,M,,,0,0,sherdog,https://www.sherdog.com/fighter/Hyung-Geol-Lee-44491
In Seok Yoo,,,,,,,M,,,0,0,sherdog,https://www.sherdog.com/fighter/In-Seok-Yoo-44490
Hugo Cunha,,,,,,,M,,,0,0,sherdog,https://www.sherdog.com/fighter/Hugo-Cunha-227763
Renan Ferreira,,,,,,,M,,,0,0,sherdog,https://www.sherdog.com/fighter/Renan-Ferreira-181493
Anthony Hamilton,,,,,,,M,,,0,0,sherdog,https://www.sherdog.com/fighter/Anthony-Hamilton-58947
Edivan Mineiro Santos,,,,,,,M,,,0,0,sherdog,https://www.sherdog.com/fighter/Edivan-Mineiro-Santos-244213
Ruud Vernooij,,,,,,,M,,,0,0,sherdog,https://www.sherdog.com/fighter/Ruud-Vernooij-177891
Shamil Abasov,,,,,,,M,,,0,0,sherdog,https://www.sherdog.com/fighter/Shamil-Abasov-265587
Navid Yadegari,,,,,,,M,,,0,0,sherdog,https://www.sherdog.com/fighter/Navid-Yadegari-250245
Jose Jimenez,,,,,,,M,,,0,0,sherdog,https://www.sherdog.com/fighter/Jose-Jimenez-247805
Charles Andrade,,,,,,,M,,,0,0,sherdog,https://www.sherdog.com/fighter/Charles-Andrade-9333
Mikhail Istomin,,,,,,,M,,,0,0,sherdog,https://www.sherdog.com/fighter/Mikhail-Istomin-85972
Ivan Gayvanovich,,,,,,,M,,,0,0,sherdog,https://www.sherdog.com/fighter/Ivan-Gayvanovich-95181
Gonzalo Hanampa,,,,,,,,,,0,0,sherdog,https://www.sherdog.com/fighter/Gonzalo-Hanampa-434924
Wallafy de Paulo,,,,,,,,,,0,0,sherdog,https://www.sherdog.com/fighter/Wallafy-de-Paulo-180465
William Rocha,,,,,,,,,,0,0,sherdog,https://www.sherdog.com/fighter/William-Rocha-366567
Adrian Haly,,,,,,,,,,0,0,sherdog,https://www.sherdog.com/fighter/Adrian-Haly-234007
Miguel Angel Fierro,,,,,,,,,,0,0,sherdog,https://www.sherdog.com/fighter/Miguel-Angel-Fierro-242349
John Alvarez,,,,,,,,,,0,0,sherdog,https://www.sherdog.com/fighter/John-Alvarez-326161
Nick Vargas,,,,,,,,,,0,0,sherdog,https://www.sherdog.com/fighter/Nick-Vargas-281967
Andres Santillana,,,,,,,,,,0,0,sherdog,https://www.sherdog.com/fighter/Andres-Santillana-222693
Angel Soto,,,,,,,,,,0,0,sherdog,https://www.sherdog.com/fighter/Angel-Soto-232205
Rico Farrington,,,,,,,M,,,0,0,sherdog,https://www.sherdog.com/fighter/Rico-Farrington-135825
Ozzie Alvarez,,,,,,,M,,,0,0,sherdog,https://www.sherdog.com/fighter/Ozzie-Alvarez-74918
Alex Velasco,,,,,,,M,,,0,0,sherdog,https://www.sherdog.com/fighter/Alex-Velasco-192285
Justin Baesman,,,,,,,M,,,0,0,sherdog,https://www.sherdog.com/fighter/Justin-Baesman-31286
Joel Champion,,,,,,,M,,,0,0,sherdog,https://www.sherdog.com/fighter/Joel-Champion-63511
Christian Gonzalez,,,,,,,M,,,0,0,sherdog,https://www.sherdog.com/fighter/Christian-Gonzalez-128089
Hector Saldana,,,,,,,M,,,0,0,sherdog,https://www.sherdog.com/fighter/Hector-Saldana-139469
Christopher Gates,,,,,,,M,,,0,0,sherdog,https://www.sherdog.com/fighter/Christopher-Gates-65881
Igor Barabanov,,,,,,,M,,,0,0,sherdog,https://www.sherdog.com/fighter/Igor-Barabanov-366375
Ivan Gnizditskiy,,,,,,,M,,,0,0,sherdog,https://www.sherdog.com/fighter/Ivan-Gnizditskiy-291329
Munkh-Erdene Batjargal,,,,,,,M,,,0,0,sherdog,https://www.sherdog.com/fighter/MunkhErdene-Batjargal-403615
Haiming Yu,,,,,,,M,,,0,0,sherdog,https://www.sherdog.com/fighter/Haiming-Yu-253523
Cheick Kone,,,,,,,M,,,0,0,sherdog,https://www.sherdog.com/fighter/Cheick-Kone-107335
Jedrzej Mackowiak,,,,,,,M,,,0,0,sherdog,https://www.sherdog.com/fighter/Jedrzej-Mackowiak-155349
Rodrigo Jesus,,,,,,,M,,,0,0,sherdog,https://www.sherdog.com/fighter/Rodrigo-Jesus-51258
Luis Guilherme de Andrade,,,,,,,M,,,0,0,sherdog,https://www.sherdog.com/fighter/Luis-Guilherme-de-Andrade-64380
Henrique Silva Lopes,,,,,,,M,,,0,0,sherdog,https://www.sherdog.com/fighter/Henrique-Silva-Lopes-154915
Fabio Augusto de Assis Vasconcelos,,,,,,,M,,,0,0,sherdog,https://www.sherdog.com/fighter/Fabio-Augusto-de-Assis-Vasconcelos-157179
Klidson Abreu,,,,,,,M,,,0,0,sherdog,https://www.sherdog.com/fighter/Klidson-Abreu-111535
Murilo Grittz,,,,,,,M,,,0,0,sherdog,https://www.sherdog.com/fighter/Murilo-Grittz-204615
Marck Polimeno,,,,,,,M,,,0,0,sherdog,https://www.sherdog.com/fighter/Marck-Polimeno-163495
Ricardo Pandora,,,,,,,M,,,0,0,sherdog,https://www.sherdog.com/fighter/Ricardo-Pandora-159515
Andrew Flores Smith,,,,,,,M,,,0,0,sherdog,https://www.sherdog.com/fighter/Andrew-Flores-Smith-51734
Wagner Prado,,,,,,,M,,,0,0,sherdog,https://www.sherdog.com/fighter/Wagner-Prado-53134
Joao Vitor Lopes da Silva,,,,,,,M,,,0,0,sherdog,https://www.sherdog.com/fighter/Joao-Vitor-Lopes-da-Silva-181403
Vitor Casanova,,,,,,,M,,,0,0,sherdog,https://www.sherdog.com/fighter/Vitor-Casanova-145869
Francisco Francisco,,,,,,,M,,,0,0,sherdog,https://www.sherdog.com/fighter/Francisco-Francisco-170205
Gabriela Campo,,,,,,,F,,,0,0,sherdog,https://www.sherdog.com/fighter/Gabriela-Campo-157239
Corinne Laframboise,,,,,,,F,,,0,0,sherdog,https://www.sherdog.com/fighter/Corinne-Laframboise-244989
Amanda Lino,,,,,,,F,,,0,0,sherdog,https://www.sherdog.com/fighter/Amanda-Lino-171631
Leah McCourt,,,,,,,F,,,0,0,sherdog,https://www.sherdog.com/fighter/Leah-McCourt-169537
Whittany Pyles,,,,,,,F,,,0,0,sherdog,https://www.sherdog.com/fighter/Whittany-Pyles-274065
Devon Lozej,,,,,,,M,,,0,0,sherdog,https://www.sherdog.com/fighter/Devon-Lozej-319677
Igor Sergio Gordo Siqueira,,,,,,,M,,,0,0,sherdog,https://www.sherdog.com/fighter/Igor-Sergio-Gordo-Siqueira-274173
Cody Davis,,,,,,,M,,,0,0,sherdog,https://www.sherdog.com/fighter/Cody-Davis-285825
Leandro Soares,,,,,,,M,,,0,0,sherdog,https://www.sherdog.com/fighter/Leandro-Soares-163989
Davi Bittencourt,,,,,,,M,,,0,0,sherdog,https://www.sherdog.com/fighter/Davi-Bittencourt-263121
Tiago Xavier,,,,,,,M,,,0,0,sherdog,https://www.sherdog.com/fighter/Tiago-Xavier-235009
Tiago Santos Reis,,,,,,,M,,,0,0,sherdog,https://www.sherdog.com/fighter/Tiago-Santos-Reis-299237
Francisco Assis,,,,,,,M,,,0,0,sherdog,https://www.sherdog.com/fighter/Francisco-Assis-272675
Robert Marcelo Correa de Oliveira,,,,,,,M,,,0,0,sherdog,https://www.sherdog.com/fighter/Robert-Marcelo-Correa-de-Oliveira-293093
Matheus Matarazzo,,,,,,,M,,,0,0,sherdog,https://www.sherdog.com/fighter/Matheus-Matarazzo-244271
Aldejan Ferreira de Melo,,,,,,,M,,,0,0,sherdog,https://www.sherdog.com/fighter/Aldejan-Ferreira-de-Melo-324387
Felipe Benica,,,,,,,M,,,0,0,sherdog,https://www.sherdog.com/fighter/Felipe-Benica-194769
Wilherson Rithieri,,,,,,,M,,,0,0,sherdog,https://www.sherdog.com/fighter/Wilherson-Rithieri-273031
Kelvin Redriano Junho,,,,,,,M,,,0,0,sherdog,https://www.sherdog.com/fighter/Kelvin-Redriano-Junho-170117
Sarah Schneider,,,,,,,F,,,0,0,sherdog,https://www.sherdog.com/fighter/Sarah-Schneider-25325
Yadira Anzaldua,,,,,,,F,,,0,0,sherdog,https://www.sherdog.com/fighter/Yadira-Anzaldua-56235
Megumi Fujii,,,,,,,F,,,0,0,sherdog,https://www.sherdog.com/fighter/Megumi-Fujii-11512
Cassie Trost,,,,,,,F,,,0,0,sherdog,https://www.sherdog.com/fighter/Cassie-Trost-63411
Jose Johnson,,,,,,,M,,,0,0,sherdog,https://www.sherdog.com/fighter/Jose-Johnson-238733
Kenneth Maningat,,,,,,,M,,,0,0,sherdog,https://www.sherdog.com/fighter/Kenneth-Maningat-391412
Imran Magaramov,,,,,,,M,,,0,0,sherdog,https://www.sherdog.com/fighter/Imran-Magaramov-287581
Aleksander Doskalchuk,,,,,,,M,,,0,0,sherdog,https://www.sherdog.com/fighter/Aleksander-Doskalchuk-141521
Darkhan Skakov,,,,,,,M,,,0,0,sherdog,https://www.sherdog.com/fighter/Darkhan-Skakov-351311
Chris Kelades,,,,,,,M,,,0,0,sherdog,https://www.sherdog.com/fighter/Chris-Kelades-51576
Pierre Ludet,,,,,,,M,,,0,0,sherdog,https://www.sherdog.com/fighter/Pierre-Ludet-267291
Kirill Fomenkov,,,,,,,M,,,0,0,sherdog,https://www.sherdog.com/fighter/Kirill-Fomenkov-260009
Saud Karagishov,,,,,,,M,,,0,0,sherdog,https://www.sherdog.com/fighter/Saud-Karagishov-285057
Shamil Akhmaev,,,,,,,M,,,0,0,sherdog,https://www.sherdog.com/fighter/Shamil-Akhmaev-221843
Kenan Jafarli,,,,,,,M,,,0,0,sherdog,https://www.sherdog.com/fighter/Kenan-Jafarli-221733
Ibragim Mamaev,,,,,,,M,,,0,0,sherdog,https://www.sherdog.com/fighter/Ibragim-Mamaev-251403
Mehman Mamedov,,,,,,,M,,,0,0,sherdog,https://www.sherdog.com/fighter/Mehman-Mamedov-256367
Galamirza Aivazov,,,,,,,M,,,0,0,sherdog,https://www.sherdog.com/fighter/Galamirza-Aivazov-221721
Oleg Edik,,,,,,,M,,,0,0,sherdog,https://www.sherdog.com/fighter/Oleg-Edik-219185
Eldos Kaliev,,,,,,,M,,,0,0,sherdog,https://www.sherdog.com/fighter/Eldos-Kaliev-244545
Bartira Rodrigues,,,,,,,F,,,0,0,sherdog,https://www.sherdog.com/fighter/Bartira-Rodrigues-168283
Jena Bishop,,,,,,,F,,,0,0,sherdog,https://www.sherdog.com/fighter/Jena-Bishop-392402
Djulia Ariana,,,,,,,F,,,0,0,sherdog,https://www.sherdog.com/fighter/Djulia-Ariana-389871
Marjorie Barragan,,,,,,,F,,,0,0,sherdog,https://www.sherdog.com/fighter/Marjorie-Barragan-366325
Shawna Lee Ormsby,,,,,,,F,,,0,0,sherdog,https://www.sherdog.com/fighter/Shawna-Lee-Ormsby-255831
Vanessa Marie Grimes,,,,,,,F,,,0,0,sherdog,https://www.sherdog.com/fighter/Vanessa-Marie-Grimes-149095
Kelsey Arnesen,,,,,,,F,,,0,0,sherdog,https://www.sherdog.com/fighter/Kelsey-Arnesen-352883
Graziele Ricotta,,,,,,,F,,,0,0,sherdog,https://www.sherdog.com/fighter/Graziele-Ricotta-158603
Danielle Cunha,,,,,,,F,,,0,0,sherdog,https://www.sherdog.com/fighter/Danielle-Cunha-152921
Steven Goncalves,,,,,,,M,,,0,0,sherdog,https://www.sherdog.com/fighter/Steven-Goncalves-222959
Brian Bouland,,,,,,,M,,,0,0,sherdog,https://www.sherdog.com/fighter/Brian-Bouland-77437
Mika Hamalainen,,,,,,,M,,,0,0,sherdog,https://www.sherdog.com/fighter/Mika-Hamalainen-67159
Jhon Guarin,,,,,,,M,,,0,0,sherdog,https://www.sherdog.com/fighter/Jhon-Guarin-238443
Daniel Vasquez,,,,,,,M,,,0,0,sherdog,https://www.sherdog.com/fighter/Daniel-Vasquez-223637
Kalil Martin El Chalibi,,,,,,,M,,,0,0,sherdog,https://www.sherdog.com/fighter/Kalil-Martin-El-Chalibi-202447
Kaline Medeiros,,,,,,,F,,,0,0,sherdog,https://www.sherdog.com/fighter/Kaline-Medeiros-53267
Emily Kagan,,,,,,,F,,,0,0,sherdog,https://www.sherdog.com/fighter/Emily-Kagan-68959
Stephanie Skinner,,,,,,,F,,,0,0,sherdog,https://www.sherdog.com/fighter/Stephanie-Skinner-65156
Dan Argueta,,,,,,,M,,,0,0,sherdog,https://www.sherdog.com/fighter/Dan-Argueta-263385
Cole Smith,,,,,,,M,,,0,0,sherdog,https://www.sherdog.com/fighter/Cole-Smith-153345
Richie Santiago,,,,,,,M,,,0,0,sherdog,https://www.sherdog.com/fighter/Richie-Santiago-126329
Eric Ellington,,,,,,,M,,,0,0,sherdog,https://www.sherdog.com/fighter/Eric-Ellington-254675
Levi Mowles,,,,,,,M,,,0,0,sherdog,https://www.sherdog.com/fighter/Levi-Mowles-152603
Eliazar Rodriguez,,,,,,,M,,,0,0,sherdog,https://www.sherdog.com/fighter/Eliazar-Rodriguez-75180
Omar Benjar,,,,,,,M,,,0,0,sherdog,https://www.sherdog.com/fighter/Omar-Benjar-96907
David Miramontes,,,,,,,M,,,0,0,sherdog,https://www.sherdog.com/fighter/David-Miramontes-163581
Tyler Pacheco,,,,,,,M,,,0,0,sherdog,https://www.sherdog.com/fighter/Tyler-Pacheco-135619
Sam Alvey,,,,,,,M,,,0,0,sherdog,https://www.sherdog.com/fighter/Sam-Alvey-35410
Antonio Rogerio Nogueira,,,,,,,M,,,0,0,sherdog,https://www.sherdog.com/fighter/Antonio-Rogerio-Nogueira-2270
Emiliano Sordi,,,,,,,M,,,0,0,sherdog,https://www.sherdog.com/fighter/Emiliano-Sordi-79071
LeMarcus Tucker,,,,,,,M,,,0,0,sherdog,https://www.sherdog.com/fighter/LeMarcus-Tucker-167113
Roman Pizzolato,,,,,,,M,,,0,0,sherdog,https://www.sherdog.com/fighter/Roman-Pizzolato-45881
Robert Drysdale,,,,,,,M,,,0,0,sherdog,https://www.sherdog.com/fighter/Robert-Drysdale-67894
Aaron Davis,,,,,,,M,,,0,0,sherdog,https://www.sherdog.com/fighter/Aaron-Davis-23061
Leo Leite,,,,,,,M,,,0,0,sherdog,https://www.sherdog.com/fighter/Leo-Leite-139245
Larry Crowe,,,,,,,M,,,0,0,sherdog,https://www.sherdog.com/fighter/Larry-Crowe-63999
Dwight Gipson,,,,,,,M,,,0,0,sherdog,https://www.sherdog.com/fighter/Dwight-Gipson-43426
Artenas Young,,,,,,,M,,,0,0,sherdog,https://www.sherdog.com/fighter/Artenas-Young-53014
Brandon Farran,,,,,,,M,,,0,0,sherdog,https://www.sherdog.com/fighter/Brandon-Farran-23939
Randy McCarty,,,,,,,M,,,0,0,sherdog,https://www.sherdog.com/fighter/Randy-McCarty-103593
Brandon Atkins,,,,,,,M,,,0,0,sherdog,https://www.sherdog.com/fighter/Brandon-Atkins-175579
Steven Zamora,,,,,,,M,,,0,0,sherdog,https://www.sherdog.com/fighter/Steven-Zamora-80097
Aaron Lebrun,,,,,,,M,,,0,0,sherdog,https://www.sherdog.com/fighter/Aaron-Lebrun-72738
Casey Kenney,,,,,,,M,,,0,0,sherdog,https://www.sherdog.com/fighter/Casey-Kenney-211031
Luca Iovine,,,,,,,M,,,0,0,sherdog,https://www.sherdog.com/fighter/Luca-Iovine-81644
Josh Reed,,,,,,,M,,,0,0,sherdog,https://www.sherdog.com/fighter/Josh-Reed-85677
Vaughan Lee,,,,,,,M,,,0,0,sherdog,https://www.sherdog.com/fighter/Vaughan-Lee-6946
Chase Morton,,,,,,,M,,,0,0,sherdog,https://www.sherdog.com/fighter/Chase-Morton-118795
Alan Philpott,,,,,,,M,,,0,0,sherdog,https://www.sherdog.com/fighter/Alan-Philpott-60725
Bryan Creighton,,,,,,,M,,,0,0,sherdog,https://www.sherdog.com/fighter/Bryan-Creighton-84901
Thiago Aguiar dos Santos,,,,,,,M,,,0,0,sherdog,https://www.sherdog.com/fighter/Thiago-Aguiar-dos-Santos-176385
Mike Cutting,,,,,,,M,,,0,0,sherdog,https://www.sherdog.com/fighter/Mike-Cutting-94249
Steve McCombe,,,,,,,M,,,0,0,sherdog,https://www.sherdog.com/fighter/Steve-McCombe-16486
Oleksandr Bilobrovaka,,,,,,,M,,,0,0,sherdog,https://www.sherdog.com/fighter/Oleksandr-Bilobrovaka-137861
Abdullah Saleh,,,,,,,M,,,0,0,sherdog,https://www.sherdog.com/fighter/Abdullah-Saleh-157981
Grisha Adams,,,,,,,M,,,0,0,sherdog,https://www.sherdog.com/fighter/Grisha-Adams-118907
Damo Weeden,,,,,,,M,,,0,0,sherdog,https://www.sherdog.com/fighter/Damo-Weeden-87468
Yunosuke Minami,,,,,,,,,,0,0,sherdog,https://www.sherdog.com/fighter/Yunosuke-Minami-432976
Kristopher Ustijanovski,,,,,,,,,,0,0,sherdog,https://www.sherdog.com/fighter/Kristopher-Ustijanovski-298107
Sung Jin Kim,,,,,,,,,,0,0,sherdog,https://www.sherdog.com/fighter/Sung-Jin-Kim-430778
Liam Gusti,,,,,,,,,,0,0,sherdog,https://www.sherdog.com/fighter/Liam-Gusti-336471
Rufino Mante,,,,,,,,,,0,0,sherdog,https://www.sherdog.com/fighter/Rufino-Mante-197767
Jake Piper,,,,,,,,,,0,0,sherdog,https://www.sherdog.com/fighter/Jake-Piper-401042
Roy Martin Sitinjak,,,,,,,,,,0,0,sherdog,https://www.sherdog.com/fighter/Roy-Martin-Sitinjak-432654
Amir Mokhtar,,,,,,,,,,0,0,sherdog,https://www.sherdog.com/fighter/Amir-Mokhtar-443230
Nick Maximov,,,,,,,M,,,0,0,sherdog,https://www.sherdog.com/fighter/Nick-Maximov-302823
Jamie Pickett,,,,,,,M,,,0,0,sherdog,https://www.sherdog.com/fighter/Jamie-Pickett-72595
James Horne,,,,,,,M,,,0,0,sherdog,https://www.sherdog.com/fighter/James-Horne-78083
Rafael Celestino,,,,,,,M,,,0,0,sherdog,https://www.sherdog.com/fighter/Rafael-Celestino-175519
Jon Gover,,,,,,,M,,,0,0,sherdog,https://www.sherdog.com/fighter/Jon-Gover-229461
Jon Ferrell,,,,,,,M,,,0,0,sherdog,https://www.sherdog.com/fighter/Jon-Ferrell-33096
Patricia Vidonic,,,,,,,F,,,0,0,sherdog,https://www.sherdog.com/fighter/Patricia-Vidonic-52198
Nicdali Rivera,,,,,,,F,,,0,0,sherdog,https://www.sherdog.com/fighter/Nicdali-Rivera-15409
Andrea Miller,,,,,,,F,,,0,0,sherdog,https://www.sherdog.com/fighter/Andrea-Miller-46397
Barb Honchak,,,,,,,F,,,0,0,sherdog,https://www.sherdog.com/fighter/Barb-Honchak-41484
Amanda LaVoy,,,,,,,F,,,0,0,sherdog,https://www.sherdog.com/fighter/Amanda-LaVoy-50018
Michele Gutierrez,,,,,,,F,,,0,0,sherdog,https://www.sherdog.com/fighter/Michele-Gutierrez-55714
Valerie Coolbaugh,,,,,,,F,,,0,0,sherdog,https://www.sherdog.com/fighter/Valerie-Coolbaugh-34755
Iman Achhal,,,,,,,F,,,0,0,sherdog,https://www.sherdog.com/fighter/Iman-Achhal-42433
Marko Bojkovic,,,,,,,M,,,0,0,sherdog,https://www.sherdog.com/fighter/Marko-Bojkovic-328653
Ebrahim Hosseinpour,,,,,,,M,,,0,0,sherdog,https://www.sherdog.com/fighter/Ebrahim-Hosseinpour-201635
Joelson Nascimento,,,,,,,M,,,0,0,sherdog,https://www.sherdog.com/fighter/Joelson-Nascimento-238209
Ekper Gadzhiekperov,,,,,,,M,,,0,0,sherdog,https://www.sherdog.com/fighter/Ekper-Gadzhiekperov-234989
Jaroslav Pokorny,,,,,,,M,,,0,0,sherdog,https://www.sherdog.com/fighter/Jaroslav-Pokorny-76746
Ivan Sakic,,,,,,,M,,,0,0,sherdog,https://www.sherdog.com/fighter/Ivan-Sakic-229391
Tonci Perusko,,,,,,,M,,,0,0,sherdog,https://www.sherdog.com/fighter/Tonci-Perusko-89553
Ivan Vladimir,,,,,,,M,,,0,0,sherdog,https://www.sherdog.com/fighter/Ivan-Vladimir-86832
Marko Radakovic,,,,,,,M,,,0,0,sherdog,https://www.sherdog.com/fighter/Marko-Radakovic-191757
Mirza Sendic,,,,,,,M,,,0,0,sherdog,https://www.sherdog.com/fighter/Mirza-Sendic-238533
Dragutin Milosevic,,,,,,,M,,,0,0,sherdog,https://www.sherdog.com/fighter/Dragutin-Milosevic-9307
Ivan Skoko,,,,,,,M,,,0,0,sherdog,https://www.sherdog.com/fighter/Ivan-Skoko-164757
Ivan Karacic,,,,,,,M,,,0,0,sherdog,https://www.sherdog.com/fighter/Ivan-Karacic-171919
Branislav Dosenovic,,,,,,,M,,,0,0,sherdog,https://www.sherdog.com/fighter/Branislav-Dosenovic-240267
Igor Lazarevski,,,,,,,M,,,0,0,sherdog,https://www.sherdog.com/fighter/Igor-Lazarevski-238535
Mladen Krndija,,,,,,,M,,,0,0,sherdog,https://www.sherdog.com/fighter/Mladen-Krndija-229387
Stefan Negucic,,,,,,,M,,,0,0,sherdog,https://www.sherdog.com/fighter/Stefan-Negucic-229281
Vladimir Prodanovic,,,,,,,M,,,0,0,sherdog,https://www.sherdog.com/fighter/Vladimir-Prodanovic-135957
Aleksandar Brajkovic,,,,,,,M,,,0,0,sherdog,https://www.sherdog.com/fighter/Aleksandar-Brajkovic-170655
Yorgan De Castro,,,,,,,M,,,0,0,sherdog,https://www.sherdog.com/fighter/Yorgan-De-Castro-176091
Valentin Moldavsky,,,,,,,M,,,0,0,sherdog,https://www.sherdog.com/fighter/Valentin-Moldavsky-191187
Shelton Graves,,,,,,,M,,,0,0,sherdog,https://www.sherdog.com/fighter/Shelton-Graves-89415
Chandler Cole,,,,,,,M,,,0,0,sherdog,https://www.sherdog.com/fighter/Chandler-Cole-201389
Oli Thompson,,,,,,,M,,,0,0,sherdog,https://www.sherdog.com/fighter/Oli-Thompson-54543
Carl Seumanutafa,,,,,,,M,,,0,0,sherdog,https://www.sherdog.com/fighter/Carl-Seumanutafa-22460
Ricardo Prasel,,,,,,,M,,,0,0,sherdog,https://www.sherdog.com/fighter/Ricardo-Prasel-157509
Tibor Soos,,,,,,,M,,,0,0,sherdog,https://www.sherdog.com/fighter/Tibor-Soos-156719
Archontis Taxiarchis,,,,,,,M,,,0,0,sherdog,https://www.sherdog.com/fighter/Archontis-Taxiarchis-178279
Valentijn Overeem,,,,,,,M,,,0,0,sherdog,https://www.sherdog.com/fighter/Valentijn-Overeem-466
Sergey Sokha,,,,,,,M,,,0,0,sherdog,https://www.sherdog.com/fighter/Sergey-Sokha-55327
Dion Staring,,,,,,,M,,,0,0,sherdog,https://www.sherdog.com/fighter/Dion-Staring-2515
Gzim Selmani,,,,,,,M,,,0,0,sherdog,https://www.sherdog.com/fighter/Gzim-Selmani-112975
Michail Laprakis,,,,,,,M,,,0,0,sherdog,https://www.sherdog.com/fighter/Michail-Laprakis-132713
Ricco Rodriguez,,,,,,,M,,,0,0,sherdog,https://www.sherdog.com/fighter/Ricco-Rodriguez-8
Kristof Nataska,,,,,,,M,,,0,0,sherdog,https://www.sherdog.com/fighter/Kristof-Nataska-43515
Zeli Zalani,,,,,,,M,,,0,0,sherdog,https://www.sherdog.com/fighter/Zeli-Zalani-97251
Drazen Forgac,,,,,,,M,,,0,0,sherdog,https://www.sherdog.com/fighter/Drazen-Forgac-20539
Erni Strmonja,,,,,,,M,,,0,0,sherdog,https://www.sherdog.com/fighter/Erni-Strmonja-55552
Sasa Lazic,,,,,,,M,,,0,0,sherdog,https://www.sherdog.com/fighter/Sasa-Lazic-14807
Tanner Boser,,,,,Heavyweight,ufc-roster,M,,,0,0,sherdog,https://www.sherdog.com/fighter/Tanner-Boser-114961
Raphael Pessoa,,,,,,,M,,,0,0,sherdog,https://www.sherdog.com/fighter/Raphael-Pessoa-242953
Roggers Souza,,,,,,,M,,,0,0,sherdog,https://www.sherdog.com/fighter/Roggers-Souza-220497
Adam Dyczka,,,,,,,M,,,0,0,sherdog,https://www.sherdog.com/fighter/Adam-Dyczka-166833
Bobby Sullivan,,,,,,,M,,,0,0,sherdog,https://www.sherdog.com/fighter/Bobby-Sullivan-242823
Jai Bradney,,,,,,,M,,,0,0,sherdog,https://www.sherdog.com/fighter/Jai-Bradney-22550
Yusuke Yachi,,,,,,,M,,,0,0,sherdog,https://www.sherdog.com/fighter/Yusuke-Yachi-44738
James Bishop,,,,,,,M,,,0,0,sherdog,https://www.sherdog.com/fighter/James-Bishop-98793
David Butt,,,,,,,M,,,0,0,sherdog,https://www.sherdog.com/fighter/David-Butt-118769
Kyle Reyes,,,,,,,M,,,0,0,sherdog,https://www.sherdog.com/fighter/Kyle-Reyes-45110
Rodolfo Marques,,,,,,,M,,,0,0,sherdog,https://www.sherdog.com/fighter/Rodolfo-Marques-21766
Greg Atzori,,,,,,,M,,,0,0,sherdog,https://www.sherdog.com/fighter/Greg-Atzori-55009
Luke Catubig,,,,,,,M,,,0,0,sherdog,https://www.sherdog.com/fighter/Luke-Catubig-16983
Anton Zafir,,,,,,,M,,,0,0,sherdog,https://www.sherdog.com/fighter/Anton-Zafir-86294
Regan Wilson,,,,,,,M,,,0,0,sherdog,https://www.sherdog.com/fighter/Regan-Wilson-56756
Gerhard Voigt,,,,,,,M,,,0,0,sherdog,https://www.sherdog.com/fighter/Gerhard-Voigt-56769
Sierra Lee Dinwoodie,,,,,,,F,,,0,0,sherdog,https://www.sherdog.com/fighter/Sierra-Lee-Dinwoodie-208343
Hope Chase,,,,,,,F,,,0,0,sherdog,https://www.sherdog.com/fighter/Hope-Chase-269755
Fernanda Araujo,,,,,,,F,,,0,0,sherdog,https://www.sherdog.com/fighter/Fernanda-Araujo-91567
Shannel Butler,,,,,,,F,,,0,0,sherdog,https://www.sherdog.com/fighter/Shannel-Butler-404286
Jorgina Ramos,,,,,,,F,,,0,0,sherdog,https://www.sherdog.com/fighter/Jorgina-Ramos-451244
Otgonbaatar Boldbaatar,,,,,,,,,,0,0,sherdog,https://www.sherdog.com/fighter/Otgonbaatar-Boldbaatar-443122
Antonio Figueiredo,,,,,,,,,,0,0,sherdog,https://www.sherdog.com/fighter/Antonio-Figueiredo-270855
Gabriel Bellomini,,,,,,,,,,0,0,sherdog,https://www.sherdog.com/fighter/Gabriel-Bellomini-392301
Yuichi Miyagi,,,,,,,,,,0,0,sherdog,https://www.sherdog.com/fighter/Yuichi-Miyagi-18888
Kazumasa Kanai,,,,,,,,,,0,0,sherdog,https://www.sherdog.com/fighter/Kazumasa-Kanai-411181
Shunsuke Kubota,,,,,,,,,,0,0,sherdog,https://www.sherdog.com/fighter/Shunsuke-Kubota-395821
Kaito Oda,,,,,,,,,,0,0,sherdog,https://www.sherdog.com/fighter/Kaito-Oda-411079
Koki Hirasawa,,,,,,,,,,0,0,sherdog,https://www.sherdog.com/fighter/Koki-Hirasawa-290769
Kaito Yoshimura,,,,,,,,,,0,0,sherdog,https://www.sherdog.com/fighter/Kaito-Yoshimura-385960
Ramon Taveras,,,,,,,M,,,0,0,sherdog,https://www.sherdog.com/fighter/Ramon-Taveras-332055
Herbert Burns,,,,,,,M,,,0,0,sherdog,https://www.sherdog.com/fighter/Herbert-Burns-152211
Don Shainis,,,,,,,M,,,0,0,sherdog,https://www.sherdog.com/fighter/Don-Shainis-59975
Emiliano Linares,,,,,,,M,,,0,0,sherdog,https://www.sherdog.com/fighter/Emiliano-Linares-298713
Rod Costa,,,,,,,M,,,0,0,sherdog,https://www.sherdog.com/fighter/Rod-Costa-208151
Jason Petropoulos,,,,,,,M,,,0,0,sherdog,https://www.sherdog.com/fighter/Jason-Petropoulos-169601
Jesse Medina,,,,,,,M,,,0,0,sherdog,https://www.sherdog.com/fighter/Jesse-Medina-147275
Diego Pereira,,,,,,,M,,,0,0,sherdog,https://www.sherdog.com/fighter/Diego-Pereira-121457
Naoya Uchibayashi,,,,,,,M,,,0,0,sherdog,https://www.sherdog.com/fighter/Naoya-Uchibayashi-222299
Robby Lara,,,,,,,M,,,0,0,sherdog,https://www.sherdog.com/fighter/Robby-Lara-204651
Sang Won Kim,,,,,,,M,,,0,0,sherdog,https://www.sherdog.com/fighter/Sang-Won-Kim-258415
Jordan Wallace,,,,,,,M,,,0,0,sherdog,https://www.sherdog.com/fighter/Jordan-Wallace-230541
George Milliaras,,,,,,,M,,,0,0,sherdog,https://www.sherdog.com/fighter/George-Milliaras-240615
Alan Hartley,,,,,,,M,,,0,0,sherdog,https://www.sherdog.com/fighter/Alan-Hartley-228041
Cameron Rowston,,,,,,,M,,,0,0,sherdog,https://www.sherdog.com/fighter/Cameron-Rowston-239381
Samuel Kristofic,,,,,,,M,,,0,0,sherdog,https://www.sherdog.com/fighter/Samuel-Kristofic-213347
Abdel Rahmane Driai,,,,,,,M,,,0,0,sherdog,https://www.sherdog.com/fighter/Abdel-Rahmane-Driai-263191
Silas Robson de Oliveira,,,,,,,M,,,0,0,sherdog,https://www.sherdog.com/fighter/Silas-Robson-de-Oliveira-98757
Zdenek Polivka,,,,,,,M,,,0,0,sherdog,https://www.sherdog.com/fighter/Zdenek-Polivka-231037
Virgiliu Frasineac,,,,,,,M,,,0,0,sherdog,https://www.sherdog.com/fighter/Virgiliu-Frasineac-189171
Jacek Jedraszczyk,,,,,,,M,,,0,0,sherdog,https://www.sherdog.com/fighter/Jacek-Jedraszczyk-154427
Mate Kertesz,,,,,,,M,,,0,0,sherdog,https://www.sherdog.com/fighter/Mate-Kertesz-167961
Artur Kaminski,,,,,,,M,,,0,0,sherdog,https://www.sherdog.com/fighter/Artur-Kaminski-124733
Grzegorz Siwy,,,,,,,M,,,0,0,sherdog,https://www.sherdog.com/fighter/Grzegorz-Siwy-34284
Alexander Bergman,,,,,,,M,,,0,0,sherdog,https://www.sherdog.com/fighter/Alexander-Bergman-112453
Lukasz Witos,,,,,,,M,,,0,0,sherdog,https://www.sherdog.com/fighter/Lukasz-Witos-123907
Mateusz Rycak,,,,,,,M,,,0,0,sherdog,https://www.sherdog.com/fighter/Mateusz-Rycak-173299
Dawid Nowak,,,,,,,M,,,0,0,sherdog,https://www.sherdog.com/fighter/Dawid-Nowak-152469
Mateusz Pogudz,,,,,,,M,,,0,0,sherdog,https://www.sherdog.com/fighter/Mateusz-Pogudz-65807
Pawel Krzeszowiec,,,,,,,M,,,0,0,sherdog,https://www.sherdog.com/fighter/Pawel-Krzeszowiec-111901
Livio Victoriano,,,,,,,M,,,0,0,sherdog,https://www.sherdog.com/fighter/Livio-Victoriano-76721
Lukasz Christ,,,,,,,M,,,0,0,sherdog,https://www.sherdog.com/fighter/Lukasz-Christ-33340
Austin Bashi,,,,,,,M,,,0,0,sherdog,https://www.sherdog.com/fighter/Austin-Bashi-362871
Ernie Juarez,,,,,,,M,,,0,0,sherdog,https://www.sherdog.com/fighter/Ernie-Juarez-269253
Joao Lucas Faria,,,,,,,M,,,0,0,sherdog,https://www.sherdog.com/fighter/Joao-Lucas-Faria-164267
Alberto Romo,,,,,,,M,,,0,0,sherdog,https://www.sherdog.com/fighter/Alberto-Romo-235531
Desmond Manabat,,,,,,,M,,,0,0,sherdog,https://www.sherdog.com/fighter/Desmond-Manabat-287511
Sean Gee,,,,,,,M,,,0,0,sherdog,https://www.sherdog.com/fighter/Sean-Gee-85244
Chris Mecate,,,,,,,M,,,0,0,sherdog,https://www.sherdog.com/fighter/Chris-Mecate-278143
Jorge Juarez,,,,,,,M,,,0,0,sherdog,https://www.sherdog.com/fighter/Jorge-Juarez-209261
Demetri Miller,,,,,,,M,,,0,0,sherdog,https://www.sherdog.com/fighter/Demetri-Miller-326833
J.J. Nelson,,,,,,,M,,,0,0,sherdog,https://www.sherdog.com/fighter/JJ-Nelson-198749
Karen Quintero,,,,,,,F,,,0,0,sherdog,https://www.sherdog.com/fighter/Karen-Quintero-335813
Laura Milena Contreras,,,,,,,F,,,0,0,sherdog,https://www.sherdog.com/fighter/Laura-Milena-Contreras-375063
Staci Vega,,,,,,,F,,,0,0,sherdog,https://www.sherdog.com/fighter/Staci-Vega-94043
Kyle Oliveira,,,,,,,M,,,0,0,sherdog,https://www.sherdog.com/fighter/Kyle-Oliveira-84648
Jeremy Dichiara,,,,,,,M,,,0,0,sherdog,https://www.sherdog.com/fighter/Jeremy-Dichiara-175241
Scott Farhat,,,,,,,M,,,0,0,sherdog,https://www.sherdog.com/fighter/Scott-Farhat-50270
Wesley Bowman,,,,,,,M,,,0,0,sherdog,https://www.sherdog.com/fighter/Wesley-Bowman-164569
Phillip Deschambeault,,,,,,,M,,,0,0,sherdog,https://www.sherdog.com/fighter/Phillip-Deschambeault-64037
Kyle Vivian,,,,,,,M,,,0,0,sherdog,https://www.sherdog.com/fighter/Kyle-Vivian-69539
Gustavo Lopez,,,,,,,M,,,0,0,sherdog,https://www.sherdog.com/fighter/Gustavo-Lopez-107201
Ik Hwan Jang,,,,,,,M,,,0,0,sherdog,https://www.sherdog.com/fighter/Ik-Hwan-Jang-189371
Nam Jin Jo,,,,,,,M,,,0,0,sherdog,https://www.sherdog.com/fighter/Nam-Jin-Jo-58591
Mu Song Choi,,,,,,,M,,,0,0,sherdog,https://www.sherdog.com/fighter/Mu-Song-Choi-174927
Fumiya Sasaki,,,,,,,M,,,0,0,sherdog,https://www.sherdog.com/fighter/Fumiya-Sasaki-54406
Min Seok Kwon,,,,,,,M,,,0,0,sherdog,https://www.sherdog.com/fighter/Min-Seok-Kwon-202595
Emil Abbasov,,,,,,,M,,,0,0,sherdog,https://www.sherdog.com/fighter/Emil-Abbasov-81000
Jessie Rafols,,,,,,,M,,,0,0,sherdog,https://www.sherdog.com/fighter/Jessie-Rafols-40889
Stephen Langdown,,,,,,,M,,,0,0,sherdog,https://www.sherdog.com/fighter/Stephen-Langdown-144123
Altynbek Bazhimov,,,,,,,M,,,0,0,sherdog,https://www.sherdog.com/fighter/Altynbek-Bazhimov-207647
Zhikang Zhao,,,,,,,M,,,0,0,sherdog,https://www.sherdog.com/fighter/Zhikang-Zhao-125711
Denis Puric,,,,,,,M,,,0,0,sherdog,https://www.sherdog.com/fighter/Denis-Puric-39679
Chao Huang,,,,,,,M,,,0,0,sherdog,https://www.sherdog.com/fighter/Chao-Huang-181647
Baasankhuu Damnlanpurev,,,,,,,M,,,0,0,sherdog,https://www.sherdog.com/fighter/Baasankhuu-Damnlanpurev-132801
Tom Ni,,,,,,,M,,,0,0,sherdog,https://www.sherdog.com/fighter/Tom-Ni-141749
Woong Hee Lee,,,,,,,M,,,0,0,sherdog,https://www.sherdog.com/fighter/Woong-Hee-Lee-148077
Manolo Scianna,,,,,,,M,,,0,0,sherdog,https://www.sherdog.com/fighter/Manolo-Scianna-177765
Ayton De Paepe,,,,,,,M,,,0,0,sherdog,https://www.sherdog.com/fighter/Ayton-De-Paepe-140113
James McErlean,,,,,,,M,,,0,0,sherdog,https://www.sherdog.com/fighter/James-McErlean-126885
Terry Doyle,,,,,,,M,,,0,0,sherdog,https://www.sherdog.com/fighter/Terry-Doyle-79968
Jamie Lee,,,,,,,M,,,0,0,sherdog,https://www.sherdog.com/fighter/Jamie-Lee-56187
Tyler John Thomas,,,,,,,M,,,0,0,sherdog,https://www.sherdog.com/fighter/Tyler-John-Thomas-104733
Martin Fouda,,,,,,,M,,,0,0,sherdog,https://www.sherdog.com/fighter/Martin-Fouda-80307
Marciea Allen,,,,,,,F,,,0,0,sherdog,https://www.sherdog.com/fighter/Marciea-Allen-62754
Fallon Fox,,,,,,,F,,,0,0,sherdog,https://www.sherdog.com/fighter/Fallon-Fox-100599
Tori Adams,,,,,,,F,,,0,0,sherdog,https://www.sherdog.com/fighter/Tori-Adams-75019
Celso Ricardo da Silva,,,,,,,M,,,0,0,sherdog,https://www.sherdog.com/fighter/Celso-Ricardo-da-Silva-5939
Artur Astakhov,,,,,,,M,,,0,0,sherdog,https://www.sherdog.com/fighter/Artur-Astakhov-94121
Lloyd Marshbanks,,,,,,,M,,,0,0,sherdog,https://www.sherdog.com/fighter/Lloyd-Marshbanks-10565
Dovletdzhan Yagshimuradov,,,,,,,M,,,0,0,sherdog,https://www.sherdog.com/fighter/Dovletdzhan-Yagshimuradov-96307
Vasily Babich,,,,,,,M,,,0,0,sherdog,https://www.sherdog.com/fighter/Vasily-Babich-104031
Kiefer Crosbie,,,,,,,M,,,0,0,sherdog,https://www.sherdog.com/fighter/Kiefer-Crosbie-61160
Vinicius Sacchelli Cenci,,,,,,,M,,,0,0,sherdog,https://www.sherdog.com/fighter/Vinicius-Sacchelli-Cenci-249659
Khunkar-Pasha Osmaev,,,,,,,M,,,0,0,sherdog,https://www.sherdog.com/fighter/KhunkarPasha-Osmaev-166775
Kamil Magomedov,,,,,,,M,,,0,0,sherdog,https://www.sherdog.com/fighter/Kamil-Magomedov-163693
Ylies Djiroun,,,,,,,M,,,0,0,sherdog,https://www.sherdog.com/fighter/Ylies-Djiroun-86566
Felipe Silva,,,,,,,M,,,0,0,sherdog,https://www.sherdog.com/fighter/Felipe-Silva-128357
Cian Cowley,,,,,,,M,,,0,0,sherdog,https://www.sherdog.com/fighter/Cian-Cowley-216129
Ahmed Amir,,,,,,,M,,,0,0,sherdog,https://www.sherdog.com/fighter/Ahmed-Amir-179753
Ahmad El-Ashaal,,,,,,,M,,,0,0,sherdog,https://www.sherdog.com/fighter/Ahmad-ElAshaal-284511
Jordan Miller,,,,,,,M,,,0,0,sherdog,https://www.sherdog.com/fighter/Jordan-Miller-12650
Rajbir Mehra,,,,,,,M,,,0,0,sherdog,https://www.sherdog.com/fighter/Rajbir-Mehra-273407
Hardeep Rai,,,,,,,M,,,0,0,sherdog,https://www.sherdog.com/fighter/Hardeep-Rai-212339
Sean Flynn,,,,,,,M,,,0,0,sherdog,https://www.sherdog.com/fighter/Sean-Flynn-157277
Movsar Ibragimov,,,,,,,M,,,0,0,sherdog,https://www.sherdog.com/fighter/Movsar-Ibragimov-389946
Mateus Mendonca,,,,,,,M,,,0,0,sherdog,https://www.sherdog.com/fighter/Mateus-Mendonca-336923
Oron Kahlon,,,,,,,M,,,0,0,sherdog,https://www.sherdog.com/fighter/Oron-Kahlon-92631
Alexander Bezkorovayny,,,,,,,M,,,0,0,sherdog,https://www.sherdog.com/fighter/Alexander-Bezkorovayny-263463
Nicolas Savio,,,,,,,M,,,0,0,sherdog,https://www.sherdog.com/fighter/Nicolas-Savio-169929
Wisam Mamoka,,,,,,,M,,,0,0,sherdog,https://www.sherdog.com/fighter/Wisam-Mamoka-153037
John Spencer,,,,,,,M,,,0,0,sherdog,https://www.sherdog.com/fighter/John-Spencer-141421
Ricardo Morais,,,,,,,M,,,0,0,sherdog,https://www.sherdog.com/fighter/Ricardo-Morais-230815
Julien Bouteix,,,,,,,M,,,0,0,sherdog,https://www.sherdog.com/fighter/Julien-Bouteix-242821
Tony Hall,,,,,,,M,,,0,0,sherdog,https://www.sherdog.com/fighter/Tony-Hall-87406
Ionut Raducanu,,,,,,,M,,,0,0,sherdog,https://www.sherdog.com/fighter/Ionut-Raducanu-233689
Gino Kroes,,,,,,,M,,,0,0,sherdog,https://www.sherdog.com/fighter/Gino-Kroes-177887
Murad Kuramagomedov,,,,,,,M,,,0,0,sherdog,https://www.sherdog.com/fighter/Murad-Kuramagomedov-176453
Dibir Zagirov,,,,,,,M,,,0,0,sherdog,https://www.sherdog.com/fighter/Dibir-Zagirov-50177
Maui Tuigamala,,,,,,,M,,,0,0,sherdog,https://www.sherdog.com/fighter/Maui-Tuigamala-121461
John Vake,,,,,,,M,,,0,0,sherdog,https://www.sherdog.com/fighter/John-Vake-93929
James Griffiths,,,,,,,M,,,0,0,sherdog,https://www.sherdog.com/fighter/James-Griffiths-25595
Myles Jury,,,,,,,M,,,0,0,sherdog,https://www.sherdog.com/fighter/Myles-Jury-34236
Cody McKenzie,,,,,,,M,,,0,0,sherdog,https://www.sherdog.com/fighter/Cody-McKenzie-22173
Javier Vazquez,,,,,,,M,,,0,0,sherdog,https://www.sherdog.com/fighter/Javier-Vazquez-511
Anthony Morrison,,,,,,,M,,,0,0,sherdog,https://www.sherdog.com/fighter/Anthony-Morrison-16722
Erik Koch,,,,,,,M,,,0,0,sherdog,https://www.sherdog.com/fighter/Erik-Koch-23390
Mike Joy,,,,,,,M,,,0,0,sherdog,https://www.sherdog.com/fighter/Mike-Joy-13953
Art Arciniega,,,,,,,M,,,0,0,sherdog,https://www.sherdog.com/fighter/Art-Arciniega-14385
Leland Gridley,,,,,,,M,,,0,0,sherdog,https://www.sherdog.com/fighter/Leland-Gridley-24454
Giovanni Encarnacion,,,,,,,M,,,0,0,sherdog,https://www.sherdog.com/fighter/Giovanni-Encarnacion-21703
Jamie Colleen Miller,,,,,,,F,,,0,0,sherdog,https://www.sherdog.com/fighter/Jamie-Colleen-Miller-115211
Audrey Perkins,,,,,,,F,,,0,0,sherdog,https://www.sherdog.com/fighter/Audrey-Perkins-106753
Kaila Thompson,,,,,,,F,,,0,0,sherdog,https://www.sherdog.com/fighter/Kaila-Thompson-207399
Itzel Esquivel,,,,,,,F,,,0,0,sherdog,https://www.sherdog.com/fighter/Itzel-Esquivel-215033
Austin Lingo,,,,,,,M,,,0,0,sherdog,https://www.sherdog.com/fighter/Austin-Lingo-236341
Jose Cleiton de Melo Jr.,,,,,,,M,,,0,0,sherdog,https://www.sherdog.com/fighter/Jose-Cleiton-de-Melo-Jr-127379
Tom Santos,,,,,,,M,,,0,0,sherdog,https://www.sherdog.com/fighter/Tom-Santos-88197
Italo Gomes,,,,,,,M,,,0,0,sherdog,https://www.sherdog.com/fighter/Italo-Gomes-233887
Leandro Santos da Silva,,,,,,,M,,,0,0,sherdog,https://www.sherdog.com/fighter/Leandro-Santos-da-Silva-252557
Anderson Ferreira,,,,,,,M,,,0,0,sherdog,https://www.sherdog.com/fighter/Anderson-Ferreira-129117
Jose Santana Bastos da Siqueira,,,,,,,M,,,0,0,sherdog,https://www.sherdog.com/fighter/Jose-Santana-Bastos-da-Siqueira-99555
Marcelo Costa,,,,,,,M,,,0,0,sherdog,https://www.sherdog.com/fighter/Marcelo-Costa-208765
Marcos Vinicius,,,,,,,M,,,0,0,sherdog,https://www.sherdog.com/fighter/Marcos-Vinicius-198931
Alexandre Araujo,,,,,,,M,,,0,0,sherdog,https://www.sherdog.com/fighter/Alexandre-Araujo-286365
Antonio Monteiro,,,,,,,M,,,0,0,sherdog,https://www.sherdog.com/fighter/Antonio-Monteiro-152885
Max Douglas,,,,,,,M,,,0,0,sherdog,https://www.sherdog.com/fighter/Max-Douglas-125391
Willian Santos,,,,,,,M,,,0,0,sherdog,https://www.sherdog.com/fighter/Willian-Santos-205519
Jeconias Dias Sandes,,,,,,,M,,,0,0,sherdog,https://www.sherdog.com/fighter/Jeconias-Dias-Sandes-220481
Elismar Lima,,,,,,,M,,,0,0,sherdog,https://www.sherdog.com/fighter/Elismar-Lima-117683
Joao Ferreira Junior,,,,,,,M,,,0,0,sherdog,https://www.sherdog.com/fighter/Joao-Ferreira-Junior-37083
Vitor Leandro,,,,,,,M,,,0,0,sherdog,https://www.sherdog.com/fighter/Vitor-Leandro-164547
Severino Ramalho da Silva Junior,,,,,,,M,,,0,0,sherdog,https://www.sherdog.com/fighter/Severino-Ramalho-da-Silva-Junior-97523
Jonas dos Santos,,,,,,,M,,,0,0,sherdog,https://www.sherdog.com/fighter/Jonas-dos-Santos-87973
Sergio Silva,,,,,,,M,,,0,0,sherdog,https://www.sherdog.com/fighter/Sergio-Silva-217761
Erwin Filho de Andrade Furtado,,,,,,,M,,,0,0,sherdog,https://www.sherdog.com/fighter/Erwin-Filho-de-Andrade-Furtado-168417
Adriel Santos Abreu,,,,,,,M,,,0,0,sherdog,https://www.sherdog.com/fighter/Adriel-Santos-Abreu-168419
Benjamin Junior Coelho Pantoja,,,,,,,M,,,0,0,sherdog,https://www.sherdog.com/fighter/Benjamin-Junior-Coelho-Pantoja-168405
Bartlomiej Gladkowicz,,,,,,,M,,,0,0,sherdog,https://www.sherdog.com/fighter/Bartlomiej-Gladkowicz-262525
Paulin Begai,,,,,,,M,,,0,0,sherdog,https://www.sherdog.com/fighter/Paulin-Begai-334051
Adam Tomasik,,,,,,,M,,,0,0,sherdog,https://www.sherdog.com/fighter/Adam-Tomasik-286545
Daniel Skvor,,,,,,,M,,,0,0,sherdog,https://www.sherdog.com/fighter/Daniel-Skvor-371652
Mehdi Matajev,,,,,,,M,,,0,0,sherdog,https://www.sherdog.com/fighter/Mehdi-Matajev-376108
Sophien Hadj Doula,,,,,,,M,,,0,0,sherdog,https://www.sherdog.com/fighter/Sophien-Hadj-Doula-348425
Amar Nabil,,,,,,,M,,,0,0,sherdog,https://www.sherdog.com/fighter/Amar-Nabil-332919
Chase Hooper,,,,,Lightweight,ufc-roster,M,,,0,0,sherdog,https://www.sherdog.com/fighter/Chase-Hooper-249301
Luis Pena,,,,,,,M,,,0,0,sherdog,https://www.sherdog.com/fighter/Luis-Pena-174693
Desmond Torres,,,,,,,M,,,0,0,sherdog,https://www.sherdog.com/fighter/Desmond-Torres-251669
Andrew Whitney,,,,,,,M,,,0,0,sherdog,https://www.sherdog.com/fighter/Andrew-Whitney-58084
Abel Cullum,,,,,,,M,,,0,0,sherdog,https://www.sherdog.com/fighter/Abel-Cullum-19891
Ronnie Lawrence,,,,,,,M,,,0,0,sherdog,https://www.sherdog.com/fighter/Ronnie-Lawrence-102885
Eduardo Bustillos,,,,,,,M,,,0,0,sherdog,https://www.sherdog.com/fighter/Eduardo-Bustillos-136235
Kin Moy,,,,,,,M,,,0,0,sherdog,https://www.sherdog.com/fighter/Kin-Moy-59907
Klay Guy,,,,,,,M,,,0,0,sherdog,https://www.sherdog.com/fighter/Klay-Guy-156773
Shawn Bunch,,,,,,,M,,,0,0,sherdog,https://www.sherdog.com/fighter/Shawn-Bunch-104831
Alan Lerma,,,,,,,M,,,0,0,sherdog,https://www.sherdog.com/fighter/Alan-Lerma-141231
Joby Sanchez,,,,,,,M,,,0,0,sherdog,https://www.sherdog.com/fighter/Joby-Sanchez-50239
Elias Garcia,,,,,,,M,,,0,0,sherdog,https://www.sherdog.com/fighter/Elias-Garcia-71080
Mahatma Garcia,,,,,,,M,,,0,0,sherdog,https://www.sherdog.com/fighter/Mahatma-Garcia-40294
Arthur Oliveira,,,,,,,M,,,0,0,sherdog,https://www.sherdog.com/fighter/Arthur-Oliveira-71031
Joseph Sandoval,,,,,,,M,,,0,0,sherdog,https://www.sherdog.com/fighter/Joseph-Sandoval-63897
Xavier Siller,,,,,,,M,,,0,0,sherdog,https://www.sherdog.com/fighter/Xavier-Siller-126081
Keeton Gorton,,,,,,,M,,,0,0,sherdog,https://www.sherdog.com/fighter/Keeton-Gorton-151167
Michael Brasher,,,,,,,M,,,0,0,sherdog,https://www.sherdog.com/fighter/Michael-Brasher-109009
Marcus Huerta,,,,,,,M,,,0,0,sherdog,https://www.sherdog.com/fighter/Marcus-Huerta-111821
Eduardo Penha,,,,,,,M,,,0,0,sherdog,https://www.sherdog.com/fighter/Eduardo-Penha-396867
Alan Olivas,,,,,,,M,,,0,0,sherdog,https://www.sherdog.com/fighter/Alan-Olivas-254943
Jerrell Hodge,,,,,,,M,,,0,0,sherdog,https://www.sherdog.com/fighter/Jerrell-Hodge-80840
Abdul Kamara,,,,,,,M,,,0,0,sherdog,https://www.sherdog.com/fighter/Abdul-Kamara-161769
Teshay Gouthro,,,,,,,M,,,0,0,sherdog,https://www.sherdog.com/fighter/Teshay-Gouthro-204127
Dwight Joseph,,,,,,,M,,,0,0,sherdog,https://www.sherdog.com/fighter/Dwight-Joseph-106151
Peter Caballero,,,,,,,M,,,0,0,sherdog,https://www.sherdog.com/fighter/Peter-Caballero-125927
Jacob Silva,,,,,,,M,,,0,0,sherdog,https://www.sherdog.com/fighter/Jacob-Silva-80677
Juancamilo Ronderos,,,,,,,M,,,0,0,sherdog,https://www.sherdog.com/fighter/Juancamilo-Ronderos-227427
Jesse Bazzi,,,,,,,M,,,0,0,sherdog,https://www.sherdog.com/fighter/Jesse-Bazzi-189279
Jenel Lausa,,,,,,,M,,,0,0,sherdog,https://www.sherdog.com/fighter/Jenel-Lausa-86123
Mark Sainci,,,,,,,M,,,0,0,sherdog,https://www.sherdog.com/fighter/Mark-Sainci-139733
Ryan Hollis,,,,,,,M,,,0,0,sherdog,https://www.sherdog.com/fighter/Ryan-Hollis-86349
Gino Escamilla,,,,,,,M,,,0,0,sherdog,https://www.sherdog.com/fighter/Gino-Escamilla-99835
Brian Hall,,,,,,,M,,,0,0,sherdog,https://www.sherdog.com/fighter/Brian-Hall-54190
Erik Vo,,,,,,,M,,,0,0,sherdog,https://www.sherdog.com/fighter/Erik-Vo-31141
Jose Vega,,,,,,,M,,,0,0,sherdog,https://www.sherdog.com/fighter/Jose-Vega-57405
Sid Bice,,,,,,,M,,,0,0,sherdog,https://www.sherdog.com/fighter/Sid-Bice-119885
Chris Haney,,,,,,,M,,,0,0,sherdog,https://www.sherdog.com/fighter/Chris-Haney-62846
Zachary Harvey,,,,,,,M,,,0,0,sherdog,https://www.sherdog.com/fighter/Zachary-Harvey-54842
Stephen Gladhill,,,,,,,M,,,0,0,sherdog,https://www.sherdog.com/fighter/Stephen-Gladhill-150621
Allen Frye,,,,,,,M,,,0,0,sherdog,https://www.sherdog.com/fighter/Allen-Frye-395495
Mauricio Boni Cogo Queiroz,,,,,,,M,,,0,0,sherdog,https://www.sherdog.com/fighter/Mauricio-Boni-Cogo-Queiroz-346253
Leandro Moreira de Oliveira,,,,,,,M,,,0,0,sherdog,https://www.sherdog.com/fighter/Leandro-Moreira-de-Oliveira-188213
Joao Gabriel Mendes,,,,,,,M,,,0,0,sherdog,https://www.sherdog.com/fighter/Joao-Gabriel-Mendes-423766
Ronny de Souza,,,,,,,M,,,0,0,sherdog,https://www.sherdog.com/fighter/Ronny-de-Souza-191857
Jim Miller,,,,,Lightweight,ufc-roster,M,,,0,0,sherdog,https://www.sherdog.com/fighter/Jim-Miller-14463
Will Brooks,,,,,,,M,,,0,0,sherdog,https://www.sherdog.com/fighter/Will-Brooks-76241
Andy Ogle,,,,,,,M,,,0,0,sherdog,https://www.sherdog.com/fighter/Andy-Ogle-42659
Eric Wisely,,,,,,,M,,,0,0,sherdog,https://www.sherdog.com/fighter/Eric-Wisely-25320
Efrain Escudero,,,,,,,M,,,0,0,sherdog,https://www.sherdog.com/fighter/Efrain-Escudero-16555
Diego Battaglia,,,,,,,M,,,0,0,sherdog,https://www.sherdog.com/fighter/Diego-Battaglia-39669
Rosenildo Rocha,,,,,,,M,,,0,0,sherdog,https://www.sherdog.com/fighter/Rosenildo-Rocha-48094
Eduardo Pachu,,,,,,,M,,,0,0,sherdog,https://www.sherdog.com/fighter/Eduardo-Pachu-11223
Alexandre Bezerra,,,,,,,M,,,0,0,sherdog,https://www.sherdog.com/fighter/Alexandre-Bezerra-37276
Dom Stanco,,,,,,,M,,,0,0,sherdog,https://www.sherdog.com/fighter/Dom-Stanco-12858
Carlos Soares,,,,,,,M,,,0,0,sherdog,https://www.sherdog.com/fighter/Carlos-Soares-12879
Elieni Silva,,,,,,,M,,,0,0,sherdog,https://www.sherdog.com/fighter/Elieni-Silva-31621
Daniel Fernandes,,,,,,,M,,,0,0,sherdog,https://www.sherdog.com/fighter/Daniel-Fernandes-41997
Mehdi Baghdad,,,,,,,M,,,0,0,sherdog,https://www.sherdog.com/fighter/Mehdi-Baghdad-41993
Diego Braga Alves,,,,,,,M,,,0,0,sherdog,https://www.sherdog.com/fighter/Diego-Braga-Alves-11144
Viscardi Andrade,,,,,,,M,,,0,0,sherdog,https://www.sherdog.com/fighter/Viscardi-Andrade-30298
Jakson Pontes,,,,,,,M,,,0,0,sherdog,https://www.sherdog.com/fighter/Jakson-Pontes-30302
Yuito Yanagawa,,,,,,,M,,,0,0,sherdog,https://www.sherdog.com/fighter/Yuito-Yanagawa-412410
Justin Van Heerden,,,,,,,M,,,0,0,sherdog,https://www.sherdog.com/fighter/Justin-Van-Heerden-206229
Radley Da Silva,,,,,,,M,,,0,0,sherdog,https://www.sherdog.com/fighter/Radley-Da-Silva-139701
Ethan Thomas,,,,,,,M,,,0,0,sherdog,https://www.sherdog.com/fighter/Ethan-Thomas-247227
Shoichi Tomita,,,,,,,M,,,0,0,sherdog,https://www.sherdog.com/fighter/Shoichi-Tomita-201341
Jarrett Wilbraham,,,,,,,M,,,0,0,sherdog,https://www.sherdog.com/fighter/Jarrett-Wilbraham-225711
Brogan Stewart-Ng,,,,,,,M,,,0,0,sherdog,https://www.sherdog.com/fighter/Brogan-StewartNg-124477
Aaren McConnell,,,,,,,M,,,0,0,sherdog,https://www.sherdog.com/fighter/Aaren-McConnell-257185
Caleb Miller,,,,,,,M,,,0,0,sherdog,https://www.sherdog.com/fighter/Caleb-Miller-367263
Jared Gooden,,,,,,,M,,,0,0,sherdog,https://www.sherdog.com/fighter/Jared-Gooden-187959
Rafael Carvalho,,,,,,,M,,,0,0,sherdog,https://www.sherdog.com/fighter/Rafael-Carvalho-89589
Hisaki Kato,,,,,,,M,,,0,0,sherdog,https://www.sherdog.com/fighter/Hisaki-Kato-125695
Andrey Koreshkov,,,,,,,M,,,0,0,sherdog,https://www.sherdog.com/fighter/Andrey-Koreshkov-74221
Thiago Jambo Goncalves,,,,,,,M,,,0,0,sherdog,https://www.sherdog.com/fighter/Thiago-Jambo-Goncalves-10661
Gilbert Smith,,,,,,,M,,,0,0,sherdog,https://www.sherdog.com/fighter/Gilbert-Smith-65128
Steve Hanna,,,,,,,M,,,0,0,sherdog,https://www.sherdog.com/fighter/Steve-Hanna-68328
LeVon Maynard,,,,,,,M,,,0,0,sherdog,https://www.sherdog.com/fighter/LeVon-Maynard-26935
Phil Dace,,,,,,,M,,,0,0,sherdog,https://www.sherdog.com/fighter/Phil-Dace-34372
Bobby Cooper,,,,,,,M,,,0,0,sherdog,https://www.sherdog.com/fighter/Bobby-Cooper-68351
John Reedy,,,,,,,M,,,0,0,sherdog,https://www.sherdog.com/fighter/John-Reedy-13431
Jonathan Harris,,,,,,,M,,,0,0,sherdog,https://www.sherdog.com/fighter/Jonathan-Harris-62646
Brandon Thatch,,,,,,,M,,,0,0,sherdog,https://www.sherdog.com/fighter/Brandon-Thatch-22298
Jack Montgomery,,,,,,,M,,,0,0,sherdog,https://www.sherdog.com/fighter/Jack-Montgomery-19485
Chris Kennedy,,,,,,,M,,,0,0,sherdog,https://www.sherdog.com/fighter/Chris-Kennedy-16538
Jorge Lopez,,,,,,,M,,,0,0,sherdog,https://www.sherdog.com/fighter/Jorge-Lopez-23271
Warren Thompson,,,,,,,M,,,0,0,sherdog,https://www.sherdog.com/fighter/Warren-Thompson-47858
Andrew Moncriefe,,,,,,,M,,,0,0,sherdog,https://www.sherdog.com/fighter/Andrew-Moncriefe-41489
George Cortez,,,,,,,M,,,0,0,sherdog,https://www.sherdog.com/fighter/George-Cortez-25766
Ben Johnston,,,,,,,M,,,0,0,sherdog,https://www.sherdog.com/fighter/Ben-Johnston-226767
Damian Pinas,,,,,,,M,,,0,0,sherdog,https://www.sherdog.com/fighter/Damian-Pinas-426729
Mario Mingaj,,,,,,,M,,,0,0,sherdog,https://www.sherdog.com/fighter/Mario-Mingaj-241593
Dustin Pape,,,,,,,M,,,0,0,sherdog,https://www.sherdog.com/fighter/Dustin-Pape-86221
Adland Benson,,,,,,,M,,,0,0,sherdog,https://www.sherdog.com/fighter/Adland-Benson-229465
Maurice Morris,,,,,,,M,,,0,0,sherdog,https://www.sherdog.com/fighter/Maurice-Morris-397906
Zach Edington,,,,,,,M,,,0,0,sherdog,https://www.sherdog.com/fighter/Zach-Edington-109233
Jonathan Knutson,,,,,,,M,,,0,0,sherdog,https://www.sherdog.com/fighter/Jonathan-Knutson-44209
Victor Jones,,,,,,,M,,,0,0,sherdog,https://www.sherdog.com/fighter/Victor-Jones-175367
Janaina Silva,,,,,,,F,,,0,0,sherdog,https://www.sherdog.com/fighter/Janaina-Silva-284089
Flor Hernandez,,,,,,,F,,,0,0,sherdog,https://www.sherdog.com/fighter/Flor-Hernandez-401409
Ershirley Kessy Pereira,,,,,,,F,,,0,0,sherdog,https://www.sherdog.com/fighter/Ershirley-Kessy-Pereira-445712
Jasmine Pouncy,,,,,,,F,,,0,0,sherdog,https://www.sherdog.com/fighter/Jasmine-Pouncy-201997
Kathy Solorzano,,,,,,,F,,,0,0,sherdog,https://www.sherdog.com/fighter/Kathy-Solorzano-123549
Amanda Lovato,,,,,,,F,,,0,0,sherdog,https://www.sherdog.com/fighter/Amanda-Lovato-150145
Donovan Beard,,,,,,,M,,,0,0,sherdog,https://www.sherdog.com/fighter/Donovan-Beard-310501
Zachary Borrego,,,,,,,M,,,0,0,sherdog,https://www.sherdog.com/fighter/Zachary-Borrego-383740
John Noland,,,,,,,M,,,0,0,sherdog,https://www.sherdog.com/fighter/John-Noland-245673
Mitch Raposo,,,,,,,M,,,0,0,sherdog,https://www.sherdog.com/fighter/Mitch-Raposo-278793
Zarrukh Adashev,,,,,,,M,,,0,0,sherdog,https://www.sherdog.com/fighter/Zarrukh-Adashev-126877
Haobin Ma,,,,,,,M,,,0,0,sherdog,https://www.sherdog.com/fighter/Haobin-Ma-214849
Yusei Saiton,,,,,,,M,,,0,0,sherdog,https://www.sherdog.com/fighter/Yusei-Saiton-234921
Temirulan Bamadaliev,,,,,,,M,,,0,0,sherdog,https://www.sherdog.com/fighter/Temirulan-Bamadaliev-232971
Zelimkhan Makaev,,,,,,,M,,,0,0,sherdog,https://www.sherdog.com/fighter/Zelimkhan-Makaev-284125
Bidzina Gavashelishvili,,,,,,,M,,,0,0,sherdog,https://www.sherdog.com/fighter/Bidzina-Gavashelishvili-265687
Abdula Aliev,,,,,,,M,,,0,0,sherdog,https://www.sherdog.com/fighter/Abdula-Aliev-270209
Kirill Kirill,,,,,,,M,,,0,0,sherdog,https://www.sherdog.com/fighter/Kirill-Kirill-401746
Ryota Kobayashi,,,,,,,M,,,0,0,sherdog,https://www.sherdog.com/fighter/Ryota-Kobayashi-193427
Jomar Manlangit,,,,,,,M,,,0,0,sherdog,https://www.sherdog.com/fighter/Jomar-Manlangit-176207
Pengshuai Liu,,,,,,,M,,,0,0,sherdog,https://www.sherdog.com/fighter/Pengshuai-Liu-232985
Junye Gao,,,,,,,M,,,0,0,sherdog,https://www.sherdog.com/fighter/Junye-Gao-239131
Teimur Ragimov,,,,,,,M,,,0,0,sherdog,https://www.sherdog.com/fighter/Teimur-Ragimov-241313
Isaias Celiva,,,,,,,M,,,0,0,sherdog,https://www.sherdog.com/fighter/Isaias-Celiva-83868
Leonid Malozemov,,,,,,,M,,,0,0,sherdog,https://www.sherdog.com/fighter/Leonid-Malozemov-239143
Yusuke Uehara,,,,,,,M,,,0,0,sherdog,https://www.sherdog.com/fighter/Yusuke-Uehara-61487
Seung Heon Lim,,,,,,,M,,,0,0,sherdog,https://www.sherdog.com/fighter/Seung-Heon-Lim-233813
Roberto Romero,,,,,,,M,,,0,0,sherdog,https://www.sherdog.com/fighter/Roberto-Romero-306595
Brad Robison,,,,,,,M,,,0,0,sherdog,https://www.sherdog.com/fighter/Brad-Robison-252957
Justin Overton,,,,,,,M,,,0,0,sherdog,https://www.sherdog.com/fighter/Justin-Overton-105059
Sam Agushi,,,,,,,M,,,0,0,sherdog,https://www.sherdog.com/fighter/Sam-Agushi-50825
Antonio Castillo,,,,,,,M,,,0,0,sherdog,https://www.sherdog.com/fighter/Antonio-Castillo-92835
Sam Hernandez,,,,,,,M,,,0,0,sherdog,https://www.sherdog.com/fighter/Sam-Hernandez-179951
Raymond Bighead,,,,,,,M,,,0,0,sherdog,https://www.sherdog.com/fighter/Raymond-Bighead-183203
Francisco Pintos,,,,,,,M,,,0,0,sherdog,https://www.sherdog.com/fighter/Francisco-Pintos-213295
Saimon Oliveira,,,,,,,M,,,0,0,sherdog,https://www.sherdog.com/fighter/Saimon-Oliveira-156991
Xavier Franklin,,,,,,,M,,,0,0,sherdog,https://www.sherdog.com/fighter/Xavier-Franklin-260583
Arturo Vergara,,,,,,,M,,,0,0,sherdog,https://www.sherdog.com/fighter/Arturo-Vergara-366633
Francisco Rivera,,,,,,,M,,,0,0,sherdog,https://www.sherdog.com/fighter/Francisco-Rivera-11908
William Sanchez,,,,,,,M,,,0,0,sherdog,https://www.sherdog.com/fighter/William-Sanchez-328565
Enrique Barragan,,,,,,,M,,,0,0,sherdog,https://www.sherdog.com/fighter/Enrique-Barragan-224043
Josue Lopez,,,,,,,M,,,0,0,sherdog,https://www.sherdog.com/fighter/Josue-Lopez-278699
Erick Espitia,,,,,,,M,,,0,0,sherdog,https://www.sherdog.com/fighter/Erick-Espitia-175769
Michael Pagani,,,,,,,M,,,0,0,sherdog,https://www.sherdog.com/fighter/Michael-Pagani-315451
Yann Liasse,,,,,,,M,,,0,0,sherdog,https://www.sherdog.com/fighter/Yann-Liasse-227899
Alan Patrick,,,,,,,M,,,0,0,sherdog,https://www.sherdog.com/fighter/Alan-Patrick-31096
Adam Proctor,,,,,,,M,,,0,0,sherdog,https://www.sherdog.com/fighter/Adam-Proctor-160187
Joe McColgan,,,,,,,M,,,0,0,sherdog,https://www.sherdog.com/fighter/Joe-McColgan-70229
Aleksi Mantykivi,,,,,,,M,,,0,0,sherdog,https://www.sherdog.com/fighter/Aleksi-Mantykivi-84240
Donovan Desmae,,,,,,,M,,,0,0,sherdog,https://www.sherdog.com/fighter/Donovan-Desmae-118307
Kacper Formela,,,,,,,M,,,0,0,sherdog,https://www.sherdog.com/fighter/Kacper-Formela-168921
Konmon Deh,,,,,,,M,,,0,0,sherdog,https://www.sherdog.com/fighter/Konmon-Deh-89031
Craig Edwards,,,,,,,M,,,0,0,sherdog,https://www.sherdog.com/fighter/Craig-Edwards-77583
Shaun Luther,,,,,,,M,,,0,0,sherdog,https://www.sherdog.com/fighter/Shaun-Luther-80536
Harry Hunsucker,,,,,,,M,,,0,0,sherdog,https://www.sherdog.com/fighter/Harry-Hunsucker-239513
Rashad Coulter,,,,,,,M,,,0,0,sherdog,https://www.sherdog.com/fighter/Rashad-Coulter-81719
James McSweeney,,,,,,,M,,,0,0,sherdog,https://www.sherdog.com/fighter/James-McSweeney-22111
Brandon Sosoli,,,,,,,M,,,0,0,sherdog,https://www.sherdog.com/fighter/Brandon-Sosoli-120441
Gul Pohatu,,,,,,,M,,,0,0,sherdog,https://www.sherdog.com/fighter/Gul-Pohatu-59177
Erik Nosa,,,,,,,M,,,0,0,sherdog,https://www.sherdog.com/fighter/Erik-Nosa-136179
Aaron Nieborak,,,,,,,M,,,0,0,sherdog,https://www.sherdog.com/fighter/Aaron-Nieborak-56763
Simon Osborne,,,,,,,M,,,0,0,sherdog,https://www.sherdog.com/fighter/Simon-Osborne-133785
Markus Perez,,,,,,,M,,,0,0,sherdog,https://www.sherdog.com/fighter/Markus-Perez-131219
Mike Persons,,,,,,,M,,,0,0,sherdog,https://www.sherdog.com/fighter/Mike-Persons-83729
Jumoke Hunter,,,,,,,M,,,0,0,sherdog,https://www.sherdog.com/fighter/Jumoke-Hunter-217157
Preston Snook,,,,,,,M,,,0,0,sherdog,https://www.sherdog.com/fighter/Preston-Snook-58071
Kenny Ento,,,,,,,M,,,0,0,sherdog,https://www.sherdog.com/fighter/Kenny-Ento-13638
Trey Williams,,,,,,,M,,,0,0,sherdog,https://www.sherdog.com/fighter/Trey-Williams-122819
Jacob Malkoun,,,,,Middleweight,ufc-roster,M,,,0,0,sherdog,https://www.sherdog.com/fighter/Jacob-Malkoun-204645
Jon Kirk,,,,,,,M,,,0,0,sherdog,https://www.sherdog.com/fighter/Jon-Kirk-14914
Matt Jones,,,,,,,M,,,0,0,sherdog,https://www.sherdog.com/fighter/Matt-Jones-72109
Clovis Hancock,,,,,,,M,,,0,0,sherdog,https://www.sherdog.com/fighter/Clovis-Hancock-142155
Charlie Rader,,,,,,,M,,,0,0,sherdog,https://www.sherdog.com/fighter/Charlie-Rader-24678
Kory Moegenburg,,,,,,,M,,,0,0,sherdog,https://www.sherdog.com/fighter/Kory-Moegenburg-133701
Zebulon Stroud,,,,,,,M,,,0,0,sherdog,https://www.sherdog.com/fighter/Zebulon-Stroud-78085
Rashid Magomedov,,,,,,,M,,,0,0,sherdog,https://www.sherdog.com/fighter/Rashid-Magomedov-41524
Charlie Brenneman,,,,,,,M,,,0,0,sherdog,https://www.sherdog.com/fighter/Charlie-Brenneman-23403
Jason Meaders,,,,,,,M,,,0,0,sherdog,https://www.sherdog.com/fighter/Jason-Meaders-74
Trace Gray,,,,,,,M,,,0,0,sherdog,https://www.sherdog.com/fighter/Trace-Gray-70120
Gilberto dos Santos,,,,,,,M,,,0,0,sherdog,https://www.sherdog.com/fighter/Gilberto-dos-Santos-1421
Dominic Gutierrez,,,,,,,M,,,0,0,sherdog,https://www.sherdog.com/fighter/Dominic-Gutierrez-51247
Vance Bejarano,,,,,,,M,,,0,0,sherdog,https://www.sherdog.com/fighter/Vance-Bejarano-46263
Jordan Betts,,,,,,,M,,,0,0,sherdog,https://www.sherdog.com/fighter/Jordan-Betts-56584
Bruno de Jesus,,,,,,,M,,,0,0,sherdog,https://www.sherdog.com/fighter/Bruno-de-Jesus-320521
Jhon Lyon Linhares Ribeiro,,,,,,,M,,,0,0,sherdog,https://www.sherdog.com/fighter/Jhon-Lyon-Linhares-Ribeiro-438317
Carlos Amaral Jr.,,,,,,,M,,,0,0,sherdog,https://www.sherdog.com/fighter/Carlos-Amaral-Jr-485466
Richard Jacobi,,,,,,,M,,,0,0,sherdog,https://www.sherdog.com/fighter/Richard-Jacobi-391204
Sidinei Elias de Araujo,,,,,,,M,,,0,0,sherdog,https://www.sherdog.com/fighter/Sidinei-Elias-de-Araujo-398300
Rodrigo Maia,,,,,,,M,,,0,0,sherdog,https://www.sherdog.com/fighter/Rodrigo-Maia-235205
Roberio Luiz,,,,,,,M,,,0,0,sherdog,https://www.sherdog.com/fighter/Roberio-Luiz-504010
Rogerio Bontorin,,,,,,,M,,,0,0,sherdog,https://www.sherdog.com/fighter/Rogerio-Bontorin-132211
Nate Williams,,,,,,,M,,,0,0,sherdog,https://www.sherdog.com/fighter/Nate-Williams-43686
Jerome Rivera,,,,,,,M,,,0,0,sherdog,https://www.sherdog.com/fighter/Jerome-Rivera-139017
Demetrius Wilson,,,,,,,M,,,0,0,sherdog,https://www.sherdog.com/fighter/Demetrius-Wilson-138087
Rakan Adwan,,,,,,,M,,,0,0,sherdog,https://www.sherdog.com/fighter/Rakan-Adwan-191711
Angel Torres,,,,,,,M,,,0,0,sherdog,https://www.sherdog.com/fighter/Angel-Torres-178657
Ricky Palacios,,,,,,,M,,,0,0,sherdog,https://www.sherdog.com/fighter/Ricky-Palacios-73600
Danny Mainus,,,,,,,M,,,0,0,sherdog,https://www.sherdog.com/fighter/Danny-Mainus-84646
Joey Welch,,,,,,,M,,,0,0,sherdog,https://www.sherdog.com/fighter/Joey-Welch-18736
Ben VomBaur,,,,,,,M,,,0,0,sherdog,https://www.sherdog.com/fighter/Ben-VomBaur-105873
Sammy Rind,,,,,,,M,,,0,0,sherdog,https://www.sherdog.com/fighter/Sammy-Rind-82912
Mandy Polk,,,,,,,F,,,0,0,sherdog,https://www.sherdog.com/fighter/Mandy-Polk-126269
Katherine Roy,,,,,,,F,,,0,0,sherdog,https://www.sherdog.com/fighter/Katherine-Roy-101719
Kenia Rosas Martinez,,,,,,,F,,,0,0,sherdog,https://www.sherdog.com/fighter/Kenia-Rosas-Martinez-181011
Richard Foster,,,,,,,M,,,0,0,sherdog,https://www.sherdog.com/fighter/Richard-Foster-100049
Vernon Lewis,,,,,,,M,,,0,0,sherdog,https://www.sherdog.com/fighter/Vernon-Lewis-59377
Richard Luis,,,,,,,M,,,0,0,sherdog,https://www.sherdog.com/fighter/Richard-Luis-229673
Brian Peterson,,,,,,,M,,,0,0,sherdog,https://www.sherdog.com/fighter/Brian-Peterson-248401
B.J. Lacy,,,,,,,M,,,0,0,sherdog,https://www.sherdog.com/fighter/BJ-Lacy-14489
Colby Thicknesse,,,,,,,M,,,0,0,sherdog,https://www.sherdog.com/fighter/Colby-Thicknesse-285257
Elijah Smith,,,,,,,M,,,0,0,sherdog,https://www.sherdog.com/fighter/Elijah-Smith-385324
Hunter Azure,,,,,,,M,,,0,0,sherdog,https://www.sherdog.com/fighter/Hunter-Azure-251727
Joseph Penafiel,,,,,,,M,,,0,0,sherdog,https://www.sherdog.com/fighter/Joseph-Penafiel-206209
Justin Williams-Hugo,,,,,,,M,,,0,0,sherdog,https://www.sherdog.com/fighter/Justin-WilliamsHugo-214047
Domingo Pilarte,,,,,,,M,,,0,0,sherdog,https://www.sherdog.com/fighter/Domingo-Pilarte-48495
Brandon Hempleman,,,,,,,M,,,0,0,sherdog,https://www.sherdog.com/fighter/Brandon-Hempleman-51116
Rowdy Akers,,,,,,,M,,,0,0,sherdog,https://www.sherdog.com/fighter/Rowdy-Akers-177203
Andrew Cruz,,,,,,,M,,,0,0,sherdog,https://www.sherdog.com/fighter/Andrew-Cruz-88169
Hamilton Ash,,,,,,,M,,,0,0,sherdog,https://www.sherdog.com/fighter/Hamilton-Ash-65944
Patrick Trey Smith,,,,,,,M,,,0,0,sherdog,https://www.sherdog.com/fighter/Patrick-Trey-Smith-120231
Josh Wick,,,,,,,M,,,0,0,sherdog,https://www.sherdog.com/fighter/Josh-Wick-121219
Jeremie Montgomery,,,,,,,M,,,0,0,sherdog,https://www.sherdog.com/fighter/Jeremie-Montgomery-116787
Joseph Cleveland,,,,,,,M,,,0,0,sherdog,https://www.sherdog.com/fighter/Joseph-Cleveland-52325
Ryoga Arimoto,,,,,,,,,,0,0,sherdog,https://www.sherdog.com/fighter/Ryoga-Arimoto-405923
Frank Jankowski,,,,,,,,,,0,0,sherdog,https://www.sherdog.com/fighter/Frank-Jankowski-300335
Oden Muscat,,,,,,,,,,0,0,sherdog,https://www.sherdog.com/fighter/Oden-Muscat-315013
Zac Gregson,,,,,,,,,,0,0,sherdog,https://www.sherdog.com/fighter/Zac-Gregson-341355
Troy Fumo,,,,,,,,,,0,0,sherdog,https://www.sherdog.com/fighter/Troy-Fumo-315713
Kaynan Kruschewsky,,,,,,,M,,,0,0,sherdog,https://www.sherdog.com/fighter/Kaynan-Kruschewsky-152747
Victor Nunez,,,,,,,M,,,0,0,sherdog,https://www.sherdog.com/fighter/Victor-Nunez-284189
Adilson Ramos Silva,,,,,,,M,,,0,0,sherdog,https://www.sherdog.com/fighter/Adilson-Ramos-Silva-198933
Sergei Andreev,,,,,,,M,,,0,0,sherdog,https://www.sherdog.com/fighter/Sergei-Andreev-90009
Mohamed El Jaghdal,,,,,,,M,,,0,0,sherdog,https://www.sherdog.com/fighter/Mohamed-El-Jaghdal-276699
Anthony Rondeau,,,,,,,M,,,0,0,sherdog,https://www.sherdog.com/fighter/Anthony-Rondeau-250053
Denis Silva,,,,,,,M,,,0,0,sherdog,https://www.sherdog.com/fighter/Denis-Silva-131209
Luan Anderson Prestes,,,,,,,M,,,0,0,sherdog,https://www.sherdog.com/fighter/Luan-Anderson-Prestes-233075
Joaquim Polonia,,,,,,,M,,,0,0,sherdog,https://www.sherdog.com/fighter/Joaquim-Polonia-125387
Alan Rogerio Soares Junior,,,,,,,M,,,0,0,sherdog,https://www.sherdog.com/fighter/Alan-Rogerio-Soares-Junior-191317
Samuel Silva,,,,,,,M,,,0,0,sherdog,https://www.sherdog.com/fighter/Samuel-Silva-205507
Janaildo Marinho de Oliveira,,,,,,,M,,,0,0,sherdog,https://www.sherdog.com/fighter/Janaildo-Marinho-de-Oliveira-246103
Bruno Quintanilha,,,,,,,M,,,0,0,sherdog,https://www.sherdog.com/fighter/Bruno-Quintanilha-189819
Thales Moraes,,,,,,,M,,,0,0,sherdog,https://www.sherdog.com/fighter/Thales-Moraes-205511
Anshul Jubli,,,,,Lightweight,ufc-roster,M,,,0,0,sherdog,https://www.sherdog.com/fighter/Anshul-Jubli-365299
Dom Mar Fan,,,,,,,M,,,0,0,sherdog,https://www.sherdog.com/fighter/Dom-Mar-Fan-305329
Brett Pastore,,,,,,,M,,,0,0,sherdog,https://www.sherdog.com/fighter/Brett-Pastore-236319
Blake Donnelly,,,,,,,M,,,0,0,sherdog,https://www.sherdog.com/fighter/Blake-Donnelly-232879
Nicko Flessas,,,,,,,M,,,0,0,sherdog,https://www.sherdog.com/fighter/Nicko-Flessas-66685
Pablo Torrealba,,,,,,,M,,,0,0,sherdog,https://www.sherdog.com/fighter/Pablo-Torrealba-265081
Sofia Esquer,,,,,,,F,,,0,0,sherdog,https://www.sherdog.com/fighter/Sofia-Esquer-292125
Dayane Mestrinha,,,,,,,F,,,0,0,sherdog,https://www.sherdog.com/fighter/Dayane-Mestrinha-65076
Regiane Silva,,,,,,,F,,,0,0,sherdog,https://www.sherdog.com/fighter/Regiane-Silva-446424
Patricia do Nascimento Pereira,,,,,,,F,,,0,0,sherdog,https://www.sherdog.com/fighter/Patricia-do-Nascimento-Pereira-450241
Beatriz Consuli Diniz,,,,,,,F,,,0,0,sherdog,https://www.sherdog.com/fighter/Beatriz-Consuli-Diniz-353153
Janine Fonseca do Nascimento,,,,,,,F,,,0,0,sherdog,https://www.sherdog.com/fighter/Janine-Fonseca-do-Nascimento-410852
Maria Jose Gomes da Silva,,,,,,,F,,,0,0,sherdog,https://www.sherdog.com/fighter/Maria-Jose-Gomes-da-Silva-414505
Daniel Schwindt,,,,,,,M,,,0,0,sherdog,https://www.sherdog.com/fighter/Daniel-Schwindt-388474
Erhan Kartal,,,,,,,M,,,0,0,sherdog,https://www.sherdog.com/fighter/Erhan-Kartal-196807
Ion Taburceanu,,,,,,,M,,,0,0,sherdog,https://www.sherdog.com/fighter/Ion-Taburceanu-348625
Antonio Zovak,,,,,,,M,,,0,0,sherdog,https://www.sherdog.com/fighter/Antonio-Zovak-248939
Ivan Jakovljevic,,,,,,,M,,,0,0,sherdog,https://www.sherdog.com/fighter/Ivan-Jakovljevic-63523
Alexandre Silva,,,,,,,M,,,0,0,sherdog,https://www.sherdog.com/fighter/Alexandre-Silva-168027
Milos Kostic,,,,,,,M,,,0,0,sherdog,https://www.sherdog.com/fighter/Milos-Kostic-128209
Slobodan Djordjevic,,,,,,,M,,,0,0,sherdog,https://www.sherdog.com/fighter/Slobodan-Djordjevic-309023
Leon Krajacic,,,,,,,M,,,0,0,sherdog,https://www.sherdog.com/fighter/Leon-Krajacic-222491
Filip Le,,,,,,,M,,,0,0,sherdog,https://www.sherdog.com/fighter/Filip-Le-166153
Danijel Arandjelovic,,,,,,,M,,,0,0,sherdog,https://www.sherdog.com/fighter/Danijel-Arandjelovic-181945
Vladimir Peric,,,,,,,M,,,0,0,sherdog,https://www.sherdog.com/fighter/Vladimir-Peric-283735
Sinisa Koncic,,,,,,,M,,,0,0,sherdog,https://www.sherdog.com/fighter/Sinisa-Koncic-381167
Nohelin Hernandez,,,,,,,M,,,0,0,sherdog,https://www.sherdog.com/fighter/Nohelin-Hernandez-110415
Frankie Saenz,,,,,,,M,,,0,0,sherdog,https://www.sherdog.com/fighter/Frankie-Saenz-55410
John Lineker,,,,,,,M,,,0,0,sherdog,https://www.sherdog.com/fighter/John-Lineker-41906
Brad Pickett,,,,,,,M,,,0,0,sherdog,https://www.sherdog.com/fighter/Brad-Pickett-11743
Guangyou Ning,,,,,,,M,,,0,0,sherdog,https://www.sherdog.com/fighter/Guangyou-Ning-26389
Roman Salazar,,,,,,,M,,,0,0,sherdog,https://www.sherdog.com/fighter/Roman-Salazar-24790
D'Juan Owens,,,,,,,M,,,0,0,sherdog,https://www.sherdog.com/fighter/DJuan-Owens-53816
Bruno Leandro Soares Lobato,,,,,,,M,,,0,0,sherdog,https://www.sherdog.com/fighter/Bruno-Leandro-Soares-Lobato-74599
Joel Iglesias,,,,,,,M,,,0,0,sherdog,https://www.sherdog.com/fighter/Joel-Iglesias-38497
Javier Umana Munoz,,,,,,,M,,,0,0,sherdog,https://www.sherdog.com/fighter/Javier-Umana-Munoz-23207
Alexis Patino Pinos,,,,,,,M,,,0,0,sherdog,https://www.sherdog.com/fighter/Alexis-Patino-Pinos-69258
Jack Guzman,,,,,,,M,,,0,0,sherdog,https://www.sherdog.com/fighter/Jack-Guzman-56990
Cesar Moreno,,,,,,,M,,,0,0,sherdog,https://www.sherdog.com/fighter/Cesar-Moreno-172543
Romel Orosco,,,,,,,M,,,0,0,sherdog,https://www.sherdog.com/fighter/Romel-Orosco-174259
Oluwale Bamgbose,,,,,,,M,,,0,0,sherdog,https://www.sherdog.com/fighter/Oluwale-Bamgbose-103153
Garreth McLellan,,,,,,,M,,,0,0,sherdog,https://www.sherdog.com/fighter/Garreth-McLellan-71237
Eduardo Ramon,,,,,,,M,,,0,0,sherdog,https://www.sherdog.com/fighter/Eduardo-Ramon-131261
Wagner Silva,,,,,,,M,,,0,0,sherdog,https://www.sherdog.com/fighter/Wagner-Silva-115911
Gerson da Silva Conceicao,,,,,,,M,,,0,0,sherdog,https://www.sherdog.com/fighter/Gerson-da-Silva-Conceicao-19525
Fabio Moreira,,,,,,,M,,,0,0,sherdog,https://www.sherdog.com/fighter/Fabio-Moreira-149813
Ademilson Borges Duarte,,,,,,,M,,,0,0,sherdog,https://www.sherdog.com/fighter/Ademilson-Borges-Duarte-117159
Teo Esteves,,,,,,,M,,,0,0,sherdog,https://www.sherdog.com/fighter/Teo-Esteves-147259
Taiga Iwasaki,,,,,,,M,,,0,0,sherdog,https://www.sherdog.com/fighter/Taiga-Iwasaki-375260
Ahmed Sami,,,,,,,M,,,0,0,sherdog,https://www.sherdog.com/fighter/Ahmed-Sami-189887
Giorgi Kvelidze,,,,,,,M,,,0,0,sherdog,https://www.sherdog.com/fighter/Giorgi-Kvelidze-237405
Stefan Pretorius,,,,,,,M,,,0,0,sherdog,https://www.sherdog.com/fighter/Stefan-Pretorius-197073
Mohamad Osseili,,,,,,,M,,,0,0,sherdog,https://www.sherdog.com/fighter/Mohamad-Osseili-379863
Samir Zaidi,,,,,,,M,,,0,0,sherdog,https://www.sherdog.com/fighter/Samir-Zaidi-199229
Sallah Dekhissi,,,,,,,M,,,0,0,sherdog,https://www.sherdog.com/fighter/Sallah-Dekhissi-123201
Badreddine Diani,,,,,,,M,,,0,0,sherdog,https://www.sherdog.com/fighter/Badreddine-Diani-268779
Matthew Adams,,,,,,,M,,,0,0,sherdog,https://www.sherdog.com/fighter/Matthew-Adams-276263
Jamahl Tatum,,,,,,,M,,,0,0,sherdog,https://www.sherdog.com/fighter/Jamahl-Tatum-289471
Emmanuel Verdier,,,,,,,M,,,0,0,sherdog,https://www.sherdog.com/fighter/Emmanuel-Verdier-227435
Jawaski Bethly,,,,,,,M,,,0,0,sherdog,https://www.sherdog.com/fighter/Jawaski-Bethly-317695
Khadis Ibragimov,,,,,,,M,,,0,0,sherdog,https://www.sherdog.com/fighter/Khadis-Ibragimov-265067
Michal Pasternak,,,,,,,M,,,0,0,sherdog,https://www.sherdog.com/fighter/Michal-Pasternak-110667
Eder de Souza,,,,,,,M,,,0,0,sherdog,https://www.sherdog.com/fighter/Eder-de-Souza-110137
Amirali Joroev,,,,,,,M,,,0,0,sherdog,https://www.sherdog.com/fighter/Amirali-Joroev-277817
Zhumabek Aijigit,,,,,,,M,,,0,0,sherdog,https://www.sherdog.com/fighter/Zhumabek-Aijigit-213915
Remi Delcampe,,,,,,,M,,,0,0,sherdog,https://www.sherdog.com/fighter/Remi-Delcampe-200619
Alexander Kovbel,,,,,,,M,,,0,0,sherdog,https://www.sherdog.com/fighter/Alexander-Kovbel-240325
Joji Goto,,,,,,,M,,,0,0,sherdog,https://www.sherdog.com/fighter/Joji-Goto-220099
Dias Yerengaipov,,,,,,,M,,,0,0,sherdog,https://www.sherdog.com/fighter/Dias-Yerengaipov-206865
Nkosi Ndebele,,,,,,,M,,,0,0,sherdog,https://www.sherdog.com/fighter/Nkosi-Ndebele-269431
Izzeddine Al Derbani,,,,,,,M,,,0,0,sherdog,https://www.sherdog.com/fighter/Izzeddine-Al-Derbani-182301
Alberto Orellano,,,,,,,M,,,0,0,sherdog,https://www.sherdog.com/fighter/Alberto-Orellano-172567
Gleidson DeJesus,,,,,,,M,,,0,0,sherdog,https://www.sherdog.com/fighter/Gleidson-DeJesus-84309
Farkhad Sharipov,,,,,,,M,,,0,0,sherdog,https://www.sherdog.com/fighter/Farkhad-Sharipov-26618
Abdiel Velazquez,,,,,,,M,,,0,0,sherdog,https://www.sherdog.com/fighter/Abdiel-Velazquez-169143
Reynaldo Walter Duarte,,,,,,,M,,,0,0,sherdog,https://www.sherdog.com/fighter/Reynaldo-Walter-Duarte-14417
Travis Taylor,,,,,,,M,,,0,0,sherdog,https://www.sherdog.com/fighter/Travis-Taylor-35439
Komronbek Ortikov,,,,,,,M,,,0,0,sherdog,https://www.sherdog.com/fighter/Komronbek-Ortikov-435540
Narek Avagyan,,,,,,,M,,,0,0,sherdog,https://www.sherdog.com/fighter/Narek-Avagyan-151617
Austin Russell,,,,,,,M,,,0,0,sherdog,https://www.sherdog.com/fighter/Austin-Russell-211117
Victor Rosas,,,,,,,M,,,0,0,sherdog,https://www.sherdog.com/fighter/Victor-Rosas-105083
Trevor Wells,,,,,,,M,,,0,0,sherdog,https://www.sherdog.com/fighter/Trevor-Wells-156433
Devin Miller,,,,,,,M,,,0,0,sherdog,https://www.sherdog.com/fighter/Devin-Miller-177899
Antonio Rodriguez,,,,,,,M,,,0,0,sherdog,https://www.sherdog.com/fighter/Antonio-Rodriguez-210039
Lance Lee,,,,,,,M,,,0,0,sherdog,https://www.sherdog.com/fighter/Lance-Lee-196269
Danny Flores,,,,,,,M,,,0,0,sherdog,https://www.sherdog.com/fighter/Danny-Flores-306391
Milton Arguello,,,,,,,M,,,0,0,sherdog,https://www.sherdog.com/fighter/Milton-Arguello-163643
Jose Alday,,,,,,,M,,,0,0,sherdog,https://www.sherdog.com/fighter/Jose-Alday-146733
Daniel Lezama,,,,,,,M,,,0,0,sherdog,https://www.sherdog.com/fighter/Daniel-Lezama-175823
Jordan Beltran,,,,,,,M,,,0,0,sherdog,https://www.sherdog.com/fighter/Jordan-Beltran-210041
Carlos Apodaca,,,,,,,M,,,0,0,sherdog,https://www.sherdog.com/fighter/Carlos-Apodaca-451241
Jarno Errens,,,,,,,M,,,0,0,sherdog,https://www.sherdog.com/fighter/Jarno-Errens-207605
Vadim Zadnipryanyi,,,,,,,M,,,0,0,sherdog,https://www.sherdog.com/fighter/Vadim-Zadnipryanyi-432749
Jake Childers,,,,,,,M,,,0,0,sherdog,https://www.sherdog.com/fighter/Jake-Childers-160639
Edwin Chavez,,,,,,,M,,,0,0,sherdog,https://www.sherdog.com/fighter/Edwin-Chavez-283789
Peter Barrett,,,,,,,M,,,0,0,sherdog,https://www.sherdog.com/fighter/Peter-Barrett-79095
Jaime Hernandez,,,,,,,M,,,0,0,sherdog,https://www.sherdog.com/fighter/Jaime-Hernandez-60809
Steven Merrill,,,,,,,M,,,0,0,sherdog,https://www.sherdog.com/fighter/Steven-Merrill-242835
Daniel Soto,,,,,,,M,,,0,0,sherdog,https://www.sherdog.com/fighter/Daniel-Soto-178765
Joey Banks,,,,,,,M,,,0,0,sherdog,https://www.sherdog.com/fighter/Joey-Banks-44916
Clay Wimer,,,,,,,M,,,0,0,sherdog,https://www.sherdog.com/fighter/Clay-Wimer-132379
Maurice Salazar,,,,,,,M,,,0,0,sherdog,https://www.sherdog.com/fighter/Maurice-Salazar-234033
Michael Santos,,,,,,,M,,,0,0,sherdog,https://www.sherdog.com/fighter/Michael-Santos-312273
Ghiles Oudelha,,,,,,,M,,,0,0,sherdog,https://www.sherdog.com/fighter/Ghiles-Oudelha-191993
Lucas Caio,,,,,,,M,,,0,0,sherdog,https://www.sherdog.com/fighter/Lucas-Caio-102557
Soslan Gagloev,,,,,,,M,,,0,0,sherdog,https://www.sherdog.com/fighter/Soslan-Gagloev-339927
Turpal Younousov,,,,,,,M,,,0,0,sherdog,https://www.sherdog.com/fighter/Turpal-Younousov-404566
Cesar Arzamendia,,,,,,,M,,,0,0,sherdog,https://www.sherdog.com/fighter/Cesar-Arzamendia-87012
Matheus Miranda,,,,,,,M,,,0,0,sherdog,https://www.sherdog.com/fighter/Matheus-Miranda-388055
Wladimir Holodenko,,,,,,,M,,,0,0,sherdog,https://www.sherdog.com/fighter/Wladimir-Holodenko-216691
Yun Seong Jang,,,,,,,M,,,0,0,sherdog,https://www.sherdog.com/fighter/Yun-Seong-Jang-400410
Wawrzyniec Bartnik,,,,,,,M,,,0,0,sherdog,https://www.sherdog.com/fighter/Wawrzyniec-Bartnik-265361
Kuitty Begaj,,,,,,,M,,,0,0,sherdog,https://www.sherdog.com/fighter/Kuitty-Begaj-379416
Mark Choinski,,,,,,,M,,,0,0,sherdog,https://www.sherdog.com/fighter/Mark-Choinski-375943
Issa Isakov,,,,,,,M,,,0,0,sherdog,https://www.sherdog.com/fighter/Issa-Isakov-181953
Justice Lamperez,,,,,,,M,,,0,0,sherdog,https://www.sherdog.com/fighter/Justice-Lamperez-256287
Micheal Murphy,,,,,,,M,,,0,0,sherdog,https://www.sherdog.com/fighter/Micheal-Murphy-226819
Darren Whitney,,,,,,,M,,,0,0,sherdog,https://www.sherdog.com/fighter/Darren-Whitney-275475
Ben Lugo,,,,,,,M,,,0,0,sherdog,https://www.sherdog.com/fighter/Ben-Lugo-142507
Santiago Guzman,,,,,,,M,,,0,0,sherdog,https://www.sherdog.com/fighter/Santiago-Guzman-224163
Chris Sherley Rios,,,,,,,M,,,0,0,sherdog,https://www.sherdog.com/fighter/Chris-Sherley-Rios-97445
Jonathon Moskowitz,,,,,,,M,,,0,0,sherdog,https://www.sherdog.com/fighter/Jonathon-Moskowitz-302373
Al Iaquinta,,,,,,,M,,,0,0,sherdog,https://www.sherdog.com/fighter/Al-Iaquinta-42817
Jason Knight,,,,,,,M,,,0,0,sherdog,https://www.sherdog.com/fighter/Jason-Knight-44957
Mark Eddiva,,,,,,,M,,,0,0,sherdog,https://www.sherdog.com/fighter/Mark-Eddiva-75370
Maximo Blanco,,,,,,,M,,,0,0,sherdog,https://www.sherdog.com/fighter/Maximo-Blanco-36618
Ian Entwistle,,,,,,,M,,,0,0,sherdog,https://www.sherdog.com/fighter/Ian-Entwistle-50588
Nick Patterson,,,,,,,M,,,0,0,sherdog,https://www.sherdog.com/fighter/Nick-Patterson-54881
Rusty McBride,,,,,,,M,,,0,0,sherdog,https://www.sherdog.com/fighter/Rusty-McBride-69861
Sboh Ceeh Khuboni,,,,,,,M,,,0,0,sherdog,https://www.sherdog.com/fighter/Sboh-Ceeh-Khuboni-250537
Chengjie Wu,,,,,,,M,,,0,0,sherdog,https://www.sherdog.com/fighter/Chengjie-Wu-67173
Yuma Ishizuka,,,,,,,M,,,0,0,sherdog,https://www.sherdog.com/fighter/Yuma-Ishizuka-26196
Scott MacGregor,,,,,,,M,,,0,0,sherdog,https://www.sherdog.com/fighter/Scott-MacGregor-67565
Rob Lisita,,,,,,,M,,,0,0,sherdog,https://www.sherdog.com/fighter/Rob-Lisita-49684
Sonny Brown,,,,,,,M,,,0,0,sherdog,https://www.sherdog.com/fighter/Sonny-Brown-12132
Ken Yasuda,,,,,,,M,,,0,0,sherdog,https://www.sherdog.com/fighter/Ken-Yasuda-4786
Adam Calver,,,,,,,M,,,0,0,sherdog,https://www.sherdog.com/fighter/Adam-Calver-52879
Mike Taylor,,,,,,,M,,,0,0,sherdog,https://www.sherdog.com/fighter/Mike-Taylor-52890
Alejandro Perez,,,,,,,M,,,0,0,sherdog,https://www.sherdog.com/fighter/Alejandro-Perez-13428
Felipe Arantes,,,,,,,M,,,0,0,sherdog,https://www.sherdog.com/fighter/Felipe-Arantes-31372
Bharat Khandare,,,,,,,M,,,0,0,sherdog,https://www.sherdog.com/fighter/Bharat-Khandare-86855
Makoto Yoshida,,,,,,,M,,,0,0,sherdog,https://www.sherdog.com/fighter/Makoto-Yoshida-249027
Edgars Skrivers,,,,,,,M,,,0,0,sherdog,https://www.sherdog.com/fighter/Edgars-Skrivers-64861
Renat Ondar,,,,,,,M,,,0,0,sherdog,https://www.sherdog.com/fighter/Renat-Ondar-221837
Vachagan Nikogosyan,,,,,,,M,,,0,0,sherdog,https://www.sherdog.com/fighter/Vachagan-Nikogosyan-257539
Alexey Polpudnikov,,,,,,,M,,,0,0,sherdog,https://www.sherdog.com/fighter/Alexey-Polpudnikov-74306
Artak Nazaryan,,,,,,,M,,,0,0,sherdog,https://www.sherdog.com/fighter/Artak-Nazaryan-96311
Alexander Zaitsev,,,,,,,M,,,0,0,sherdog,https://www.sherdog.com/fighter/Alexander-Zaitsev-212855
Xian Ji,,,,,,,M,,,0,0,sherdog,https://www.sherdog.com/fighter/Xian-Ji-50401
Yafei Zhao,,,,,,,M,,,0,0,sherdog,https://www.sherdog.com/fighter/Yafei-Zhao-115019
Baheibieke Wulalibieke,,,,,,,M,,,0,0,sherdog,https://www.sherdog.com/fighter/Baheibieke-Wulalibieke-144359
Wuheng Zhao,,,,,,,M,,,0,0,sherdog,https://www.sherdog.com/fighter/Wuheng-Zhao-84071
Jorge Masvidal,,,,,,,M,,,0,0,sherdog,https://www.sherdog.com/fighter/Jorge-Masvidal-7688
Emil Meek,,,,,,,M,,,0,0,sherdog,https://www.sherdog.com/fighter/Emil-Meek-66143
Marcus Hicks,,,,,,,M,,,0,0,sherdog,https://www.sherdog.com/fighter/Marcus-Hicks-8097
Lenny Lovato,,,,,,,M,,,0,0,sherdog,https://www.sherdog.com/fighter/Lenny-Lovato-39835
Steven Rodriguez,,,,,,,M,,,0,0,sherdog,https://www.sherdog.com/fighter/Steven-Rodriguez-104919
Rashid Abdullah,,,,,,,M,,,0,0,sherdog,https://www.sherdog.com/fighter/Rashid-Abdullah-56809
Jose Caceres,,,,,,,M,,,0,0,sherdog,https://www.sherdog.com/fighter/Jose-Caceres-67216
David Glover,,,,,,,M,,,0,0,sherdog,https://www.sherdog.com/fighter/David-Glover-82982
Mairon Santos,,,,,,,M,,,0,0,sherdog,https://www.sherdog.com/fighter/Mairon-Santos-297155
Erik Silva,,,,,,,M,,,0,0,sherdog,https://www.sherdog.com/fighter/Erik-Silva-220027
Dylan Schulte,,,,,,,M,,,0,0,sherdog,https://www.sherdog.com/fighter/Dylan-Schulte-237065
Sitik Muduev,,,,,,,M,,,0,0,sherdog,https://www.sherdog.com/fighter/Sitik-Muduev-243137
Andres Ponce,,,,,,,M,,,0,0,sherdog,https://www.sherdog.com/fighter/Andres-Ponce-159713
Olivier Murad,,,,,,,M,,,0,0,sherdog,https://www.sherdog.com/fighter/Olivier-Murad-281291
Josh Augustine,,,,,,,M,,,0,0,sherdog,https://www.sherdog.com/fighter/Josh-Augustine-92469
Shawn Brown,,,,,,,M,,,0,0,sherdog,https://www.sherdog.com/fighter/Shawn-Brown-199365
Harrison Melendez,,,,,,,M,,,0,0,sherdog,https://www.sherdog.com/fighter/Harrison-Melendez-161277
Jernato Harris,,,,,,,M,,,0,0,sherdog,https://www.sherdog.com/fighter/Jernato-Harris-277033
Martin Buday,,,,,,,M,,,0,0,sherdog,https://www.sherdog.com/fighter/Martin-Buday-164475
Greg Velasco,,,,,,,M,,,0,0,sherdog,https://www.sherdog.com/fighter/Greg-Velasco-289117
Kirill Kornilov,,,,,,,M,,,0,0,sherdog,https://www.sherdog.com/fighter/Kirill-Kornilov-338905
Aleksandr Kolomytsev,,,,,,,M,,,0,0,sherdog,https://www.sherdog.com/fighter/Aleksandr-Kolomytsev-404957
Grigoriy Ponomarev,,,,,,,M,,,0,0,sherdog,https://www.sherdog.com/fighter/Grigoriy-Ponomarev-292517
Murad Adyrbaev,,,,,,,M,,,0,0,sherdog,https://www.sherdog.com/fighter/Murad-Adyrbaev-369490
Alexey Druzhinin,,,,,,,M,,,0,0,sherdog,https://www.sherdog.com/fighter/Alexey-Druzhinin-385341
Vladislav Kozlovski,,,,,,,M,,,0,0,sherdog,https://www.sherdog.com/fighter/Vladislav-Kozlovski-159043
Arthur Bunkov,,,,,,,M,,,0,0,sherdog,https://www.sherdog.com/fighter/Arthur-Bunkov-381853
Denis Gvozdev,,,,,,,M,,,0,0,sherdog,https://www.sherdog.com/fighter/Denis-Gvozdev-273249
Elizabeth Phillips,,,,,,,F,,,0,0,sherdog,https://www.sherdog.com/fighter/Elizabeth-Phillips-83021
Kim Couture,,,,,,,F,,,0,0,sherdog,https://www.sherdog.com/fighter/Kim-Couture-33216
Claudiene Ferreira Alves,,,,,,,F,,,0,0,sherdog,https://www.sherdog.com/fighter/Claudiene-Ferreira-Alves-334639
Maria Eduarda Santana,,,,,,,F,,,0,0,sherdog,https://www.sherdog.com/fighter/Maria-Eduarda-Santana-408044
Paisiella De Souza Moraes,,,,,,,F,,,0,0,sherdog,https://www.sherdog.com/fighter/Paisiella-De-Souza-Moraes-406896
Renata Aline Santos Silva,,,,,,,F,,,0,0,sherdog,https://www.sherdog.com/fighter/Renata-Aline-Santos-Silva-405839
Ana Vitoria Cardoso Santana,,,,,,,F,,,0,0,sherdog,https://www.sherdog.com/fighter/Ana-Vitoria-Cardoso-Santana-403544
Hassna Gaber,,,,,,,F,,,0,0,sherdog,https://www.sherdog.com/fighter/Hassna-Gaber-265911
Sanaa Mandar,,,,,,,F,,,0,0,sherdog,https://www.sherdog.com/fighter/Sanaa-Mandar-421647
Priscila de Souza,,,,,,,F,,,0,0,sherdog,https://www.sherdog.com/fighter/Priscila-de-Souza-149325
Asmaa Abash,,,,,,,F,,,0,0,sherdog,https://www.sherdog.com/fighter/Asmaa-Abash-397153
Juliet Chukwu,,,,,,,F,,,0,0,sherdog,https://www.sherdog.com/fighter/Juliet-Chukwu-396329
Ivana Petrovic,,,,,,,F,,,0,0,sherdog,https://www.sherdog.com/fighter/Ivana-Petrovic-331333
Claire Guthrie,,,,,,,F,,,0,0,sherdog,https://www.sherdog.com/fighter/Claire-Guthrie-235619
Kendal Holowell,,,,,,,F,,,0,0,sherdog,https://www.sherdog.com/fighter/Kendal-Holowell-299787
Sadie Hubbard,,,,,,,F,,,0,0,sherdog,https://www.sherdog.com/fighter/Sadie-Hubbard-247099
Cynthia Arceo,,,,,,,F,,,0,0,sherdog,https://www.sherdog.com/fighter/Cynthia-Arceo-190013
Lovethpatra Young,,,,,,,F,,,0,0,sherdog,https://www.sherdog.com/fighter/Lovethpatra-Young-264573
Valerie Soto,,,,,,,F,,,0,0,sherdog,https://www.sherdog.com/fighter/Valerie-Soto-285549
Emme Weber,,,,,,,F,,,0,0,sherdog,https://www.sherdog.com/fighter/Emme-Weber-242169
Shahin Najafi,,,,,,,M,,,0,0,sherdog,https://www.sherdog.com/fighter/Shahin-Najafi-232605
Valdemir Cardoso,,,,,,,M,,,0,0,sherdog,https://www.sherdog.com/fighter/Valdemir-Cardoso-404513
Tiago Souza,,,,,,,M,,,0,0,sherdog,https://www.sherdog.com/fighter/Tiago-Souza-165329
Adriano Souza,,,,,,,M,,,0,0,sherdog,https://www.sherdog.com/fighter/Adriano-Souza-171273
Tamyray Lacerda,,,,,,,M,,,0,0,sherdog,https://www.sherdog.com/fighter/Tamyray-Lacerda-242783
Muniz Martins dos Santos,,,,,,,M,,,0,0,sherdog,https://www.sherdog.com/fighter/Muniz-Martins-dos-Santos-183605
Gabriel Schlupp,,,,,,,M,,,0,0,sherdog,https://www.sherdog.com/fighter/Gabriel-Schlupp-161245
Lucas Vinicius Razalkiewicz,,,,,,,M,,,0,0,sherdog,https://www.sherdog.com/fighter/Lucas-Vinicius-Razalkiewicz-184913
Pedro Henrique,,,,,,,M,,,0,0,sherdog,https://www.sherdog.com/fighter/Pedro-Henrique-175031
Anderson Renan Kraus,,,,,,,M,,,0,0,sherdog,https://www.sherdog.com/fighter/Anderson-Renan-Kraus-147433
Lorenzo Rodrigues,,,,,,,M,,,0,0,sherdog,https://www.sherdog.com/fighter/Lorenzo-Rodrigues-154141
Rebeca Maria Sousa,,,,,,,F,,,0,0,sherdog,https://www.sherdog.com/fighter/Rebeca-Maria-Sousa-430477
Marcela Silva,,,,,,,F,,,0,0,sherdog,https://www.sherdog.com/fighter/Marcela-Silva-408524
Siddhi Lalit,,,,,,,F,,,0,0,sherdog,https://www.sherdog.com/fighter/Siddhi-Lalit-447990
Raila Almeida,,,,,,,F,,,0,0,sherdog,https://www.sherdog.com/fighter/Raila-Almeida-446250
Josiane Ribeiro de Oliveira,,,,,,,F,,,0,0,sherdog,https://www.sherdog.com/fighter/Josiane-Ribeiro-de-Oliveira-424298
Scott Jorgensen,,,,,,,M,,,0,0,sherdog,https://www.sherdog.com/fighter/Scott-Jorgensen-16852
Chris Cariaso,,,,,,,M,,,0,0,sherdog,https://www.sherdog.com/fighter/Chris-Cariaso-16467
Sidney Lessa de Oliveira,,,,,,,M,,,0,0,sherdog,https://www.sherdog.com/fighter/Sidney-Lessa-de-Oliveira-58966
Martin Coria,,,,,,,M,,,0,0,sherdog,https://www.sherdog.com/fighter/Martin-Coria-69522
Mamoru Yamaguchi,,,,,,,M,,,0,0,sherdog,https://www.sherdog.com/fighter/Mamoru-Yamaguchi-1175
Shinichi Kojima,,,,,,,M,,,0,0,sherdog,https://www.sherdog.com/fighter/Shinichi-Kojima-8669
Jose Maria Tome,,,,,,,M,,,0,0,sherdog,https://www.sherdog.com/fighter/Jose-Maria-Tome-37681
Arinaldo Batista da Silva,,,,,,,M,,,0,0,sherdog,https://www.sherdog.com/fighter/Arinaldo-Batista-da-Silva-66944
Amaury Junior,,,,,,,M,,,0,0,sherdog,https://www.sherdog.com/fighter/Amaury-Junior-87203
Chacal Chacal,,,,,,,M,,,0,0,sherdog,https://www.sherdog.com/fighter/Chacal-Chacal-66747
Danny Roberts,,,,,,,M,,,0,0,sherdog,https://www.sherdog.com/fighter/Danny-Roberts-64677
Ramazan Emeev,,,,,,,M,,,0,0,sherdog,https://www.sherdog.com/fighter/Ramazan-Emeev-72356
Pete Rodriguez,,,,,,,M,,,0,0,sherdog,https://www.sherdog.com/fighter/Pete-Rodriguez-261813
Ange Loosa,,,,,,,M,,,0,0,sherdog,https://www.sherdog.com/fighter/Ange-Loosa-95799
Aldin Bates,,,,,,,M,,,0,0,sherdog,https://www.sherdog.com/fighter/Aldin-Bates-119547
Glen Pettigrew,,,,,,,M,,,0,0,sherdog,https://www.sherdog.com/fighter/Glen-Pettigrew-199219
Kevin Jousset,,,,,,,M,,,0,0,sherdog,https://www.sherdog.com/fighter/Kevin-Jousset-300519
Dean Abramo,,,,,,,M,,,0,0,sherdog,https://www.sherdog.com/fighter/Dean-Abramo-141081
Luke Howard,,,,,,,M,,,0,0,sherdog,https://www.sherdog.com/fighter/Luke-Howard-178193
James Duckett,,,,,,,M,,,0,0,sherdog,https://www.sherdog.com/fighter/James-Duckett-106073
Ty Duncan,,,,,,,M,,,0,0,sherdog,https://www.sherdog.com/fighter/Ty-Duncan-104117
Brandt Cogill,,,,,,,M,,,0,0,sherdog,https://www.sherdog.com/fighter/Brandt-Cogill-206223
Darcy Vendy,,,,,,,M,,,0,0,sherdog,https://www.sherdog.com/fighter/Darcy-Vendy-108771
Alex White,,,,,,,M,,,0,0,sherdog,https://www.sherdog.com/fighter/Alex-White-55954
Magomed Mustafaev,,,,,,,M,,,0,0,sherdog,https://www.sherdog.com/fighter/Magomed-Mustafaev-80231
Nurzhan Tutkaev,,,,,,,M,,,0,0,sherdog,https://www.sherdog.com/fighter/Nurzhan-Tutkaev-199677
Nandin-Erdene Munguntsooj,,,,,,,M,,,0,0,sherdog,https://www.sherdog.com/fighter/NandinErdene-Munguntsooj-156599
Seung Yeon Kim,,,,,,,M,,,0,0,sherdog,https://www.sherdog.com/fighter/Seung-Yeon-Kim-194635
Suraj Bahadur,,,,,,,M,,,0,0,sherdog,https://www.sherdog.com/fighter/Suraj-Bahadur-118395
Gunduz Nabiev,,,,,,,M,,,0,0,sherdog,https://www.sherdog.com/fighter/Gunduz-Nabiev-253151
Sam Bastin,,,,,,,M,,,0,0,sherdog,https://www.sherdog.com/fighter/Sam-Bastin-77960
Patryk Dunski,,,,,,,M,,,0,0,sherdog,https://www.sherdog.com/fighter/Patryk-Dunski-157349
Marcin Jablonski,,,,,,,M,,,0,0,sherdog,https://www.sherdog.com/fighter/Marcin-Jablonski-185411
Giorgi Esiava,,,,,,,M,,,0,0,sherdog,https://www.sherdog.com/fighter/Giorgi-Esiava-275417
Krzysztof Dobrzynski,,,,,,,M,,,0,0,sherdog,https://www.sherdog.com/fighter/Krzysztof-Dobrzynski-124737
Konrad Furmanek,,,,,,,M,,,0,0,sherdog,https://www.sherdog.com/fighter/Konrad-Furmanek-237759
Hubert Sulewski,,,,,,,M,,,0,0,sherdog,https://www.sherdog.com/fighter/Hubert-Sulewski-210367
Vladislav Bilorus,,,,,,,M,,,0,0,sherdog,https://www.sherdog.com/fighter/Vladislav-Bilorus-389041
Dawid Gabara,,,,,,,M,,,0,0,sherdog,https://www.sherdog.com/fighter/Dawid-Gabara-128261
Nariman Abbasov,,,,,,,M,,,0,0,sherdog,https://www.sherdog.com/fighter/Nariman-Abbasov-141581
Andrey Augusto,,,,,,,M,,,0,0,sherdog,https://www.sherdog.com/fighter/Andrey-Augusto-263483
Rangel de Sa,,,,,,,M,,,0,0,sherdog,https://www.sherdog.com/fighter/Rangel-de-Sa-248713
Joao Lucas Neto,,,,,,,M,,,0,0,sherdog,https://www.sherdog.com/fighter/Joao-Lucas-Neto-188395
Edvan Rodrigues dos Reis,,,,,,,M,,,0,0,sherdog,https://www.sherdog.com/fighter/Edvan-Rodrigues-dos-Reis-208711
Rodrigo Silva Fernandes,,,,,,,M,,,0,0,sherdog,https://www.sherdog.com/fighter/Rodrigo-Silva-Fernandes-84531
Mateus Nascimento Nery da Cruz,,,,,,,M,,,0,0,sherdog,https://www.sherdog.com/fighter/Mateus-Nascimento-Nery-da-Cruz-252419
Edilson dos Santos Pires,,,,,,,M,,,0,0,sherdog,https://www.sherdog.com/fighter/Edilson-dos-Santos-Pires-118051
Leonardo Carvalho Muller,,,,,,,M,,,0,0,sherdog,https://www.sherdog.com/fighter/Leonardo-Carvalho-Muller-13697
Marcio Cesar,,,,,,,M,,,0,0,sherdog,https://www.sherdog.com/fighter/Marcio-Cesar-13198
Arthur Alencar,,,,,,,M,,,0,0,sherdog,https://www.sherdog.com/fighter/Arthur-Alencar-137309
Vinicius Luiz da Silva,,,,,,,M,,,0,0,sherdog,https://www.sherdog.com/fighter/Vinicius-Luiz-da-Silva-78837
Jeferson Lucas,,,,,,,M,,,0,0,sherdog,https://www.sherdog.com/fighter/Jeferson-Lucas-113151
Adriano Moraes,,,,,,,M,,,0,0,sherdog,https://www.sherdog.com/fighter/Adriano-Moraes-84527
Lucas Oyapock,,,,,,,M,,,0,0,sherdog,https://www.sherdog.com/fighter/Lucas-Oyapock-112617
Attila Vegh,,,,,,,M,,,0,0,sherdog,https://www.sherdog.com/fighter/Attila-Vegh-33506
Cheick Kongo,,,,,,,M,,,0,0,sherdog,https://www.sherdog.com/fighter/Cheick-Kongo-2193
Roy Boughton,,,,,,,M,,,0,0,sherdog,https://www.sherdog.com/fighter/Roy-Boughton-62589
Siala-Mou Siliga,,,,,,,M,,,0,0,sherdog,https://www.sherdog.com/fighter/SialaMou-Siliga-9068
Mark Holata,,,,,,,M,,,0,0,sherdog,https://www.sherdog.com/fighter/Mark-Holata-23255
Vitaly Minakov,,,,,,,M,,,0,0,sherdog,https://www.sherdog.com/fighter/Vitaly-Minakov-63046
Rich Hale,,,,,,,M,,,0,0,sherdog,https://www.sherdog.com/fighter/Rich-Hale-20376
Vinicius Kappke de Queiroz,,,,,,,M,,,0,0,sherdog,https://www.sherdog.com/fighter/Vinicius-Kappke-de-Queiroz-48631
Brett Rogers,,,,,,,M,,,0,0,sherdog,https://www.sherdog.com/fighter/Brett-Rogers-16048
Stefan Stankovic,,,,,,,M,,,0,0,sherdog,https://www.sherdog.com/fighter/Stefan-Stankovic-77904
Arsen Abdulkerimov,,,,,,,M,,,0,0,sherdog,https://www.sherdog.com/fighter/Arsen-Abdulkerimov-43641
Bakhodir Ibragimov,,,,,,,M,,,0,0,sherdog,https://www.sherdog.com/fighter/Bakhodir-Ibragimov-81850
Nedyalko Karadjov,,,,,,,M,,,0,0,sherdog,https://www.sherdog.com/fighter/Nedyalko-Karadjov-68781
Ruslan Chapko,,,,,,,M,,,0,0,sherdog,https://www.sherdog.com/fighter/Ruslan-Chapko-74957
Pat Bennett,,,,,,,M,,,0,0,sherdog,https://www.sherdog.com/fighter/Pat-Bennett-58749
Evgeni Babich,,,,,,,M,,,0,0,sherdog,https://www.sherdog.com/fighter/Evgeni-Babich-69117
Eldar Yagudin,,,,,,,M,,,0,0,sherdog,https://www.sherdog.com/fighter/Eldar-Yagudin-69156
Alexander Romaschenko,,,,,,,M,,,0,0,sherdog,https://www.sherdog.com/fighter/Alexander-Romaschenko-58612
Vitalii Yalovenko,,,,,,,M,,,0,0,sherdog,https://www.sherdog.com/fighter/Vitalii-Yalovenko-52243
Ibragim Magomedov,,,,,,,M,,,0,0,sherdog,https://www.sherdog.com/fighter/Ibragim-Magomedov-2951
Smbat Zakaryan,,,,,,,M,,,0,0,sherdog,https://www.sherdog.com/fighter/Smbat-Zakaryan-55322
Akhmed Sultanov,,,,,,,M,,,0,0,sherdog,https://www.sherdog.com/fighter/Akhmed-Sultanov-26514
Adam Alikhanov,,,,,,,M,,,0,0,sherdog,https://www.sherdog.com/fighter/Adam-Alikhanov-47676
Nikolay Pleshakov,,,,,,,M,,,0,0,sherdog,https://www.sherdog.com/fighter/Nikolay-Pleshakov-45403
Lindsey Payne,,,,,,,F,,,0,0,sherdog,https://www.sherdog.com/fighter/Lindsey-Payne-420699
Ingrid Silva,,,,,,,F,,,0,0,sherdog,https://www.sherdog.com/fighter/Ingrid-Silva-311589
Mileide Simplicio,,,,,,,F,,,0,0,sherdog,https://www.sherdog.com/fighter/Mileide-Simplicio-351947
Naizi Cantanhede,,,,,,,F,,,0,0,sherdog,https://www.sherdog.com/fighter/Naizi-Cantanhede-268417
Anita Bekus,,,,,,,F,,,0,0,sherdog,https://www.sherdog.com/fighter/Anita-Bekus-300049
Marta Amigo Abeledo,,,,,,,F,,,0,0,sherdog,https://www.sherdog.com/fighter/Marta-Amigo-Abeledo-136453
Amina Mukhamed,,,,,,,F,,,0,0,sherdog,https://www.sherdog.com/fighter/Amina-Mukhamed-425534
Gracy Maia,,,,,,,F,,,0,0,sherdog,https://www.sherdog.com/fighter/Gracy-Maia-415327
Cameron Graham,,,,,,,M,,,0,0,sherdog,https://www.sherdog.com/fighter/Cameron-Graham-296215
Oleg Popov,,,,,,,M,,,0,0,sherdog,https://www.sherdog.com/fighter/Oleg-Popov-209999
Juan Espino,,,,,,,M,,,0,0,sherdog,https://www.sherdog.com/fighter/Juan-Espino-249511
Roque Martinez,,,,,,,M,,,0,0,sherdog,https://www.sherdog.com/fighter/Roque-Martinez-22115
Sergio Aparecido Freitas,,,,,,,M,,,0,0,sherdog,https://www.sherdog.com/fighter/Sergio-Aparecido-Freitas-80765
Virgil Zwicker,,,,,,,M,,,0,0,sherdog,https://www.sherdog.com/fighter/Virgil-Zwicker-9086
Alexander Stolyarov,,,,,,,M,,,0,0,sherdog,https://www.sherdog.com/fighter/Alexander-Stolyarov-141623
Ravshankhon Khusanov,,,,,,,M,,,0,0,sherdog,https://www.sherdog.com/fighter/Ravshankhon-Khusanov-303829
Evgeniy Golub,,,,,,,M,,,0,0,sherdog,https://www.sherdog.com/fighter/Evgeniy-Golub-241985
Shota Betlemidze,,,,,,,M,,,0,0,sherdog,https://www.sherdog.com/fighter/Shota-Betlemidze-212949
Andrey Burdiniuk,,,,,,,M,,,0,0,sherdog,https://www.sherdog.com/fighter/Andrey-Burdiniuk-231699
Yuriy Protsenko,,,,,,,M,,,0,0,sherdog,https://www.sherdog.com/fighter/Yuriy-Protsenko-206395
Leon Aliu,,,,,,,M,,,0,0,sherdog,https://www.sherdog.com/fighter/Leon-Aliu-224849
Sebastian Ferreira,,,,,,,M,,,0,0,sherdog,https://www.sherdog.com/fighter/Sebastian-Ferreira-45501
Allan da Silva Pena,,,,,,,M,,,0,0,sherdog,https://www.sherdog.com/fighter/Allan-da-Silva-Pena-203527
Victor Pereira Neves Nunes,,,,,,,M,,,0,0,sherdog,https://www.sherdog.com/fighter/Victor-Pereira-Neves-Nunes-352789
Carlos Barbieri,,,,,,,M,,,0,0,sherdog,https://www.sherdog.com/fighter/Carlos-Barbieri-234075
Robson Eufrasio Lima,,,,,,,M,,,0,0,sherdog,https://www.sherdog.com/fighter/Robson-Eufrasio-Lima-322605
Bruno Matos de Sousa,,,,,,,M,,,0,0,sherdog,https://www.sherdog.com/fighter/Bruno-Matos-de-Sousa-168881
Adrian Prisceanu,,,,,,,M,,,0,0,sherdog,https://www.sherdog.com/fighter/Adrian-Prisceanu-407243
Ioan Harris,,,,,,,M,,,0,0,sherdog,https://www.sherdog.com/fighter/Ioan-Harris-375242
Nicolas Di Franco,,,,,,,M,,,0,0,sherdog,https://www.sherdog.com/fighter/Nicolas-Di-Franco-189809
Bruno Nunes,,,,,,,M,,,0,0,sherdog,https://www.sherdog.com/fighter/Bruno-Nunes-311343
Samvel Vardanyan,,,,,,,M,,,0,0,sherdog,https://www.sherdog.com/fighter/Samvel-Vardanyan-265693
Mark Ewen,,,,,,,M,,,0,0,sherdog,https://www.sherdog.com/fighter/Mark-Ewen-222445
Dukwach Kadimagomaev,,,,,,,M,,,0,0,sherdog,https://www.sherdog.com/fighter/Dukwach-Kadimagomaev-343689
David Hawker,,,,,,,M,,,0,0,sherdog,https://www.sherdog.com/fighter/David-Hawker-246649
Sofiane Belaid,,,,,,,M,,,0,0,sherdog,https://www.sherdog.com/fighter/Sofiane-Belaid-378685
Jessy Chateauneuf,,,,,,,M,,,0,0,sherdog,https://www.sherdog.com/fighter/Jessy-Chateauneuf-285335
Kalinn Williams,,,,,,,M,,,0,0,sherdog,https://www.sherdog.com/fighter/Kalinn-Williams-198129
Mounir Lazzez,,,,,,,M,,,0,0,sherdog,https://www.sherdog.com/fighter/Mounir-Lazzez-104851
Eduardo Garvon,,,,,,,M,,,0,0,sherdog,https://www.sherdog.com/fighter/Eduardo-Garvon-133365
Brenner Alberth Barreto,,,,,,,M,,,0,0,sherdog,https://www.sherdog.com/fighter/Brenner-Alberth-Barreto-193025
Mario Henrique Barreto de Oliveira,,,,,,,M,,,0,0,sherdog,https://www.sherdog.com/fighter/Mario-Henrique-Barreto-de-Oliveira-175179
Alan Pereira,,,,,,,M,,,0,0,sherdog,https://www.sherdog.com/fighter/Alan-Pereira-200367
Luis Felipe Alvim,,,,,,,M,,,0,0,sherdog,https://www.sherdog.com/fighter/Luis-Felipe-Alvim-265575
Breno Jose,,,,,,,M,,,0,0,sherdog,https://www.sherdog.com/fighter/Breno-Jose-263739
Samuel Nunes,,,,,,,M,,,0,0,sherdog,https://www.sherdog.com/fighter/Samuel-Nunes-242855
Lucas Silva,,,,,,,M,,,0,0,sherdog,https://www.sherdog.com/fighter/Lucas-Silva-135077
Kleverson Cruz,,,,,,,M,,,0,0,sherdog,https://www.sherdog.com/fighter/Kleverson-Cruz-232579
Kleuve Santos,,,,,,,M,,,0,0,sherdog,https://www.sherdog.com/fighter/Kleuve-Santos-185085
Uran Satybaldiev,,,,,,,M,,,0,0,sherdog,https://www.sherdog.com/fighter/Uran-Satybaldiev-364447
Bartosz Szewczyk,,,,,,,M,,,0,0,sherdog,https://www.sherdog.com/fighter/Bartosz-Szewczyk-227573
Sergey Baryshev,,,,,,,M,,,0,0,sherdog,https://www.sherdog.com/fighter/Sergey-Baryshev-360153
Abbosbek Usarov,,,,,,,M,,,0,0,sherdog,https://www.sherdog.com/fighter/Abbosbek-Usarov-324887
Sultan Musayev,,,,,,,M,,,0,0,sherdog,https://www.sherdog.com/fighter/Sultan-Musayev-284267
Levy Saul Marroquin,,,,,,,M,,,0,0,sherdog,https://www.sherdog.com/fighter/Levy-Saul-Marroquin-155273
Marc Gomez Sariol,,,,,,,M,,,0,0,sherdog,https://www.sherdog.com/fighter/Marc-Gomez-Sariol-79350
Cheyden Leialoha,,,,,,,M,,,0,0,sherdog,https://www.sherdog.com/fighter/Cheyden-Leialoha-173905
Christopher Mario Beal,,,,,,,M,,,0,0,sherdog,https://www.sherdog.com/fighter/Christopher-Mario-Beal-53369
Angel Cruz,,,,,,,M,,,0,0,sherdog,https://www.sherdog.com/fighter/Angel-Cruz-127847
Gabriel Solorio,,,,,,,M,,,0,0,sherdog,https://www.sherdog.com/fighter/Gabriel-Solorio-31799
Federico Lopez,,,,,,,M,,,0,0,sherdog,https://www.sherdog.com/fighter/Federico-Lopez-31896
Justin Governale,,,,,,,M,,,0,0,sherdog,https://www.sherdog.com/fighter/Justin-Governale-78621
Joe Pearson,,,,,,,M,,,0,0,sherdog,https://www.sherdog.com/fighter/Joe-Pearson-7354
Pedro Velasco,,,,,,,M,,,0,0,sherdog,https://www.sherdog.com/fighter/Pedro-Velasco-51602
Matt Brown,,,,,,,M,,,0,0,sherdog,https://www.sherdog.com/fighter/Matt-Brown-40745
Ruddy Gray,,,,,,,M,,,0,0,sherdog,https://www.sherdog.com/fighter/Ruddy-Gray-81170
Derrick Mandell,,,,,,,M,,,0,0,sherdog,https://www.sherdog.com/fighter/Derrick-Mandell-130651
Adam Schumacher,,,,,,,M,,,0,0,sherdog,https://www.sherdog.com/fighter/Adam-Schumacher-37662
Bruce Johnson,,,,,,,M,,,0,0,sherdog,https://www.sherdog.com/fighter/Bruce-Johnson-37711
Brandon Abrego,,,,,,,M,,,0,0,sherdog,https://www.sherdog.com/fighter/Brandon-Abrego-51097
Rin Nakai,,,,,,,F,,,0,0,sherdog,https://www.sherdog.com/fighter/Rin-Nakai-18887
Ronda Rousey,,,,,,,F,,,0,0,sherdog,https://www.sherdog.com/fighter/Ronda-Rousey-73073
Julie Kedzie,,,,,,,F,,,0,0,sherdog,https://www.sherdog.com/fighter/Julie-Kedzie-10093
Marloes Coenen,,,,,,,F,,,0,0,sherdog,https://www.sherdog.com/fighter/Marloes-Coenen-4232
Hitomi Akano,,,,,,,F,,,0,0,sherdog,https://www.sherdog.com/fighter/Hitomi-Akano-11994
Zoila Frausto,,,,,,,F,,,0,0,sherdog,https://www.sherdog.com/fighter/Zoila-Frausto-42572
Sarah Oriza,,,,,,,F,,,0,0,sherdog,https://www.sherdog.com/fighter/Sarah-Oriza-16862
Lizbeth Carreiro,,,,,,,F,,,0,0,sherdog,https://www.sherdog.com/fighter/Lizbeth-Carreiro-23990
Dora Baptiste,,,,,,,F,,,0,0,sherdog,https://www.sherdog.com/fighter/Dora-Baptiste-43093
Jessica Bednark,,,,,,,F,,,0,0,sherdog,https://www.sherdog.com/fighter/Jessica-Bednark-26829
Jamie Lynn Welsh,,,,,,,F,,,0,0,sherdog,https://www.sherdog.com/fighter/Jamie-Lynn-Welsh-6504
Elaina Maxwell,,,,,,,F,,,0,0,sherdog,https://www.sherdog.com/fighter/Elaina-Maxwell-17691
Mike Johnson,,,,,,,M,,,0,0,sherdog,https://www.sherdog.com/fighter/Mike-Johnson-359151
Alex Davidson,,,,,,,M,,,0,0,sherdog,https://www.sherdog.com/fighter/Alex-Davidson-232019
Iuri Alcantara,,,,,,,M,,,0,0,sherdog,https://www.sherdog.com/fighter/Iuri-Alcantara-16129
Austin Arnett,,,,,,,M,,,0,0,sherdog,https://www.sherdog.com/fighter/Austin-Arnett-57016
Jose Aguayo,,,,,,,M,,,0,0,sherdog,https://www.sherdog.com/fighter/Jose-Aguayo-159135
Luiz Antonio Lobo Gavinho,,,,,,,M,,,0,0,sherdog,https://www.sherdog.com/fighter/Luiz-Antonio-Lobo-Gavinho-97583
Josh Huber,,,,,,,M,,,0,0,sherdog,https://www.sherdog.com/fighter/Josh-Huber-18068
Dalton Goddard,,,,,,,M,,,0,0,sherdog,https://www.sherdog.com/fighter/Dalton-Goddard-105045
Andrew Tenneson,,,,,,,M,,,0,0,sherdog,https://www.sherdog.com/fighter/Andrew-Tenneson-103169
Bruce Sessman,,,,,,,M,,,0,0,sherdog,https://www.sherdog.com/fighter/Bruce-Sessman-11988
Darion Abbey,,,,,,,M,,,0,0,sherdog,https://www.sherdog.com/fighter/Darion-Abbey-255585
James Ford,,,,,,,M,,,0,0,sherdog,https://www.sherdog.com/fighter/James-Ford-384594
Ryan Parker,,,,,,,M,,,0,0,sherdog,https://www.sherdog.com/fighter/Ryan-Parker-253537
Jordan Seufzer,,,,,,,M,,,0,0,sherdog,https://www.sherdog.com/fighter/Jordan-Seufzer-67584
Deontre Butts,,,,,,,M,,,0,0,sherdog,https://www.sherdog.com/fighter/Deontre-Butts-204541
Gabriel Sayeg,,,,,,,M,,,0,0,sherdog,https://www.sherdog.com/fighter/Gabriel-Sayeg-91753
Blake Bilder,,,,,,,M,,,0,0,sherdog,https://www.sherdog.com/fighter/Blake-Bilder-179949
Rolando Dy,,,,,,,M,,,0,0,sherdog,https://www.sherdog.com/fighter/Rolando-Dy-87380
Bo Yan,,,,,,,M,,,0,0,sherdog,https://www.sherdog.com/fighter/Bo-Yan-217397
Zexian Jiang,,,,,,,M,,,0,0,sherdog,https://www.sherdog.com/fighter/Zexian-Jiang-233815
Siitia Leti,,,,,,,M,,,0,0,sherdog,https://www.sherdog.com/fighter/Siitia-Leti-235091
Guan Wang,,,,,,,M,,,0,0,sherdog,https://www.sherdog.com/fighter/Guan-Wang-26368
Liucai Cui,,,,,,,M,,,0,0,sherdog,https://www.sherdog.com/fighter/Liucai-Cui-84075
Julian Wallace,,,,,,,M,,,0,0,sherdog,https://www.sherdog.com/fighter/Julian-Wallace-68245
Adrian Rodriguez,,,,,,,M,,,0,0,sherdog,https://www.sherdog.com/fighter/Adrian-Rodriguez-106649
Hayden Watt,,,,,,,M,,,0,0,sherdog,https://www.sherdog.com/fighter/Hayden-Watt-60985
Jiraya Fernandes,,,,,,,M,,,0,0,sherdog,https://www.sherdog.com/fighter/Jiraya-Fernandes-153419
Ray Karaitiana,,,,,,,M,,,0,0,sherdog,https://www.sherdog.com/fighter/Ray-Karaitiana-113411
Igor Severino,,,,,,,M,,,0,0,sherdog,https://www.sherdog.com/fighter/Igor-Severino-321087
Rickson Thai Zenidim Bueno,,,,,,,M,,,0,0,sherdog,https://www.sherdog.com/fighter/Rickson-Thai-Zenidim-Bueno-134695
Igor Taylon,,,,,,,M,,,0,0,sherdog,https://www.sherdog.com/fighter/Igor-Taylon-313641
Alexandre Rodrigues,,,,,,,M,,,0,0,sherdog,https://www.sherdog.com/fighter/Alexandre-Rodrigues-408410
Natan Willian Ziele,,,,,,,M,,,0,0,sherdog,https://www.sherdog.com/fighter/Natan-Willian-Ziele-367455
Victor Santos,,,,,,,M,,,0,0,sherdog,https://www.sherdog.com/fighter/Victor-Santos-361191
Luiz Henrique Martins,,,,,,,M,,,0,0,sherdog,https://www.sherdog.com/fighter/Luiz-Henrique-Martins-304651
Joao Vitor Oliveira,,,,,,,M,,,0,0,sherdog,https://www.sherdog.com/fighter/Joao-Vitor-Oliveira-415754
Martin Batur,,,,,,,M,,,0,0,sherdog,https://www.sherdog.com/fighter/Martin-Batur-101875
Norbert Peter,,,,,,,M,,,0,0,sherdog,https://www.sherdog.com/fighter/Norbert-Peter-194575
Peter Rozmaring,,,,,,,M,,,0,0,sherdog,https://www.sherdog.com/fighter/Peter-Rozmaring-125555
Laszlo Czene,,,,,,,M,,,0,0,sherdog,https://www.sherdog.com/fighter/Laszlo-Czene-14606
Richard Longhimo,,,,,,,M,,,0,0,sherdog,https://www.sherdog.com/fighter/Richard-Longhimo-97259
Carsten Lorenz,,,,,,,M,,,0,0,sherdog,https://www.sherdog.com/fighter/Carsten-Lorenz-123153
Christian Radke,,,,,,,M,,,0,0,sherdog,https://www.sherdog.com/fighter/Christian-Radke-86828
Isaac Dulgarian,,,,,,,M,,,0,0,sherdog,https://www.sherdog.com/fighter/Isaac-Dulgarian-374778
Pena Allamov,,,,,,,M,,,0,0,sherdog,https://www.sherdog.com/fighter/Pena-Allamov-378597
Adam Smith,,,,,,,M,,,0,0,sherdog,https://www.sherdog.com/fighter/Adam-Smith-77975
Miguel Lugo,,,,,,,M,,,0,0,sherdog,https://www.sherdog.com/fighter/Miguel-Lugo-255261
Aric Mercado,,,,,,,M,,,0,0,sherdog,https://www.sherdog.com/fighter/Aric-Mercado-296011
Alonso Sanchez,,,,,,,M,,,0,0,sherdog,https://www.sherdog.com/fighter/Alonso-Sanchez-176141
Nicko Commissiong,,,,,,,M,,,0,0,sherdog,https://www.sherdog.com/fighter/Nicko-Commissiong-220125
Oliver Schmid,,,,,,,M,,,0,0,sherdog,https://www.sherdog.com/fighter/Oliver-Schmid-326999
Ananias Mulumba,,,,,,,M,,,0,0,sherdog,https://www.sherdog.com/fighter/Ananias-Mulumba-406087
Semakadde Kakembo,,,,,,,M,,,0,0,sherdog,https://www.sherdog.com/fighter/Semakadde-Kakembo-300019
Michael Barber,,,,,,,M,,,0,0,sherdog,https://www.sherdog.com/fighter/Michael-Barber-161041
Michael Mannu,,,,,,,M,,,0,0,sherdog,https://www.sherdog.com/fighter/Michael-Mannu-217889
Ryan Dennis,,,,,,,M,,,0,0,sherdog,https://www.sherdog.com/fighter/Ryan-Dennis-159375
Julian Giustiniano,,,,,,,M,,,0,0,sherdog,https://www.sherdog.com/fighter/Julian-Giustiniano-394805
Austin Vanderford,,,,,Welterweight,ufc-roster,M,,,0,0,sherdog,https://www.sherdog.com/fighter/Austin-Vanderford-206919
Micheal Gillmore,,,,,,,M,,,0,0,sherdog,https://www.sherdog.com/fighter/Micheal-Gillmore-184113
Sasha Palatnikov,,,,,,,M,,,0,0,sherdog,https://www.sherdog.com/fighter/Sasha-Palatnikov-200413
Carlos Martinez,,,,,,,M,,,0,0,sherdog,https://www.sherdog.com/fighter/Carlos-Martinez-40351
Evan Cutts,,,,,,,M,,,0,0,sherdog,https://www.sherdog.com/fighter/Evan-Cutts-59738
Bilal Williams,,,,,,,M,,,0,0,sherdog,https://www.sherdog.com/fighter/Bilal-Williams-174769
Sidney Ben Simons,,,,,,,M,,,0,0,sherdog,https://www.sherdog.com/fighter/Sidney-Ben-Simons-213441
Josh Sturgill,,,,,,,M,,,0,0,sherdog,https://www.sherdog.com/fighter/Josh-Sturgill-78239
Andrew Sosa,,,,,,,M,,,0,0,sherdog,https://www.sherdog.com/fighter/Andrew-Sosa-96147
David Lopez,,,,,,,M,,,0,0,sherdog,https://www.sherdog.com/fighter/David-Lopez-175257
Richard Bailey,,,,,,,M,,,0,0,sherdog,https://www.sherdog.com/fighter/Richard-Bailey-109001
Raufeon Stots,,,,,,,M,,,0,0,sherdog,https://www.sherdog.com/fighter/Raufeon-Stots-175345
Sukhrob Aydarbekov,,,,,,,M,,,0,0,sherdog,https://www.sherdog.com/fighter/Sukhrob-Aydarbekov-193831
Paul Grant,,,,,,,M,,,0,0,sherdog,https://www.sherdog.com/fighter/Paul-Grant-201633
Matt Tullos,,,,,,,M,,,0,0,sherdog,https://www.sherdog.com/fighter/Matt-Tullos-76105
Geoffrey Then,,,,,,,M,,,0,0,sherdog,https://www.sherdog.com/fighter/Geoffrey-Then-219327
Ricky Bandejas,,,,,,,M,,,0,0,sherdog,https://www.sherdog.com/fighter/Ricky-Bandejas-89611
Dennis Dombrow,,,,,,,M,,,0,0,sherdog,https://www.sherdog.com/fighter/Dennis-Dombrow-53766
Darren Mima,,,,,,,M,,,0,0,sherdog,https://www.sherdog.com/fighter/Darren-Mima-83351
Mahamed Aly,,,,,,,M,,,0,0,sherdog,https://www.sherdog.com/fighter/Mahamed-Aly-184187
Kamil Stachura,,,,,,,M,,,0,0,sherdog,https://www.sherdog.com/fighter/Kamil-Stachura-210347
Sylwester Borys,,,,,,,M,,,0,0,sherdog,https://www.sherdog.com/fighter/Sylwester-Borys-124745
Cemey dos Santos,,,,,,,M,,,0,0,sherdog,https://www.sherdog.com/fighter/Cemey-dos-Santos-252295
Miroslav Uchytil,,,,,,,M,,,0,0,sherdog,https://www.sherdog.com/fighter/Miroslav-Uchytil-373813
Kamil Bartosinski,,,,,,,M,,,0,0,sherdog,https://www.sherdog.com/fighter/Kamil-Bartosinski-214665
Damara Vargas,,,,,,,F,,,0,0,sherdog,https://www.sherdog.com/fighter/Damara-Vargas-279591
Anyela Perez,,,,,,,F,,,0,0,sherdog,https://www.sherdog.com/fighter/Anyela-Perez-329455
Sofia Landi,,,,,,,F,,,0,0,sherdog,https://www.sherdog.com/fighter/Sofia-Landi-413188
Gisela Luna,,,,,,,F,,,0,0,sherdog,https://www.sherdog.com/fighter/Gisela-Luna-409723
Oriana Fernandez,,,,,,,F,,,0,0,sherdog,https://www.sherdog.com/fighter/Oriana-Fernandez-388911
Melanie Rodriguez,,,,,,,F,,,0,0,sherdog,https://www.sherdog.com/fighter/Melanie-Rodriguez-397206
Paola Garay,,,,,,,F,,,0,0,sherdog,https://www.sherdog.com/fighter/Paola-Garay-363611
Mitch Ramirez,,,,,,,M,,,0,0,sherdog,https://www.sherdog.com/fighter/Mitch-Ramirez-244107
Taffarel Brasil,,,,,,,M,,,0,0,sherdog,https://www.sherdog.com/fighter/Taffarel-Brasil-227397
Alan Silva,,,,,,,M,,,0,0,sherdog,https://www.sherdog.com/fighter/Alan-Silva-267611
Joseph Luciano,,,,,,,M,,,0,0,sherdog,https://www.sherdog.com/fighter/Joseph-Luciano-228349
Gadzhimurad Abdullaev,,,,,,,M,,,0,0,sherdog,https://www.sherdog.com/fighter/Gadzhimurad-Abdullaev-255775
Gunther Kalunda,,,,,,,M,,,0,0,sherdog,https://www.sherdog.com/fighter/Gunther-Kalunda-222945
Mikhail Romanchuk,,,,,,,M,,,0,0,sherdog,https://www.sherdog.com/fighter/Mikhail-Romanchuk-318017
Jiming Sun,,,,,,,M,,,0,0,sherdog,https://www.sherdog.com/fighter/Jiming-Sun-239389
Yousef Wehbe,,,,,,,M,,,0,0,sherdog,https://www.sherdog.com/fighter/Yousef-Wehbe-181199
Ary Santos,,,,,,,M,,,0,0,sherdog,https://www.sherdog.com/fighter/Ary-Santos-52029
Bruno Pereira,,,,,,,M,,,0,0,sherdog,https://www.sherdog.com/fighter/Bruno-Pereira-123311
Claudiere Freitas,,,,,,,M,,,0,0,sherdog,https://www.sherdog.com/fighter/Claudiere-Freitas-23161
Cosme Santos,,,,,,,M,,,0,0,sherdog,https://www.sherdog.com/fighter/Cosme-Santos-150637
Rodrigo Haro,,,,,,,M,,,0,0,sherdog,https://www.sherdog.com/fighter/Rodrigo-Haro-85479
Rafael Nunes,,,,,,,M,,,0,0,sherdog,https://www.sherdog.com/fighter/Rafael-Nunes-32823
Renato da Silva Jr.,,,,,,,M,,,0,0,sherdog,https://www.sherdog.com/fighter/Renato-da-Silva-Jr-114609
Sergio Vieira,,,,,,,M,,,0,0,sherdog,https://www.sherdog.com/fighter/Sergio-Vieira-12534
Brendan Lesar,,,,,,,M,,,0,0,sherdog,https://www.sherdog.com/fighter/Brendan-Lesar-219879
Joilton Lutterbach,,,,,,,M,,,0,0,sherdog,https://www.sherdog.com/fighter/Joilton-Lutterbach-106275
Yannick Bahati,,,,,,,M,,,0,0,sherdog,https://www.sherdog.com/fighter/Yannick-Bahati-72962
Jose Mauricio da Rocha Jr.,,,,,,,M,,,0,0,sherdog,https://www.sherdog.com/fighter/Jose-Mauricio-da-Rocha-Jr-97577
Rafal Haratyk,,,,,,,M,,,0,0,sherdog,https://www.sherdog.com/fighter/Rafal-Haratyk-65806
Martin van Staden,,,,,,,M,,,0,0,sherdog,https://www.sherdog.com/fighter/Martin-van-Staden-75930
Bruno Belabela Mukulu,,,,,,,M,,,0,0,sherdog,https://www.sherdog.com/fighter/Bruno-Belabela-Mukulu-117813
Dino Bagattin,,,,,,,M,,,0,0,sherdog,https://www.sherdog.com/fighter/Dino-Bagattin-71251
Darren Daniel,,,,,,,M,,,0,0,sherdog,https://www.sherdog.com/fighter/Darren-Daniel-27065
Johannes Coenraad Lamprecht,,,,,,,M,,,0,0,sherdog,https://www.sherdog.com/fighter/Johannes-Coenraad-Lamprecht-108437
Tshikangu Makuebo,,,,,,,M,,,0,0,sherdog,https://www.sherdog.com/fighter/Tshikangu-Makuebo-82188
